date,revenue,units_sold,average_selling_price,marketing_spend,conversion_rate,stockout_rate,revenue_dod_pct,revenue_wow_pct,revenue_rolling_7d,revenue_rolling_28d,revenue_rolling_28d_std,revenue_zscore,units_sold_dod_pct,units_sold_wow_pct,units_sold_rolling_7d,units_sold_rolling_28d,units_sold_rolling_28d_std,units_sold_zscore,average_selling_price_dod_pct,average_selling_price_wow_pct,average_selling_price_rolling_7d,average_selling_price_rolling_28d,average_selling_price_rolling_28d_std,average_selling_price_zscore,marketing_spend_dod_pct,marketing_spend_wow_pct,marketing_spend_rolling_7d,marketing_spend_rolling_28d,marketing_spend_rolling_28d_std,marketing_spend_zscore,conversion_rate_dod_pct,conversion_rate_wow_pct,conversion_rate_rolling_7d,conversion_rate_rolling_28d,conversion_rate_rolling_28d_std,conversion_rate_zscore,stockout_rate_dod_pct,stockout_rate_wow_pct,stockout_rate_rolling_7d,stockout_rate_rolling_28d,stockout_rate_rolling_28d_std,stockout_rate_zscore,revenue_materiality,units_sold_materiality,average_selling_price_materiality,marketing_spend_materiality,conversion_rate_materiality,stockout_rate_materiality
2026-01-01,3435615.88,1598,2149.9473591989986,138847.66,0.06913140377384881,0.0,,,,,,,,,,,,,,,,,,,,,,,,,,,,,,,,,,,,,insufficient_history,insufficient_history,insufficient_history,insufficient_history,insufficient_history,insufficient_history
2026-01-02,3417198.34,1592,2146.4813693467336,138066.7,0.07939379929048376,0.0,-0.0053607680961120785,,,,,,-0.003754693366708417,,,,,,-0.00161212777486619,,,,,,-0.005624581645812365,,,,,,0.14844766569772783,,,,,,,,,,,,insufficient_history,insufficient_history,insufficient_history,insufficient_history,insufficient_history,insufficient_history
2026-01-03,3464343.92,1615,2145.1045944272446,152197.52,0.07993380299636622,0.0,0.013796559435294675,,,,,,0.014447236180904488,,,,,,-0.0006414101418024121,,,,,,0.10234777828397412,,,,,,0.006801585397200993,,,,,,,,,,,,insufficient_history,insufficient_history,insufficient_history,insufficient_history,insufficient_history,insufficient_history
2026-01-04,3556417.61,1651,2154.0990975166565,154805.92,0.07418806592590477,0.0,0.026577525824860837,,,,,,0.022291021671826616,,,,,,0.004193037072774297,,,,,,0.017138255603639463,,,,,,-0.07188119237517898,,,,,,,,,,,,insufficient_history,insufficient_history,insufficient_history,insufficient_history,insufficient_history,insufficient_history
2026-01-05,3073035.26,1516,2027.0681134564643,142432.59,0.07881429716374623,0.0,-0.13591833215559856,,,,,,-0.0817686250757117,,,,,,-0.05897174563911167,,,,,,-0.07992801567278573,,,,,,0.062358159363015364,,,,,,,,,,,,insufficient_history,insufficient_history,insufficient_history,insufficient_history,insufficient_history,insufficient_history
2026-01-06,3300599.0,1531,2155.8451992161986,147182.32,0.07409020259406153,0.0,0.07405178292682524,,,,,,0.009894459102902431,,,,,,0.06352874129135677,,,,,,0.033347213583632795,,,,,,-0.0599395635016553,,,,,,,,,,,,insufficient_history,insufficient_history,insufficient_history,insufficient_history,insufficient_history,insufficient_history
2026-01-07,3290918.96,1560,2109.5634358974357,140072.79,0.07357369126387692,0.0,-0.0029328131045304184,,3362589.8528571427,,,,0.01894186806009146,,1580.4285714285713,,,,-0.021468036450664196,,2126.8727384371045,,,,-0.04830423925917193,,144800.7857142857,,,,-0.006971385042831679,,0.07558932328689831,,,,,,0.0,,,,insufficient_history,insufficient_history,insufficient_history,insufficient_history,insufficient_history,insufficient_history
2026-01-08,3315420.2600000002,1554,2133.475070785071,134790.48,0.07296972967313524,0.0,0.007445124081694177,-0.034985174186585644,3345419.0500000003,,,,-0.0038461538461538325,-0.027534418022528206,1574.142857142857,,,,0.01133487359552321,-0.007661717085047481,2124.519554377972,,,,-0.03771117859507189,-0.029220370008396168,144221.1885714286,,,,-0.00820893420415092,0.05552217501387413,0.07613765555822495,,,,,,0.0,,,,low,low,low,low,medium,insufficient_history
2026-01-09,3363822.9,1594,2110.302948557089,139617.48,0.07351978366068887,0.0,0.014599247215796307,-0.015619649399689184,3337793.987142857,,,,0.025740025740025763,0.0012562814070351536,1574.4285714285713,,,,-0.010861210681714084,-0.01685475648952639,2119.35120855088,,,,0.03581113443620043,0.011232107379983702,144442.7285714286,,,,0.0075381118995174745,-0.0739858236069949,0.07529851046825424,,,,,,0.0,,,,low,low,low,low,medium,insufficient_history
2026-01-10,3509781.72,1636,2145.343349633252,156055.46,0.07038359164617441,0.0,0.04339075639208012,0.013115845611540777,3344285.1014285716,,,,0.026348808030112858,0.013003095975232304,1577.4285714285713,,,,0.01660444113018067,0.00011130236102596669,2119.3853164374523,,,,0.11773583078565797,0.02534824483342435,144993.86285714287,,,,-0.04265779710382067,-0.11947650420968914,0.073934194561084,,,,,,0.0,,,,low,low,low,low,high,insufficient_history
2026-01-11,3486191.82,1625,2145.3488123076922,152527.5,0.07004312543788645,0.0,-0.006721187208189261,-0.019746215911915943,3334252.8457142855,,,,-0.00672371638141811,-0.015748031496062964,1573.7142857142858,,,,2.5462937862652524e-06,-0.004062155366506559,2118.1352756933147,,,,-0.022607091094409615,-0.01471791259662425,144668.3742857143,,,,-0.004837295175266543,-0.05587071769950269,0.0733420602056528,,,,,,0.0,,,,low,low,low,low,medium,insufficient_history
2026-01-12,3336156.75,1562,2135.8237836107555,144948.22,0.07262000554584938,0.0,-0.04303695199422497,0.08562267196374451,3371841.63,,,,-0.03876923076923078,0.03034300791556732,1580.2857142857142,,,,-0.004439850826258418,0.05365170979323719,2133.6718000010706,,,,-0.04969123600662173,0.017661898867387116,145027.75,,,,0.0367899075298701,-0.07859350195088921,0.07245716140309612,,,,,,0.0,,,,medium,low,medium,low,medium,insufficient_history
2026-01-13,3185512.82,1528,2084.7596989528793,149082.68,0.07379647295155609,0.0,-0.04515493164402429,-0.03486827088052813,3355400.7471428574,,,,-0.0217669654289373,-0.0019595035924232507,1579.857142857143,,,,-0.02390837907589405,-0.03297337874220463,2123.516728534882,,,,0.028523703154133218,0.01291160514387868,145299.23,,,,0.016200321066678125,-0.003964486966175351,0.07241520002559534,,,,,,0.0,,,,low,low,low,low,low,insufficient_history
2026-01-14,3279790.74,1524,2152.093661417323,143846.23,0.07508548641245982,0.0,0.02959583757066797,-0.0033814931741740217,3353811.0014285715,,,,-0.002617801047120394,-0.023076923076923106,1574.7142857142858,,,,0.03229818885038105,0.020160676278404566,2129.592475037723,,,,-0.03512446918716505,0.026939136430423005,145838.29285714286,,,,0.01746714184768572,0.02054803996663357,0.07263117076110717,,,,,,0.0,,,,low,low,low,low,low,insufficient_history
2026-01-15,3223601.87,1566,2058.494169859515,137350.31,0.06839327975963552,0.0,-0.017131846039665333,-0.02769434424581818,3340694.0885714283,,,,0.027559055118110187,0.007722007722007707,1576.4285714285713,,,,-0.04349229461331405,-0.035144962297574245,2118.8809177626435,,,,-0.04515877823144909,0.01899117801197825,146203.98285714287,,,,-0.08912783245569789,-0.06271710110479689,0.07197739220203579,,,,,,0.0,,,,low,low,low,low,medium,insufficient_history
2026-01-16,3397803.89,1541,2204.934386761843,141723.67,0.07857592762253779,0.0,0.05403955793089299,0.010101896268082333,3345548.5157142854,,,,-0.015964240102171123,-0.033249686323713945,1568.857142857143,,,,0.07113948586617691,0.0448425844590028,2132.399694649037,,,,0.03184091830589986,0.015085431996050946,146504.86714285714,,,,0.1488837485011485,0.06877256311286528,0.07269969848229993,,,,,,0.0,,,,low,low,low,low,medium,insufficient_history
2026-01-17,3460616.05,1657,2088.4828304164153,156303.82,0.07831853456265833,0.0,0.018486105153055155,-0.014008184531772105,3338524.8485714286,,,,0.07527579493835179,0.012836185819070867,1571.857142857143,,,,-0.052814068774376555,-0.02650415805309525,2124.2767633323465,,,,0.10287731047326099,0.0015914854885565877,146540.34714285715,,,,-0.003275724101100219,0.11273853366809838,0.07383326175608333,,,,,,0.0,,,,low,low,low,low,high,insufficient_history
2026-01-18,3253640.79,1538,2115.5011638491546,147159.21,0.07369232234241034,0.0,-0.0598087904030844,-0.0667063208243085,3305303.272857143,,,,-0.07181653590826798,-0.053538461538461535,1559.4285714285713,,,,0.012936823343360881,-0.013912725188232389,2120.012813552555,,,,-0.058505351948532125,-0.03519555489993609,145773.44857142857,,,,-0.059069187722694316,0.05209928714217593,0.07435457559958676,,,,,,0.0,,,,medium,low,low,low,medium,insufficient_history
2026-01-19,3584436.03,1683,2129.789679144385,137939.45,0.0738561569373869,0.0,0.10166925648851355,0.0744207477661234,3340771.7414285718,,,,0.09427828348504552,0.07746478873239426,1576.7142857142858,,,,0.006754198739948869,-0.0028251883477810047,2119.150798628788,,,,-0.06265160026341521,-0.04835361206919264,144772.19571428574,,,,0.0022232247508131575,0.017022188062999488,0.07453116865552069,,,,,,0.0,,,,medium,low,low,low,low,insufficient_history
2026-01-20,3248205.03,1551,2094.2650096711795,137047.6,0.07369330155111065,0.0,-0.09380304103237125,0.019680413654715734,3349727.7714285715,,,,-0.07843137254901966,0.015052356020942348,1580.0,,,,-0.01667989558831795,0.004559427507676128,2120.5087001599736,,,,-0.006465518022581662,-0.08072755332812631,143052.89857142858,,,,-0.0022050346650762664,-0.0013980532716403316,0.07451642988402848,,,,,,0.0,,,,low,low,low,low,low,insufficient_history
2026-01-21,3423823.3,1596,2145.252694235589,139984.85,0.07471325619655346,0.0,0.05406625147674249,0.043915167587795345,3370303.851428571,,,,0.029013539651837617,0.04724409448818889,1590.2857142857142,,,,0.024346338371195486,-0.003178749746992282,2119.5314191340117,,,,0.021432334458976188,-0.026843803970392544,142501.27285714287,,,,0.013840533996640314,-0.004957418985895967,0.074463254138899,,,,,,0.0,,,,low,low,low,low,low,insufficient_history
2026-01-22,3573565.13,1684,2122.069554631829,138306.22,0.07477198656957795,0.0,0.04373526811386563,0.1085628046245053,3420298.6028571427,,,,0.05513784461152893,0.07535121328224781,1607.142857142857,,,,-0.010806717393272325,0.030884413326588644,2128.613616958628,,,,-0.011991511938613364,0.006959649381206301,142637.83142857143,,,,0.0007860770098144787,0.09326511072959298,0.07537449796889077,,,,,,0.0,,,,high,low,low,low,medium,insufficient_history
2026-01-23,3382727.67,1576,2146.4008058375634,145883.83,0.07556161152196447,0.0,-0.05340254145584855,-0.004437048307693869,3418144.8571428573,,,,-0.06413301662707838,0.022712524334847606,1612.142857142857,,,,0.011465812302253298,-0.026546631625733674,2120.2516768265878,,,,0.054788642188326575,0.029354023925572736,143232.13999999998,,,,0.010560438322067878,-0.03836182647506825,0.07494388138309459,,,,,,0.0,,,,low,low,low,low,low,insufficient_history
2026-01-24,3439545.07,1636,2102.41141198044,146358.43,0.07310150839290477,0.0,0.016796326971245668,-0.006088794508133932,3415134.717142857,,,,0.038071065989847774,-0.012673506336753126,1609.142857142857,,,,-0.020494491866330677,0.006669234413216429,2122.2414741928774,,,,0.003253273512218602,-0.06362857926313004,141811.37,,,,-0.032557578901617146,-0.0666129186263017,0.07419859193027266,,,,,,0.0,,,,low,low,low,low,medium,insufficient_history
2026-01-25,3508896.31,1656,2118.8987379227055,155947.96,0.0789859228845219,0.0,0.02016291067236997,0.07845227438275382,3451599.791428571,,,,0.012224938875305513,0.07672301690507144,1626.0,,,,0.007842102572462206,0.0016060374400215238,2122.7268419176703,,,,0.06552085862085288,0.05972273159117947,143066.9057142857,,,,0.08049648524336428,0.071833813535078,0.07495482057914572,,,,,,0.0,,,,medium,low,low,low,medium,insufficient_history
2026-01-26,3509525.05,1626,2158.3794895448955,145548.2,0.07707588196177075,0.0,0.00017918454820331498,-0.020898958545509272,3440898.222857143,,,,-0.018115942028985477,-0.033868092691622054,1617.857142857143,,,,0.018632675038022573,0.013423771689980324,2126.8111005463147,,,,-0.06668737442926465,0.05516007204610429,144153.87,,,,-0.024182042229773715,0.043594537786652454,0.07541478129691484,,,,,,0.0,,,,low,low,low,low,low,insufficient_history
2026-01-27,3238284.82,1528,2119.2963481675392,136462.84,0.07300838086715147,0.0,-0.07728687675273893,-0.003054059059812486,3439481.05,,,,-0.06027060270602702,-0.014829142488716918,1614.5714285714287,,,,-0.018107631937142377,0.011952326176852823,2130.387006045795,,,,-0.06242165825479129,-0.004266838675029749,144070.33285714284,,,,-0.05277268311553973,-0.009294205437167746,0.07531693548492067,,,,,,0.0,,,,low,low,low,low,low,insufficient_history
2026-01-28,3348842.7800000003,1557,2150.8303018625566,138893.97,0.07608655094700079,0.0,0.03414090055241048,-0.021899646515052162,3428769.547142857,3378868.5632142858,127261.7473343094,-0.23593722263933303,0.018979057591623105,-0.024436090225563922,1609.0,1588.607142857143,50.903932239664115,-0.6209175100330412,0.014879445115018264,0.0025999769826441366,2131.1838071353613,2126.7951099360503,34.98844521633529,0.6869465555812927,0.01781532613567194,-0.007792843296971053,143914.49285714285,144263.71107142858,6672.556982931035,-0.8047501258010732,0.042161872969768366,0.018380871352126515,0.0755131204492703,0.07454921715904371,0.0030511455963473993,0.5038546144102255,,,0.0,0.0,0.0,,low,low,low,low,low,insufficient_history
2026-01-29,3372645.05,1602,2105.2715667915104,143119.01,0.07509901461948575,0.0,0.007107610468353842,-0.056223987164325195,3400066.6785714286,3376619.605,126777.25704771791,-0.0313506940641899,0.028901734104046284,-0.04869358669833734,1597.2857142857142,1588.75,50.93687087773269,0.2601259121669428,-0.02118192915154371,-0.00791585167585751,2128.7840945867442,2125.1995459214972,34.91212155016243,-0.5708040143408052,0.03041917514489656,0.0347980734344413,144602.0342857143,144416.25928571427,6592.494596584772,-0.1967766930573294,-0.012979118059943673,0.004373670741026459,0.07555983874211426,0.07476234611781644,0.002861195812151597,0.11766706082801427,,,0.0,0.0,0.0,,medium,low,low,low,low,insufficient_history
2026-01-30,3478404.9,1607,2164.5332296204106,137847.6,0.07741002181611163,0.0,0.031358132395225,0.02828404747107527,3413734.854285714,3378805.5535714286,128024.38809538037,0.7779716654796119,0.003121098626716501,0.019670050761421365,1601.7142857142858,1589.2857142857142,51.05106894288931,0.3469914750287149,0.02814917740955214,0.00844782751363704,2131.374440841437,2125.8442552169854,35.48171292344282,1.0903919573134053,-0.03683235371737137,-0.05508650273303062,143454.00142857144,144408.4342857143,6600.4356264581465,-0.9940001928683135,0.03077280318970055,0.024462293179253525,0.07582389735556386,0.07469149692230315,0.002765215140731902,0.9831151485337744,,,0.0,0.0,0.0,,low,low,low,low,low,insufficient_history
2026-01-31,3441468.61,1594,2159.014184441656,151224.75,0.08038768826854742,0.0,-0.010618743666098274,0.0005592425628544451,3414009.645714286,3377988.5782142854,127530.35143744212,0.49776410925091435,-0.008089607965152457,-0.025672371638141844,1595.7142857142858,1588.5357142857142,50.81300660472314,0.10753714608530694,-0.0025497622781804896,0.026922785967898433,2139.460551193039,2126.341026288929,35.856750157338844,0.9112135932385985,0.09704303883419074,0.033249331794553916,144149.19,144373.6925,6560.357291192934,1.0443116427816084,0.038466162165788687,0.09967208660703708,0.07686478019494139,0.07470770711059535,0.002798218111753569,2.0298564769107923,,,0.0,0.0,0.0,,low,low,low,low,medium,insufficient_history
2026-02-01,3518317.81,1611,2183.9340844196154,148814.26,0.07067537438022167,0.0,0.022330350413976463,0.002685032320034475,3415355.5742857144,3376627.8710714285,125746.84676983656,1.1267872123101166,0.010664993726474226,-0.02717391304347827,1589.2857142857142,1587.107142857143,49.53811797267969,0.4823125730378784,0.011542258572239783,0.03069299411668358,2148.751314978312,2127.406561535463,37.132762790486815,1.5223085662409803,-0.01593978498889892,-0.04574410591841016,143130.09000000003,144159.70464285716,6300.0261519301275,0.7388152437616213,-0.12081842502897044,-0.10521556501213924,0.07567755898004136,0.07458225384110666,0.002899295354200798,-1.347527238031922,,,0.0,0.0,0.0,,low,low,low,low,high,insufficient_history
2026-02-02,3418168.38,1590,2149.791433962264,140775.89,0.07023650803390959,0.0,-0.028465145961330873,-0.026031063662018905,3402304.6214285716,3388954.0539285713,110927.77800538663,0.263363483851718,-0.013035381750465591,-0.022140221402214055,1584.142857142857,1589.75,47.537606945176265,0.00525899421669075,-0.01563355354949958,-0.003978936801536381,2147.5244498950788,2131.789537267813,31.69537936377354,0.567965963992411,-0.05401612721791582,-0.03278851954197992,142448.33142857143,144100.53678571427,6324.57918396277,-0.5256708294750361,-0.006209607662650107,-0.08873559087203764,0.07470050556177547,0.0742759042293268,0.002888721230863083,-1.3983336821359993,,,0.0,0.0,0.0,,low,low,low,low,medium,insufficient_history
2026-02-03,3424603.05,1622,2111.3459001233045,141046.47,0.0754401305817885,0.0,0.0018824906454724122,0.05753608479688954,3428921.5114285713,3393382.7699999996,109738.62867501324,0.284496720771479,0.020125786163522008,0.061518324607329866,1597.5714285714287,1593.0,46.47101844758246,0.6240448556708714,-0.01788337846713839,-0.003751456492202765,2146.388671603045,2130.200276585924,31.55985929935451,-0.5974163662702033,0.001922062080374598,0.033588851001488784,143103.13571428572,143881.3992857143,6320.142671227724,-0.4485546344737159,0.07408714774610736,0.033307815976112654,0.07504789837815219,0.07432411594317419,0.0028967608666489925,0.3852629505815341,,,0.0,0.0,0.0,,medium,low,low,low,low,insufficient_history
2026-02-04,3249777.1,1554,2091.2336550836553,143131.23,0.07956014865346434,0.0,-0.05104998957470408,-0.029582063568836747,3414769.271428571,3391913.417857143,111423.88251378517,-1.2756360185129803,-0.04192355117139335,-0.0019267822736031004,1597.142857142857,1592.7857142857142,46.64234059851553,-0.8315559165345283,-0.009525793494317814,-0.02770866986916276,2137.8748649203453,2129.54564155686,32.18763651188294,-1.1902702597955859,0.014780660586543037,0.030507155926207563,143708.45857142858,143990.6292857143,6278.171080848852,-0.13688688547144381,0.05461308245230456,0.045653241778341735,0.07554412662193269,0.0745379179928023,0.0030558748488823018,1.6434673895427825,,,0.0,0.0,0.0,,low,low,low,low,low,insufficient_history
2026-02-05,3391276.1,1623,2089.510844115835,139476.49,0.07790613097239929,0.0,0.04354114009850085,0.005524165669316572,3417430.8500000006,3394622.5549999997,110412.74452597687,-0.030308593580990882,0.044401544401544424,0.013108614232209659,1600.142857142857,1595.25,46.339028426970145,0.5988472555857257,-0.0008238251921932616,-0.0074863133689185846,2135.6233331095345,2127.9754906043877,33.049626329301645,-1.1638451250642474,-0.02553418984801581,-0.025450986560066502,143188.0985714286,144157.98678571428,6083.271338934675,-0.7695689580294361,-0.020789524769107226,0.037378870643466344,0.07594514324377748,0.0747142180392046,0.003104067676433341,1.028300045591238,,,0.0,0.0,0.0,,low,low,low,low,low,insufficient_history
2026-02-06,3298469.12,1546,2133.550530401035,148736.46,0.07360174569389544,0.0,-0.02736638871721475,-0.051729394700427145,3391725.738571428,3392288.4914285718,111770.37084833553,-0.8393939352306335,-0.047443006777572405,-0.037958929682638476,1591.4285714285713,1593.5357142857142,47.26558699821369,-1.0057150943139823,0.021076553112522767,-0.014313801606459564,2131.197233221052,2128.805761384528,32.880795448655846,0.1443021359965531,0.06639090215132315,0.07899201727124727,144743.65,144483.66464285715,6075.279296066836,0.7000164354412671,-0.05525091831384643,-0.04919616391870807,0.0754011037977466,0.07471714525467624,0.0031029380168949277,-0.35946562732083404,,,0.0,0.0,0.0,,medium,low,low,low,low,insufficient_history
2026-02-07,3416379.43,1581,2160.897805186591,151735.29,0.07271725086236532,0.0,0.03574698010209043,-0.007290253912849098,3388141.5700000003,3388952.695357143,109504.73863543113,0.25046162371262976,0.022639068564036302,-0.008155583437892133,1589.5714285714287,1591.5714285714287,46.573262534084705,-0.22698492646273072,0.01281773006820508,0.0008724448215804426,2131.4663218989,2129.3612776542905,33.29927585090914,0.9470634638872969,0.02016203693432006,0.0033760346768634264,144816.58428571429,144329.37285714288,5820.005587275448,1.2724931328329019,-0.012017307785180509,-0.09541806178774326,0.07430532702543488,0.07480049022668307,0.003012243221152695,-0.6915906888556509,,,0.0,0.0,0.0,,low,low,low,low,medium,insufficient_history
2026-02-08,3367332.21,1550,2172.472393548387,155369.29,0.07152637937978253,0.0,-0.01435649084211943,-0.04291414481399569,3366572.1985714287,3384707.709285714,107887.4946919491,-0.16105202308503366,-0.019607843137254943,-0.0378646803227809,1580.857142857143,1588.892857142857,46.73593215607614,-0.8321831907187209,0.005356379341038053,-0.005248185351836909,2129.8289374887245,2130.329976984315,34.16486190552021,1.2335017387341685,0.02394960328609108,0.044048399662774296,145753.01714285716,144430.86535714284,5990.543836899197,1.8259485183099955,-0.016376739610753366,0.012041039853324165,0.0744268991682293,0.0748534635817508,0.002937598907382367,-1.1325862743232582,,,0.0,0.0,0.0,,low,low,low,low,low,insufficient_history
2026-02-09,3395239.49,1587,2139.407366099559,143917.11000000002,0.07002676936718029,0.0,0.008287652735041728,-0.006707946318314395,3363296.6428571427,3386817.807142857,107479.75919503736,0.07835598925990224,0.023870967741935534,-0.0018867924528301883,1580.4285714285713,1589.7857142857142,46.441007695432184,-0.05998393282039434,-0.01521999890402359,-0.004830267577895175,2128.345499222624,2130.457962073201,34.19290523139519,0.26173277660363514,-0.07370941837991274,0.0223136220271809,146201.76285714286,144394.04,5990.414983508606,-0.07961551934431318,-0.020965831426190018,-0.0029861773114921997,0.07439693650155367,0.07476084800394116,0.0030493753238461656,-1.5524748953466947,,,0.0,0.0,0.0,,low,low,low,low,low,insufficient_history
2026-02-10,3321260.16,1588,2091.4736523929473,139958.95,0.07842688091539932,0.0,-0.021789134527296694,-0.030176603971663107,3348533.372857143,3391665.9264285713,100924.84390066916,-0.6976058986810519,0.000630119722747402,-0.020961775585696674,1575.5714285714287,1591.9285714285713,44.8412248911138,-0.08761070729247313,-0.022405136331750453,-0.009412123200275513,2125.5066066897157,2130.6977461246324,33.88270289104722,-1.157643587579586,-0.02750305366748962,-0.007710366661427215,146046.40285714288,144068.1925,5974.050889635338,-0.6878485931764176,0.1199557201357333,0.03959100164033691,0.07482361512064092,0.07492621971693557,0.0031198804935730733,1.1220497726355478,,,0.0,0.0,0.0,,low,low,low,low,low,insufficient_history
2026-02-11,3592713.78,1668,2153.905143884892,142820.65,0.0744776555117993,0.0,0.08173211580028705,0.10552621593647138,3397524.327142857,3402841.749285714,105308.05969057004,1.8030151848984108,0.05037783375314864,0.07335907335907343,1591.857142857143,1597.0714285714287,45.01927864521418,1.5755155027592045,0.02985047955087272,0.029968668804122522,2134.4596765184638,2130.7624419270455,33.926770220339094,0.6821369027332975,0.020446709553050946,-0.0021698968142732644,146002.0342857143,144031.56464285715,5978.604442023351,-0.20254135469235737,-0.0503555076716633,-0.063882398759743,0.07409754467183163,0.07490451147048341,0.003120845771911917,-0.1367757300043072,,,0.0,0.0,0.0,,high,low,low,low,medium,insufficient_history
2026-02-12,3369475.7600000002,1595,2112.523987460815,134988.77,0.07059567979015177,0.0,-0.06213632191986074,-0.006428358929548628,3394409.992857143,3408051.5310714287,99563.98362376967,-0.3874470432721712,-0.043764988009592276,-0.017252002464571814,1587.857142857143,1598.107142857143,44.60969773799324,-0.06965173526599788,-0.019212153581396718,0.011013651070434172,2137.747268424889,2132.692078269949,31.081359835358366,-0.6488805803853711,-0.054837168154605154,-0.03217545838728808,145360.93142857144,143947.22392857145,6091.93150779409,-1.4705440987164584,-0.052122689617055906,-0.09383666074801578,0.07305319450293914,0.07498316861443041,0.002975006831778539,-1.474782772735914,,,0.0,0.0,0.0,,low,low,low,low,medium,insufficient_history
2026-02-13,3340141.74,1551,2153.5407736943907,135966.35,0.07726070861977789,0.0,-0.008705811256526141,0.012633927583957538,3400363.2242857143,3405992.1685714284,100376.81281096861,-0.6560322720690371,-0.02758620689655178,0.0032341526520052177,1588.5714285714287,1598.4642857142858,44.17346458616258,-1.074497691293928,0.019416009700735426,0.00936947262720711,2140.603017466797,2130.8565920889682,28.02430148261735,0.8094468159890743,0.007241935755100348,-0.08585729416983556,143536.63,143741.60535714283,6264.480531978444,-1.2411652199176446,0.09441128479020477,0.049712991062736966,0.07357590349235091,0.07493619650718898,0.0029261620996595037,0.794389385625423,,,0.0,0.0,0.0,,low,low,low,low,low,insufficient_history
2026-02-14,3316114.69,1561,2124.3527802690583,152748.69,0.07298468987153044,0.0,-0.007193422276744577,-0.029348244846445604,3386039.6900000004,3400831.4057142856,101175.87882877476,-0.8373212735582575,0.006447453255963964,-0.012650221378874171,1585.7142857142858,1595.0357142857142,43.17619555303421,-0.7882981316384731,-0.013553490039225347,-0.016911963550436004,2135.382299621436,2132.137661726563,26.809044751477234,-0.29038264994785246,0.12343009869721433,0.006678736370425042,143681.40142857144,143614.63642857142,6032.158532162625,1.5142263789532526,-0.055345321375331546,0.0036777931782832063,0.07361410906508879,0.07474570205393441,0.0028709113580974027,-0.6133983125034634,,,0.0,0.0,0.0,,low,low,low,low,low,insufficient_history
2026-02-15,3593309.05,1678,2141.423748510131,150714.45,0.07403412070247051,0.0,0.08359010043769022,0.06710856722984282,3418322.095714286,3412962.415,103216.62328653802,1.747263466460653,0.07495195387572062,0.08258064516129027,1604.0,1600.0357142857142,44.41511433006073,1.7553548356289725,0.008035844328506903,-0.014291847910455124,2130.946778901685,2133.063468321598,26.660437341463382,0.3135837601407566,-0.013317561021308877,-0.029959845990156664,143016.42428571428,143741.60928571428,6145.878531684606,1.1345555689618312,0.014378780437202643,0.03506036995627393,0.0739723578254728,0.07475790913822229,0.0028669904955670083,-0.25245581974231146,,,0.0,0.0,0.0,,medium,medium,low,low,low,insufficient_history
2026-02-16,3510831.34,1579,2223.452400253325,134395.13,0.07927925316015308,0.0,-0.022953135634130928,0.034045271427966206,3434835.217142857,3410333.676071428,99560.28585695215,1.0094151805968727,-0.05899880810488678,-0.00504095778197855,1602.857142857143,1596.3214285714287,41.471144427249754,-0.41767423616231697,0.038305660801727814,0.039284259503598706,2142.9532123522226,2136.40856550406,31.644530997341864,2.7506754565765776,-0.10827973031119453,-0.06616294615699281,141656.14142857143,143615.0264285714,6304.2671954009875,-1.462485034786817,0.07084750123205752,0.13212781164383092,0.0752941412244689,0.07495159114617822,0.002984584902661764,1.4500046589779667,,,0.0,0.0,0.0,,low,low,low,low,high,insufficient_history
2026-02-17,3399709.05,1574,2159.916804320203,138905.72,0.07789133467581574,0.0,-0.031651275506729415,0.023620218296900752,3446042.2014285713,3415744.5339285717,94406.1717464183,-0.16985630951802994,-0.0031665611146295403,-0.008816120906801062,1600.857142857143,1597.142857142857,40.761923305143235,-0.5677567510642219,-0.02857519950770393,0.03272484539738141,2152.730805484688,2138.753272455811,30.827948484629268,0.6865047109749836,0.03356215362863213,-0.007525277947569742,141505.68,143681.38785714286,6242.047863046089,-0.7650803008761873,-0.017506704831509734,-0.0068286056175212995,0.0752176346188141,0.07510152090063198,0.0030242143721274555,0.9224920696416127,,,0.0,0.0,0.0,,low,low,low,low,low,insufficient_history
2026-02-18,3287512.1,1547,2125.0886231415643,141621.96,0.0775949053014639,0.0,-0.033001927032550005,-0.08495017935995997,3402441.9614285715,3410876.276785714,97439.9862403333,-1.2660528962046376,-0.01715374841168993,-0.0725419664268585,1583.5714285714287,1595.392857142857,41.85011994824541,-1.1563373582370344,-0.016124779023421798,-0.013378732496711843,2148.6141596642124,2138.0331270595957,30.905917031615914,-0.4188357816656762,0.019554558300406866,-0.008392973985204555,141334.4385714286,143739.85607142857,6213.743707341693,-0.34084059001761396,-0.0038056784568601953,0.04185483240904042,0.07566295601733762,0.07520443694009306,0.0030593403290918165,0.7813672570650116,,,0.0,0.0,0.0,,medium,low,low,low,low,insufficient_history
2026-02-19,3290220.79,1563,2105.067683941139,134143.84,0.07939771187563036,0.0,0.0008239330890980057,-0.02352145426919472,3391119.8228571424,3400756.836071429,94589.88906911481,-1.1685820457053553,0.010342598577892659,-0.02006269592476484,1579.0,1591.0714285714287,38.4726247758435,-0.7296468264118642,-0.009421225534974598,-0.0035295710552561976,2147.548973447116,2137.4259173920714,31.394329046376736,-1.0307031375995248,-0.05280339292013747,-0.006259261418560924,141213.73428571428,143591.19964285713,6395.678089829267,-1.4771474596072627,0.023233568842727204,0.12468230508783185,0.07692038917240598,0.07536964141530922,0.003158413564322326,1.2753461123085716,,,0.0,0.0,0.0,,low,low,low,low,high,insufficient_history
2026-02-20,3388250.93,1593,2126.9622912743253,142091.53,0.07767177196772272,0.0,0.02979439565209252,0.014403337865536159,3397992.564285714,3400954.095357143,94556.65153249446,-0.1343444924419435,0.019193857965451144,0.027079303675048294,1585.0,1591.6785714285713,38.35994590370846,0.03444813438334175,0.010400904208550221,-0.012341759554647447,2143.752047387107,2136.731684729098,31.40343764889808,-0.31109312184220866,0.059247521168322104,0.04504923460841592,142088.76,143455.76035714286,6385.475651112012,-0.2136458474953682,-0.021737904873268543,0.0053204708484850816,0.07697911250782667,0.075445004288372,0.0031881986285865,0.6984406992038527,,,0.0,0.0,0.0,,low,low,low,low,low,insufficient_history
2026-02-21,3408902.69,1609,2118.6467930391545,149525.32,0.07334836194808418,0.004861111111111111,0.006095109372551644,0.027980938138179923,3411247.992857143,3399859.724642857,94270.35827551514,0.0959258617720953,0.010043942247332183,0.030749519538757264,1591.857142857143,1590.7142857142858,37.535027732483385,0.4871640009443628,-0.003909565425435302,-0.0026859885433816455,2142.936906354263,2137.3115197669094,30.891996769897585,-0.6041929521999226,0.05231691150063633,-0.021102439569203435,141628.27857142856,143568.86357142858,6466.328624096448,0.9211496623253873,-0.055662564534193715,0.004982854310868312,0.07703106566162007,0.07545382048677128,0.0031818131515941967,-0.6617165868562058,,,0.0006944444444444445,0.00017361111111111112,0.0009186636496752051,5.102520385624567,low,low,low,low,low,insufficient_history
2026-02-22,3376816.34,1589,2125.1204153555695,150691.29,0.07445062019829177,0.00625,-0.009412515673775435,-0.06024884221968052,3380320.4628571426,3395142.5828571427,91886.66384869197,-0.19944398990609014,-0.012430080795525211,-0.053039332538736605,1579.142857142857,1588.3214285714287,35.287237826714964,0.019229938934398658,0.003055545802955084,-0.007613314817258576,2140.6078587607544,2137.5337225323688,30.77681159167856,-0.4033331113530786,0.007797809762253083,-0.00015366807894001688,141624.97,143381.12535714285,6162.79761695425,1.1861763272489145,0.015027714606466125,0.005625777572142665,0.07709056558959453,0.07529184539083449,0.0031099738032579274,-0.27049269407397364,0.2857142857142858,,0.0015873015873015873,0.0003968253968253968,0.0014692367653123717,3.9838198589661418,medium,low,low,low,low,insufficient_history
2026-02-23,3460211.0,1610,2149.1993788819877,147289.37,0.08012858373919189,0.007638888888888889,0.024696237995579073,-0.0144183343196429,3373088.9857142856,3393381.366785714,90067.66802632973,0.7419935996871772,0.013215859030837107,0.019632678910703083,1583.5714285714287,1587.75,34.780395712612524,0.6397282015952284,0.011330634891288938,-0.03339537260292924,2130.000284279135,2137.205861437265,30.59487931726915,0.3920106145982767,-0.022575425560428908,0.09594276221169618,143467.0042857143,143443.31,6194.178570087677,0.6209152604306591,0.0762648252731466,0.010713150606036503,0.07721189852945723,0.0754008704543138,0.003226170364130477,1.4654257994066935,0.2222222222222221,,0.0026785714285714286,0.0006696428571428571,0.0020045293261153965,3.4767493500590603,low,low,low,low,low,insufficient_history
2026-02-24,3350072.22,1557,2151.619922928709,149723.53,0.08025778795619366,0.005555555555555556,-0.03183007625835532,-0.014600317047719025,3365998.0100000002,3397373.7739285715,85288.92785509703,-0.554603687936317,-0.03291925465838508,-0.010800508259212194,1581.142857142857,1588.7857142857142,33.33706328337543,-0.9534647372963162,0.0011262538368963515,-0.00384129674573519,2128.8150155089215,2138.3602748215926,30.50376966845132,0.43468883522387236,0.016526379330701113,0.07787879433618716,145012.40571428573,143916.9060714286,6147.465275333585,0.9445557914528149,0.0016124610091987623,0.0303814704193619,0.07754996328379693,0.07565977785035104,0.003316677537557733,1.3863301613663697,-0.2727272727272727,,0.0034722222222222225,0.0008680555555555556,0.0022011036767894928,2.1296134523009562,low,low,low,low,low,insufficient_history
2026-02-25,3321608.99,1568,2118.373080357143,136022.38,0.07536065015945366,0.004861111111111111,-0.008496303402080074,0.01037163939259722,3370868.9942857143,3396401.138571429,86015.0696015546,-0.8695237813314178,0.007064868336544627,0.013574660633484115,1584.142857142857,1589.1785714285713,33.01184251191889,-0.6415446644919873,-0.01545200535525415,-0.0031601236349821926,2127.8556522540043,2137.2010883392563,30.628793898548903,-0.6147159448875781,-0.09150966451298603,-0.03953892461310371,144212.4657142857,143814.34928571427,6257.3365694855975,-1.2452533436849837,-0.06101760242149912,-0.02879383811772096,0.07723078397779547,0.07563385282222435,0.003316055052936669,-0.08238785496903614,-0.125,,0.004166666666666667,0.0010416666666666667,0.002318669629832827,1.6472568559583114,low,low,low,low,low,insufficient_history
2026-02-26,3413132.77,1575,2167.068425396825,144122.6,0.0723507940091819,0.016319444444444445,0.02755404994252486,0.037356757447271516,3388427.8485714286,3397847.128571429,85941.20304214298,0.17786161803059208,0.0044642857142858094,0.007677543186180413,1585.857142857143,1588.2142857142858,33.017792221385626,-0.4002171200813023,0.02298714305389149,0.029453086914339677,2136.712901033388,2139.408119003732,30.468865309729875,0.907822004919244,0.05955064159294965,0.07438850714278056,145638.00285714286,143850.1917857143,6256.080290077548,0.04354295367944057,-0.039939360182048356,-0.08875467189138697,0.07622408142544568,0.07553570208614209,0.003372660525086396,-0.9443310565265391,2.357142857142857,,0.006498015873015873,0.0016245039682539683,0.0036916924876531543,3.9805429421160152,low,low,low,low,medium,insufficient_history
2026-02-27,3109483.31,1478,2103.8452706359944,134102.23,0.07710450764025639,0.021527777777777778,-0.08896503021181912,-0.08227478594686022,3348603.902857143,3384671.3575000004,100226.10571054628,-2.7456723530169413,-0.061587301587301635,-0.07219083490269929,1569.4285714285713,1583.607142857143,38.794176047933945,-2.72224219240164,-0.029174507837357977,-0.010868561578720182,2133.410469513626,2137.2406918971456,30.772405635007313,-1.0852392126002592,-0.06952670851067078,-0.056226433764208106,144496.67428571428,143716.42857142858,6426.885814005461,-1.495934243996886,0.06570368295434603,-0.00730335246763858,0.07614304366437907,0.07552479086557583,0.0033668613604637392,0.4691956708496545,0.31914893617021267,,0.009573412698412697,0.0023933531746031743,0.005252589142038904,3.64285575851211,medium,low,low,low,low,insufficient_history
2026-02-28,3151854.58,1471,2142.6611692726037,152471.87,0.0776571683812738,0.03715277777777778,0.013626466449823127,-0.07540494211056514,3311882.7442857143,3374327.9992857142,108730.8081860045,-2.046093678482841,-0.004736129905277386,-0.08576755748912368,1549.7142857142858,1579.2142857142858,44.16581310945208,-2.45018212267729,0.01844997784693314,0.01133477100210789,2136.841094689833,2136.656655641108,30.49781501275154,0.1968834039089396,0.13698236039773515,0.019706027046121566,144917.61000000002,143760.9685714286,6484.907182290003,1.343257687999066,0.007167683938738456,0.058744412536975155,0.076758587440549,0.07542727229817318,0.003258597645919097,0.684311573689752,0.7258064516129032,6.642857142857142,0.014186507936507938,0.0037202380952380955,0.008384539788380177,3.9874030687853135,medium,medium,low,low,medium,high
2026-03-01,3406425.26,1686,2020.4183036773427,175153.79,0.07353459725210286,0.03680555555555556,0.08076853596462552,0.008768294458087134,3316112.5900000003,3370331.836785714,105243.02057629243,0.3429531290212343,0.14615907545887152,0.06104468219005654,1563.5714285714287,1581.892857142857,48.25038037517636,2.1576439822369453,-0.057051888253876526,-0.049268790098517035,2121.8836501643723,2130.816806328884,36.226879283382225,-3.0474196186747626,0.148761342010169,0.162335195352034,148412.25285714286,144701.66607142857,8757.334543664208,3.4773279217251174,-0.05308680724656778,-0.012303765149963453,0.07662772701966489,0.07552938740074036,0.0031470626978671,-0.6338577715624975,-0.009345794392523366,4.888888888888888,0.0185515873015873,0.0050347222222222225,0.010418166901568366,3.0495607944762817,low,low,low,medium,low,high
2026-03-02,2945478.69,1536,1917.62935546875,166127.47,0.0780099916486819,0.03784722222222222,-0.13531680128511026,-0.1487574919564154,3242579.402857143,3353450.0621428574,131836.95625096955,-3.0945144953606825,-0.08896797153024916,-0.04596273291925468,1553.0,1579.9642857142858,48.98789128002442,-0.8974520961308026,-0.05087508266060925,-0.10774711070952403,2088.8022182481955,2122.525303525544,53.95413804070003,-3.797594688700836,-0.05153368362739974,0.12789857136329674,151103.41,145607.07964285716,9605.851256924174,2.1362386121012595,0.06086107171071853,-0.026439904359294997,0.07632507100673488,0.07580701181555367,0.003002399129953612,0.7337398319730607,0.028301886792452713,3.954545454545454,0.02286706349206349,0.00638640873015873,0.012065693011141049,2.607460132046593,high,low,high,medium,low,high
2026-03-03,2940266.23,1564,1879.9656202046035,160508.05,0.07499232603716559,0.02847222222222222,-0.0017696478394824133,-0.12232750910665446,3184035.69,3336152.318571429,152335.73293195612,-2.5987736491756626,0.01822916666666674,0.004495825305073753,1554.0,1577.892857142857,48.366914989571846,-0.28723885213378775,-0.019640779463839575,-0.1262557107922384,2049.99446071618,2114.2617220998764,70.81444570279108,-3.308591906213824,-0.033825953046777935,0.07202956008317463,152644.0557142857,146302.13607142857,9961.15990006308,1.4261304979635414,-0.03868306543482758,-0.06560686573995878,0.07557286216115945,0.07579101879610285,0.003005616740745714,-0.2657334011052596,-0.24770642201834858,4.125,0.026140873015873013,0.00740327380952381,0.012691102342868686,1.6601354116837106,high,low,high,low,medium,high
2026-03-04,3125605.62,1610,1941.369950310559,161034.59,0.07574937112957407,0.030208333333333334,0.06303490075454832,-0.05900856199212057,3156035.208571429,3331717.6228571427,156688.5694405274,-1.3154246260150733,0.02941176470588225,0.02678571428571419,1560.0,1579.892857142857,48.499972726769194,0.6207661811843758,0.03266247501870412,-0.08355616472276095,2024.708299280954,2108.9094469294087,77.92581361429842,-2.1499871332509026,0.003280458519058671,0.18388304924527854,156217.2285714286,146941.54178571427,10318.286750787021,1.365832192365732,0.010094967477516148,0.005158142469550375,0.0756283937283195,0.07565491959882106,0.002913490427211463,0.03241868580409481,0.060975609756097615,5.214285714285714,0.029761904761904764,0.008482142857142856,0.013307477103543084,1.632630310549693,medium,low,medium,medium,low,high
2026-03-05,3306588.49,1709,1934.808946752487,153394.08000000002,0.07496958718725565,0.036458333333333336,0.057903296833718976,-0.03121597874436033,3140814.597142857,3328693.0653571426,156313.24545096947,-0.14141204280782385,0.06149068322981366,0.08507936507936509,1579.142857142857,1582.9642857142858,53.768007934539234,2.344065163045626,-0.0033795740770699023,-0.10717680896569193,1991.5283737603343,2103.3843791664317,84.55452228436462,-1.9936891352423485,-0.04744639024448094,0.06433050749847702,157541.7257142857,147438.59857142856,10280.5111171805,0.5792981847584232,-0.010294262918494113,0.036195776617757636,0.0760025070394729,0.07555004303506592,0.0028821369895703367,-0.20139773019491594,0.2068965517241379,1.2340425531914891,0.03263888888888889,0.009784226190476192,0.014200482859777324,1.87839437618077,low,medium,high,low,low,high
2026-03-06,3044210.56,1593,1910.9921908349027,162358.15,0.07553271542021989,0.04097222222222222,-0.07935004031904802,-0.02099151000106192,3131489.9185714284,3319612.4025,165263.13493062317,-1.6664445014649663,-0.06787595084844944,0.07780784844384314,1595.5714285714287,1584.642857142857,53.30291791451057,0.15678584182851718,-0.012309616387478406,-0.09166695027091609,1963.9779337887496,2095.43586703907,91.76688768498647,-2.0099153502657527,0.0584381744067306,0.21070432609509915,161578.2857142857,147925.0875,10659.515497973181,1.3540073657892169,0.007511422352609154,-0.020385218298390018,0.07577796529375339,0.07561900623957751,0.0028567823117783475,-0.030205598446144857,0.12380952380952381,0.903225806451613,0.035416666666666666,0.011247519841269841,0.015228695969154589,1.9518875707518986,low,low,medium,high,low,high
2026-03-07,3063392.5100000002,1617,1894.4913481756341,170039.47,0.07804108144468229,0.03854166666666667,0.006301124584496609,-0.028066672416085847,3118852.48,3307005.7267857147,170972.8358087732,-1.4248650414746988,0.015065913370998052,0.09925220938137325,1616.4285714285713,1585.9285714285713,53.644873816353396,0.5792059214790564,-0.0086346991570172,-0.11582317571061362,1928.5251022034684,2085.9213507172503,98.3060359412946,-1.9472863564138874,0.047310960367557886,0.11521863016437073,164087.94285714286,148578.80821428573,11434.912032621862,1.876766670744003,0.033209001033622565,0.00494369124462013,0.07583281001709748,0.07580914304608884,0.002833572196863976,0.7876765593139378,-0.05932203389830504,0.03738317757009346,0.03561507936507936,0.012624007936507937,0.015901394637036388,1.6298984662510783,low,medium,high,medium,low,medium
2026-03-08,3298229.03,1674,1970.2682377538829,173492.76,0.07684578523371813,0.029861111111111113,0.07665897178811076,-0.031762396571706986,3103395.8757142858,3304537.756071429,170568.04735140185,-0.03698656442042645,0.03525046382189245,-0.007117437722419906,1614.7142857142858,1590.357142857143,55.649840627846764,1.503020605255837,0.03999854084908905,-0.024821625220966426,1921.3608070715457,2078.6997737245897,99.13597052662608,-1.0937658187507644,0.020308755373090737,-0.009483266105746235,163850.65285714288,149226.075,12312.758193207103,1.9708569452283913,-0.015316243558354814,0.04502898098786523,0.07630583687161394,0.07599912182658652,0.002711488151109064,0.3122504543437883,-0.22522522522522526,-0.18867924528301883,0.034623015873015875,0.013690476190476192,0.016024256740511614,1.0091347874970849,low,low,low,low,low,high
2026-03-09,3122020.51,1607,1942.7632296204106,156841.46,0.07748422332439162,0.034027777777777775,-0.05342519224627651,0.059936546341131436,3128616.135714286,3294779.9353571427,172985.0245862192,-0.9986958453217791,-0.04002389486260449,0.04622395833333326,1624.857142857143,1591.0714285714287,55.73344535570103,0.28579915214127316,-0.013960032246588039,0.013106742489096268,1924.9513605217828,2071.676768850334,101.61049397776553,-1.2687030067793246,-0.09597691569377309,-0.055896896521689055,162524.08000000002,149687.6589285714,12348.566709209106,0.5793223812844236,0.008308043033612655,-0.0067397561924898985,0.07623072711100103,0.0762654594679155,0.002457481906715014,0.4959401137993591,0.13953488372093004,-0.10091743119266061,0.03407738095238095,0.014905753968253969,0.016236444152867305,1.1777223897972091,medium,low,low,low,low,high
2026-03-10,3082832.58,1606,1919.5719676214196,156279.55,0.07379892793406245,0.041666666666666664,-0.012552105239052258,0.048487565018899614,3148982.757142857,3286264.664642858,177444.12886939102,-1.1464571183000107,-0.000622277535780924,0.026854219948849067,1630.857142857143,1591.7142857142858,55.80047599880401,0.25601420113370377,-0.011937255989512563,0.02106759133845526,1930.6094101527565,2065.5374229656363,105.48921082111464,-1.3837003254459874,-0.00358266239041638,-0.026344473065369578,161920.00857142857,150270.5375,12257.188391739634,0.49024395382954034,-0.04756188075733159,-0.015913602980012875,0.07606024166770058,0.07610017543286776,0.0024623534066577735,-0.9345723861502324,0.22448979591836737,0.46341463414634143,0.035962301587301584,0.016393849206349207,0.01672186214214439,1.5113638209360638,low,low,low,low,low,high
2026-03-11,3031805.84,1591,1905.5976367064738,168442.18,0.07079137652285718,0.04131944444444444,-0.016551901109076894,-0.030010113687983564,3135582.7885714285,3266232.2382142856,173176.76642454503,-1.3536827315483329,-0.009339975093399788,-0.011801242236024856,1628.142857142857,1588.9642857142858,53.76180810372728,0.037865435659949195,-0.007279920289866348,-0.01842632497652641,1925.4990796378872,2056.669297709265,108.18796165030118,-1.3963814337412503,0.07782611352541013,0.0459999929207755,162978.2357142857,151185.59214285715,12631.10018918275,1.366198319915264,-0.040753321157896094,-0.06545261739844588,0.07535195672388388,0.07596852261183411,0.0026441510716715675,-1.957961534211457,-0.008333333333333304,0.367816091954023,0.03754960317460317,0.017869543650793653,0.01704168127256364,1.3760321190494333,low,low,low,low,medium,high
2026-03-12,3208647.36,1620,1980.6465185185184,159290.41,0.07434532210597045,0.05243055555555556,0.058328774774046854,-0.029619993626724406,3121591.1985714287,3260488.366785714,172290.47515069737,-0.3008930513446566,0.018227529855436853,-0.05207723815096543,1615.4285714285713,1589.857142857143,54.07245775652029,0.5574530619374769,0.039383383126857074,0.0236910067234124,1932.047304175892,2051.9593881041824,108.53634514559965,-0.6570413762320721,-0.05433181878790683,0.03843909751927832,163820.56857142856,152053.5078571429,12307.73008141609,0.5879964944782456,0.050203086275145026,-0.008326911014274851,0.075262775997986,0.07610243840882765,0.002449766773341678,-0.7172586068102937,0.26890756302521024,0.4380952380952381,0.03983134920634921,0.019742063492063495,0.017866040633838707,1.8296438888412285,low,low,low,low,low,high
2026-03-13,2887959.24,1517,1903.7305471324985,162425.92,0.07425754341594208,0.04826388888888889,-0.09994495624473976,-0.05132736941823102,3099269.5814285716,3244338.991785715,185252.48406641698,-1.9237515414797077,-0.06358024691358022,-0.047708725674827424,1604.5714285714287,1588.642857142857,55.344185204760414,-1.2944965560120807,-0.03883377001745447,-0.0037999337397771615,1931.0099265041197,2043.0375942984008,110.13257800717403,-1.2649031711291445,0.019684235855755627,0.000417410521122763,163830.25,152998.4925,12039.67566296396,0.7830300220628327,-0.0011806888119100245,-0.016882380001612463,0.07508060856880346,0.07599518250869065,0.0024628843828426975,-0.7055301113010279,-0.07947019867549665,0.17796610169491522,0.040873015873015874,0.02146577380952381,0.01821561042369687,1.471162066822814,medium,low,low,low,low,high
2026-03-14,3155867.08,1645,1918.4602310030396,177921.0,0.07425793394732211,0.07152777777777777,0.09276718185260813,0.030186980512007633,3112480.2342857146,3238615.862857143,185428.17793114658,-0.446257865338402,0.0843770599868161,0.017316017316017396,1608.5714285714287,1591.642857142857,56.06227640739195,0.9517477040962186,0.00773727347745079,0.012651882971377537,1934.4340526223205,2035.6842889674715,111.3688162245134,-1.052575235496036,0.09539782812989439,0.046351179523201225,164956.18285714285,153897.5035714286,12927.420076159124,1.858336488413166,5.259147583647206e-06,-0.048476359211421016,0.07454015892632344,0.07604065551139749,0.0024165605682613255,-0.7377102761210834,0.4820143884892085,0.8558558558558556,0.04558531746031746,0.024020337301587303,0.02001992623123405,2.3730077687335247,low,low,low,low,low,high
2026-03-15,3044255.59,1573,1935.3182390336935,170362.94,0.07841043045026375,0.04791666666666667,-0.03536634692485219,-0.07700297271351109,3076198.314285714,3219006.810714286,175283.86378022315,-0.9969612544221125,-0.043768996960486306,-0.060334528076463556,1594.142857142857,1587.892857142857,53.52627550383228,-0.2782345119789035,0.008787259573183936,-0.017738700777124916,1929.4411956622935,2028.3233779147413,110.93153435506083,-0.8384012663465403,-0.04247986465903408,-0.018040061152984177,164509.0657142857,154599.23535714284,13276.79948333497,1.187312097515953,0.05591990353363974,0.020360846229717344,0.07476367967154422,0.0761969522881044,0.0024234907688125483,0.9133429310497836,-0.33009708737864074,0.6046511627906976,0.048164682539682535,0.025731646825396828,0.019938413283609003,1.1126772991262917,medium,low,low,low,low,high
2026-03-16,3155547.93,1615,1953.8996470588236,172226.47,0.07503789017677992,0.05590277777777778,0.03655814589470796,0.010739013370543393,3080987.945714285,3206318.1175,165989.4106173543,-0.3058640145246226,0.026700572155117674,0.004978220286247614,1595.2857142857142,1589.1785714285713,53.73670624334526,0.4805175154297141,0.009601215784752704,0.0057322566479647286,1931.0321124392096,2018.6964938720807,104.90301459942198,-0.6176833626820691,0.010938587934676391,0.09809274920037092,166706.92428571428,155950.35464285713,13067.886559909413,1.2455047939485404,-0.04301137302929425,-0.03157201611700999,0.07441420350759971,0.0760454750386982,0.0023552909625214552,-0.4277963436159112,0.16666666666666674,0.642857142857143,0.05128968253968254,0.027728174603174605,0.020064854847281068,1.4041767752145506,low,low,low,low,low,high
2026-03-17,2908106.55,1519,1914.4875246872941,158473.74,0.07334833501789276,0.05138888888888889,-0.07841471132400146,-0.0566771063513285,3056027.084285714,3188760.8853571424,170708.32681687817,-1.6440576777382716,-0.05944272445820431,-0.05417185554171855,1582.857142857143,1587.2142857142858,55.29473696933483,-1.2336487964870115,-0.020171006443885697,-0.002648737854004879,1930.3057634486202,2009.9311624566196,102.90060125543451,-0.927532362346472,-0.0798525917647851,0.01404016072480374,167020.38000000003,156649.2125,12638.790137653195,0.1443593477008852,-0.022516026968599223,-0.006105683765112224,0.07434983309100404,0.07588322505091526,0.0023797754628173745,-1.0651803384935685,-0.08074534161490687,0.2333333333333334,0.05267857142857142,0.029563492063492063,0.019782914073801682,1.1032447870913002,medium,low,low,low,low,high
2026-03-18,3508312.78,1511,2321.8482991396427,169346.75,0.0719015019760307,0.04201388888888889,0.20639072870283925,0.15716934564648777,3124099.5042857146,3196646.6239285716,180271.03271157248,1.7288754126686756,-0.005266622778143493,-0.050282840980515386,1571.4285714285713,1585.9285714285713,56.66596638222748,-1.322285248312145,0.2127779727992145,0.21843575706390594,1989.7701437962157,2016.9582937422654,116.83144146128414,2.6096571400979625,0.06861079949271098,0.0053702107156294865,167149.60428571427,157639.38357142857,12503.200022577892,0.9363496070950343,-0.019725506264172465,0.015681648072136012,0.07450842244145739,0.07567988921786406,0.002469641901612633,-1.5299332422915832,-0.18243243243243235,0.016806722689075793,0.05277777777777778,0.031063988095238092,0.019036796974547743,0.5751965946945199,high,low,high,low,low,low
2026-03-19,3566971.31,1482,2406.8632321187583,167960.43,0.07639989946973387,0.06284722222222222,0.01671986897359834,0.11167445649122376,3175288.64,3206530.5710714282,192746.74252795457,1.8700224667936793,-0.019192587690271323,-0.08518518518518514,1551.7142857142858,1583.0357142857142,59.85753589293995,-1.6879364106538695,0.03661519704393168,0.2151907014276535,2050.6582457391073,2027.7367061771802,137.3760092425111,2.7597724524978937,-0.008186280516159883,0.05442901427650293,168388.17857142858,158847.11892857144,11760.814144133226,0.7748877722019482,0.06256333136410386,0.027635597043145,0.0748019334934236,0.07557282448908205,0.0023652718094172285,0.3496743914838274,0.4958677685950412,0.19867549668874163,0.05426587301587301,0.033308531746031746,0.018943316554174378,1.5593199000668805,high,medium,high,low,low,high
2026-03-20,3620132.41,1491,2427.989543930248,155061.19,0.07690431489593864,0.0642361111111111,0.014903708322790088,0.25352614394931683,3279884.807142857,3214812.0524999998,205409.1808448429,1.9732338926280109,0.006072874493927127,-0.01713909030982197,1548.0,1579.392857142857,62.28330689245964,-1.4192062296158914,0.008777528996897876,0.2753850840852541,2125.552388138786,2038.4876794863205,155.95213120610944,2.4975732068012215,-0.07679927944933218,-0.045342085795173626,167336.07428571428,159310.32107142857,11323.734750990929,-0.37524113420766303,0.00660230484209734,0.03564313278142106,0.07518004370485168,0.07554541530794691,0.0023444026372602747,0.5796357530034935,0.022099447513812098,0.33093525179856087,0.05654761904761905,0.03560267857142857,0.018647429913132625,1.5355162975846433,high,low,high,low,low,high
2026-03-21,3537169.12,1489,2375.5333243787777,167384.44,0.07608620870163474,0.07256944444444445,-0.022917197661286637,0.12082322554598846,3334356.527142857,3219392.9964285716,211245.3790520441,1.504298579204133,-0.0013413816230717357,-0.09483282674772031,1525.7142857142858,1575.107142857143,64.26757680643813,-1.339822460032707,-0.021604796314961927,0.23824997046551433,2190.8485443353197,2047.6621984627352,167.93807148353932,1.9523335180622177,0.07947346463676697,-0.0592204405325959,165830.85142857142,159948.14678571429,11254.92863186469,0.6607143818959685,-0.010637975195681881,0.024620598192370835,0.07544122581261062,0.07564319554914513,0.0023061571956929767,0.19210015402115263,0.12972972972972996,0.01456310679611672,0.05669642857142858,0.03802083333333334,0.01890168317449505,1.8278060632044248,high,medium,high,low,low,low
2026-03-22,3504287.11,1484,2361.3794541778975,166740.06,0.07632473555839199,0.07291666666666667,-0.009296137358566603,0.15111461781039215,3400075.3157142857,3223945.5239285715,216081.83525840554,1.2973861765667465,-0.00335795836131636,-0.05657978385251117,1513.0,1571.357142857143,66.45311033364706,-1.3145681581876467,-0.00595818633888523,0.2201504675308268,2251.714432213063,2056.1000212778185,177.62961019728561,1.7186291889117933,-0.003849700724870231,-0.021265657894845025,165313.29714285716,160521.31714285715,11174.415732596792,0.5565161531445626,0.003134955214979973,-0.026599712307340595,0.07514326939948608,0.07571012824057728,0.0022974427694906433,0.2675180100137904,0.004784688995215225,0.5217391304347827,0.060267857142857144,0.04040178571428571,0.018950218506495423,1.7158050679592998,high,low,high,low,low,high
2026-03-23,3628663.29,1477,2456.779478672986,159245.31,0.07885156993982291,0.052083333333333336,0.035492576976662304,0.14993128626000618,3467663.2242857143,3229961.6771428576,225061.99701234183,1.771519039863841,-0.004716981132075526,-0.0854489164086687,1493.2857142857142,1566.607142857143,68.31589982802078,-1.3116586780342634,0.040400124734845555,0.2573723949288491,2323.5544081579437,2067.085024841783,192.48946926543877,2.024497523518147,-0.044948706387655135,-0.07537261839019294,163458.8457142857,160948.315,10874.473876297725,-0.15660573737842315,0.03310636274000278,0.05082338741212511,0.07568808079420652,0.07566452060488553,0.00221777527759554,1.4370479133452625,-0.2857142857142857,-0.06832298136645965,0.059722222222222225,0.041989087301587305,0.01793867692812765,0.562708502538354,high,medium,high,low,medium,high
2026-03-24,3508030.21,1438,2439.5203129346314,169058.71,0.07083608415351735,0.057291666666666664,-0.03324449538551699,0.20629356238683894,3553366.604285714,3235603.0339285717,230107.2887089921,1.1839137195517369,-0.026404874746106977,-0.053324555628703085,1481.7142857142858,1562.357142857143,72.50860193451088,-1.7150674477141505,-0.0070251180002842695,0.2742419480289351,2398.5590921932776,2077.3671816277088,204.48770169321728,1.7710264642234719,0.06162442083851638,0.06679321129166249,164970.98428571428,161638.85714285713,10748.46047280927,0.69031773209876,-0.10165283700023653,-0.034250959667490366,0.07532918781358146,0.07532803118336139,0.002209789866444079,-2.032748497065168,0.09999999999999987,0.11486486486486491,0.06056547619047619,0.04383680555555556,0.01666629827482093,0.8073095110411175,high,low,high,low,low,high
2026-03-25,3705824.71,1561,2374.006860986547,164079.37,0.074496576827455,0.059027777777777776,0.05638335138510686,0.056298267111748235,3581582.5942857144,3249325.023928571,246311.4583926644,1.8533432794818947,0.08553546592489569,0.03309066843150221,1488.857142857143,1562.107142857143,72.50049260916391,-0.015270832201255264,-0.02685505490596829,0.022464241899968984,2406.0103153142636,2086.4969595073303,211.9565538890192,1.356456765332,-0.02945331831764242,-0.031104110353461167,164218.50142857144,162640.8925,9508.14850197219,0.15128891810026293,0.051675536806983446,0.03609208125150731,0.07569991279235636,0.07529717142150429,0.0022153438919127904,-0.36138614730285856,0.030303030303030276,0.4049586776859502,0.06299603174603174,0.04577132936507937,0.015038891094220788,0.8814777851401993,medium,low,low,low,low,high
2026-03-26,3594511.77,1517,2369.486994067238,165838.55,0.07761511727461312,0.078125,-0.03003729229275931,0.007720964820431941,3585516.945714286,3255802.845357143,253071.3560387268,1.3383929732096014,-0.02818705957719414,0.02361673414304999,1493.857142857143,1560.0357142857142,72.94568356882232,-0.5899693056561895,-0.0019038980019757679,-0.015529024479973508,2400.6708527354754,2093.7261941027023,218.1673624563213,1.2639874125065107,0.010721518494372528,-0.012633213668243215,163915.37571428574,163416.46214285717,8801.068114988362,0.2752038531570916,0.04186152679714561,0.01590601314024842,0.07587351533591054,0.07548518296669825,0.0021791196886826636,0.9774287841905905,0.32352941176470584,0.24309392265193375,0.06517857142857143,0.04797867063492064,0.015091649823875328,1.9975502822353586,low,low,low,low,low,high
2026-03-27,3570130.63,1463,2440.2806766917292,160888.13,0.07532359717554,0.07465277777777778,-0.00678287944512701,-0.013812141197343752,3578373.834285714,3272254.535357143,258129.46267615308,1.1539794471914653,-0.03559657218193801,-0.018779342723004744,1489.857142857143,1559.5,73.6224100343045,-1.3107422041065437,0.02987721933133458,0.005062267583568314,2402.426728844258,2105.7417443189784,227.797351811068,1.468581305766069,-0.02985083986805226,0.0375783263368481,164747.79571428572,164373.10142857142,6702.214703342782,-0.5199731108036957,-0.029524146577855404,-0.020554343700188382,0.07564769851871074,0.07542157902152981,0.0021559720271778597,-0.04544671487137056,-0.04444444444444451,0.16216216216216228,0.06666666666666667,0.04987599206349207,0.014982120463839026,1.653756941421421,low,low,low,low,low,high
2026-03-28,3637983.11,1540,2362.3266948051946,168986.56,0.07096825973854295,0.08125,0.019005601484111567,0.02850132028745067,3592775.8328571427,3289616.2685714285,265961.1036553562,1.3098413137885005,0.05263157894736836,0.03425117528542643,1497.142857142857,1561.9642857142858,71.6795761720983,-0.306423208495972,-0.03194467859009409,-0.005559437722068905,2400.5400674766033,2113.5869416594282,232.84262510434817,1.0682741316556361,0.05033578300649033,0.009571498999548567,164976.66999999998,164962.91178571427,6332.560091302595,0.6353904512982003,-0.05782168669994647,-0.06726513320122651,0.07491656295255476,0.07518268942714657,0.002266814517167991,-1.859185944277806,0.08837209302325588,0.11961722488038262,0.06790674603174603,0.05145089285714286,0.0158856161924517,1.8758546588212712,low,low,low,low,medium,high
2026-03-29,3885077.2399999998,1604,2422.1179800498753,175422.41,0.075775094210346,0.0642361111111111,0.0679206369377563,0.10866407861198324,3647174.422857143,3306710.9821428573,288200.0554702269,2.006822160091124,0.04155844155844157,0.08086253369272245,1514.2857142857142,1559.0357142857142,68.00516436971814,0.6611892807115664,0.025310337209566658,0.025721628840513322,2409.2169997440287,2127.9333586727325,239.178504023248,1.2299793519427156,0.038084981432843,0.05207116993960548,166217.0057142857,164972.50535714286,6348.75343395723,1.6459773956512962,0.06773217336189585,-0.007201352798995031,0.07483804275997676,0.07526270717565527,0.0022459309179306496,0.22814015809659957,-0.20940170940170955,-0.11904761904761918,0.06666666666666667,0.05243055555555556,0.015794547650451896,0.7474449928433234,high,medium,low,low,low,high
2026-03-30,3330685.46,1389,2397.901699064075,161875.69,0.07371347259226978,0.07847222222222222,-0.14269774981359185,-0.08211779550369913,3604606.161428571,3320468.366785714,279376.74763870967,0.036571022107748145,-0.1340399002493765,-0.05958023019634395,1501.7142857142858,1553.7857142857142,75.14842456289897,-2.192803312167764,-0.009997977466523644,-0.023965431215956623,2400.805888371327,2145.0859423725656,240.75412789979626,1.0500993644301424,-0.07722342886521738,0.01651778630089651,166592.7742857143,164820.6560714286,6370.914193176074,-0.46225172434168976,-0.027207113888282564,-0.06516163662276309,0.07410402885318346,0.07510926006649767,0.0021975307773442537,-0.6351617409039054,0.2216216216216218,0.5066666666666666,0.07043650793650794,0.05388144841269841,0.016264231520106524,1.5119542401449257,medium,low,low,low,medium,high
2026-03-31,3389533.17,1445,2345.69769550173,169673.26,0.07374372973699948,0.08993055555555556,0.01766834806430495,-0.033778796904944564,3587678.012857143,3336513.6146428576,269457.24563581194,0.19676425932447014,0.0403167746580273,0.004867872044506338,1502.7142857142858,1549.5357142857142,77.86525975843581,-1.3425205876153128,-0.021770702102893003,-0.03845945325211797,2387.4026573094843,2161.7192307760347,237.8295753858148,0.773572691399879,0.04817011127489246,0.003635127702086516,166680.56714285715,165147.98500000002,6376.5773418985045,0.7096714675231525,0.00041046966946001184,0.041047520034854346,0.0745194067936809,0.07506466734149174,0.002212608165769767,-0.5970047588759131,0.14601769911504436,0.5696969696969698,0.07509920634920635,0.056076388888888884,0.01684481796801021,2.0097674389214952,low,low,low,low,low,high
2026-04-01,3412939.07,1414,2413.6768528995754,160398.17,0.07280760358283651,0.08125,0.006905346201406148,-0.07903386234369414,3545837.207142857,3346775.5235714284,266583.6449526487,0.24819056863118363,-0.02145328719723183,-0.094170403587444,1481.7142857142858,1542.5357142857142,80.97621147841404,-1.5873268449954365,0.028980357327462514,0.01671014206611976,2393.0697990113454,2178.587334439928,238.37104621683812,0.9862335304170895,-0.054664417952481115,-0.022435483510205967,166154.68142857144,165125.2557142857,6392.895943968231,-0.7394279143156954,-0.012694315265875278,-0.022671823546072445,0.07427812490159255,0.07495960421482255,0.0022484446344913133,-0.9571063476387985,-0.09652509652509644,0.3764705882352941,0.07827380952380954,0.05789930555555556,0.016702963573173815,1.3979970884895763,medium,medium,low,low,low,high
2026-04-02,3436142.56,1446,2376.308824343015,160908.58,0.0720215635312736,0.07534722222222222,0.006798682755271068,-0.04405861494786534,3523213.034285714,3351402.4546428574,266984.3042410656,0.31739733014652827,0.022630834512022524,-0.04680290046143709,1471.5714285714287,1533.142857142857,76.05588310247515,-1.1457740491349464,-0.015481786019395871,0.00287903258927269,2394.044346193599,2194.3551872110183,236.24099304088506,0.7702034891992985,0.0031821435369241424,-0.02972752716422089,165450.4,165393.6307142857,6029.585598939817,-0.7438406239848939,-0.010796125856121552,-0.072067838582898,0.0734790457954012,0.07485431765568033,0.0023159685961817917,-1.2231401276670726,-0.07264957264957272,-0.03555555555555556,0.07787698412698411,0.05928819444444444,0.016469281110394873,0.9750897850448276,low,low,low,low,medium,medium
2026-04-03,3403233.33,1469,2316.70070115725,162493.47,0.06900048491779301,0.07916666666666666,-0.009577376207580812,-0.04674823341127987,3499370.5628571426,3364224.6964285714,260220.19222629454,0.14990625146224526,0.015905947441217094,0.004101161995898828,1472.4285714285713,1528.7142857142858,76.05156980523991,-0.7851815007528155,-0.025084333557632288,-0.050641705568892026,2376.390063974388,2208.8447768653878,230.5918368221325,0.46773522332040385,0.009849630144023402,0.009977989053636227,165679.7342857143,165398.46357142855,6027.11620245476,-0.48198731762387287,-0.04194686237502698,-0.08394596772922458,0.07257574404429448,0.0746210237091651,0.002561129589489459,-2.194554627160626,0.05069124423963145,0.0604651162790697,0.0785218253968254,0.060652281746031746,0.01647780011690617,1.123595673529212,low,low,medium,low,medium,high
2026-04-04,3747069.98,1579,2373.065218492717,178373.45,0.0757128996448249,0.09340277777777778,0.10103234678886963,0.029985535034548372,3514954.4014285714,3388641.7489285716,263007.5288336015,1.362805972365138,0.07488087134104826,0.025324675324675416,1478.0,1527.357142857143,74.74560028459716,0.6909150096624371,0.024329650052469676,0.004545740312352553,2377.924138786891,2225.9367008052836,224.072623625014,0.6566108581548693,0.09772688096327808,0.05554814536730035,167020.7185714286,165696.10571428572,6455.3632335157945,1.9638467778070814,0.09728068918688093,0.06685580178747319,0.0732535497451919,0.07453787435917018,0.002482570354406094,0.47330996423495925,0.17982456140350878,0.14957264957264949,0.08025793650793651,0.06261160714285714,0.01700458340559626,1.81075712944471,low,low,low,low,medium,high
2026-04-05,3572328.17,1490,2397.5356845637584,173478.22,0.06756059757138444,0.0920138888888889,-0.04663425314517344,-0.08050009064942032,3470275.962857143,3398431.0039285715,264613.8305216708,0.6571733825424025,-0.05636478784040533,-0.07107231920199497,1461.7142857142858,1520.7857142857142,69.26297559562248,-0.444475768200463,0.01031175455286637,-0.010149090873604272,2374.4123822888746,2241.1962524770647,220.5372678942423,0.7089025522963566,-0.027443714297167077,-0.011082905542113997,166742.97714285715,165695.58642857143,6454.7133740864965,1.20572876290266,-0.10767388531787248,-0.10840628737667735,0.07208005022534025,0.07420626051408684,0.0027667472694352657,-2.4019768686927727,-0.014869888475836368,0.4324324324324327,0.08422619047619048,0.06483134920634921,0.01662343747031322,1.6351936674399212,medium,low,low,low,high,high
2026-04-06,3070916.85,1288,2384.2522127329194,157653.75,0.07459197759472579,0.13090277777777778,-0.14035981470313796,-0.077992537307921,3433166.1614285717,3396605.873214286,266758.48628944164,-1.220913447757769,-0.13557046979865772,-0.07271418286537079,1447.2857142857142,1509.392857142857,79.9654273840863,-2.7686071891978146,-0.00554046887241888,-0.005692262671352588,2372.462455670138,2256.9637161596543,214.0986371367358,0.5945320263387351,-0.09121877086357011,-0.0260813714523781,166139.84285714285,165724.5967857143,6415.149262231829,-1.2580918160751338,0.10407516031681041,0.011917834984050524,0.07220555093997681,0.07410296602374164,0.002692837046279403,0.18159716409865803,0.42264150943396217,0.668141592920354,0.09171626984126983,0.06829117063492063,0.019760180348288168,3.1685746809634368,medium,low,low,low,low,high
2026-04-07,3181380.31,1307,2434.108882938026,166550.8,0.07375675583806383,0.11909722222222222,0.035970840434836227,-0.06141048031106888,3403430.0385714285,3400125.435,263090.1795049466,-0.8314454207740095,0.014751552795031042,-0.09550173010380625,1427.5714285714287,1498.7142857142858,86.30001808628501,-2.221486043289178,0.020910820566234944,0.0376907849659569,2385.0926253038947,2275.3400345638192,205.9956883212473,0.7707386968537373,0.05643411590272973,-0.01840278191153999,165693.77714285714,166091.42714285714,6142.9504257362105,0.07478049232145591,-0.011197206235768253,0.00017664011721141293,0.07220741181155745,0.07410145987745596,0.002693025185042283,-0.12799881757760742,-0.09018567639257302,0.32432432432432434,0.09588293650793651,0.07105654761904763,0.021257515995307247,2.2599383020000983,medium,medium,low,low,low,high
2026-04-08,3077908.48,1308,2353.141039755352,159490.1,0.07416017805032207,0.12256944444444444,-0.03252419387734251,-0.09816483187319247,3355568.5257142857,3401771.957857143,260834.3082609035,-1.2416444754391502,0.0007651109410864443,-0.074964639321075,1412.4285714285713,1488.607142857143,91.50646173731411,-1.9737091723162505,-0.0332638542795769,-0.025080330480652835,2376.444651997577,2291.32372752985,193.2101328413749,0.3199486037114497,-0.04239367208083045,-0.005661348879479111,165564.05285714284,165771.71,6248.131649048897,-1.005358137893299,0.00546963064839745,0.018577379297296526,0.07240063673548394,0.07422177421772257,0.002613751853905935,-0.023566187933428087,0.029154518950437414,0.5085470085470085,0.10178571428571427,0.07395833333333333,0.022553908074500365,2.1553298413090203,medium,low,low,low,low,high
2026-04-09,3112983.3,1327,2345.8804069329312,161761.15,0.07334126674534241,0.10347222222222222,0.011395666969278961,-0.09404710496062774,3309402.9171428573,3398355.3842857145,264064.2049585671,-1.0806920397654458,0.014525993883792054,-0.08229598893499313,1395.4285714285713,1478.142857142857,92.67014952915854,-1.6309767267106892,-0.0030855068607258396,-0.012804908645868696,2372.0977352247073,2304.3677949732223,183.54595390629555,0.22617012838595216,0.014239441821153775,0.005298474450523338,165685.84857142856,165859.9507142857,6170.1682183834855,-0.6642931876757705,-0.011042466813172669,0.018323723470620834,0.07258916576606521,0.07418591509770013,0.0026188765695678673,-0.3225231620965965,-0.15580736543909346,0.3732718894009217,0.10580357142857143,0.07578125000000001,0.022810740234409828,1.2139444813128242,medium,medium,low,low,low,high
2026-04-10,3068647.01,1301,2358.6833282090697,163953.47,0.0798932630995287,0.12534722222222222,-0.014242379649129555,-0.09831424635230646,3261604.8714285716,3404808.5189285716,253109.9016643928,-1.3281246870156034,-0.019593067068575776,-0.11436351259360111,1371.4285714285713,1470.4285714285713,98.14442440774734,-1.7263188658040258,0.005457618912840134,0.01812173105954007,2378.0952533749673,2320.6161085831,166.07159562734432,0.22922173705966273,0.013552821552022865,0.008984976442437898,165894.41999999998,165914.50607142856,6145.38403554372,-0.31910716402527617,0.08933574023116209,0.1578652410155279,0.0741452769348846,0.07438719080068537,0.002832445928325137,1.943928476720874,0.21140939597315445,0.5833333333333335,0.11240079365079365,0.07853422619047619,0.023987866029548367,1.951528159031802,medium,medium,low,low,high,high
2026-04-11,3103216.33,1287,2411.2014996114995,175548.87,0.07108223678729557,0.12743055555555555,0.011265329602051732,-0.17182856296695048,3169625.778571429,3402928.1350000002,255214.63787680204,-1.1743519395806676,-0.010760953112989968,-0.18492716909436357,1329.7142857142858,1457.642857142857,97.87869071068575,-1.7434117263302078,0.022265884858017948,0.016070473251891926,2383.5432935347935,2338.2140110334017,146.87599607493252,0.49693272235485886,0.07072372423712658,-0.015835204174163953,165490.90857142856,165829.78714285715,5988.072159427614,1.6230737703855371,-0.11028497235438495,-0.06116081776357973,0.07348375366952327,0.07427377304497014,0.002900575176343039,-1.1003115119044655,0.01662049861495829,0.3643122676579924,0.11726190476190476,0.08053075396825397,0.02565181937589265,1.8283226191502653,high,high,low,low,medium,high
2026-04-12,2963799.65,1220,2429.343975409836,181949.98,0.07361863693891006,0.1451388888888889,-0.04492651016695315,-0.17034507778718433,3082693.132857143,3400054.708571428,259813.9259386838,-1.6791057561494394,-0.052059052059052036,-0.18120805369127513,1291.142857142857,1445.0357142857142,104.94848194439903,-2.1442493508856715,0.007524247061583056,0.013267077128766402,2388.0873350842335,2355.85778733255,124.68066762652056,0.5893952083847752,0.0364634075969843,0.048834718271838495,166701.16,166243.61000000002,6674.03865171121,2.3533531673468677,0.03568261588622135,0.08966823245050048,0.07434918786488406,0.07410263756242179,0.0027865902732851972,-0.17368919577154893,0.13896457765667591,0.5773584905660378,0.12485119047619046,0.08400297619047618,0.027581114616262448,2.216586006367038,high,high,low,low,medium,high
2026-04-13,3200737.52,1349,2372.674217939214,160593.76,0.07399710460265382,0.09479166666666666,0.07994395640069674,0.04227423806671937,3101238.9428571425,3401668.6225,258375.2152285691,-0.7776717372920166,0.1057377049180328,0.04736024844720488,1299.857142857143,1435.5357142857142,100.95671318197681,-0.857156612554646,-0.023327185464158684,-0.00485602770205007,2386.4333358279896,2370.8140220068494,96.64203034773547,0.01924831179220142,-0.11737412666931868,0.018648525645599934,167121.16142857142,165828.15607142853,6649.836305799045,-0.7871466049267742,0.005140921911632512,-0.007975026420455444,0.07426420600887378,0.07406546664906014,0.0027805878494121354,-0.024585465415438913,-0.34688995215311014,-0.27586206896551735,0.11969246031746031,0.0853918650793651,0.02708843213509397,0.3470042688489088,low,low,low,low,low,high
2026-04-14,3172440.73,1343,2362.2045644080417,162915.98,0.0752876777331503,0.10798611111111112,-0.008840709312521233,-0.0028099689848146703,3099961.86,3411109.1289285715,244108.79166674614,-0.9777132453893681,-0.004447739065974843,0.02754399387911244,1305.0,1429.25,101.04660640846214,-0.8535665181208599,-0.00441259632359714,-0.029540304886934265,2376.1612903237065,2386.8039162825908,36.94476220903042,-0.6658413914093674,0.014460213149004142,-0.02182409210883396,166601.90142857144,165986.80750000002,6519.592364367968,-0.4710152611355343,0.017440859847510648,0.020756361606354634,0.07448290913674327,0.07413472888889076,0.002786211128512398,0.4138052685458606,0.13919413919413937,-0.09329446064139935,0.11810515873015873,0.08741319444444444,0.02656371873801102,0.7744742695693476,low,low,low,low,low,high
2026-04-15,3706471.66,1526,2428.880511140236,167737.18,0.06870417212166985,0.12916666666666668,0.16833440730664173,0.2042176315781814,3189756.6,3418186.231785714,249836.52749914647,1.1538962340695793,0.13626209977661952,0.16666666666666674,1336.142857142857,1429.7857142857142,101.53465277571844,0.9476004800727008,0.02822615269516393,0.032186541352726916,2386.981214807261,2390.626495282612,35.483322022273846,1.0780843978929395,0.029593168208545073,0.051709040247639004,167780.0557142857,165929.32285714286,6495.922792091648,0.27830643939581234,-0.08744466305382714,-0.07357056134560525,0.0737034797183644,0.07402053853694932,0.002942276747298955,-1.80688863485053,0.1961414790996785,0.05382436260623247,0.11904761904761905,0.09052579365079365,0.02614987073612355,1.477669752397451,high,high,low,low,medium,medium
2026-04-16,3415953.35,1455,2347.734261168385,164678.84,0.07721976269997356,0.10416666666666667,-0.07838136552755948,0.09732466280818164,3233038.035714286,3412792.7332142857,248129.84309121943,0.012737753533953077,-0.04652686762778502,0.09645817633760356,1354.4285714285713,1428.8214285714287,101.14787618701074,0.25881484036471686,-0.03340890982478073,0.0007902594821009856,2387.2460511266117,2388.5147463200983,36.23280302588869,-1.1255128432259418,-0.018232928441982876,0.018037025577525956,168196.86857142858,165812.12321428568,6487.518097701914,-0.17468671334992095,0.12394575635411553,0.05288286017881538,0.07425755056902597,0.07404981936660072,0.002970774103377334,1.0670428726873167,-0.19354838709677424,0.006711409395973256,0.11914682539682539,0.0920014880952381,0.025691921336270247,0.47350209477150046,medium,medium,low,low,medium,low
2026-04-17,3248110.89,1386,2343.514350649351,165661.81,0.07342207648414048,0.09826388888888889,-0.04913488060368265,0.05848306416970406,3258675.7328571426,3399506.250357143,246571.66520729513,-0.61400145158554,-0.04742268041237119,0.06533435818601085,1366.5714285714287,1425.0714285714287,100.70268986492736,-0.38798793382614927,-0.0017974395947749633,-0.006431120862348427,2385.079054332366,2385.497775131495,36.34095187603937,-1.1552648545187103,0.005969012169383836,0.010419663578941085,168440.91714285713,166190.7167857143,6136.713323908157,-0.08618730545122825,-0.049180236807881084,-0.08099790100357529,0.07333309533825624,0.07392545370903651,0.002919292864710377,-0.17243121818337048,-0.056666666666666754,-0.21606648199445988,0.11527777777777778,0.09321676587301587,0.02512853512634796,0.20085225782146626,medium,low,low,low,medium,high
2026-04-18,3612733.52,1515,2384.6425874587458,181216.32,0.07379158588512752,0.11180555555555556,0.11225682938429471,0.16419003247511266,3331463.902857143,3402204.978928571,248539.86186580898,0.8470614713107749,0.09307359307359309,0.17715617715617715,1399.142857142857,1426.0,101.4312392524921,0.8774417098311585,0.017549812228800254,-0.011014804095399344,2381.2849240248297,2385.8231059557797,36.289181476850494,-0.03253086592176365,0.09389315497639439,0.03228417249282223,169250.55285714287,166684.71249999997,6761.302331092426,2.1492320248978074,0.00503267434920418,0.03811569838382156,0.07372014520937509,0.07384350289416126,0.002888433669188948,-0.017974104646246717,0.13780918727915203,-0.12261580381471382,0.11304563492063494,0.09461805555555557,0.02502829403125129,0.6867227937525036,high,high,low,low,low,high
2026-04-19,3179214.29,1406,2261.1765931721197,177195.14,0.0792256889336786,0.09965277777777778,-0.11999756627496838,0.07268191694401471,3362237.422857143,3390595.235357143,251173.23025132876,-0.8415743395330431,-0.07194719471947197,0.15245901639344273,1425.7142857142858,1423.2142857142858,100.8487525925378,-0.17069408665704738,-0.05177547148405193,-0.06922337221074093,2357.2610122765846,2382.2444323484306,43.092103940212844,-2.809513300726361,-0.02218994404036012,-0.026132676683998546,168571.29,167058.10821428572,7047.123893392542,1.4384636823568382,0.07364122864916367,0.07616348560516495,0.07452115263719916,0.07394710837185006,0.003029320795558872,1.7424963937682607,-0.10869565217391297,-0.3133971291866029,0.10654761904761904,0.09557291666666666,0.024677240550821967,0.16532890307199397,medium,medium,medium,low,medium,high
2026-04-20,3568357.13,1464,2437.4024112021857,157647.24,0.0761134016525926,0.12048611111111111,0.12240220523165801,0.1148546569979283,3414754.5100000002,3388441.443928571,249307.84025325405,0.7216607624078947,0.04125177809388325,0.08524833209785032,1442.142857142857,1422.75,100.62163267887757,0.4099516068442723,0.07793545119925605,0.027280691455058292,2366.5078970284376,2381.552394224473,41.99233361471111,1.3300050787876847,-0.11031848841903913,-0.018347661826960238,168150.35857142857,167001.0342857143,7118.848757412659,-1.3139476064826436,-0.03928381466889297,0.028599727804253572,0.07482348078719041,0.07384931664730611,0.0029068532950567065,0.778878318055031,0.2090592334494772,0.2710622710622712,0.11021825396825398,0.09801587301587301,0.0235736087772438,0.9531946638958897,high,medium,low,low,low,high
2026-04-21,3382042.19,1431,2363.4117330538083,152242.95,0.08009221309684647,0.09618055555555556,-0.05221308664247959,0.0660694644403963,3444697.575714286,3383941.8717857143,248204.02032231053,-0.0076537107789288635,-0.02254098360655743,0.06552494415487709,1454.7142857142858,1422.5,100.59103118844918,0.0845005752458779,-0.030356365370084015,0.0005110347613221933,2366.680349692119,2378.834230657301,40.53920948094963,-0.3804340982707103,-0.03428090463239308,-0.06551248072779603,166625.63999999998,166400.4714285714,7629.800996393197,-1.8555557917256331,0.052274781547860805,0.0638156934621541,0.07550984298200415,0.07417989268099645,0.0030730538903878967,1.9239234412201396,-0.20172910662824206,-0.10932475884244375,0.10853174603174602,0.0994047619047619,0.022190422435897826,-0.14529720461700107,medium,low,low,low,medium,high
2026-04-22,3076485.95,1352,2275.507359467456,152139.17,0.07520051676804651,0.10104166666666667,-0.09034666714196127,-0.16996911558741012,3354699.617142857,3361465.4875000003,246465.1343760282,-1.1562671459453207,-0.05520614954577219,-0.11402359108781124,1429.857142857143,1415.0357142857142,97.64428342026014,-0.6455648203634109,-0.037193846656913054,-0.0631456141911153,2344.76989945315,2375.3163913173335,45.001718499993764,-2.217893786653756,-0.0006816736013063318,-0.09299077282687107,164397.35285714286,165974.03571428574,8084.461058750732,-1.7112910327288517,-0.06107580424684966,0.09455531513969961,0.0764378922172008,0.07420503339316042,0.003078615085970039,0.32335428336680794,0.05054151624548742,-0.217741935483871,0.10451388888888889,0.10090525793650794,0.0207315628301836,0.006579761076194834,high,medium,medium,low,medium,high
2026-04-23,3484953.93,1443,2415.0754885654887,157034.62,0.07538285198895131,0.13055555555555556,0.13277095577179532,0.020199508872098537,3364556.8428571424,3357552.7075,243479.92817263113,0.5232514378338023,0.06730769230769229,-0.008247422680412342,1428.142857142857,1412.392857142857,95.76566278845553,0.31960456353498506,0.0613349495519524,0.028683496471866743,2354.3900747955936,2376.944551835128,45.60366887027572,0.8361374791758088,0.032177446478773186,-0.04641895704390442,163305.32142857142,165659.60964285713,8259.24038811335,-1.0442836432355416,0.0024246538287391317,-0.02378809059747189,0.0761754764013405,0.07412530963295823,0.0030152890216355475,0.41705532934649453,0.29209621993127155,0.2533333333333334,0.10828373015873018,0.10277777777777777,0.0209643087978095,1.3250032732145316,low,low,low,low,low,high
2026-04-24,3381087.87,1414,2391.151251768034,165574.41,0.07490783800912247,0.12118055555555556,-0.029804141485451408,0.0409397906978477,3383553.554285715,3350801.180357143,239962.5773164721,0.12621422049036427,-0.02009702009702008,0.02020202020202011,1432.142857142857,1410.642857142857,95.25296312518047,0.03524449788224401,-0.009906206621998925,0.020327121575117957,2361.195346383977,2375.189929516425,43.99323037790818,0.3628131445338074,0.05438157522207532,-0.0005275808588594,163292.83571428573,165826.97678571427,8206.281040664697,-0.030777252748561898,-0.006301353256022435,0.020235896287990718,0.0763877280477665,0.07411046109130046,0.0030101889757054422,0.2648926443679998,-0.07180851063829796,0.23321554770318031,0.11155753968253969,0.10443948412698413,0.020491092619656422,0.8169926191496627,low,low,low,low,low,high
2026-04-25,3483715.59,1481,2352.2725118163403,179426.26,0.07306304548880148,0.11701388888888889,0.030353461355028255,-0.03571199737975694,3365122.4214285715,3345291.6260714284,234840.99223652616,0.5894369743982097,0.0473833097595473,-0.022442244224422425,1427.2857142857142,1408.5357142857142,92.90914803376359,0.7799478011352762,-0.01625942312220796,-0.013574392998198292,2356.571049863633,2374.8308515525373,44.142887353963744,-0.5110300002650692,0.08365936499486848,-0.009878028645543657,163037.11285714287,166199.82321428575,8583.635254646897,1.5408898902774215,-0.02462749652574847,-0.00987294672674699,0.07628365084829135,0.07418527486809541,0.0029547221987919455,-0.3798087616334157,-0.034383954154727836,0.04658385093167694,0.1123015873015873,0.10571676587301589,0.02010304435280591,0.5619608064136908,low,low,low,low,low,medium
2026-04-26,3555785.93,1464,2428.815525956284,172169.14,0.07409172281541304,0.1267361111111111,0.02068777950957834,0.1184480206900429,3418918.37,3333531.222142857,214141.23223821554,1.0378884324804014,-0.011478730587440866,0.04125177809388325,1435.5714285714287,1403.5357142857142,85.46971832949235,0.7074351816767582,0.03254002831535874,0.07413792150969956,2380.5194688327997,2375.070049620623,44.425852548321636,1.209779289597254,-0.040446253519412334,-0.028364209086095715,162319.11285714287,166083.635,8475.511756047652,0.7180103308402266,0.01407931081615299,-0.06480178572588113,0.07555022711711055,0.0741251544611335,0.0029382557802657113,-0.011378058351829522,0.08308605341246289,0.2717770034843203,0.11617063492063494,0.10794890873015874,0.01875103337099474,1.0019289075562938,high,low,medium,low,medium,high
2026-04-27,3476891.22,1433,2426.3023168178647,165874.93,0.07521146926096474,0.13125,-0.022187699584040987,-0.025632498841280382,3405851.8114285716,3338752.8564285715,215845.0383712196,0.6399885983658906,-0.021174863387978138,-0.021174863387978138,1431.142857142857,1405.107142857143,85.59696225386713,0.32586269896040565,-0.0010347468185876174,-0.004554067204211143,2378.933741063611,2376.084357397544,45.282396274533376,1.1089951847041084,-0.03655829378017461,0.05219051091538307,163494.49714285714,166226.465,8435.57640883549,-0.041672908045952015,0.015112976227335873,-0.011849849987582872,0.0754213796325923,0.07417865434215833,0.0029441141851898945,0.3508066786274448,0.03561643835616457,0.08933717579250722,0.11770833333333333,0.10983382936507936,0.018326077050298605,1.1686172974249112,low,low,low,low,low,high
2026-04-28,3508086.04,1449,2421.0393650793653,170739.15,0.07161721200116812,0.13229166666666667,0.008972043709782662,0.037268562282482876,3423858.075714286,3342986.8874999997,218029.75554595786,0.7572322047813311,0.011165387299371998,0.012578616352201255,1433.7142857142858,1405.25,85.66931470183178,0.5106846033760153,-0.002169124474728168,0.02438323852742119,2387.1662599244046,2378.775131311031,45.64689443382653,0.9258950535967757,0.029324624281680256,0.12149133999308326,166136.81142857144,166264.5325,8454.0916826,0.5292842410509386,-0.047788685623537774,-0.10581554395844306,0.07421066519035253,0.07410270728016435,0.002982921447274729,-0.8332419485156216,0.007936507936507908,0.37545126353790614,0.12286706349206351,0.11134672619047618,0.01837061246065796,1.1401329444538466,low,low,low,medium,high,high
2026-04-29,3269379.93,1366,2393.3967276720355,160051.18,0.07145197576251656,0.09305555555555556,-0.06804454260192538,0.06269945097587715,3451414.358571429,3337859.775357143,218011.80215577144,-0.3141107255661938,-0.057280883367839874,0.010355029585798814,1435.7142857142858,1403.5357142857142,85.96747108445201,-0.43662694519465617,-0.011417673667781791,0.05180794855006288,2404.007598239344,2378.050841124333,45.23159517001077,0.3392736092994765,-0.06259823830679723,0.05200508192597586,167267.09857142856,166252.13999999998,8463.25877835756,-0.7326917635860585,-0.0023072140625756132,-0.04984727720811011,0.07367515933241968,0.0740542920008672,0.0030155436867988056,-0.8629675138658545,-0.2965879265091863,-0.07903780068728516,0.12172619047619047,0.11176835317460318,0.01778026404199003,-1.0524476787777342,medium,low,medium,low,low,high
2026-04-30,3442232.51,1437,2395.42972164231,162628.34,0.07639969701339407,0.11805555555555555,0.052870141647930025,-0.01225881915747462,3445311.2985714287,3338077.2735714284,218116.49759848593,0.47752113010865804,0.05197657393850652,-0.004158004158004158,1434.857142857143,1403.2142857142858,85.81951653318391,0.3936833444249277,0.0008494178782687545,-0.008134638861681198,2401.201060107462,2378.7337303135937,45.34850965552192,0.3681706732049889,0.016102099340973286,0.03562093505241082,168066.20142857145,166313.56,8429.214831723211,-0.4371961177369375,0.0692454085149743,0.013489076064564287,0.07382042290734006,0.07421065391094293,0.003019743470565658,0.7249102858532156,0.26865671641791034,-0.09574468085106391,0.1199404761904762,0.1132936507936508,0.01631133158569538,0.29193844395149365,low,low,low,low,low,high
2026-05-01,3257483.0,1394,2336.788378766141,114482.01000000001,0.07618244268577803,0.17569444444444443,-0.05367142093489785,-0.03655772187902351,3427653.46,3332871.904642857,218243.08713069628,-0.34543547579910294,-0.029923451635351372,-0.014144271570014189,1432.0,1400.5357142857142,84.85520658543052,-0.07702195950856822,-0.02448051067679191,-0.02273502061473398,2393.434935392906,2379.4511473710545,44.48139953456377,-0.9591147996987613,-0.2960512909373605,-0.30857666954694263,160767.28714285715,164598.86500000002,12921.395363435839,-3.878594655637391,-0.0028436543089686017,0.017015638290085677,0.07400250928971944,0.07446715240265668,0.0028616810370246173,0.5993995350735514,0.4882352941176469,0.4498567335243553,0.1277281746031746,0.11674107142857144,0.0188365716767016,3.129729444811376,low,low,low,high,low,high
2026-05-02,3309053.33,1409,2348.5119446415897,125928.92,0.07186789347548193,0.1642361111111111,0.015831342788281688,-0.05013677365091673,3402701.708571429,3317228.452857143,202591.21436216866,-0.040352800504607204,0.010760401721664259,-0.04861580013504385,1421.7142857142858,1394.4642857142858,77.36420942186966,0.1878868070175768,0.0050169565982003395,-0.0015986953704810736,2392.8977115107987,2378.5742447335138,44.85242706601931,-0.6702491271581504,0.09998872311902973,-0.29815780588638474,153124.81,162725.8460714286,14549.255074125076,-2.529127840838366,-0.0566344299052195,-0.016357818173658334,0.07383177328781663,0.07432983075375159,0.002891783723848411,-0.8513559496051409,-0.06521739130434778,0.40356083086053407,0.13447420634920634,0.11927083333333333,0.02028679104465134,2.216480550265883,medium,low,low,high,low,high
2026-05-03,3396005.25,1407,2413.6497867803837,124612.76000000001,0.07579204080268508,0.17395833333333333,0.02627697753060998,-0.04493540475874491,3379875.8971428573,3310931.2057142854,197032.23770531872,0.43177728313146047,-0.0014194464158977516,-0.03893442622950816,1413.5714285714287,1391.5,75.12582038745995,0.20632054225909352,0.02773579341906851,-0.006244088533619352,2390.7311773428128,2379.1497483841076,45.206714305892454,0.7631618206718283,-0.01045161032112396,-0.27621895538306107,146331.04142857142,160980.65107142858,16063.642240748364,-2.263987863174316,0.0546022310858727,0.022948825086819502,0.07407467585742693,0.07462381086915518,0.0025796986155274064,0.45285520040916105,0.059196617336152224,0.3726027397260274,0.1412202380952381,0.12219742063492063,0.02204365964043316,2.34810886861414,low,low,low,high,low,high
2026-05-04,3255013.91,1358,2396.9174594992637,112590.73,0.08033709403581796,0.14583333333333334,-0.041516820387718756,-0.06381485527177355,3348179.138571429,3317506.100714286,191726.59999585518,-0.32594429106674133,-0.03482587064676612,-0.052337752965806006,1402.857142857143,1394.0,72.67889805316415,-0.4953294692727211,-0.006932375762533249,-0.012110962889875898,2386.533340583013,2379.6020786257627,45.3228733997828,0.3820450817574152,-0.09647511217952331,-0.3212311830365203,138719.01285714286,159371.2575,18484.31598520984,-2.5308227546765205,0.05996742118298881,0.0681495099779077,0.07480690796812026,0.07482899359919418,0.002796443548755069,1.9696805390818266,-0.16167664670658677,0.11111111111111116,0.14330357142857145,0.12273065476190477,0.022439078646508567,1.0295734034081323,medium,low,low,high,medium,high
2026-05-05,3215509.43,1330,2417.676263157895,111565.43,0.07595129375951294,0.22534722222222223,-0.012136501130958322,-0.08340063688973831,3306382.48,3318724.9978571427,190935.98859435125,-0.5405768111973215,-0.020618556701030966,-0.08212560386473433,1385.857142857143,1394.8214285714287,71.78365313316718,-0.9030110023960085,0.008660625161021507,-0.0013891149272412529,2386.052897451374,2379.015199347901,44.692946201322194,0.8650372619393343,-0.009106433540310155,-0.34657382328540354,130265.62428571428,157407.49428571432,20503.80396182156,-2.2357833878568605,-0.05459246850962307,0.06051732030945489,0.07542606250502666,0.07490736995353166,0.0027960320431376184,0.373359028035253,0.5452380952380951,0.7034120734908136,0.15659722222222222,0.1265252976190476,0.02963269468463117,3.3348949751244885,medium,medium,low,high,medium,high
2026-05-06,2902249.41,1231,2357.6355889520714,110106.47,0.07249437995164455,0.1798611111111111,-0.09742158336634077,-0.11229362382487007,3253935.262857143,3312451.459642857,201722.60134423894,-2.0334957357745367,-0.07443609022556386,-0.09882869692532947,1366.5714285714287,1392.0714285714287,76.54963462255431,-2.104143662678844,-0.02483404214235041,-0.014941584195591107,2380.944163348522,2379.1757189620694,44.604558406362955,-0.48291319944835914,-0.013077169155355617,-0.3120546190287381,123130.6657142857,155643.79321428572,22358.123113439524,-2.0367238780840737,-0.04551487718977021,0.014588878446029296,0.07557497738918781,0.07484787716429318,0.0028300346291730257,-0.8316142807539971,-0.20184899845916793,0.9328358208955223,0.16899801587301586,0.1285714285714286,0.03128154231503652,1.6396148892897913,high,medium,low,high,low,high
2026-05-07,3007741.18,1292,2327.973049535604,116479.99,0.07165610820683556,0.18506944444444445,0.03634827855818212,-0.1262237018382002,3191865.072857143,3308692.8125,206500.78046022504,-1.4573873853128965,0.049553208773355006,-0.10090466249130137,1345.857142857143,1390.8214285714287,77.92496560506311,-1.2681613370517526,-0.01258147762761419,-0.028160572400536932,2371.307495904707,2378.5361704835937,45.22371631043487,-1.1180664720453966,0.05788506342996924,-0.28376573234406743,116538.04428571429,154026.60892857146,23507.340472930202,-1.597229553543419,-0.011563265254053379,-0.06208910495714248,0.07489732184539373,0.07478769293077507,0.0028807257715329597,-1.0870818579420212,0.02895752895752901,0.5676470588235296,0.17857142857142858,0.13148561507936507,0.032628497050290924,1.642240195203892,high,medium,low,high,medium,high
2026-05-08,3334977.83,1395,2390.665111111111,118018.62,0.07688689350683221,0.1753472222222222,0.10879814133475407,0.023789788005033286,3202935.762857143,3318204.6275000004,201097.45917017298,0.08340832633696192,0.0797213622291022,0.0007173601147776321,1346.0,1394.1785714285713,75.91079246522473,0.010820972153662749,0.02692989147276137,0.023055888515423728,2379.004171953988,2379.6783770158095,45.107455247338194,0.24356803182661924,0.013209393304377759,0.03089227731064459,117043.27428571429,152386.07857142857,24375.717801434785,-1.40990549904568,0.07299845652931602,0.009246892016310904,0.0749979576769729,0.07468032258817876,0.0027357623867215845,0.8065652665463048,-0.05253283302063805,-0.0019762845849802257,0.17852182539682543,0.13327132936507938,0.03363286704529915,1.251034971252139,low,low,low,low,low,low
2026-05-09,3425149.14,1440,2378.5757916666666,125049.53,0.07687324078430122,0.18333333333333332,0.02703805380319424,0.03508429705483174,3219520.8785714284,3329702.2278571427,197521.75540633174,0.483222275675451,0.032258064516129004,0.022001419446415982,1350.4285714285713,1399.642857142857,73.37433918471537,0.5500171218652651,-0.005056885378155518,0.012801232326568046,2383.299007243285,2378.513173160637,44.68238564440793,0.0014014136695369274,0.05957458238369506,-0.006983225140023475,116917.64714285712,150582.53071428573,24466.481758036094,-1.043591022477081,-0.00017756891855413848,0.0696465009166698,0.07571300729251851,0.0748871441595004,0.002671825924596856,0.7433480626551264,0.045544554455445585,0.11627906976744184,0.18124999999999997,0.13526785714285713,0.03490837811327223,1.3769037345278898,low,low,low,low,medium,high
2026-05-10,3385839.52,1394,2428.8662266857964,122742.35,0.08114320709565247,0.19756944444444444,-0.011476761563731563,-0.0029934376573770294,3218068.631428571,3344775.0803571427,184220.69479643236,0.22290893912996224,-0.03194444444444444,-0.009239516702203243,1348.5714285714287,1405.857142857143,64.41802961657976,-0.1840655935569182,0.02114308705037793,0.006304327988573055,2385.4727843726296,2378.4961107062068,44.662343172216104,1.1277983285687585,-0.018450129320757847,-0.01500977909485357,116650.44571428571,148467.9725,24212.329661947202,-1.062500918299949,0.05554554833108116,0.07060327491244722,0.07647745962008526,0.07515587880795548,0.0029075301469915615,2.0592489105889804,0.07765151515151514,0.1357285429141717,0.18462301587301586,0.13714037698412698,0.03681180091808198,1.641567811224217,low,low,low,low,medium,high
2026-05-11,3135397.8,1309,2395.2618792971734,110974.4,0.07820628338452501,0.20902777777777778,-0.07396739228798421,-0.03674826384996932,3200980.6157142855,3342441.5189285716,186512.40560967737,-1.1100801485658878,-0.060975609756097615,-0.03608247422680411,1341.5714285714287,1404.4285714285713,66.1459825332651,-1.442696408365843,-0.013835404774216964,-0.0006907122293798862,2385.2362729151887,2379.3028128975625,44.75718327665647,0.3565699454535279,-0.09587522155148576,-0.014355799984599127,116419.54142857142,146695.8525,25091.8300875613,-1.4236288216262116,-0.03619432625660679,-0.026523372258684508,0.076173058098472,0.07530620662159374,0.0029538437343089633,0.9817976249883555,0.05799648506151156,0.43333333333333335,0.19365079365079363,0.1412202380952381,0.03824688426166752,1.7728905502114058,low,low,low,low,low,high
2026-05-12,3022920.95,1253,2412.546648044693,112624.61,0.06983390017075683,0.1795138888888889,-0.03587323114151564,-0.05989361380911884,3173467.9757142854,3337101.526785714,193566.94528920468,-1.6231106830574957,-0.04278074866310155,-0.05789473684210522,1330.5714285714287,1401.2142857142858,71.23272091602664,-2.080705100244726,0.007216233388472437,-0.0021217129817462377,2384.5034707561595,2381.100744456014,45.055043756875584,0.6979441360298342,0.014870186277195607,0.009493801081571718,116570.85285714285,144899.73214285713,25680.82292063998,-1.2567791243526403,-0.10705512206228762,-0.08054363903432393,0.0752991447286497,0.07511142885150825,0.0031296889309474257,-1.6862789872071384,-0.14119601328903653,-0.2033898305084746,0.1871031746031746,0.14377480158730158,0.038333539347038204,0.932319006028559,medium,low,low,low,medium,high
2026-05-13,3200016.44,1331,2404.2197145003756,118428.83,0.07768303389424684,0.22430555555555556,0.05858422794681406,0.10259870463717302,3216006.1228571427,3319013.840357143,181029.75045359667,-0.6573361563995836,0.062250598563447834,0.08123476848090982,1344.857142857143,1394.25,68.04172195003547,-0.929576709514287,-0.003451511932864082,0.01975883201229167,2391.158345834488,2380.2200017188766,44.32151011441459,0.5414913147035051,0.05153598312127339,0.07558465910313905,117759.76142857144,143138.71964285715,25747.31413084773,-0.9597074676326083,0.11239718395073783,0.07157318879150698,0.07604038100616431,0.07543210248624314,0.002900476686076271,0.7760556803677434,0.24951644100580284,0.24710424710424705,0.19345238095238096,0.14717261904761905,0.04110689164556642,1.8763991491498646,high,medium,low,low,medium,high
2026-05-14,2763521.04,1195,2312.569907949791,110265.29,0.07647296459766192,0.23055555555555557,-0.136404111723876,-0.0811971926387629,3181117.5314285713,3295712.6864285716,208060.74272125153,-2.5578667050207207,-0.10217881292261455,-0.07507739938080493,1331.0,1384.9642857142858,76.64177477206317,-2.478599775112854,-0.038120395568601584,-0.006616546350863395,2388.957897036515,2378.9641319610696,45.751239201306944,-1.4512005613474646,-0.06893203285044702,-0.0533542284816475,116871.94714285713,141195.37857142856,26112.21829707834,-1.1845063571213057,-0.015577008722808539,0.06722185325670349,0.07672850334771093,0.07540543112544631,0.0028868309033875873,0.36979425118488896,0.02786377708978338,0.24577861163227022,0.19995039682539684,0.15168650793650792,0.043100512740693486,1.8298865281150862,medium,low,low,low,medium,high
2026-05-15,3128445.55,1313,2382.6698781416603,115686.28,0.07393986428670925,0.17916666666666667,0.13205056329153186,-0.061929131324990006,3151612.9200000004,3291438.924285714,210291.79943612838,-0.7750819324517692,0.098744769874477,-0.058781362007168436,1319.2857142857142,1382.357142857143,77.83753939894657,-0.8910500433686827,0.030312584260000497,-0.0033443550634888464,2387.8157208980224,2380.3625436572233,45.22292068818327,0.05102135044187635,0.049163159141013546,-0.019762474768811877,116538.7557142857,139410.5382142857,26085.900831327242,-0.9094667026332719,-0.03312412856333968,-0.03832940941827867,0.07630749917340765,0.07542392354696661,0.0028752907571084597,-0.5161423263328727,-0.22289156626506024,0.0217821782178218,0.20049603174603176,0.15457589285714285,0.042086369303720735,0.584293067241365,medium,low,low,low,low,low
2026-05-16,3317212.34,1370,2421.3228759124086,120744.41,0.07884686780977244,0.23472222222222222,0.060338844638034406,-0.031513021940995034,3136193.3771428573,3280884.5964285717,200769.4761432195,0.18094256292980318,0.0434120335110435,-0.04861111111111116,1309.2857142857142,1377.1785714285713,73.38182920275892,-0.09782491805616424,0.01622255694141539,0.017971714164209507,2393.9224472188425,2381.67255395914,45.878025680074586,0.8642551933199122,0.04372281656908661,-0.03442731851930991,115923.73857142858,137250.82714285716,24976.21320018506,-0.6608854997576196,0.0663647894190853,0.025673784600925398,0.07658944589133211,0.07560446932998965,0.0029272432276561595,1.107662817065931,0.31007751937984485,0.2803030303030303,0.2078373015873016,0.1589657738095238,0.04383412750258241,1.7282526818455632,low,low,low,low,low,high
2026-05-17,3284042.77,1386,2369.439227994228,121642.04000000001,0.0735516417857047,0.21840277777777778,-0.009999230257294878,-0.03006543854151722,3121650.9842857146,3284628.4707142855,199778.3018537707,-0.0029317533928894524,0.011678832116788218,-0.0057388809182209455,1308.142857142857,1376.4642857142858,73.18797823912193,0.13029071871009815,-0.02142781057178489,-0.024466970654310916,2385.4328759771897,2385.539076631358,39.45986956025122,-0.40800562233352405,0.007434132975596919,-0.008964387597271806,115766.55142857143,135266.78785714286,23867.512144217657,-0.5708491012727398,-0.06715835607881238,-0.093557619690811,0.07550493656133958,0.07540182478899059,0.0028629652040078734,-0.6462471149477521,-0.06952662721893488,0.10544815465729362,0.2108134920634921,0.16320684523809526,0.04362709340237124,1.2651755648860736,low,low,low,low,medium,high
2026-05-18,3298122.29,1414,2332.476867043847,113895.94,0.08102895026063621,0.18159722222222222,0.004287252324670643,0.051899152955966255,3144897.34,3274977.2264285716,191937.3948545661,0.12058652556457683,0.02020202020202011,0.0802139037433156,1323.142857142857,1374.6785714285713,71.5650719541981,0.5494499970124326,-0.015599623958986397,-0.026212170283338332,2376.463588512429,2381.7917357685606,39.33417894032337,-1.2537408954063218,-0.06367946476399122,0.02632625182023962,116183.91428571429,133704.24142857143,23780.037327652135,-0.8329802495952245,0.10166066036590893,0.03609258430339546,0.07590817468649831,0.07557738009642072,0.0030526408257409545,1.7858537821567184,-0.16852146263910972,-0.1312292358803987,0.20689484126984128,0.16538938492063493,0.04293384055177644,0.3775072784844697,medium,medium,low,low,low,high
2026-05-19,3212244.18,1343,2391.8422784810127,113547.56,0.07292649412516843,0.21805555555555556,-0.026038485674222844,0.06262923613665783,3171943.5157142854,3268913.0117857144,191109.9986518471,-0.2965246830907585,-0.050212164073550225,0.07182761372705504,1336.0,1371.5357142857142,70.92953318081763,-0.4023107583828212,0.025451661397355885,-0.008581956158427273,2373.5058214319033,2382.8071123909604,39.20889793495232,0.23043662448869998,-0.003058756967105225,0.00819492293913382,116315.7642857143,132322.26321428572,23787.147664205662,-0.7892792981874599,-0.0999945835334849,0.044284995494303425,0.07634997382284282,0.07532146156171791,0.002959055601395158,-0.8093688524880341,0.20076481835564053,0.2147001934235977,0.21240079365079365,0.1697420634920635,0.04182099273869695,1.1552449834311944,medium,low,low,low,low,high
2026-05-20,3939798.38,1565,2517.443054313099,109116.11,0.07391866640674404,0.2222222222222222,0.22649405189365135,0.23118066855931518,3277626.65,3299745.5985714286,225467.63753507705,2.838778941518804,0.16530156366344007,0.1758076634109691,1369.4285714285713,1379.142857142857,79.64351792261547,2.333612925507992,0.052512148046756524,0.04709359096003096,2389.6805842622925,2391.4476729211624,41.28996701310513,3.0514769205784655,-0.03902725870991852,-0.07863558223111722,114985.37571428572,130785.72535714286,23849.121289812192,-0.9086127364532978,0.013605100498492062,-0.04845803901824175,0.07581220703891386,0.07527568119167141,0.0029708883471784263,-0.45677071176915446,0.019108280254777066,-0.009287925696594534,0.2121031746031746,0.17406994047619048,0.04070346454797225,1.1830020437027038,high,high,low,low,low,low
2026-05-21,4307166.63,1672,2576.0565968899523,114072.4,0.0774138020615669,0.19930555555555557,0.09324544419960912,0.5585792789911235,3498147.4485714287,3329110.337857143,293700.12720861763,3.3301187215630157,0.06837060702875397,0.399163179916318,1437.5714285714287,1387.3214285714287,96.43230347471312,2.95210796767103,0.023282966610280065,0.11393674545119192,2427.3215398251727,2397.196998218464,53.96429050042433,3.3144065642831295,0.04542216543459987,0.03452682163172116,115529.24857142859,129251.36035714285,23476.928688827833,-0.6465479602690194,0.047283532356909186,0.012302876825226905,0.07594661239090028,0.07534821512283627,0.00299826837005494,0.6889266349071946,-0.10312499999999991,-0.13554216867469882,0.20763888888888887,0.17652529761904764,0.04004967909311403,0.5688000116940929,high,high,high,low,low,high
2026-05-22,4014743.95,1560,2573.553814102564,115515.64,0.0707527015822646,0.21493055555555557,-0.06789212146176005,0.2833031247738995,3624761.5057142857,3351740.9121428574,320997.6019736226,2.0654454543608205,-0.06698564593301437,0.18811881188118806,1472.857142857143,1392.5357142857142,101.7300283950058,1.6461637567232512,-0.0009715558231173649,0.08011346335136516,2454.590673533873,2403.7113754446973,63.39320032742696,2.6791901620462077,0.01265196489247189,-0.0014750236588124688,115504.87142857144,127463.54714285713,22493.865193033314,-0.5311629211042653,-0.08604538598950029,-0.04310479516281107,0.07549130343312248,0.07519981739330561,0.003121180669276725,-1.4248184524581042,0.07839721254355392,0.19961240310077533,0.21274801587301587,0.1798735119047619,0.039160354929381073,0.8952177199111957,high,high,medium,low,low,high
2026-05-23,4510944.18,1765,2555.77573937677,124516.49,0.08009859508610549,0.18055555555555555,0.12359448975569154,0.35985994191737514,3795294.6257142858,3388427.6475,388287.53520824795,2.8909414563049705,0.1314102564102564,0.2883211678832116,1529.2857142857142,1402.6785714285713,122.8437892644417,2.9494484885310035,-0.006907986391570087,0.05552868012850065,2473.7982254573535,2410.97934785757,68.71934336883581,2.1070689040498816,0.07791888613524556,0.031240203997849658,116043.74,125502.48392857143,20057.488962499334,-0.049158393177475675,0.13209239074743118,0.01587542170163303,0.07567012161545576,0.07545108702178074,0.0032242838169771627,1.4414078685796,-0.15993537964458815,-0.23076923076923073,0.20500992063492066,0.18214285714285713,0.037173435731586706,-0.042699889210209126,high,high,medium,low,low,high
2026-05-24,4521539.42,1773,2550.2196390298927,121256.11,0.07544728843563166,0.20902777777777778,0.0023487854376420536,0.37682111247290484,3972079.8614285714,3422918.8435714287,442774.8433427825,2.481217243812683,0.004532577903682666,0.27922077922077926,1584.5714285714287,1413.7142857142858,141.08228676985507,2.54663942945446,-0.002173938918534457,0.07629670721232151,2499.623998462448,2415.3152090387703,73.54684528512885,1.8342653511258096,-0.026184323056327785,-0.0031726695803523386,115988.60714285714,123684.16142857143,17857.31088859399,-0.13596960055851978,-0.05806976571154221,0.025773002531336964,0.07594092827973105,0.0754995000796457,0.00321327502184444,-0.01624873179516301,0.1576923076923078,-0.042925278219395846,0.20367063492063492,0.18508184523809526,0.03586051887289085,0.6677519816308266,high,high,medium,low,low,medium
2026-05-25,4149628.08,1596,2600.0175939849623,113825.73,0.07933437250644844,0.20833333333333334,-0.08225325612664902,0.2581789621876027,4093723.5457142857,3446945.1599999997,463575.79904584464,1.5157886184876308,-0.09983079526226735,0.1287128712871286,1610.5714285714287,1419.5357142857142,145.21006039600567,1.215234572818481,0.019526927874342848,0.11470241386796398,2537.8441023111795,2421.519326080452,81.41417720375611,2.192471557598386,-0.061278396610282226,-0.0006164398836341345,115978.57714285715,121825.26142857144,15905.076487928673,-0.502954602868007,0.05152052713111188,-0.02091323840105319,0.0756988457434185,0.07564674662412728,0.0032930616363604686,1.119816842054851,-0.0033222591362126463,0.14722753346080308,0.20749007936507935,0.18783482142857144,0.03450814693343389,0.5940194918117009,high,medium,high,low,low,high
2026-05-26,4177617.57,1634,2556.681499388005,113650.0,0.07386131865521746,0.209375,0.006745059909079698,0.3005292673609885,4231634.03,3470857.000357143,483678.12651694467,1.4612208634125545,0.023809523809523725,0.2166790766939688,1652.142857142857,1426.142857142857,150.7051854119588,1.3792301989407787,-0.016667615902759225,0.06891726197417847,2561.3925624407493,2426.3636880200465,85.32611208192205,1.5272910975111516,-0.001543851289159237,0.0009021770260848605,115993.21142857142,119786.36321428571,12748.415742681244,-0.48134319888402943,-0.06898717010443511,0.012818723034245139,0.07583239210485408,0.07572689329034332,0.0032178071063602514,-0.5797658384924339,0.004999999999999893,-0.039808917197452165,0.20625000000000002,0.19058779761904762,0.03295263615581905,0.5701274487453952,high,high,medium,low,low,medium
2026-05-27,4324367.24,1712,2525.915443925234,119874.92,0.07516913577412103,0.2611111111111111,0.03512759785716835,0.0976113046678293,4286572.438571429,3508535.118571428,507887.3852513116,1.6063248371976873,0.047735618115055,0.09392971246006399,1673.142857142857,1438.5,159.51860451115144,1.7145335544913225,-0.012033589428380287,0.0033654741852529035,2562.602903813912,2431.0964993148036,87.08685988258006,1.0887858942012076,0.05477272327320715,0.09859964765972684,117530.18428571429,118351.49678571429,10017.02552771878,0.15208339142893676,0.017706387358292774,0.016916828024144515,0.07601103058590794,0.07585964900504348,0.003109771510209775,-0.22204629139324508,0.24709784411276958,0.17500000000000004,0.21180555555555555,0.19658978174603176,0.0296716543414959,2.174510683580123,medium,medium,low,low,low,high
2026-05-28,4184473.02,1654,2529.9111366384523,115187.58,0.07215209488050539,0.2111111111111111,-0.032350217323355746,-0.028485921381685597,4269044.78,3535043.708214286,523430.96598906297,1.2407162624751626,-0.033878504672897214,-0.010765550239234423,1670.5714285714287,1446.25,164.6323907196698,1.261902345533871,0.0015818790462001076,-0.017913216777617036,2556.0106952065544,2435.8994069932373,88.73964898068127,1.0594106549337534,-0.03910192390535061,0.009776072038459871,117689.49571428572,116657.18392857144,5012.553301477258,-0.29318469853244783,-0.040136697895286066,-0.06796859269199684,0.07525935813147058,0.07570794892886888,0.0031851406911316623,-1.1163883775256773,-0.19148936170212771,0.059233449477351874,0.21349206349206348,0.19991319444444447,0.02546237110002377,0.43978294961918085,low,low,low,low,medium,medium
2026-05-29,4075745.06,1646,2476.151312272175,114587.0,0.07672783226437344,0.24375,-0.025983668548064887,0.01519427160479303,4277759.224285714,3564267.353214286,530159.4715128316,0.9647619900596924,-0.0048367593712213,0.055128205128205154,1682.857142857143,1455.25,168.51258333056518,1.1319629444277908,-0.021249688808322786,-0.03784747041101022,2542.0960520879275,2440.8766546184524,86.8632725663575,0.40609404425529855,-0.005213930182403348,-0.008039084577638134,117556.83285714287,116660.93357142857,5010.904895021421,-0.41388404188016503,0.06341794221562314,0.08445091916612557,0.0761129482289147,0.07572742712810443,0.0031898140401387712,0.3136249084368203,0.1546052631578947,0.1340872374798061,0.217609126984127,0.20234375,0.026299329730977945,1.5744222542381998,low,low,low,low,medium,high
2026-05-30,4355558.74,1682,2589.5117360285376,122476.16,0.0739495288456602,0.23506944444444444,0.06865338137709731,-0.03444632294252847,4255561.304285714,3601642.546428572,548086.2084325161,1.3755430842304353,0.021871202916160293,-0.047025495750708246,1671.0,1465.0,173.55968127120676,1.2502903808685428,0.04578089521207018,0.01319990487897571,2546.915480181037,2449.4837900251296,89.27858795273617,1.5684381800207057,0.06884864775236288,-0.016386022445701753,117265.35714285714,116537.62071428572,4812.957236316032,1.2338649595523532,-0.03620985158475898,-0.07676871527940143,0.07523451019456538,0.07580177124846794,0.003120023934051553,-0.5936628827082402,-0.035612535612535634,0.30192307692307696,0.22539682539682543,0.2048735119047619,0.025901712772622053,1.1657890273418303,low,low,low,low,medium,high
2026-05-31,4186038.95,1624,2577.6101908866995,121189.88,0.07564373883831987,0.23715277777777777,-0.03892033149345153,-0.07420049652027583,4207632.665714285,3629858.035714286,557364.8499868466,0.9978758335744348,-0.03448275862068961,-0.08403835307388607,1649.7142857142858,1472.75,175.70548274503722,0.860815483028927,-0.004596057618217686,0.010740467776817031,2550.8284161605807,2455.339518743212,92.17137427534817,1.3265579807698444,-0.010502288771953694,-0.0005461992801847337,117255.89571428571,116415.375,4640.6427486243,1.0288456273466402,0.022910355469548227,0.002603809981266858,0.07526257453780653,0.0757964747497406,0.0031201669382237827,-0.048951198588008754,0.008862629246676468,0.13455149501661112,0.22941468253968253,0.20713045634920632,0.025861341055346043,1.1608957696478486,medium,medium,low,low,low,high
2026-06-01,4224531.31,1649,2561.8746573681015,114508.35,0.07795081624984343,0.2503472222222222,0.009195413721604151,0.01805058876505372,4218333.127142857,3664483.6571428566,563299.0980435276,0.994227853022173,0.015394088669950845,0.03320802005012524,1657.2857142857142,1483.142857142857,177.26600941872073,0.9356398522255391,-0.006104698675630571,-0.01467026096481161,2545.379425215315,2461.2308472385275,93.56023254645822,1.0757114148855742,-0.055132738806243586,0.005997062351368321,117353.41285714286,116483.86142857141,4596.044040819609,-0.4298286550402847,0.0304992514509983,-0.01743955630949945,0.07506492364400583,0.07571125054309866,0.003022615507526798,0.7409363517019927,0.05563689604685207,0.20166666666666666,0.23541666666666666,0.21086309523809524,0.02417381573053124,1.6333427632717081,low,low,low,low,low,high
2026-06-02,3976777.8,1577,2521.7360811667722,116875.17,0.07161098964120578,0.2375,-0.058646389816909616,-0.04807519277069683,4189641.7314285715,3691671.8132142858,559182.965018247,0.5098617172223954,-0.043662825955124274,-0.03488372093023251,1649.142857142857,1491.9642857142858,175.49981157378414,0.4845345047562245,-0.015667658090097514,-0.013668272027469008,2540.3872226122817,2464.947269310273,93.83241827377424,0.6052152646306834,0.020669409698069963,0.02837809062912444,117814.15142857144,116673.49500000001,4494.000164829223,0.04487650035670442,-0.08133111253534031,-0.0304669488032856,0.07474344807057558,0.07555623968173054,0.0031195871409476932,-1.2646705676976993,-0.05131761442441063,0.13432835820895517,0.23943452380952382,0.21129712301587303,0.024549678300644837,1.0673409509988854,low,low,low,low,low,high
2026-06-03,4030446.34,1596,2525.3423182957395,111953.51,0.07895876349746801,0.25243055555555555,0.01349548370542597,-0.06796853358828059,4147653.031428572,3731964.560714286,540528.9995019507,0.5522030817231608,0.012048192771084265,-0.06775700934579443,1632.5714285714287,1505.0,168.82688920464767,0.5390136632186127,0.0014300612803614943,-0.00022689818492249714,2540.3053475223537,2470.936795358262,92.06467026410776,0.5909489794663185,-0.04211039864155919,-0.06608062804129511,116682.52142857143,116739.46071428571,4406.744039229896,-1.0860514410821307,0.10260679112349869,0.05041467730498583,0.07528482345962516,0.07578711052265283,0.003123797497549204,1.0153196477375777,0.0628654970760234,-0.03324468085106391,0.23819444444444443,0.21388888888888888,0.024935616684250515,1.5456472223929323,medium,low,low,low,medium,medium
2026-06-04,4028068.47,1617,2491.075120593692,112212.89,0.07750776285755413,0.24513888888888888,-0.0005899768411256057,-0.037377358929655546,4125309.524285714,3768404.8210714282,524038.10325817927,0.4955052835168415,0.013157894736842035,-0.022370012091898483,1627.2857142857142,1516.607142857143,164.7636554866152,0.6093143348049392,-0.013569327791240982,-0.01535074314758833,2534.7573452302454,2476.761869324622,87.74251739508243,0.16312788479297266,0.0023168545586467193,-0.02582474603598761,116257.56571428571,116587.0642857143,4489.064236053872,-0.9744067038700764,-0.018376688991088463,0.07422747719132095,0.07604991888491784,0.0759960981887499,0.003031571725529507,0.4986405751426503,-0.028885832187070193,0.1611842105263157,0.24305555555555555,0.2160342261904762,0.02494833724623885,1.1665972930841488,low,low,low,low,medium,high
2026-06-05,4119799.42,1610,2558.8816273291927,109875.37,0.07593657797312105,0.2552083333333333,0.022772937124378112,0.010808909623017504,4131603.0042857146,3796434.1635714285,520976.6961239122,0.6206904432279258,-0.0043290043290042934,-0.021871202916160404,1622.142857142857,1524.2857142857142,163.89401659990065,0.5229860582618593,0.02721977598144054,0.03341084797483651,2546.5759616669625,2482.7696020466965,87.38731065169898,0.8709734252591564,-0.020831118421422046,-0.04111836421234527,115584.47571428571,116296.23392857144,4653.652577525133,-1.3797471602373326,-0.0202713228521465,-0.010312480724413597,0.07593688255759608,0.07596215834826023,0.0030265449389956876,-0.00845200572097546,0.04107648725212454,0.047008547008547064,0.2446924603174603,0.21888640873015874,0.024688224257222408,1.4712246707070795,low,low,low,low,low,medium
2026-06-06,4143316.63,1633,2537.242271892223,120862.63,0.08034286321709677,0.25104166666666666,0.005708338587027573,-0.048729020240466436,4101282.702857143,3822083.0025,519697.4225780571,0.6181166454635467,0.014285714285714235,-0.029131985731272292,1615.142857142857,1531.1785714285713,164.27597682207337,0.6198193463290803,-0.008456567590254482,-0.020185065550804904,2539.108895361774,2488.4362620547518,85.50469953291116,0.5707991502699288,0.09999747896184563,-0.013174237337290728,115353.97142857141,116146.70178571428,4423.5511428849895,1.0660955558004586,0.058025860021443165,0.08645537667697756,0.07685021603922985,0.07608607343514577,0.003134337135940692,1.358114841297515,-0.01632653061224487,0.06794682422452003,0.24697420634920636,0.22130456349206348,0.024391055944556286,1.2191806390916031,low,low,low,low,medium,high
2026-06-07,3952828.06,1604,2464.356645885287,124514.33,0.07459692590832766,0.24479166666666666,-0.045974900547245845,-0.0557115910256879,4067966.861428571,3842332.5932142856,513073.9137455843,0.2153597441332895,-0.017758726270667435,-0.012315270935960632,1612.2857142857142,1538.6785714285713,162.56601019880353,0.40181479813367177,-0.02872631707833695,-0.04393742133772882,2522.92981750443,2489.7037770261622,84.8494751076314,-0.2987305591310079,0.030213640063930347,0.027431745951064457,115828.89285714286,116209.9867857143,4532.73367799501,1.8320827571671965,-0.07151770647310451,-0.013838725399727525,0.07670067133494526,0.0758522776784556,0.0029836737070858678,-0.42074029983460964,-0.024896265560165998,0.03221083455344065,0.2480654761904762,0.2229910714285714,0.02432159911836886,0.896347116486694,medium,low,low,low,low,medium
2026-06-08,4054343.19,1636,2478.204883863081,110599.57,0.07561836535330511,0.271875,0.025681645763261374,-0.0402856808273957,4043654.272857143,3875152.071428571,495260.6156124042,0.3618117672245228,0.01995012468827939,-0.007883565797452974,1610.4285714285713,1550.357142857143,157.10911855228179,0.5451170366941969,0.005619413083295388,-0.032659589049129134,2510.976992717998,2492.66602718923,82.85461543540451,-0.17453636408974224,-0.11175227783019026,-0.034135327249060876,115270.49571428572,116196.59999999999,4549.292186832796,-1.2303078743105793,0.01369278200864077,-0.02992208431868726,0.07636746406401121,0.07575985203448346,0.002947921549415145,-0.04799540245784913,0.11063829787234036,0.0859916782246879,0.251140873015873,0.22523561507936507,0.025837946920361746,1.8050731764558454,low,low,low,low,low,high
2026-06-09,4127754.43,1605,2571.809613707165,109012.24,0.0766455121089264,0.3017361111111111,0.01810681448503626,0.03796456266679038,4065222.362857143,3914610.41,468115.14343590796,0.45532391546991824,-0.018948655256723734,0.01775523145212432,1614.4285714285713,1562.9285714285713,146.13386267428095,0.2878965066789622,0.03777118286449799,0.01985676967322636,2518.130354509483,2498.353990248604,82.61707015314393,0.8891095184372845,-0.014352044949180187,-0.06727630856066347,114147.22,116067.58678571429,4702.967843175344,-1.5001903098173561,0.013583297533902305,0.07030376891794399,0.07708668155939988,0.0760031238894181,0.00271243319948897,0.2368309824659726,0.10983397190293753,0.27046783625730986,0.26031746031746034,0.22960069444444442,0.02805650810860019,2.5710760721700407,low,low,low,low,medium,high
2026-06-10,3943571.37,1541,2559.0988773523686,111919.33,0.07465967926467451,0.27395833333333336,-0.04462064377216357,-0.021554677242024645,4052811.652857143,3941165.9432142857,446675.2470354166,0.005385180400479487,-0.03987538940809965,-0.034461152882205526,1606.5714285714287,1570.4285714285713,139.00477704858858,-0.2117090653530899,-0.004942331767892605,0.013367122077695193,2522.9527200890016,2503.8853889218894,81.25466336960277,0.6795116260506772,0.02666755586345171,-0.0003053053003875261,114142.33714285716,115835.10464285713,4742.646154450322,-0.8256518650843706,-0.025909316665921334,-0.0544472081674805,0.07647252666900081,0.07589514693836194,0.0027032437818171676,-0.4570315418822221,-0.0920598388952818,0.0852819807427787,0.26339285714285715,0.23137400793650792,0.029253070852974714,1.455721541538436,low,low,low,low,medium,high
2026-06-11,3885818.29,1532,2536.434915143603,114680.53,0.07187773454227253,0.2791666666666667,-0.0146448674517079,-0.035314737338613345,4032490.1985714287,3981247.987857143,382885.6727466053,-0.24923810069095614,-0.005840363400389403,-0.05256648113790974,1594.4285714285713,1582.4642857142858,118.34928910983785,-0.4264012576150819,-0.008856227639087333,0.01820892279599362,2529.4326907389886,2511.88056775024,72.2471750705065,0.33986584761826755,0.02467134140277638,0.021990699998903906,114494.85714285714,115992.79178571429,4622.476006468656,-0.2838872032819471,-0.037261675241595404,-0.07263825077274677,0.07566823690967486,0.07573103157924088,0.0028044594697273165,-1.373989204894095,0.019011406844106293,0.1388101983002834,0.26825396825396824,0.23311011904761905,0.030613548344774224,1.5044498305244496,low,low,low,low,medium,high
2026-06-12,3886315.31,1572,2472.2107569974555,112763.61,0.07627830500598717,0.2725694444444444,0.00012790613531232786,-0.056673659612292426,3999135.3257142855,4008314.765,345310.70067766873,-0.353303430101,0.02610966057441244,-0.023602484472049712,1589.0,1591.7142857142858,105.9838761820955,-0.18601212207424656,-0.025320641094593754,-0.03387060558256427,2517.051137834455,2515.0784562808044,68.1834714628476,-0.6287110110946317,-0.016715304681622967,0.026286509888430842,114907.46285714286,115888.41071428571,4662.4793663513,-0.6702015105604797,0.061222998912501714,0.0045001637153978535,0.07571705505722716,0.07581454731921511,0.002783887104558271,0.16658638420096816,-0.023631840796019987,0.06802721088435382,0.27073412698412697,0.23644593253968255,0.02958958794641975,1.2208183490143096,medium,low,low,low,low,high
2026-06-13,4129407.2,1627,2538.049907805778,120330.18000000001,0.08119046596931061,0.29444444444444445,0.06255073780927978,-0.0033570762850435587,3997148.2642857144,4037321.7242857143,318151.3425565723,0.28943921774559733,0.03498727735368967,-0.003674219228413933,1588.142857142857,1600.892857142857,96.80233364408898,0.26969538723240344,0.026631690126728946,0.00031831249325375843,2517.1665143935343,2519.247278848425,65.76433248369842,0.28590921928711815,0.06710116854187276,-0.004405414643053884,114831.39857142858,115873.61678571429,4647.1326522292775,0.958992038272861,0.0643978777837011,0.010549820086987793,0.07583814116468628,0.07589824725348433,0.0029107725515051136,1.8181491759257362,0.0802547770700639,0.1728907330567082,0.2769345238095238,0.23857886904761907,0.03154840654451503,1.7707891306015295,low,low,low,low,low,high
2026-06-14,4157565.19,1645,2527.3952522796353,123537.6,0.07171946155235019,0.25625,0.006818894004931186,0.05179510135333332,4026396.4257142856,4068518.9535714285,282366.0155332337,0.3153574847185918,0.011063306699446773,0.025561097256857845,1594.0,1610.142857142857,87.42815644677775,0.3986947028714064,-0.004197969272934365,0.025580147459420388,2526.1720295927266,2524.8885654300466,58.84897264584452,0.04259525250634491,0.02665515833184995,-0.007844317999382011,114691.86571428571,115941.31535714286,4747.012068370555,1.6002244218992743,-0.11665168199108977,-0.038573497780774346,0.07542707482811807,0.07583281224515023,0.002985123105866652,-1.377950103537133,-0.12971698113207553,0.04680851063829783,0.2785714285714286,0.23993055555555554,0.03146261121995825,0.5186932619913072,medium,low,low,low,low,medium
2026-06-15,3733518.26,1629,2291.9080785758133,136434.63,0.0751967240203685,0.2902777777777778,-0.10199405436141828,-0.07913117241562384,3980564.292857143,4084068.8096428574,248303.0855883561,-1.4117849112193888,-0.009726443768997006,-0.0042787286063569185,1593.0,1617.8214285714287,78.55455927613926,0.14230327980424165,-0.09317386091131552,-0.07517409335295311,2499.5582002659744,2523.4396801276166,64.03277770519304,-3.615829421265699,0.10439760850137936,0.23359096242417565,118382.58857142858,116746.26857142858,6104.252101257686,3.2253519517182045,0.04848422440372269,-0.005575911763850083,0.07536684035198427,0.07562451845085495,0.0028073043631898394,-0.15238619513288534,0.1327913279132793,0.06768837803320582,0.2812003968253968,0.24381200396825395,0.030694079816965265,1.5138350485373155,medium,low,medium,high,low,high
2026-06-16,3791020.55,1645,2304.571762917933,139720.41,0.07293468164002025,0.30694444444444446,0.015401636203595359,-0.08157798282588247,3932459.4528571432,4104739.3942857147,190370.4822790525,-1.6479384856831616,0.009821976672805377,0.024922118380062308,1598.7142857142858,1628.607142857143,57.2734437108249,0.28622090939083517,0.005525389286113569,-0.10391043309151449,2461.3813644389406,2520.3228760003635,72.2697090169938,-2.9853602016260763,0.024083181813884025,0.28169469776971834,122769.47,117681.01321428572,7451.536348803055,2.957698352938248,-0.030081661266726734,-0.04841549579096582,0.07483672171356912,0.07562481086209967,0.002807013337508002,-0.9583599714804543,0.05741626794258381,0.017261219792865434,0.28194444444444444,0.2469866071428571,0.03247650998608896,1.846190903125668,medium,low,high,high,low,low
2026-06-17,4026117.2600000002,1747,2304.5891585575273,136493.92,0.08064448035125561,0.2767361111111111,0.062014095386531354,0.02093176013700493,3944251.722857143,4107822.2114285715,188288.06246540105,-0.4339359084094085,0.062006079027355554,0.13367942894224538,1628.142857142857,1635.107142857143,60.04772132211593,1.863398888071483,7.548317598082832e-06,-0.09945286641607054,2425.022833182535,2512.7209511519504,82.9844333611581,-2.5080823494764237,-0.023092474463823787,0.21957413433407802,126280.12571428572,118658.79214285714,8057.625984772171,2.213446974437491,0.10570826577797665,0.08016108755791063,0.0756916932973664,0.07586501850297507,0.0029402211157391334,1.6255450390094377,-0.09841628959276016,0.010139416983523386,0.28234126984126984,0.24893353174603175,0.032570813859692425,0.8536040728010819,low,medium,medium,high,medium,low
2026-06-18,3886327.43,1646,2361.073772782503,134009.24,0.0784911008637246,0.27569444444444446,-0.034720754755165784,0.00013102516947594012,3944324.457142857,4092792.2399999998,188582.54803595552,-1.094824585574242,-0.057813394390383466,0.0744125326370757,1644.4285714285713,1634.1785714285713,59.65583611909606,0.1981604708016922,0.02450962420578695,-0.06913685871224962,2399.971241416664,2505.0429931481126,86.76662407876219,-1.6592695854447654,-0.018203594709566673,0.16854395423530044,129041.37000000001,119370.82214285714,8505.74906694254,1.721002787871421,-0.026702131108685134,0.09200855262852836,0.0766364599147167,0.07590349346019498,0.002968154649831756,0.871789953288415,-0.0037641154328732496,-0.01243781094527363,0.2818452380952381,0.2516617063492063,0.03143951978658094,0.7644117422396457,low,low,medium,medium,medium,low
2026-06-19,3968048.84,1686,2353.52837485172,139248.51,0.07596811940619703,0.23819444444444443,0.021027927129649848,0.021031111343356113,3956000.6757142856,4091124.5575,189502.53571006074,-0.64946739123484,0.024301336573511634,0.0725190839694656,1660.7142857142858,1638.6785714285713,58.5959507964083,0.8075887143780127,-0.0031957484843393447,-0.04800657945921949,2383.0166153958444,2497.184941746297,90.22647353496237,-1.5921775645915164,0.03909633395428558,0.2348709836444578,132824.92714285714,120218.42464285715,9256.696713774403,2.055818176350662,-0.03214353512391088,-0.004066498328270329,0.07659214768617525,0.0760897583824783,0.002791325881893528,-0.043577490206466396,-0.1360201511335014,-0.12611464968152863,0.2769345238095238,0.25249255952380956,0.03073231665451459,-0.4652469008471161,low,low,low,high,low,high
2026-06-20,4220325.16,1767,2388.4126542161857,146100.38999999998,0.08274356941181701,0.246875,0.06357691907844565,0.022017194138664653,3968988.9557142854,4080745.3067857143,172887.3076199527,0.8073458667140297,0.04804270462633453,0.08604794099569757,1680.7142857142858,1638.75,58.75663871080649,2.182732076135804,0.014822119731895622,-0.05895756940373098,2361.639864883046,2491.2076887048474,91.7323408527443,-1.1205975289966281,0.04920612795066881,0.21416248193096665,136506.38571428572,120989.27821428572,10449.70043502108,2.403046091307747,0.08918807071413792,0.019129135717652623,0.07681401960653332,0.07618422175125372,0.002970989865869895,2.207798732643182,0.03644314868804677,-0.16155660377358494,0.27013888888888893,0.2548611111111111,0.027352551615964258,-0.2919695106781192,low,medium,medium,high,low,high
2026-06-21,3920007.57,1678,2336.1189332538734,144682.25,0.07558775656961257,0.27361111111111114,-0.07115982267110443,-0.057138639839343086,3935052.152857143,4059262.026428572,152223.6248612642,-0.9148018683400021,-0.05036785512167519,0.02006079027355634,1685.4285714285713,1635.357142857143,53.19719728464516,0.8015996954630078,-0.021894759630418092,-0.07568120532522027,2334.3146764507937,2483.561234927133,95.47797968165145,-1.54425451988899,-0.00970661337728107,0.17115963075209484,139527.05000000002,121825.92607142856,11369.19936089511,2.0103723404822,-0.08648180025434682,0.05393647600712659,0.07736663318042794,0.07618923847032445,0.002969817780018096,-0.20253158451634565,0.10829817158931099,0.06775067750677533,0.27261904761904765,0.25716765873015873,0.0260357871081703,0.63157116443744,medium,low,medium,medium,medium,high
2026-06-22,3976670.1,1688,2355.8472156398107,133805.4,0.07364037816360881,0.2611111111111111,0.014454699127022463,0.06512673116000789,3969788.13,4053084.955714286,151929.7952003107,-0.5029616186445663,0.005959475566150285,0.03621853898096994,1693.857142857143,1638.642857142857,53.516500941443525,0.9222789604863796,0.008444896407075797,0.02789777550927308,2343.4488388885075,2474.8408642719487,95.59806585401238,-1.2447286204916848,-0.07517750104107457,-0.01927098713867592,139151.44571428568,122539.48571428572,11474.985214457365,0.9817802877445381,-0.025763145969417978,-0.020696990155290917,0.0771442980580337,0.07598588152950876,0.002941289613500993,-0.7974404679953003,-0.045685279187817285,-0.1004784688995215,0.26845238095238094,0.25905257936507936,0.024216276464358318,0.08500612177357356,medium,low,low,low,low,high
2026-06-23,3895266.93,1669,2333.8927082085083,139010.04,0.07580543890087493,0.2635416666666667,-0.02047018433839909,0.02749823658961703,3984680.4699999997,4043001.004285714,152726.1940180384,-0.9673132708870175,-0.01125592417061616,0.014589665653495398,1697.2857142857142,1639.892857142857,53.811976696442635,0.5409045466093626,-0.009319155879699004,0.012722947387609596,2347.6375453585897,2466.884121729824,97.7806606938427,-1.360099354796958,0.038897084871014176,-0.005084224989033381,139049.9642857143,123445.20142857144,11745.006706737997,1.32523028381918,0.02940045653290846,0.03936066074880151,0.07755440623815579,0.0760553143954251,0.0029120807772569004,-0.0858065121344392,0.00930851063829774,-0.14140271493212675,0.26225198412698414,0.26098710317460316,0.02217861878562712,0.11518136078514496,low,low,low,low,low,high
2026-06-24,3880208.86,1624,2389.291169950739,138336.84,0.07758019149563704,0.284375,-0.0038657350755677555,-0.03624047452606993,3963836.4128571427,4027138.2050000005,145305.75267950637,-1.0111736272690826,-0.02696225284601561,-0.07040641099026901,1679.7142857142858,1636.75,51.98334847350807,-0.24527084873144903,0.02373650748699352,0.03675362746487432,2359.737832700477,2462.004683373592,98.13404943831974,-0.7409611020745206,-0.004842815670004885,0.013501846822187913,139313.23857142855,124104.55571428571,12051.373015989428,1.1809678670497779,0.02341194273781344,-0.03799750264707191,0.07711665068735314,0.07614142352833639,0.0029205410073565355,0.4926374817804457,0.07905138339920947,0.027603513174403904,0.263343253968254,0.26181795634920635,0.022614900043539627,0.997441669313833,low,low,low,low,low,low
2026-06-25,3961092.93,1637,2419.7268967623704,133369.04,0.07447675340462642,0.2899305555555556,0.020845287694126968,0.01923808565970475,3974517.1985714287,4019160.3446428576,142451.70809287758,-0.4076287706216749,0.008004926108374333,-0.005467800729040073,1678.4285714285713,1636.142857142857,51.87357443696533,0.016523689883458002,0.012738391701442975,0.024841715941279263,2368.116850411887,2458.0695319494457,97.51740736813119,-0.39318759821342136,-0.03591089690931204,-0.0047772825217125,139221.7814285714,124753.89357142858,12042.937495907343,0.7153691889125218,-0.04000297023222932,-0.05114398211929583,0.07654317247891054,0.07622444704705499,0.002834715324216915,-0.616532329542248,0.01953601953601969,0.05163727959697728,0.26537698412698413,0.2646329365079365,0.020910717538518676,1.2097920122071126,low,low,low,low,medium,medium
2026-06-26,4090373.68,1745,2344.0536848137535,132959.1,0.078080184682829,0.26979166666666665,0.03263764629728083,0.03082745322257674,3991992.1757142856,4019682.795357143,142693.54278640862,0.4954035288665518,0.06597434331093455,0.034994068801897926,1686.857142857143,1639.6785714285713,55.795960010011505,1.887617464643153,-0.03127345158243633,-0.004025738605579088,2366.763323263606,2453.351759540217,99.77936104613775,-1.095397621116496,-0.003073726855947978,-0.045166802862019906,138323.2942857143,125410.04000000001,11968.752797367491,0.6307307142027698,0.04838330235241872,0.027801995009760327,0.07684489608985798,0.07627274534771412,0.002855057535546383,0.6330658183282383,-0.06946107784431155,0.13265306122448983,0.26989087301587306,0.26556299603174605,0.020523035003066153,0.20604509198024756,low,low,low,low,low,high
2026-06-27,3983741.99,1692,2354.4574408983453,142501.69,0.07414657761907624,0.27708333333333335,-0.026068936078231353,-0.05605804316746055,3958194.5800000005,4006403.6257142858,126681.39486449341,-0.17888685026341783,-0.0303724928366762,-0.04244482173174868,1676.142857142857,1640.0357142857142,56.10801893098202,0.9261472193164865,0.004438360841304112,-0.014216644371692011,2361.912578503914,2444.9569632855673,97.76714175678838,-0.9256639885448859,0.0717708678834319,-0.024631693317177183,137809.19428571427,126125.23750000002,12378.255746861561,1.3230016276042886,-0.050379069667054965,-0.10389921360478549,0.07561675440518072,0.07627978280390754,0.002849356086565808,-0.7486621959568248,0.027027027027027195,0.1223628691983123,0.2742063492063492,0.26706349206349206,0.01973161017671715,0.5078065692613608,medium,low,low,low,high,high
2026-06-28,3852936.63,1656,2326.652554347826,150221.59,0.07082344432429397,0.2621527777777778,-0.032834797114960845,-0.017109900632156116,3948613.0171428574,3994507.1142857145,124814.12257099808,-1.134250526859931,-0.021276595744680882,-0.013110846245530383,1673.0,1641.1785714285713,56.095192618621795,0.26421922948364085,-0.011809466617459963,-0.004052181920747522,2360.560238660193,2435.994190552036,96.65267261081347,-1.1312841461145147,0.054174094356354674,0.038286244511679834,138600.52857142856,127162.08428571429,13141.88642667146,1.7546572056418355,-0.04481843129503127,-0.06303021099628625,0.07493613837013521,0.07610762942840663,0.003029152556126658,-1.7444433735848173,-0.053884711779448646,-0.04187817258883253,0.2725694444444445,0.2679563492063492,0.018875053830311184,-0.3074731060767379,low,low,low,low,medium,medium
2026-06-29,4142927.21,1718,2411.482660069849,133138.32,0.07901302966250545,0.24409722222222222,0.07526481949951003,0.04180812232827669,3972364.032857143,3991592.6821428575,120108.10328251736,1.2599859936275455,0.03743961352656999,0.017772511848341166,1677.2857142857142,1643.642857142857,57.93688410401599,1.2834163246274528,0.0364601519739165,0.023615896676444148,2368.508159293056,2430.623047791384,93.52640796194943,-0.2046522275219037,-0.11372047120523743,-0.004985449017752552,138505.23142857145,127827.44035714286,12947.687720465272,0.41017977553341134,0.1156338189471855,0.07295795639397817,0.07570366001283471,0.076145565621716,0.0030595895219240354,0.9372054715974576,-0.06887417218543057,-0.06515957446808518,0.2701388888888889,0.26773313492063494,0.019126293942806107,-1.2357811068412865,low,low,low,low,medium,high
2026-06-30,3773581.27,1584,2382.311407828283,139346.62,0.07250653002286989,0.2826388888888889,-0.08915096048718651,-0.03123936361403612,3954980.367142857,3984335.663214286,126978.52236420686,-1.6597641025447467,-0.07799767171129224,-0.05092869982025161,1665.142857142857,1643.892857142857,57.6530743683858,-1.0388493206825324,-0.012096811942542085,0.020745897808190472,2375.4251163815957,2425.643595172152,92.19790987013371,-0.4699909944260666,0.04663045169865443,0.002421263960502351,138553.3142857143,128629.99214285714,12940.111967321298,0.8281711846239365,-0.08234717321215612,-0.043518102735593756,0.07523238731597685,0.07617754920677541,0.00301478415987254,-1.2176723072807745,0.1578947368421053,0.0724637681159419,0.27286706349206347,0.2693452380952381,0.018371050845763303,0.7236195090449362,low,low,low,low,low,high
