date,product_id,region,warehouse,opening_stock,units_received,units_sold,closing_stock,stockout_hours
2026-01-01,P001,North,W01,295,17,18,294,0
2026-01-02,P001,North,W01,294,14,14,294,0
2026-01-03,P001,North,W01,294,18,26,286,0
2026-01-04,P001,North,W01,286,19,15,290,0
2026-01-05,P001,North,W01,290,16,15,291,0
2026-01-06,P001,North,W01,291,14,21,284,0
2026-01-07,P001,North,W01,284,15,29,270,0
2026-01-08,P001,North,W01,270,21,18,273,0
2026-01-09,P001,North,W01,273,8,17,264,0
2026-01-10,P001,North,W01,264,12,17,259,0
2026-01-11,P001,North,W01,259,19,20,258,0
2026-01-12,P001,North,W01,258,15,11,262,0
2026-01-13,P001,North,W01,262,18,12,268,0
2026-01-14,P001,North,W01,268,14,17,265,0
2026-01-15,P001,North,W01,265,15,18,262,0
2026-01-16,P001,North,W01,262,15,16,261,0
2026-01-17,P001,North,W01,261,15,24,252,0
2026-01-18,P001,North,W01,252,17,23,246,0
2026-01-19,P001,North,W01,246,11,17,240,0
2026-01-20,P001,North,W01,240,15,14,241,0
2026-01-21,P001,North,W01,241,12,19,234,0
2026-01-22,P001,North,W01,234,11,23,222,0
2026-01-23,P001,North,W01,222,12,16,218,0
2026-01-24,P001,North,W01,218,20,21,217,0
2026-01-25,P001,North,W01,217,14,13,218,0
2026-01-26,P001,North,W01,218,17,17,218,0
2026-01-27,P001,North,W01,218,20,15,223,0
2026-01-28,P001,North,W01,223,15,14,224,0
2026-01-29,P001,North,W01,224,16,13,227,0
2026-01-30,P001,North,W01,227,17,22,222,0
2026-01-31,P001,North,W01,222,10,19,213,0
2026-02-01,P001,North,W01,213,23,21,215,0
2026-02-02,P001,North,W01,215,23,26,212,0
2026-02-03,P001,North,W01,212,12,17,207,0
2026-02-04,P001,North,W01,207,15,22,200,0
2026-02-05,P001,North,W01,200,22,20,202,0
2026-02-06,P001,North,W01,202,20,21,201,0
2026-02-07,P001,North,W01,201,18,23,196,0
2026-02-08,P001,North,W01,196,14,13,197,0
2026-02-09,P001,North,W01,197,23,19,201,0
2026-02-10,P001,North,W01,201,17,13,205,0
2026-02-11,P001,North,W01,205,19,19,205,0
2026-02-12,P001,North,W01,205,14,14,205,0
2026-02-13,P001,North,W01,205,13,20,198,0
2026-02-14,P001,North,W01,198,21,20,199,0
2026-02-15,P001,North,W01,199,14,20,193,0
2026-02-16,P001,North,W01,193,13,22,184,0
2026-02-17,P001,North,W01,184,23,14,193,0
2026-02-18,P001,North,W01,193,18,12,199,0
2026-02-19,P001,North,W01,199,19,21,197,0
2026-02-20,P001,North,W01,197,4,15,186,0
2026-02-21,P001,North,W01,186,5,19,172,0
2026-02-22,P001,North,W01,172,3,21,154,0
2026-02-23,P001,North,W01,154,5,19,140,0
2026-02-24,P001,North,W01,140,2,25,117,0
2026-02-25,P001,North,W01,117,5,23,99,0
2026-02-26,P001,North,W01,99,4,23,80,0
2026-02-27,P001,North,W01,80,1,18,63,0
2026-02-28,P001,North,W01,63,2,17,48,0
2026-03-01,P001,North,W01,48,15,18,45,0
2026-03-02,P001,North,W01,45,10,15,40,0
2026-03-03,P001,North,W01,40,14,16,38,0
2026-03-04,P001,North,W01,38,15,22,31,0
2026-03-05,P001,North,W01,31,13,24,20,0
2026-03-06,P001,North,W01,20,16,20,16,0
2026-03-07,P001,North,W01,16,12,22,6,0
2026-03-08,P001,North,W01,6,14,16,4,0
2026-03-09,P001,North,W01,4,16,13,7,0
2026-03-10,P001,North,W01,7,18,18,7,0
2026-03-11,P001,North,W01,7,14,12,9,0
2026-03-12,P001,North,W01,9,10,19,0,11
2026-03-13,P001,North,W01,0,24,15,9,0
2026-03-14,P001,North,W01,9,9,18,0,11
2026-03-15,P001,North,W01,0,12,12,0,15
2026-03-16,P001,North,W01,0,15,8,7,0
2026-03-17,P001,North,W01,7,27,12,22,0
2026-03-18,P001,North,W01,22,18,19,21,0
2026-03-19,P001,North,W01,21,12,16,17,0
2026-03-20,P001,North,W01,17,22,12,27,0
2026-03-21,P001,North,W01,27,10,9,28,0
2026-03-22,P001,North,W01,28,14,11,31,0
2026-03-23,P001,North,W01,31,18,14,35,0
2026-03-24,P001,North,W01,35,12,15,32,0
2026-03-25,P001,North,W01,32,14,16,30,0
2026-03-26,P001,North,W01,30,8,15,23,0
2026-03-27,P001,North,W01,23,18,23,18,0
2026-03-28,P001,North,W01,18,18,15,21,0
2026-03-29,P001,North,W01,21,15,18,18,0
2026-03-30,P001,North,W01,18,16,27,7,0
2026-03-31,P001,North,W01,7,11,18,0,10
2026-04-01,P001,North,W01,0,13,13,0,11
2026-04-02,P001,North,W01,0,14,14,0,6
2026-04-03,P001,North,W01,0,9,9,0,10
2026-04-04,P001,North,W01,0,10,10,0,6
2026-04-05,P001,North,W01,0,0,0,0,13
2026-04-06,P001,North,W01,0,0,0,0,12
2026-04-07,P001,North,W01,0,0,0,0,12
2026-04-08,P001,North,W01,0,0,0,0,14
2026-04-09,P001,North,W01,0,0,0,0,11
2026-04-10,P001,North,W01,0,0,0,0,10
2026-04-11,P001,North,W01,0,0,0,0,5
2026-04-12,P001,North,W01,0,0,0,0,12
2026-04-13,P001,North,W01,0,17,17,0,7
2026-04-14,P001,North,W01,0,16,13,3,0
2026-04-15,P001,North,W01,3,11,12,2,0
2026-04-16,P001,North,W01,2,18,17,3,0
2026-04-17,P001,North,W01,3,15,18,0,8
2026-04-18,P001,North,W01,0,19,19,0,14
2026-04-19,P001,North,W01,0,16,14,2,0
2026-04-20,P001,North,W01,2,10,12,0,7
2026-04-21,P001,North,W01,0,13,12,1,0
2026-04-22,P001,North,W01,1,14,15,0,5
2026-04-23,P001,North,W01,0,26,13,13,0
2026-04-24,P001,North,W01,13,14,21,6,0
2026-04-25,P001,North,W01,6,16,17,5,0
2026-04-26,P001,North,W01,5,17,16,6,0
2026-04-27,P001,North,W01,6,15,17,4,0
2026-04-28,P001,North,W01,4,19,15,8,0
2026-04-29,P001,North,W01,8,20,13,15,0
2026-04-30,P001,North,W01,15,14,15,14,0
2026-05-01,P001,North,W01,14,18,18,14,0
2026-05-02,P001,North,W01,14,16,14,16,0
2026-05-03,P001,North,W01,16,16,16,16,0
2026-05-04,P001,North,W01,16,12,21,7,0
2026-05-05,P001,North,W01,7,12,19,0,5
2026-05-06,P001,North,W01,0,16,14,2,0
2026-05-07,P001,North,W01,2,12,14,0,15
2026-05-08,P001,North,W01,0,19,19,0,5
2026-05-09,P001,North,W01,0,20,20,0,11
2026-05-10,P001,North,W01,0,20,18,2,0
2026-05-11,P001,North,W01,2,14,16,0,8
2026-05-12,P001,North,W01,0,13,13,0,12
2026-05-13,P001,North,W01,0,17,17,0,0
2026-05-14,P001,North,W01,0,13,13,0,4
2026-05-15,P001,North,W01,0,22,18,4,0
2026-05-16,P001,North,W01,4,15,19,0,10
2026-05-17,P001,North,W01,0,18,18,0,11
2026-05-18,P001,North,W01,0,17,17,0,13
2026-05-19,P001,North,W01,0,12,12,0,5
2026-05-20,P001,North,W01,0,17,16,1,0
2026-05-21,P001,North,W01,1,20,21,0,5
2026-05-22,P001,North,W01,0,20,20,0,10
2026-05-23,P001,North,W01,0,19,19,0,7
2026-05-24,P001,North,W01,0,20,20,0,4
2026-05-25,P001,North,W01,0,22,17,5,0
2026-05-26,P001,North,W01,5,13,18,0,4
2026-05-27,P001,North,W01,0,15,15,0,6
2026-05-28,P001,North,W01,0,21,21,0,7
2026-05-29,P001,North,W01,0,12,12,0,13
2026-05-30,P001,North,W01,0,13,13,0,15
2026-05-31,P001,North,W01,0,14,14,0,4
2026-06-01,P001,North,W01,0,23,17,6,0
2026-06-02,P001,North,W01,6,12,18,0,0
2026-06-03,P001,North,W01,0,10,10,0,12
2026-06-04,P001,North,W01,0,13,13,0,11
2026-06-05,P001,North,W01,0,14,14,0,12
2026-06-06,P001,North,W01,0,15,15,0,7
2026-06-07,P001,North,W01,0,12,12,0,11
2026-06-08,P001,North,W01,0,18,18,0,0
2026-06-09,P001,North,W01,0,12,12,0,10
2026-06-10,P001,North,W01,0,14,14,0,10
2026-06-11,P001,North,W01,0,13,13,0,9
2026-06-12,P001,North,W01,0,10,10,0,9
2026-06-13,P001,North,W01,0,19,15,4,0
2026-06-14,P001,North,W01,4,18,21,1,0
2026-06-15,P001,North,W01,1,12,13,0,5
2026-06-16,P001,North,W01,0,14,14,0,14
2026-06-17,P001,North,W01,0,15,15,0,12
2026-06-18,P001,North,W01,0,18,18,0,0
2026-06-19,P001,North,W01,0,15,15,0,8
2026-06-20,P001,North,W01,0,18,18,0,10
2026-06-21,P001,North,W01,0,13,13,0,15
2026-06-22,P001,North,W01,0,11,11,0,8
2026-06-23,P001,North,W01,0,14,14,0,14
2026-06-24,P001,North,W01,0,16,16,0,10
2026-06-25,P001,North,W01,0,15,15,0,11
2026-06-26,P001,North,W01,0,12,12,0,5
2026-06-27,P001,North,W01,0,25,17,8,0
2026-06-28,P001,North,W01,8,9,17,0,13
2026-06-29,P001,North,W01,0,15,15,0,8
2026-06-30,P001,North,W01,0,13,13,0,14
2026-01-01,P001,South,W02,336,10,18,328,0
2026-01-02,P001,South,W02,328,17,27,318,0
2026-01-03,P001,South,W02,318,18,22,314,0
2026-01-04,P001,South,W02,314,13,18,309,0
2026-01-05,P001,South,W02,309,17,24,302,0
2026-01-06,P001,South,W02,302,13,20,295,0
2026-01-07,P001,South,W02,295,6,13,288,0
2026-01-08,P001,South,W02,288,17,16,289,0
2026-01-09,P001,South,W02,289,11,20,280,0
2026-01-10,P001,South,W02,280,14,20,274,0
2026-01-11,P001,South,W02,274,11,14,271,0
2026-01-12,P001,South,W02,271,12,16,267,0
2026-01-13,P001,South,W02,267,11,19,259,0
2026-01-14,P001,South,W02,259,14,19,254,0
2026-01-15,P001,South,W02,254,15,18,251,0
2026-01-16,P001,South,W02,251,10,19,242,0
2026-01-17,P001,South,W02,242,14,18,238,0
2026-01-18,P001,South,W02,238,13,23,228,0
2026-01-19,P001,South,W02,228,20,20,228,0
2026-01-20,P001,South,W02,228,10,27,211,0
2026-01-21,P001,South,W02,211,14,5,220,0
2026-01-22,P001,South,W02,220,16,24,212,0
2026-01-23,P001,South,W02,212,18,14,216,0
2026-01-24,P001,South,W02,216,12,24,204,0
2026-01-25,P001,South,W02,204,16,21,199,0
2026-01-26,P001,South,W02,199,16,19,196,0
2026-01-27,P001,South,W02,196,12,26,182,0
2026-01-28,P001,South,W02,182,15,15,182,0
2026-01-29,P001,South,W02,182,18,21,179,0
2026-01-30,P001,South,W02,179,17,22,174,0
2026-01-31,P001,South,W02,174,20,20,174,0
2026-02-01,P001,South,W02,174,18,13,179,0
2026-02-02,P001,South,W02,179,18,19,178,0
2026-02-03,P001,South,W02,178,12,18,172,0
2026-02-04,P001,South,W02,172,13,15,170,0
2026-02-05,P001,South,W02,170,4,19,155,0
2026-02-06,P001,South,W02,155,16,22,149,0
2026-02-07,P001,South,W02,149,15,15,149,0
2026-02-08,P001,South,W02,149,15,23,141,0
2026-02-09,P001,South,W02,141,20,14,147,0
2026-02-10,P001,South,W02,147,19,22,144,0
2026-02-11,P001,South,W02,144,17,14,147,0
2026-02-12,P001,South,W02,147,15,17,145,0
2026-02-13,P001,South,W02,145,19,13,151,0
2026-02-14,P001,South,W02,151,18,18,151,0
2026-02-15,P001,South,W02,151,16,20,147,0
2026-02-16,P001,South,W02,147,14,17,144,0
2026-02-17,P001,South,W02,144,15,10,149,0
2026-02-18,P001,South,W02,149,16,16,149,0
2026-02-19,P001,South,W02,149,10,16,143,0
2026-02-20,P001,South,W02,143,7,18,132,0
2026-02-21,P001,South,W02,132,3,20,115,0
2026-02-22,P001,South,W02,115,3,16,102,0
2026-02-23,P001,South,W02,102,1,14,89,0
2026-02-24,P001,South,W02,89,2,19,72,0
2026-02-25,P001,South,W02,72,1,12,61,0
2026-02-26,P001,South,W02,61,4,21,44,0
2026-02-27,P001,South,W02,44,5,24,25,0
2026-02-28,P001,South,W02,25,2,23,4,0
2026-03-01,P001,South,W02,4,17,17,4,0
2026-03-02,P001,South,W02,4,17,15,6,0
2026-03-03,P001,South,W02,6,20,24,2,0
2026-03-04,P001,South,W02,2,14,16,0,7
2026-03-05,P001,South,W02,0,18,18,0,0
2026-03-06,P001,South,W02,0,12,12,0,11
2026-03-07,P001,South,W02,0,19,18,1,0
2026-03-08,P001,South,W02,1,20,20,1,0
2026-03-09,P001,South,W02,1,13,13,1,0
2026-03-10,P001,South,W02,1,11,12,0,9
2026-03-11,P001,South,W02,0,17,17,0,0
2026-03-12,P001,South,W02,0,14,14,0,6
2026-03-13,P001,South,W02,0,19,15,4,0
2026-03-14,P001,South,W02,4,5,9,0,9
2026-03-15,P001,South,W02,0,20,15,5,0
2026-03-16,P001,South,W02,5,13,18,0,6
2026-03-17,P001,South,W02,0,15,15,0,6
2026-03-18,P001,South,W02,0,18,18,0,13
2026-03-19,P001,South,W02,0,12,12,0,9
2026-03-20,P001,South,W02,0,11,11,0,6
2026-03-21,P001,South,W02,0,17,17,0,8
2026-03-22,P001,South,W02,0,12,12,0,14
2026-03-23,P001,South,W02,0,15,15,0,5
2026-03-24,P001,South,W02,0,15,15,0,12
2026-03-25,P001,South,W02,0,20,17,3,0
2026-03-26,P001,South,W02,3,9,12,0,15
2026-03-27,P001,South,W02,0,17,16,1,0
2026-03-28,P001,South,W02,1,15,15,1,0
2026-03-29,P001,South,W02,1,17,18,0,10
2026-03-30,P001,South,W02,0,20,17,3,0
2026-03-31,P001,South,W02,3,16,19,0,10
2026-04-01,P001,South,W02,0,8,8,0,10
2026-04-02,P001,South,W02,0,10,10,0,5
2026-04-03,P001,South,W02,0,15,14,1,0
2026-04-04,P001,South,W02,1,18,18,1,0
2026-04-05,P001,South,W02,1,0,1,0,13
2026-04-06,P001,South,W02,0,0,0,0,14
2026-04-07,P001,South,W02,0,0,0,0,10
2026-04-08,P001,South,W02,0,0,0,0,14
2026-04-09,P001,South,W02,0,0,0,0,13
2026-04-10,P001,South,W02,0,0,0,0,12
2026-04-11,P001,South,W02,0,0,0,0,8
2026-04-12,P001,South,W02,0,0,0,0,13
2026-04-13,P001,South,W02,0,14,14,0,11
2026-04-14,P001,South,W02,0,12,12,0,7
2026-04-15,P001,South,W02,0,11,11,0,9
2026-04-16,P001,South,W02,0,13,13,0,13
2026-04-17,P001,South,W02,0,16,16,0,15
2026-04-18,P001,South,W02,0,17,17,0,12
2026-04-19,P001,South,W02,0,18,18,0,8
2026-04-20,P001,South,W02,0,16,13,3,0
2026-04-21,P001,South,W02,3,16,16,3,0
2026-04-22,P001,South,W02,3,17,15,5,0
2026-04-23,P001,South,W02,5,12,15,2,0
2026-04-24,P001,South,W02,2,18,14,6,0
2026-04-25,P001,South,W02,6,17,15,8,0
2026-04-26,P001,South,W02,8,11,15,4,0
2026-04-27,P001,South,W02,4,18,14,8,0
2026-04-28,P001,South,W02,8,14,17,5,0
2026-04-29,P001,South,W02,5,19,18,6,0
2026-04-30,P001,South,W02,6,14,20,0,10
2026-05-01,P001,South,W02,0,18,18,0,11
2026-05-02,P001,South,W02,0,14,12,2,0
2026-05-03,P001,South,W02,2,13,15,0,10
2026-05-04,P001,South,W02,0,27,27,0,10
2026-05-05,P001,South,W02,0,9,9,0,11
2026-05-06,P001,South,W02,0,18,18,0,6
2026-05-07,P001,South,W02,0,24,18,6,0
2026-05-08,P001,South,W02,6,11,17,0,11
2026-05-09,P001,South,W02,0,14,14,0,10
2026-05-10,P001,South,W02,0,18,18,0,8
2026-05-11,P001,South,W02,0,21,21,0,7
2026-05-12,P001,South,W02,0,14,14,0,14
2026-05-13,P001,South,W02,0,12,12,0,10
2026-05-14,P001,South,W02,0,11,11,0,8
2026-05-15,P001,South,W02,0,13,13,0,11
2026-05-16,P001,South,W02,0,15,15,0,13
2026-05-17,P001,South,W02,0,16,16,0,9
2026-05-18,P001,South,W02,0,9,9,0,4
2026-05-19,P001,South,W02,0,16,15,1,0
2026-05-20,P001,South,W02,1,15,16,0,9
2026-05-21,P001,South,W02,0,14,14,0,4
2026-05-22,P001,South,W02,0,15,15,0,10
2026-05-23,P001,South,W02,0,12,12,0,11
2026-05-24,P001,South,W02,0,18,15,3,0
2026-05-25,P001,South,W02,3,14,17,0,9
2026-05-26,P001,South,W02,0,18,18,0,5
2026-05-27,P001,South,W02,0,12,12,0,13
2026-05-28,P001,South,W02,0,11,11,0,15
2026-05-29,P001,South,W02,0,11,11,0,4
2026-05-30,P001,South,W02,0,19,19,0,9
2026-05-31,P001,South,W02,0,11,11,0,8
2026-06-01,P001,South,W02,0,15,15,0,6
2026-06-02,P001,South,W02,0,17,17,0,4
2026-06-03,P001,South,W02,0,17,17,0,9
2026-06-04,P001,South,W02,0,12,12,0,5
2026-06-05,P001,South,W02,0,22,16,6,0
2026-06-06,P001,South,W02,6,11,17,0,15
2026-06-07,P001,South,W02,0,10,10,0,15
2026-06-08,P001,South,W02,0,4,4,0,9
2026-06-09,P001,South,W02,0,14,14,0,10
2026-06-10,P001,South,W02,0,9,9,0,10
2026-06-11,P001,South,W02,0,15,15,0,7
2026-06-12,P001,South,W02,0,14,14,0,6
2026-06-13,P001,South,W02,0,15,15,0,9
2026-06-14,P001,South,W02,0,13,13,0,8
2026-06-15,P001,South,W02,0,13,13,0,12
2026-06-16,P001,South,W02,0,13,13,0,10
2026-06-17,P001,South,W02,0,22,22,0,7
2026-06-18,P001,South,W02,0,16,16,0,15
2026-06-19,P001,South,W02,0,22,16,6,0
2026-06-20,P001,South,W02,6,15,21,0,0
2026-06-21,P001,South,W02,0,10,10,0,4
2026-06-22,P001,South,W02,0,15,15,0,9
2026-06-23,P001,South,W02,0,14,14,0,6
2026-06-24,P001,South,W02,0,15,15,0,8
2026-06-25,P001,South,W02,0,23,19,4,0
2026-06-26,P001,South,W02,4,14,18,0,13
2026-06-27,P001,South,W02,0,15,15,0,5
2026-06-28,P001,South,W02,0,22,18,4,0
2026-06-29,P001,South,W02,4,17,18,3,0
2026-06-30,P001,South,W02,3,18,20,1,0
2026-01-01,P001,East,W03,424,16,24,416,0
2026-01-02,P001,East,W03,416,9,11,414,0
2026-01-03,P001,East,W03,414,16,23,407,0
2026-01-04,P001,East,W03,407,15,15,407,0
2026-01-05,P001,East,W03,407,13,23,397,0
2026-01-06,P001,East,W03,397,12,13,396,0
2026-01-07,P001,East,W03,396,13,19,390,0
2026-01-08,P001,East,W03,390,16,18,388,0
2026-01-09,P001,East,W03,388,16,14,390,0
2026-01-10,P001,East,W03,390,22,15,397,0
2026-01-11,P001,East,W03,397,14,15,396,0
2026-01-12,P001,East,W03,396,13,17,392,0
2026-01-13,P001,East,W03,392,9,12,389,0
2026-01-14,P001,East,W03,389,16,23,382,0
2026-01-15,P001,East,W03,382,10,15,377,0
2026-01-16,P001,East,W03,377,12,24,365,0
2026-01-17,P001,East,W03,365,8,13,360,0
2026-01-18,P001,East,W03,360,21,8,373,0
2026-01-19,P001,East,W03,373,20,23,370,0
2026-01-20,P001,East,W03,370,18,24,364,0
2026-01-21,P001,East,W03,364,14,18,360,0
2026-01-22,P001,East,W03,360,15,24,351,0
2026-01-23,P001,East,W03,351,17,16,352,0
2026-01-24,P001,East,W03,352,7,13,346,0
2026-01-25,P001,East,W03,346,15,17,344,0
2026-01-26,P001,East,W03,344,13,17,340,0
2026-01-27,P001,East,W03,340,11,19,332,0
2026-01-28,P001,East,W03,332,14,23,323,0
2026-01-29,P001,East,W03,323,10,15,318,0
2026-01-30,P001,East,W03,318,13,17,314,0
2026-01-31,P001,East,W03,314,11,23,302,0
2026-02-01,P001,East,W03,302,18,17,303,0
2026-02-02,P001,East,W03,303,17,16,304,0
2026-02-03,P001,East,W03,304,11,22,293,0
2026-02-04,P001,East,W03,293,12,21,284,0
2026-02-05,P001,East,W03,284,15,15,284,0
2026-02-06,P001,East,W03,284,19,16,287,0
2026-02-07,P001,East,W03,287,24,22,289,0
2026-02-08,P001,East,W03,289,9,25,273,0
2026-02-09,P001,East,W03,273,16,19,270,0
2026-02-10,P001,East,W03,270,13,15,268,0
2026-02-11,P001,East,W03,268,19,20,267,0
2026-02-12,P001,East,W03,267,11,23,255,0
2026-02-13,P001,East,W03,255,27,23,259,0
2026-02-14,P001,East,W03,259,12,13,258,0
2026-02-15,P001,East,W03,258,10,13,255,0
2026-02-16,P001,East,W03,255,10,20,245,0
2026-02-17,P001,East,W03,245,21,20,246,0
2026-02-18,P001,East,W03,246,14,16,244,0
2026-02-19,P001,East,W03,244,15,22,237,0
2026-02-20,P001,East,W03,237,4,19,222,0
2026-02-21,P001,East,W03,222,1,16,207,0
2026-02-22,P001,East,W03,207,2,25,184,0
2026-02-23,P001,East,W03,184,4,14,174,0
2026-02-24,P001,East,W03,174,4,9,169,0
2026-02-25,P001,East,W03,169,2,14,157,0
2026-02-26,P001,East,W03,157,6,27,136,0
2026-02-27,P001,East,W03,136,2,17,121,0
2026-02-28,P001,East,W03,121,0,14,107,0
2026-03-01,P001,East,W03,107,18,13,112,0
2026-03-02,P001,East,W03,112,10,25,97,0
2026-03-03,P001,East,W03,97,13,25,85,0
2026-03-04,P001,East,W03,85,14,19,80,0
2026-03-05,P001,East,W03,80,16,24,72,0
2026-03-06,P001,East,W03,72,13,24,61,0
2026-03-07,P001,East,W03,61,22,12,71,0
2026-03-08,P001,East,W03,71,12,14,69,0
2026-03-09,P001,East,W03,69,22,17,74,0
2026-03-10,P001,East,W03,74,13,22,65,0
2026-03-11,P001,East,W03,65,15,20,60,0
2026-03-12,P001,East,W03,60,15,22,53,0
2026-03-13,P001,East,W03,53,17,21,49,0
2026-03-14,P001,East,W03,49,16,24,41,0
2026-03-15,P001,East,W03,41,17,20,38,0
2026-03-16,P001,East,W03,38,13,25,26,0
2026-03-17,P001,East,W03,26,15,15,26,0
2026-03-18,P001,East,W03,26,5,12,19,0
2026-03-19,P001,East,W03,19,14,21,12,0
2026-03-20,P001,East,W03,12,11,20,3,0
2026-03-21,P001,East,W03,3,10,11,2,0
2026-03-22,P001,East,W03,2,9,11,0,11
2026-03-23,P001,East,W03,0,18,16,2,0
2026-03-24,P001,East,W03,2,11,13,0,11
2026-03-25,P001,East,W03,0,13,13,0,8
2026-03-26,P001,East,W03,0,15,15,0,4
2026-03-27,P001,East,W03,0,21,15,6,0
2026-03-28,P001,East,W03,6,19,11,14,0
2026-03-29,P001,East,W03,14,17,20,11,0
2026-03-30,P001,East,W03,11,20,17,14,0
2026-03-31,P001,East,W03,14,19,19,14,0
2026-04-01,P001,East,W03,14,16,25,5,0
2026-04-02,P001,East,W03,5,18,12,11,0
2026-04-03,P001,East,W03,11,17,14,14,0
2026-04-04,P001,East,W03,14,19,14,19,0
2026-04-05,P001,East,W03,19,0,19,0,15
2026-04-06,P001,East,W03,0,0,0,0,9
2026-04-07,P001,East,W03,0,0,0,0,8
2026-04-08,P001,East,W03,0,0,0,0,15
2026-04-09,P001,East,W03,0,0,0,0,6
2026-04-10,P001,East,W03,0,0,0,0,13
2026-04-11,P001,East,W03,0,0,0,0,14
2026-04-12,P001,East,W03,0,0,0,0,14
2026-04-13,P001,East,W03,0,16,16,0,4
2026-04-14,P001,East,W03,0,16,16,0,11
2026-04-15,P001,East,W03,0,12,12,0,5
2026-04-16,P001,East,W03,0,9,8,1,0
2026-04-17,P001,East,W03,1,15,12,4,0
2026-04-18,P001,East,W03,4,13,17,0,4
2026-04-19,P001,East,W03,0,13,13,0,15
2026-04-20,P001,East,W03,0,20,12,8,0
2026-04-21,P001,East,W03,8,18,17,9,0
2026-04-22,P001,East,W03,9,13,20,2,0
2026-04-23,P001,East,W03,2,14,13,3,0
2026-04-24,P001,East,W03,3,18,19,2,0
2026-04-25,P001,East,W03,2,15,9,8,0
2026-04-26,P001,East,W03,8,10,18,0,5
2026-04-27,P001,East,W03,0,14,14,0,15
2026-04-28,P001,East,W03,0,14,12,2,0
2026-04-29,P001,East,W03,2,19,16,5,0
2026-04-30,P001,East,W03,5,11,14,2,0
2026-05-01,P001,East,W03,2,12,14,0,4
2026-05-02,P001,East,W03,0,13,13,0,10
2026-05-03,P001,East,W03,0,14,14,0,12
2026-05-04,P001,East,W03,0,13,13,0,13
2026-05-05,P001,East,W03,0,8,8,0,14
2026-05-06,P001,East,W03,0,13,13,0,6
2026-05-07,P001,East,W03,0,12,12,0,14
2026-05-08,P001,East,W03,0,18,18,0,15
2026-05-09,P001,East,W03,0,15,15,0,10
2026-05-10,P001,East,W03,0,11,11,0,13
2026-05-11,P001,East,W03,0,15,15,0,6
2026-05-12,P001,East,W03,0,7,7,0,5
2026-05-13,P001,East,W03,0,16,16,0,4
2026-05-14,P001,East,W03,0,13,13,0,14
2026-05-15,P001,East,W03,0,16,12,4,0
2026-05-16,P001,East,W03,4,12,16,0,10
2026-05-17,P001,East,W03,0,18,18,0,9
2026-05-18,P001,East,W03,0,14,14,0,8
2026-05-19,P001,East,W03,0,13,13,0,8
2026-05-20,P001,East,W03,0,11,11,0,14
2026-05-21,P001,East,W03,0,13,13,0,8
2026-05-22,P001,East,W03,0,11,11,0,13
2026-05-23,P001,East,W03,0,10,10,0,7
2026-05-24,P001,East,W03,0,14,14,0,4
2026-05-25,P001,East,W03,0,17,17,0,15
2026-05-26,P001,East,W03,0,15,13,2,0
2026-05-27,P001,East,W03,2,16,18,0,5
2026-05-28,P001,East,W03,0,10,10,0,10
2026-05-29,P001,East,W03,0,15,15,0,15
2026-05-30,P001,East,W03,0,15,15,0,10
2026-05-31,P001,East,W03,0,16,13,3,0
2026-06-01,P001,East,W03,3,12,15,0,0
2026-06-02,P001,East,W03,0,8,8,0,7
2026-06-03,P001,East,W03,0,16,16,0,11
2026-06-04,P001,East,W03,0,20,15,5,0
2026-06-05,P001,East,W03,5,13,18,0,14
2026-06-06,P001,East,W03,0,19,19,0,13
2026-06-07,P001,East,W03,0,18,15,3,0
2026-06-08,P001,East,W03,3,12,15,0,14
2026-06-09,P001,East,W03,0,18,18,0,13
2026-06-10,P001,East,W03,0,15,15,0,0
2026-06-11,P001,East,W03,0,15,15,0,7
2026-06-12,P001,East,W03,0,13,13,0,10
2026-06-13,P001,East,W03,0,4,4,0,11
2026-06-14,P001,East,W03,0,13,13,0,14
2026-06-15,P001,East,W03,0,12,12,0,13
2026-06-16,P001,East,W03,0,17,17,0,5
2026-06-17,P001,East,W03,0,15,15,0,15
2026-06-18,P001,East,W03,0,13,13,0,5
2026-06-19,P001,East,W03,0,11,11,0,4
2026-06-20,P001,East,W03,0,26,18,8,0
2026-06-21,P001,East,W03,8,17,16,9,0
2026-06-22,P001,East,W03,9,15,20,4,0
2026-06-23,P001,East,W03,4,14,18,0,14
2026-06-24,P001,East,W03,0,17,17,0,10
2026-06-25,P001,East,W03,0,12,12,0,14
2026-06-26,P001,East,W03,0,17,16,1,0
2026-06-27,P001,East,W03,1,6,7,0,6
2026-06-28,P001,East,W03,0,9,9,0,14
2026-06-29,P001,East,W03,0,24,20,4,0
2026-06-30,P001,East,W03,4,15,19,0,14
2026-01-01,P001,West,W04,637,15,21,631,0
2026-01-02,P001,West,W04,631,18,16,633,0
2026-01-03,P001,West,W04,633,14,21,626,0
2026-01-04,P001,West,W04,626,17,15,628,0
2026-01-05,P001,West,W04,628,17,13,632,0
2026-01-06,P001,West,W04,632,12,14,630,0
2026-01-07,P001,West,W04,630,22,22,630,0
2026-01-08,P001,West,W04,630,15,15,630,0
2026-01-09,P001,West,W04,630,15,20,625,0
2026-01-10,P001,West,W04,625,14,14,625,0
2026-01-11,P001,West,W04,625,21,19,627,0
2026-01-12,P001,West,W04,627,16,14,629,0
2026-01-13,P001,West,W04,629,13,21,621,0
2026-01-14,P001,West,W04,621,16,21,616,0
2026-01-15,P001,West,W04,616,19,18,617,0
2026-01-16,P001,West,W04,617,15,16,616,0
2026-01-17,P001,West,W04,616,17,18,615,0
2026-01-18,P001,West,W04,615,18,20,613,0
2026-01-19,P001,West,W04,613,23,29,607,0
2026-01-20,P001,West,W04,607,15,18,604,0
2026-01-21,P001,West,W04,604,20,30,594,0
2026-01-22,P001,West,W04,594,19,27,586,0
2026-01-23,P001,West,W04,586,9,21,574,0
2026-01-24,P001,West,W04,574,10,12,572,0
2026-01-25,P001,West,W04,572,17,16,573,0
2026-01-26,P001,West,W04,573,14,18,569,0
2026-01-27,P001,West,W04,569,18,16,571,0
2026-01-28,P001,West,W04,571,17,23,565,0
2026-01-29,P001,West,W04,565,14,16,563,0
2026-01-30,P001,West,W04,563,18,22,559,0
2026-01-31,P001,West,W04,559,12,22,549,0
2026-02-01,P001,West,W04,549,15,11,553,0
2026-02-02,P001,West,W04,553,22,23,552,0
2026-02-03,P001,West,W04,552,14,24,542,0
2026-02-04,P001,West,W04,542,21,16,547,0
2026-02-05,P001,West,W04,547,18,16,549,0
2026-02-06,P001,West,W04,549,10,19,540,0
2026-02-07,P001,West,W04,540,12,14,538,0
2026-02-08,P001,West,W04,538,12,20,530,0
2026-02-09,P001,West,W04,530,19,16,533,0
2026-02-10,P001,West,W04,533,20,16,537,0
2026-02-11,P001,West,W04,537,18,19,536,0
2026-02-12,P001,West,W04,536,11,23,524,0
2026-02-13,P001,West,W04,524,14,20,518,0
2026-02-14,P001,West,W04,518,16,30,504,0
2026-02-15,P001,West,W04,504,14,23,495,0
2026-02-16,P001,West,W04,495,19,15,499,0
2026-02-17,P001,West,W04,499,8,29,478,0
2026-02-18,P001,West,W04,478,10,11,477,0
2026-02-19,P001,West,W04,477,21,15,483,0
2026-02-20,P001,West,W04,483,7,19,471,0
2026-02-21,P001,West,W04,471,6,25,452,0
2026-02-22,P001,West,W04,452,3,22,433,0
2026-02-23,P001,West,W04,433,2,13,422,0
2026-02-24,P001,West,W04,422,1,17,406,0
2026-02-25,P001,West,W04,406,1,13,394,0
2026-02-26,P001,West,W04,394,1,22,373,0
2026-02-27,P001,West,W04,373,3,16,360,0
2026-02-28,P001,West,W04,360,5,11,354,0
2026-03-01,P001,West,W04,354,15,11,358,0
2026-03-02,P001,West,W04,358,17,18,357,0
2026-03-03,P001,West,W04,357,15,19,353,0
2026-03-04,P001,West,W04,353,15,18,350,0
2026-03-05,P001,West,W04,350,18,17,351,0
2026-03-06,P001,West,W04,351,17,15,353,0
2026-03-07,P001,West,W04,353,19,18,354,0
2026-03-08,P001,West,W04,354,6,10,350,0
2026-03-09,P001,West,W04,350,15,16,349,0
2026-03-10,P001,West,W04,349,22,19,352,0
2026-03-11,P001,West,W04,352,18,21,349,0
2026-03-12,P001,West,W04,349,14,25,338,0
2026-03-13,P001,West,W04,338,23,11,350,0
2026-03-14,P001,West,W04,350,17,21,346,0
2026-03-15,P001,West,W04,346,19,24,341,0
2026-03-16,P001,West,W04,341,10,23,328,0
2026-03-17,P001,West,W04,328,11,14,325,0
2026-03-18,P001,West,W04,325,15,14,326,0
2026-03-19,P001,West,W04,326,17,15,328,0
2026-03-20,P001,West,W04,328,18,24,322,0
2026-03-21,P001,West,W04,322,13,23,312,0
2026-03-22,P001,West,W04,312,9,13,308,0
2026-03-23,P001,West,W04,308,7,18,297,0
2026-03-24,P001,West,W04,297,19,15,301,0
2026-03-25,P001,West,W04,301,14,14,301,0
2026-03-26,P001,West,W04,301,10,20,291,0
2026-03-27,P001,West,W04,291,8,21,278,0
2026-03-28,P001,West,W04,278,12,15,275,0
2026-03-29,P001,West,W04,275,21,12,284,0
2026-03-30,P001,West,W04,284,17,26,275,0
2026-03-31,P001,West,W04,275,13,19,269,0
2026-04-01,P001,West,W04,269,13,17,265,0
2026-04-02,P001,West,W04,265,10,18,257,0
2026-04-03,P001,West,W04,257,13,17,253,0
2026-04-04,P001,West,W04,253,8,27,234,0
2026-04-05,P001,West,W04,234,0,36,198,0
2026-04-06,P001,West,W04,198,0,20,178,0
2026-04-07,P001,West,W04,178,0,17,161,0
2026-04-08,P001,West,W04,161,0,26,135,0
2026-04-09,P001,West,W04,135,0,33,102,0
2026-04-10,P001,West,W04,102,0,29,73,0
2026-04-11,P001,West,W04,73,0,31,42,0
2026-04-12,P001,West,W04,42,0,21,21,0
2026-04-13,P001,West,W04,21,13,13,21,0
2026-04-14,P001,West,W04,21,16,15,22,0
2026-04-15,P001,West,W04,22,14,16,20,0
2026-04-16,P001,West,W04,20,11,17,14,0
2026-04-17,P001,West,W04,14,12,23,3,0
2026-04-18,P001,West,W04,3,16,19,0,11
2026-04-19,P001,West,W04,0,17,15,2,0
2026-04-20,P001,West,W04,2,15,12,5,0
2026-04-21,P001,West,W04,5,24,12,17,0
2026-04-22,P001,West,W04,17,10,15,12,0
2026-04-23,P001,West,W04,12,16,20,8,0
2026-04-24,P001,West,W04,8,11,14,5,0
2026-04-25,P001,West,W04,5,18,18,5,0
2026-04-26,P001,West,W04,5,19,23,1,0
2026-04-27,P001,West,W04,1,15,14,2,0
2026-04-28,P001,West,W04,2,15,13,4,0
2026-04-29,P001,West,W04,4,14,18,0,15
2026-04-30,P001,West,W04,0,18,18,0,6
2026-05-01,P001,West,W04,0,20,20,0,0
2026-05-02,P001,West,W04,0,12,12,0,10
2026-05-03,P001,West,W04,0,18,18,0,6
2026-05-04,P001,West,W04,0,18,17,1,0
2026-05-05,P001,West,W04,1,17,18,0,10
2026-05-06,P001,West,W04,0,14,14,0,9
2026-05-07,P001,West,W04,0,20,14,6,0
2026-05-08,P001,West,W04,6,11,14,3,0
2026-05-09,P001,West,W04,3,6,9,0,8
2026-05-10,P001,West,W04,0,16,16,0,8
2026-05-11,P001,West,W04,0,16,16,0,12
2026-05-12,P001,West,W04,0,12,12,0,12
2026-05-13,P001,West,W04,0,15,15,0,7
2026-05-14,P001,West,W04,0,16,16,0,0
2026-05-15,P001,West,W04,0,16,15,1,0
2026-05-16,P001,West,W04,1,13,14,0,15
2026-05-17,P001,West,W04,0,8,8,0,5
2026-05-18,P001,West,W04,0,21,21,0,15
2026-05-19,P001,West,W04,0,16,16,0,14
2026-05-20,P001,West,W04,0,19,19,0,11
2026-05-21,P001,West,W04,0,4,4,0,4
2026-05-22,P001,West,W04,0,21,18,3,0
2026-05-23,P001,West,W04,3,17,12,8,0
2026-05-24,P001,West,W04,8,18,17,9,0
2026-05-25,P001,West,W04,9,15,23,1,0
2026-05-26,P001,West,W04,1,18,19,0,4
2026-05-27,P001,West,W04,0,14,14,0,8
2026-05-28,P001,West,W04,0,19,19,0,0
2026-05-29,P001,West,W04,0,18,18,0,8
2026-05-30,P001,West,W04,0,16,16,0,13
2026-05-31,P001,West,W04,0,12,12,0,8
2026-06-01,P001,West,W04,0,15,15,0,10
2026-06-02,P001,West,W04,0,21,19,2,0
2026-06-03,P001,West,W04,2,10,12,0,9
2026-06-04,P001,West,W04,0,23,18,5,0
2026-06-05,P001,West,W04,5,14,17,2,0
2026-06-06,P001,West,W04,2,15,17,0,5
2026-06-07,P001,West,W04,0,14,14,0,10
2026-06-08,P001,West,W04,0,14,14,0,9
2026-06-09,P001,West,W04,0,12,12,0,4
2026-06-10,P001,West,W04,0,13,13,0,12
2026-06-11,P001,West,W04,0,14,14,0,8
2026-06-12,P001,West,W04,0,13,13,0,5
2026-06-13,P001,West,W04,0,20,9,11,0
2026-06-14,P001,West,W04,11,11,14,8,0
2026-06-15,P001,West,W04,8,12,17,3,0
2026-06-16,P001,West,W04,3,17,20,0,9
2026-06-17,P001,West,W04,0,13,13,0,13
2026-06-18,P001,West,W04,0,16,16,0,12
2026-06-19,P001,West,W04,0,11,11,0,14
2026-06-20,P001,West,W04,0,13,13,0,12
2026-06-21,P001,West,W04,0,22,21,1,0
2026-06-22,P001,West,W04,1,13,14,0,4
2026-06-23,P001,West,W04,0,18,18,0,6
2026-06-24,P001,West,W04,0,9,9,0,15
2026-06-25,P001,West,W04,0,14,14,0,13
2026-06-26,P001,West,W04,0,20,20,0,15
2026-06-27,P001,West,W04,0,8,8,0,8
2026-06-28,P001,West,W04,0,10,10,0,7
2026-06-29,P001,West,W04,0,18,18,0,11
2026-06-30,P001,West,W04,0,18,18,0,10
2026-01-01,P002,North,W01,259,20,12,267,0
2026-01-02,P002,North,W01,267,21,11,277,0
2026-01-03,P002,North,W01,277,13,14,276,0
2026-01-04,P002,North,W01,276,21,21,276,0
2026-01-05,P002,North,W01,276,19,18,277,0
2026-01-06,P002,North,W01,277,15,13,279,0
2026-01-07,P002,North,W01,279,15,26,268,0
2026-01-08,P002,North,W01,268,9,18,259,0
2026-01-09,P002,North,W01,259,15,15,259,0
2026-01-10,P002,North,W01,259,10,17,252,0
2026-01-11,P002,North,W01,252,15,22,245,0
2026-01-12,P002,North,W01,245,22,17,250,0
2026-01-13,P002,North,W01,250,14,21,243,0
2026-01-14,P002,North,W01,243,13,16,240,0
2026-01-15,P002,North,W01,240,13,12,241,0
2026-01-16,P002,North,W01,241,19,24,236,0
2026-01-17,P002,North,W01,236,16,21,231,0
2026-01-18,P002,North,W01,231,17,15,233,0
2026-01-19,P002,North,W01,233,13,23,223,0
2026-01-20,P002,North,W01,223,16,18,221,0
2026-01-21,P002,North,W01,221,13,19,215,0
2026-01-22,P002,North,W01,215,12,20,207,0
2026-01-23,P002,North,W01,207,9,15,201,0
2026-01-24,P002,North,W01,201,15,23,193,0
2026-01-25,P002,North,W01,193,23,23,193,0
2026-01-26,P002,North,W01,193,10,20,183,0
2026-01-27,P002,North,W01,183,15,15,183,0
2026-01-28,P002,North,W01,183,19,13,189,0
2026-01-29,P002,North,W01,189,14,19,184,0
2026-01-30,P002,North,W01,184,15,17,182,0
2026-01-31,P002,North,W01,182,13,17,178,0
2026-02-01,P002,North,W01,178,25,23,180,0
2026-02-02,P002,North,W01,180,11,14,177,0
2026-02-03,P002,North,W01,177,14,19,172,0
2026-02-04,P002,North,W01,172,10,19,163,0
2026-02-05,P002,North,W01,163,19,11,171,0
2026-02-06,P002,North,W01,171,20,12,179,0
2026-02-07,P002,North,W01,179,16,16,179,0
2026-02-08,P002,North,W01,179,13,18,174,0
2026-02-09,P002,North,W01,174,17,17,174,0
2026-02-10,P002,North,W01,174,12,16,170,0
2026-02-11,P002,North,W01,170,14,25,159,0
2026-02-12,P002,North,W01,159,16,14,161,0
2026-02-13,P002,North,W01,161,17,19,159,0
2026-02-14,P002,North,W01,159,21,19,161,0
2026-02-15,P002,North,W01,161,10,22,149,0
2026-02-16,P002,North,W01,149,18,19,148,0
2026-02-17,P002,North,W01,148,11,20,139,0
2026-02-18,P002,North,W01,139,12,21,130,0
2026-02-19,P002,North,W01,130,15,16,129,0
2026-02-20,P002,North,W01,129,2,21,110,0
2026-02-21,P002,North,W01,110,2,23,89,0
2026-02-22,P002,North,W01,89,4,18,75,0
2026-02-23,P002,North,W01,75,5,18,62,0
2026-02-24,P002,North,W01,62,5,15,52,0
2026-02-25,P002,North,W01,52,5,14,43,0
2026-02-26,P002,North,W01,43,1,11,33,0
2026-02-27,P002,North,W01,33,2,19,16,0
2026-02-28,P002,North,W01,16,4,17,3,0
2026-03-01,P002,North,W01,3,14,17,0,11
2026-03-02,P002,North,W01,0,18,13,5,0
2026-03-03,P002,North,W01,5,22,13,14,0
2026-03-04,P002,North,W01,14,11,23,2,0
2026-03-05,P002,North,W01,2,16,18,0,0
2026-03-06,P002,North,W01,0,14,13,1,0
2026-03-07,P002,North,W01,1,9,10,0,5
2026-03-08,P002,North,W01,0,15,15,0,0
2026-03-09,P002,North,W01,0,16,13,3,0
2026-03-10,P002,North,W01,3,20,17,6,0
2026-03-11,P002,North,W01,6,17,12,11,0
2026-03-12,P002,North,W01,11,13,18,6,0
2026-03-13,P002,North,W01,6,17,12,11,0
2026-03-14,P002,North,W01,11,14,22,3,0
2026-03-15,P002,North,W01,3,19,12,10,0
2026-03-16,P002,North,W01,10,17,18,9,0
2026-03-17,P002,North,W01,9,12,8,13,0
2026-03-18,P002,North,W01,13,13,25,1,0
2026-03-19,P002,North,W01,1,14,15,0,14
2026-03-20,P002,North,W01,0,10,10,0,0
2026-03-21,P002,North,W01,0,18,18,0,12
2026-03-22,P002,North,W01,0,13,13,0,13
2026-03-23,P002,North,W01,0,7,7,0,5
2026-03-24,P002,North,W01,0,15,14,1,0
2026-03-25,P002,North,W01,1,18,19,0,11
2026-03-26,P002,North,W01,0,11,11,0,14
2026-03-27,P002,North,W01,0,20,15,5,0
2026-03-28,P002,North,W01,5,12,12,5,0
2026-03-29,P002,North,W01,5,16,18,3,0
2026-03-30,P002,North,W01,3,11,14,0,10
2026-03-31,P002,North,W01,0,15,9,6,0
2026-04-01,P002,North,W01,6,21,15,12,0
2026-04-02,P002,North,W01,12,19,20,11,0
2026-04-03,P002,North,W01,11,8,14,5,0
2026-04-04,P002,North,W01,5,16,16,5,0
2026-04-05,P002,North,W01,5,0,5,0,7
2026-04-06,P002,North,W01,0,0,0,0,12
2026-04-07,P002,North,W01,0,0,0,0,6
2026-04-08,P002,North,W01,0,0,0,0,4
2026-04-09,P002,North,W01,0,0,0,0,11
2026-04-10,P002,North,W01,0,0,0,0,12
2026-04-11,P002,North,W01,0,0,0,0,14
2026-04-12,P002,North,W01,0,0,0,0,15
2026-04-13,P002,North,W01,0,11,11,0,9
2026-04-14,P002,North,W01,0,16,16,0,15
2026-04-15,P002,North,W01,0,20,20,0,11
2026-04-16,P002,North,W01,0,21,14,7,0
2026-04-17,P002,North,W01,7,13,14,6,0
2026-04-18,P002,North,W01,6,17,23,0,10
2026-04-19,P002,North,W01,0,15,15,0,11
2026-04-20,P002,North,W01,0,29,21,8,0
2026-04-21,P002,North,W01,8,5,13,0,14
2026-04-22,P002,North,W01,0,14,14,0,8
2026-04-23,P002,North,W01,0,15,15,0,13
2026-04-24,P002,North,W01,0,11,11,0,14
2026-04-25,P002,North,W01,0,15,15,0,14
2026-04-26,P002,North,W01,0,18,18,0,14
2026-04-27,P002,North,W01,0,9,9,0,9
2026-04-28,P002,North,W01,0,12,12,0,10
2026-04-29,P002,North,W01,0,14,14,0,6
2026-04-30,P002,North,W01,0,14,14,0,14
2026-05-01,P002,North,W01,0,13,13,0,14
2026-05-02,P002,North,W01,0,14,14,0,6
2026-05-03,P002,North,W01,0,10,10,0,10
2026-05-04,P002,North,W01,0,22,14,8,0
2026-05-05,P002,North,W01,8,20,16,12,0
2026-05-06,P002,North,W01,12,16,20,8,0
2026-05-07,P002,North,W01,8,16,21,3,0
2026-05-08,P002,North,W01,3,12,15,0,11
2026-05-09,P002,North,W01,0,9,9,0,11
2026-05-10,P002,North,W01,0,14,14,0,13
2026-05-11,P002,North,W01,0,10,10,0,14
2026-05-12,P002,North,W01,0,16,16,0,6
2026-05-13,P002,North,W01,0,12,12,0,10
2026-05-14,P002,North,W01,0,14,14,0,13
2026-05-15,P002,North,W01,0,14,14,0,8
2026-05-16,P002,North,W01,0,12,12,0,11
2026-05-17,P002,North,W01,0,17,17,0,6
2026-05-18,P002,North,W01,0,12,12,0,9
2026-05-19,P002,North,W01,0,17,17,0,4
2026-05-20,P002,North,W01,0,14,14,0,6
2026-05-21,P002,North,W01,0,8,8,0,6
2026-05-22,P002,North,W01,0,8,8,0,6
2026-05-23,P002,North,W01,0,14,13,1,0
2026-05-24,P002,North,W01,1,18,19,0,0
2026-05-25,P002,North,W01,0,10,10,0,12
2026-05-26,P002,North,W01,0,13,13,0,10
2026-05-27,P002,North,W01,0,15,15,0,15
2026-05-28,P002,North,W01,0,11,11,0,14
2026-05-29,P002,North,W01,0,18,17,1,0
2026-05-30,P002,North,W01,1,20,11,10,0
2026-05-31,P002,North,W01,10,18,12,16,0
2026-06-01,P002,North,W01,16,11,23,4,0
2026-06-02,P002,North,W01,4,17,13,8,0
2026-06-03,P002,North,W01,8,18,22,4,0
2026-06-04,P002,North,W01,4,13,17,0,9
2026-06-05,P002,North,W01,0,18,18,0,8
2026-06-06,P002,North,W01,0,9,9,0,7
2026-06-07,P002,North,W01,0,15,15,0,7
2026-06-08,P002,North,W01,0,13,13,0,13
2026-06-09,P002,North,W01,0,12,12,0,14
2026-06-10,P002,North,W01,0,19,19,0,7
2026-06-11,P002,North,W01,0,18,18,0,7
2026-06-12,P002,North,W01,0,12,12,0,14
2026-06-13,P002,North,W01,0,18,18,0,11
2026-06-14,P002,North,W01,0,12,12,0,11
2026-06-15,P002,North,W01,0,12,12,0,7
2026-06-16,P002,North,W01,0,9,9,0,6
2026-06-17,P002,North,W01,0,19,13,6,0
2026-06-18,P002,North,W01,6,14,14,6,0
2026-06-19,P002,North,W01,6,27,13,20,0
2026-06-20,P002,North,W01,20,20,18,22,0
2026-06-21,P002,North,W01,22,20,19,23,0
2026-06-22,P002,North,W01,23,16,25,14,0
2026-06-23,P002,North,W01,14,15,25,4,0
2026-06-24,P002,North,W01,4,13,14,3,0
2026-06-25,P002,North,W01,3,14,15,2,0
2026-06-26,P002,North,W01,2,21,21,2,0
2026-06-27,P002,North,W01,2,19,20,1,0
2026-06-28,P002,North,W01,1,12,13,0,6
2026-06-29,P002,North,W01,0,13,13,0,11
2026-06-30,P002,North,W01,0,14,14,0,11
2026-01-01,P002,South,W02,473,10,15,468,0
2026-01-02,P002,South,W02,468,17,19,466,0
2026-01-03,P002,South,W02,466,11,14,463,0
2026-01-04,P002,South,W02,463,13,24,452,0
2026-01-05,P002,South,W02,452,20,18,454,0
2026-01-06,P002,South,W02,454,11,20,445,0
2026-01-07,P002,South,W02,445,17,16,446,0
2026-01-08,P002,South,W02,446,17,21,442,0
2026-01-09,P002,South,W02,442,16,18,440,0
2026-01-10,P002,South,W02,440,15,12,443,0
2026-01-11,P002,South,W02,443,17,24,436,0
2026-01-12,P002,South,W02,436,16,20,432,0
2026-01-13,P002,South,W02,432,13,17,428,0
2026-01-14,P002,South,W02,428,13,11,430,0
2026-01-15,P002,South,W02,430,19,12,437,0
2026-01-16,P002,South,W02,437,17,15,439,0
2026-01-17,P002,South,W02,439,11,20,430,0
2026-01-18,P002,South,W02,430,15,22,423,0
2026-01-19,P002,South,W02,423,15,13,425,0
2026-01-20,P002,South,W02,425,13,17,421,0
2026-01-21,P002,South,W02,421,12,17,416,0
2026-01-22,P002,South,W02,416,10,13,413,0
2026-01-23,P002,South,W02,413,15,17,411,0
2026-01-24,P002,South,W02,411,13,18,406,0
2026-01-25,P002,South,W02,406,23,19,410,0
2026-01-26,P002,South,W02,410,16,16,410,0
2026-01-27,P002,South,W02,410,21,16,415,0
2026-01-28,P002,South,W02,415,21,17,419,0
2026-01-29,P002,South,W02,419,15,15,419,0
2026-01-30,P002,South,W02,419,14,21,412,0
2026-01-31,P002,South,W02,412,11,18,405,0
2026-02-01,P002,South,W02,405,14,18,401,0
2026-02-02,P002,South,W02,401,16,18,399,0
2026-02-03,P002,South,W02,399,11,28,382,0
2026-02-04,P002,South,W02,382,16,18,380,0
2026-02-05,P002,South,W02,380,10,21,369,0
2026-02-06,P002,South,W02,369,9,19,359,0
2026-02-07,P002,South,W02,359,12,21,350,0
2026-02-08,P002,South,W02,350,10,23,337,0
2026-02-09,P002,South,W02,337,14,12,339,0
2026-02-10,P002,South,W02,339,7,26,320,0
2026-02-11,P002,South,W02,320,10,21,309,0
2026-02-12,P002,South,W02,309,20,22,307,0
2026-02-13,P002,South,W02,307,13,22,298,0
2026-02-14,P002,South,W02,298,16,16,298,0
2026-02-15,P002,South,W02,298,12,24,286,0
2026-02-16,P002,South,W02,286,19,20,285,0
2026-02-17,P002,South,W02,285,13,19,279,0
2026-02-18,P002,South,W02,279,13,20,272,0
2026-02-19,P002,South,W02,272,13,18,267,0
2026-02-20,P002,South,W02,267,6,15,258,0
2026-02-21,P002,South,W02,258,2,16,244,0
2026-02-22,P002,South,W02,244,6,24,226,0
2026-02-23,P002,South,W02,226,0,15,211,0
2026-02-24,P002,South,W02,211,4,16,199,0
2026-02-25,P002,South,W02,199,6,13,192,0
2026-02-26,P002,South,W02,192,4,19,177,0
2026-02-27,P002,South,W02,177,3,15,165,0
2026-02-28,P002,South,W02,165,4,25,144,0
2026-03-01,P002,South,W02,144,12,25,131,0
2026-03-02,P002,South,W02,131,15,12,134,0
2026-03-03,P002,South,W02,134,22,13,143,0
2026-03-04,P002,South,W02,143,16,20,139,0
2026-03-05,P002,South,W02,139,17,21,135,0
2026-03-06,P002,South,W02,135,21,16,140,0
2026-03-07,P002,South,W02,140,12,7,145,0
2026-03-08,P002,South,W02,145,18,19,144,0
2026-03-09,P002,South,W02,144,10,12,142,0
2026-03-10,P002,South,W02,142,17,20,139,0
2026-03-11,P002,South,W02,139,16,13,142,0
2026-03-12,P002,South,W02,142,13,27,128,0
2026-03-13,P002,South,W02,128,13,18,123,0
2026-03-14,P002,South,W02,123,17,18,122,0
2026-03-15,P002,South,W02,122,13,25,110,0
2026-03-16,P002,South,W02,110,19,24,105,0
2026-03-17,P002,South,W02,105,15,11,109,0
2026-03-18,P002,South,W02,109,13,18,104,0
2026-03-19,P002,South,W02,104,15,17,102,0
2026-03-20,P002,South,W02,102,8,10,100,0
2026-03-21,P002,South,W02,100,14,13,101,0
2026-03-22,P002,South,W02,101,13,10,104,0
2026-03-23,P002,South,W02,104,23,20,107,0
2026-03-24,P002,South,W02,107,19,21,105,0
2026-03-25,P002,South,W02,105,17,19,103,0
2026-03-26,P002,South,W02,103,11,23,91,0
2026-03-27,P002,South,W02,91,12,14,89,0
2026-03-28,P002,South,W02,89,11,21,79,0
2026-03-29,P002,South,W02,79,16,18,77,0
2026-03-30,P002,South,W02,77,15,16,76,0
2026-03-31,P002,South,W02,76,16,16,76,0
2026-04-01,P002,South,W02,76,16,16,76,0
2026-04-02,P002,South,W02,76,8,15,69,0
2026-04-03,P002,South,W02,69,14,20,63,0
2026-04-04,P002,South,W02,63,22,22,63,0
2026-04-05,P002,South,W02,63,0,34,29,0
2026-04-06,P002,South,W02,29,0,20,9,0
2026-04-07,P002,South,W02,9,0,9,0,4
2026-04-08,P002,South,W02,0,0,0,0,11
2026-04-09,P002,South,W02,0,0,0,0,4
2026-04-10,P002,South,W02,0,0,0,0,7
2026-04-11,P002,South,W02,0,0,0,0,13
2026-04-12,P002,South,W02,0,0,0,0,15
2026-04-13,P002,South,W02,0,16,16,0,4
2026-04-14,P002,South,W02,0,10,10,0,11
2026-04-15,P002,South,W02,0,12,12,0,15
2026-04-16,P002,South,W02,0,11,11,0,10
2026-04-17,P002,South,W02,0,10,6,4,0
2026-04-18,P002,South,W02,4,16,16,4,0
2026-04-19,P002,South,W02,4,17,21,0,0
2026-04-20,P002,South,W02,0,19,15,4,0
2026-04-21,P002,South,W02,4,10,14,0,4
2026-04-22,P002,South,W02,0,15,15,0,0
2026-04-23,P002,South,W02,0,20,20,0,12
2026-04-24,P002,South,W02,0,16,11,5,0
2026-04-25,P002,South,W02,5,9,14,0,12
2026-04-26,P002,South,W02,0,14,13,1,0
2026-04-27,P002,South,W02,1,13,14,0,14
2026-04-28,P002,South,W02,0,24,20,4,0
2026-04-29,P002,South,W02,4,17,12,9,0
2026-04-30,P002,South,W02,9,11,20,0,4
2026-05-01,P002,South,W02,0,19,17,2,0
2026-05-02,P002,South,W02,2,11,13,0,13
2026-05-03,P002,South,W02,0,9,9,0,7
2026-05-04,P002,South,W02,0,22,14,8,0
2026-05-05,P002,South,W02,8,9,17,0,15
2026-05-06,P002,South,W02,0,11,11,0,11
2026-05-07,P002,South,W02,0,15,15,0,6
2026-05-08,P002,South,W02,0,18,15,3,0
2026-05-09,P002,South,W02,3,21,24,0,8
2026-05-10,P002,South,W02,0,24,13,11,0
2026-05-11,P002,South,W02,11,19,17,13,0
2026-05-12,P002,South,W02,13,14,17,10,0
2026-05-13,P002,South,W02,10,10,20,0,0
2026-05-14,P002,South,W02,0,16,16,0,15
2026-05-15,P002,South,W02,0,18,18,0,6
2026-05-16,P002,South,W02,0,10,10,0,8
2026-05-17,P002,South,W02,0,21,21,0,6
2026-05-18,P002,South,W02,0,15,15,0,12
2026-05-19,P002,South,W02,0,17,17,0,11
2026-05-20,P002,South,W02,0,19,17,2,0
2026-05-21,P002,South,W02,2,23,15,10,0
2026-05-22,P002,South,W02,10,18,16,12,0
2026-05-23,P002,South,W02,12,13,20,5,0
2026-05-24,P002,South,W02,5,15,19,1,0
2026-05-25,P002,South,W02,1,15,16,0,4
2026-05-26,P002,South,W02,0,17,12,5,0
2026-05-27,P002,South,W02,5,22,23,4,0
2026-05-28,P002,South,W02,4,16,20,0,8
2026-05-29,P002,South,W02,0,15,15,0,12
2026-05-30,P002,South,W02,0,18,14,4,0
2026-05-31,P002,South,W02,4,15,19,0,15
2026-06-01,P002,South,W02,0,22,22,0,14
2026-06-02,P002,South,W02,0,18,17,1,0
2026-06-03,P002,South,W02,1,15,16,0,6
2026-06-04,P002,South,W02,0,12,12,0,10
2026-06-05,P002,South,W02,0,20,19,1,0
2026-06-06,P002,South,W02,1,12,13,0,13
2026-06-07,P002,South,W02,0,15,15,0,12
2026-06-08,P002,South,W02,0,13,13,0,5
2026-06-09,P002,South,W02,0,20,20,0,5
2026-06-10,P002,South,W02,0,17,17,0,12
2026-06-11,P002,South,W02,0,18,18,0,7
2026-06-12,P002,South,W02,0,13,13,0,9
2026-06-13,P002,South,W02,0,13,13,0,4
2026-06-14,P002,South,W02,0,11,11,0,12
2026-06-15,P002,South,W02,0,18,18,0,12
2026-06-16,P002,South,W02,0,17,17,0,15
2026-06-17,P002,South,W02,0,19,17,2,0
2026-06-18,P002,South,W02,2,20,22,0,11
2026-06-19,P002,South,W02,0,19,18,1,0
2026-06-20,P002,South,W02,1,15,16,0,5
2026-06-21,P002,South,W02,0,11,11,0,10
2026-06-22,P002,South,W02,0,20,12,8,0
2026-06-23,P002,South,W02,8,10,18,0,15
2026-06-24,P002,South,W02,0,15,15,0,12
2026-06-25,P002,South,W02,0,10,10,0,14
2026-06-26,P002,South,W02,0,16,16,0,10
2026-06-27,P002,South,W02,0,12,12,0,7
2026-06-28,P002,South,W02,0,18,18,0,9
2026-06-29,P002,South,W02,0,16,13,3,0
2026-06-30,P002,South,W02,3,20,16,7,0
2026-01-01,P002,East,W03,600,23,12,611,0
2026-01-02,P002,East,W03,611,18,17,612,0
2026-01-03,P002,East,W03,612,20,23,609,0
2026-01-04,P002,East,W03,609,19,22,606,0
2026-01-05,P002,East,W03,606,15,19,602,0
2026-01-06,P002,East,W03,602,17,18,601,0
2026-01-07,P002,East,W03,601,22,16,607,0
2026-01-08,P002,East,W03,607,15,17,605,0
2026-01-09,P002,East,W03,605,21,15,611,0
2026-01-10,P002,East,W03,611,18,18,611,0
2026-01-11,P002,East,W03,611,19,15,615,0
2026-01-12,P002,East,W03,615,14,22,607,0
2026-01-13,P002,East,W03,607,26,19,614,0
2026-01-14,P002,East,W03,614,11,20,605,0
2026-01-15,P002,East,W03,605,25,25,605,0
2026-01-16,P002,East,W03,605,16,17,604,0
2026-01-17,P002,East,W03,604,16,17,603,0
2026-01-18,P002,East,W03,603,17,16,604,0
2026-01-19,P002,East,W03,604,9,16,597,0
2026-01-20,P002,East,W03,597,11,16,592,0
2026-01-21,P002,East,W03,592,11,18,585,0
2026-01-22,P002,East,W03,585,12,25,572,0
2026-01-23,P002,East,W03,572,19,15,576,0
2026-01-24,P002,East,W03,576,12,19,569,0
2026-01-25,P002,East,W03,569,19,13,575,0
2026-01-26,P002,East,W03,575,18,17,576,0
2026-01-27,P002,East,W03,576,10,21,565,0
2026-01-28,P002,East,W03,565,18,12,571,0
2026-01-29,P002,East,W03,571,18,18,571,0
2026-01-30,P002,East,W03,571,14,24,561,0
2026-01-31,P002,East,W03,561,12,15,558,0
2026-02-01,P002,East,W03,558,6,16,548,0
2026-02-02,P002,East,W03,548,15,21,542,0
2026-02-03,P002,East,W03,542,14,17,539,0
2026-02-04,P002,East,W03,539,18,23,534,0
2026-02-05,P002,East,W03,534,16,19,531,0
2026-02-06,P002,East,W03,531,15,14,532,0
2026-02-07,P002,East,W03,532,17,22,527,0
2026-02-08,P002,East,W03,527,17,18,526,0
2026-02-09,P002,East,W03,526,17,19,524,0
2026-02-10,P002,East,W03,524,19,16,527,0
2026-02-11,P002,East,W03,527,14,18,523,0
2026-02-12,P002,East,W03,523,21,21,523,0
2026-02-13,P002,East,W03,523,19,24,518,0
2026-02-14,P002,East,W03,518,15,22,511,0
2026-02-15,P002,East,W03,511,12,19,504,0
2026-02-16,P002,East,W03,504,13,16,501,0
2026-02-17,P002,East,W03,501,17,16,502,0
2026-02-18,P002,East,W03,502,15,18,499,0
2026-02-19,P002,East,W03,499,12,15,496,0
2026-02-20,P002,East,W03,496,1,20,477,0
2026-02-21,P002,East,W03,477,1,19,459,0
2026-02-22,P002,East,W03,459,1,18,442,0
2026-02-23,P002,East,W03,442,3,22,423,0
2026-02-24,P002,East,W03,423,2,15,410,0
2026-02-25,P002,East,W03,410,2,24,388,0
2026-02-26,P002,East,W03,388,2,19,371,0
2026-02-27,P002,East,W03,371,4,17,358,0
2026-02-28,P002,East,W03,358,6,16,348,0
2026-03-01,P002,East,W03,348,24,18,354,0
2026-03-02,P002,East,W03,354,16,14,356,0
2026-03-03,P002,East,W03,356,15,22,349,0
2026-03-04,P002,East,W03,349,24,14,359,0
2026-03-05,P002,East,W03,359,16,13,362,0
2026-03-06,P002,East,W03,362,10,17,355,0
2026-03-07,P002,East,W03,355,9,19,345,0
2026-03-08,P002,East,W03,345,11,32,324,0
2026-03-09,P002,East,W03,324,22,25,321,0
2026-03-10,P002,East,W03,321,16,14,323,0
2026-03-11,P002,East,W03,323,12,16,319,0
2026-03-12,P002,East,W03,319,10,16,313,0
2026-03-13,P002,East,W03,313,7,25,295,0
2026-03-14,P002,East,W03,295,12,20,287,0
2026-03-15,P002,East,W03,287,10,20,277,0
2026-03-16,P002,East,W03,277,17,17,277,0
2026-03-17,P002,East,W03,277,17,13,281,0
2026-03-18,P002,East,W03,281,9,12,278,0
2026-03-19,P002,East,W03,278,14,17,275,0
2026-03-20,P002,East,W03,275,16,26,265,0
2026-03-21,P002,East,W03,265,15,18,262,0
2026-03-22,P002,East,W03,262,12,24,250,0
2026-03-23,P002,East,W03,250,16,23,243,0
2026-03-24,P002,East,W03,243,21,18,246,0
2026-03-25,P002,East,W03,246,14,27,233,0
2026-03-26,P002,East,W03,233,14,16,231,0
2026-03-27,P002,East,W03,231,19,20,230,0
2026-03-28,P002,East,W03,230,16,15,231,0
2026-03-29,P002,East,W03,231,15,17,229,0
2026-03-30,P002,East,W03,229,15,14,230,0
2026-03-31,P002,East,W03,230,12,18,224,0
2026-04-01,P002,East,W03,224,28,17,235,0
2026-04-02,P002,East,W03,235,15,16,234,0
2026-04-03,P002,East,W03,234,13,21,226,0
2026-04-04,P002,East,W03,226,14,21,219,0
2026-04-05,P002,East,W03,219,0,24,195,0
2026-04-06,P002,East,W03,195,0,36,159,0
2026-04-07,P002,East,W03,159,0,21,138,0
2026-04-08,P002,East,W03,138,0,17,121,0
2026-04-09,P002,East,W03,121,0,31,90,0
2026-04-10,P002,East,W03,90,0,37,53,0
2026-04-11,P002,East,W03,53,0,31,22,0
2026-04-12,P002,East,W03,22,0,22,0,14
2026-04-13,P002,East,W03,0,18,18,0,15
2026-04-14,P002,East,W03,0,15,14,1,0
2026-04-15,P002,East,W03,1,18,19,0,6
2026-04-16,P002,East,W03,0,14,13,1,0
2026-04-17,P002,East,W03,1,23,15,9,0
2026-04-18,P002,East,W03,9,20,16,13,0
2026-04-19,P002,East,W03,13,18,12,19,0
2026-04-20,P002,East,W03,19,13,17,15,0
2026-04-21,P002,East,W03,15,16,21,10,0
2026-04-22,P002,East,W03,10,21,19,12,0
2026-04-23,P002,East,W03,12,12,18,6,0
2026-04-24,P002,East,W03,6,25,15,16,0
2026-04-25,P002,East,W03,16,13,13,16,0
2026-04-26,P002,East,W03,16,21,15,22,0
2026-04-27,P002,East,W03,22,15,18,19,0
2026-04-28,P002,East,W03,19,22,18,23,0
2026-04-29,P002,East,W03,23,8,16,15,0
2026-04-30,P002,East,W03,15,8,17,6,0
2026-05-01,P002,East,W03,6,11,17,0,8
2026-05-02,P002,East,W03,0,16,16,0,10
2026-05-03,P002,East,W03,0,14,14,0,15
2026-05-04,P002,East,W03,0,13,13,0,7
2026-05-05,P002,East,W03,0,22,19,3,0
2026-05-06,P002,East,W03,3,16,15,4,0
2026-05-07,P002,East,W03,4,14,17,1,0
2026-05-08,P002,East,W03,1,15,16,0,4
2026-05-09,P002,East,W03,0,11,11,0,6
2026-05-10,P002,East,W03,0,19,19,0,13
2026-05-11,P002,East,W03,0,21,20,1,0
2026-05-12,P002,East,W03,1,16,17,0,9
2026-05-13,P002,East,W03,0,15,15,0,7
2026-05-14,P002,East,W03,0,9,9,0,13
2026-05-15,P002,East,W03,0,20,16,4,0
2026-05-16,P002,East,W03,4,13,17,0,7
2026-05-17,P002,East,W03,0,18,16,2,0
2026-05-18,P002,East,W03,2,16,17,1,0
2026-05-19,P002,East,W03,1,20,20,1,0
2026-05-20,P002,East,W03,1,18,19,0,12
2026-05-21,P002,East,W03,0,26,22,4,0
2026-05-22,P002,East,W03,4,9,13,0,6
2026-05-23,P002,East,W03,0,14,14,0,13
2026-05-24,P002,East,W03,0,14,14,0,13
2026-05-25,P002,East,W03,0,8,8,0,12
2026-05-26,P002,East,W03,0,9,9,0,12
2026-05-27,P002,East,W03,0,13,13,0,14
2026-05-28,P002,East,W03,0,14,14,0,12
2026-05-29,P002,East,W03,0,17,9,8,0
2026-05-30,P002,East,W03,8,18,21,5,0
2026-05-31,P002,East,W03,5,20,25,0,14
2026-06-01,P002,East,W03,0,8,8,0,9
2026-06-02,P002,East,W03,0,11,11,0,12
2026-06-03,P002,East,W03,0,15,12,3,0
2026-06-04,P002,East,W03,3,12,15,0,5
2026-06-05,P002,East,W03,0,11,11,0,15
2026-06-06,P002,East,W03,0,16,16,0,5
2026-06-07,P002,East,W03,0,15,15,0,6
2026-06-08,P002,East,W03,0,10,10,0,6
2026-06-09,P002,East,W03,0,21,17,4,0
2026-06-10,P002,East,W03,4,18,14,8,0
2026-06-11,P002,East,W03,8,18,26,0,14
2026-06-12,P002,East,W03,0,17,17,0,7
2026-06-13,P002,East,W03,0,11,11,0,15
2026-06-14,P002,East,W03,0,17,17,0,15
2026-06-15,P002,East,W03,0,13,13,0,8
2026-06-16,P002,East,W03,0,16,16,0,15
2026-06-17,P002,East,W03,0,17,17,0,7
2026-06-18,P002,East,W03,0,16,16,0,11
2026-06-19,P002,East,W03,0,12,12,0,14
2026-06-20,P002,East,W03,0,17,17,0,4
2026-06-21,P002,East,W03,0,10,10,0,11
2026-06-22,P002,East,W03,0,13,13,0,11
2026-06-23,P002,East,W03,0,17,17,0,10
2026-06-24,P002,East,W03,0,10,10,0,12
2026-06-25,P002,East,W03,0,13,13,0,13
2026-06-26,P002,East,W03,0,12,12,0,8
2026-06-27,P002,East,W03,0,11,11,0,13
2026-06-28,P002,East,W03,0,23,23,0,0
2026-06-29,P002,East,W03,0,13,13,0,11
2026-06-30,P002,East,W03,0,18,18,0,0
2026-01-01,P002,West,W04,469,9,22,456,0
2026-01-02,P002,West,W04,456,8,17,447,0
2026-01-03,P002,West,W04,447,18,21,444,0
2026-01-04,P002,West,W04,444,18,19,443,0
2026-01-05,P002,West,W04,443,14,14,443,0
2026-01-06,P002,West,W04,443,14,17,440,0
2026-01-07,P002,West,W04,440,18,18,440,0
2026-01-08,P002,West,W04,440,14,20,434,0
2026-01-09,P002,West,W04,434,18,19,433,0
2026-01-10,P002,West,W04,433,14,21,426,0
2026-01-11,P002,West,W04,426,13,20,419,0
2026-01-12,P002,West,W04,419,15,21,413,0
2026-01-13,P002,West,W04,413,18,22,409,0
2026-01-14,P002,West,W04,409,14,20,403,0
2026-01-15,P002,West,W04,403,19,14,408,0
2026-01-16,P002,West,W04,408,18,19,407,0
2026-01-17,P002,West,W04,407,17,14,410,0
2026-01-18,P002,West,W04,410,12,13,409,0
2026-01-19,P002,West,W04,409,9,26,392,0
2026-01-20,P002,West,W04,392,13,18,387,0
2026-01-21,P002,West,W04,387,14,26,375,0
2026-01-22,P002,West,W04,375,10,12,373,0
2026-01-23,P002,West,W04,373,11,19,365,0
2026-01-24,P002,West,W04,365,15,17,363,0
2026-01-25,P002,West,W04,363,8,23,348,0
2026-01-26,P002,West,W04,348,15,15,348,0
2026-01-27,P002,West,W04,348,11,20,339,0
2026-01-28,P002,West,W04,339,18,24,333,0
2026-01-29,P002,West,W04,333,15,19,329,0
2026-01-30,P002,West,W04,329,12,15,326,0
2026-01-31,P002,West,W04,326,11,24,313,0
2026-02-01,P002,West,W04,313,20,18,315,0
2026-02-02,P002,West,W04,315,22,24,313,0
2026-02-03,P002,West,W04,313,14,25,302,0
2026-02-04,P002,West,W04,302,12,16,298,0
2026-02-05,P002,West,W04,298,8,25,281,0
2026-02-06,P002,West,W04,281,14,15,280,0
2026-02-07,P002,West,W04,280,13,19,274,0
2026-02-08,P002,West,W04,274,8,23,259,0
2026-02-09,P002,West,W04,259,10,12,257,0
2026-02-10,P002,West,W04,257,11,14,254,0
2026-02-11,P002,West,W04,254,16,11,259,0
2026-02-12,P002,West,W04,259,12,17,254,0
2026-02-13,P002,West,W04,254,21,16,259,0
2026-02-14,P002,West,W04,259,32,21,270,0
2026-02-15,P002,West,W04,270,15,20,265,0
2026-02-16,P002,West,W04,265,14,17,262,0
2026-02-17,P002,West,W04,262,21,16,267,0
2026-02-18,P002,West,W04,267,17,17,267,0
2026-02-19,P002,West,W04,267,10,12,265,0
2026-02-20,P002,West,W04,265,6,15,256,0
2026-02-21,P002,West,W04,256,2,17,241,0
2026-02-22,P002,West,W04,241,4,22,223,0
2026-02-23,P002,West,W04,223,2,15,210,0
2026-02-24,P002,West,W04,210,2,18,194,0
2026-02-25,P002,West,W04,194,3,18,179,0
2026-02-26,P002,West,W04,179,4,19,164,0
2026-02-27,P002,West,W04,164,1,20,145,0
2026-02-28,P002,West,W04,145,4,14,135,0
2026-03-01,P002,West,W04,135,20,24,131,0
2026-03-02,P002,West,W04,131,18,17,132,0
2026-03-03,P002,West,W04,132,13,15,130,0
2026-03-04,P002,West,W04,130,10,20,120,0
2026-03-05,P002,West,W04,120,13,17,116,0
2026-03-06,P002,West,W04,116,18,12,122,0
2026-03-07,P002,West,W04,122,14,23,113,0
2026-03-08,P002,West,W04,113,18,20,111,0
2026-03-09,P002,West,W04,111,17,11,117,0
2026-03-10,P002,West,W04,117,16,18,115,0
2026-03-11,P002,West,W04,115,18,21,112,0
2026-03-12,P002,West,W04,112,18,20,110,0
2026-03-13,P002,West,W04,110,9,20,99,0
2026-03-14,P002,West,W04,99,13,14,98,0
2026-03-15,P002,West,W04,98,14,22,90,0
2026-03-16,P002,West,W04,90,17,22,85,0
2026-03-17,P002,West,W04,85,8,17,76,0
2026-03-18,P002,West,W04,76,11,16,71,0
2026-03-19,P002,West,W04,71,17,20,68,0
2026-03-20,P002,West,W04,68,10,19,59,0
2026-03-21,P002,West,W04,59,13,12,60,0
2026-03-22,P002,West,W04,60,13,15,58,0
2026-03-23,P002,West,W04,58,13,20,51,0
2026-03-24,P002,West,W04,51,17,16,52,0
2026-03-25,P002,West,W04,52,11,15,48,0
2026-03-26,P002,West,W04,48,16,10,54,0
2026-03-27,P002,West,W04,54,19,8,65,0
2026-03-28,P002,West,W04,65,15,14,66,0
2026-03-29,P002,West,W04,66,17,22,61,0
2026-03-30,P002,West,W04,61,12,25,48,0
2026-03-31,P002,West,W04,48,10,17,41,0
2026-04-01,P002,West,W04,41,18,16,43,0
2026-04-02,P002,West,W04,43,12,18,37,0
2026-04-03,P002,West,W04,37,14,21,30,0
2026-04-04,P002,West,W04,30,10,15,25,0
2026-04-05,P002,West,W04,25,0,25,0,12
2026-04-06,P002,West,W04,0,0,0,0,13
2026-04-07,P002,West,W04,0,0,0,0,5
2026-04-08,P002,West,W04,0,0,0,0,14
2026-04-09,P002,West,W04,0,0,0,0,10
2026-04-10,P002,West,W04,0,0,0,0,15
2026-04-11,P002,West,W04,0,0,0,0,5
2026-04-12,P002,West,W04,0,0,0,0,5
2026-04-13,P002,West,W04,0,13,13,0,4
2026-04-14,P002,West,W04,0,10,10,0,8
2026-04-15,P002,West,W04,0,15,15,0,10
2026-04-16,P002,West,W04,0,16,16,0,13
2026-04-17,P002,West,W04,0,16,16,0,8
2026-04-18,P002,West,W04,0,15,15,0,4
2026-04-19,P002,West,W04,0,11,11,0,9
2026-04-20,P002,West,W04,0,14,14,0,7
2026-04-21,P002,West,W04,0,14,14,0,13
2026-04-22,P002,West,W04,0,13,13,0,6
2026-04-23,P002,West,W04,0,15,15,0,12
2026-04-24,P002,West,W04,0,13,13,0,6
2026-04-25,P002,West,W04,0,16,11,5,0
2026-04-26,P002,West,W04,5,10,15,0,15
2026-04-27,P002,West,W04,0,19,19,0,0
2026-04-28,P002,West,W04,0,14,14,0,14
2026-04-29,P002,West,W04,0,11,11,0,15
2026-04-30,P002,West,W04,0,14,14,0,9
2026-05-01,P002,West,W04,0,13,13,0,15
2026-05-02,P002,West,W04,0,22,17,5,0
2026-05-03,P002,West,W04,5,16,21,0,7
2026-05-04,P002,West,W04,0,19,19,0,12
2026-05-05,P002,West,W04,0,14,14,0,8
2026-05-06,P002,West,W04,0,8,8,0,14
2026-05-07,P002,West,W04,0,10,10,0,6
2026-05-08,P002,West,W04,0,13,13,0,11
2026-05-09,P002,West,W04,0,12,12,0,0
2026-05-10,P002,West,W04,0,21,21,0,12
2026-05-11,P002,West,W04,0,16,14,2,0
2026-05-12,P002,West,W04,2,17,19,0,4
2026-05-13,P002,West,W04,0,13,13,0,6
2026-05-14,P002,West,W04,0,10,10,0,11
2026-05-15,P002,West,W04,0,13,13,0,7
2026-05-16,P002,West,W04,0,14,14,0,11
2026-05-17,P002,West,W04,0,21,19,2,0
2026-05-18,P002,West,W04,2,14,16,0,14
2026-05-19,P002,West,W04,0,10,10,0,15
2026-05-20,P002,West,W04,0,11,11,0,5
2026-05-21,P002,West,W04,0,16,16,0,0
2026-05-22,P002,West,W04,0,16,16,0,5
2026-05-23,P002,West,W04,0,18,12,6,0
2026-05-24,P002,West,W04,6,12,18,0,10
2026-05-25,P002,West,W04,0,23,14,9,0
2026-05-26,P002,West,W04,9,16,25,0,0
2026-05-27,P002,West,W04,0,17,17,0,7
2026-05-28,P002,West,W04,0,12,12,0,15
2026-05-29,P002,West,W04,0,15,15,0,4
2026-05-30,P002,West,W04,0,10,10,0,15
2026-05-31,P002,West,W04,0,16,16,0,11
2026-06-01,P002,West,W04,0,17,17,0,6
2026-06-02,P002,West,W04,0,16,16,0,8
2026-06-03,P002,West,W04,0,24,22,2,0
2026-06-04,P002,West,W04,2,15,17,0,10
2026-06-05,P002,West,W04,0,13,13,0,7
2026-06-06,P002,West,W04,0,16,16,0,7
2026-06-07,P002,West,W04,0,18,13,5,0
2026-06-08,P002,West,W04,5,12,17,0,4
2026-06-09,P002,West,W04,0,17,17,0,10
2026-06-10,P002,West,W04,0,20,20,0,15
2026-06-11,P002,West,W04,0,12,12,0,0
2026-06-12,P002,West,W04,0,19,16,3,0
2026-06-13,P002,West,W04,3,14,17,0,0
2026-06-14,P002,West,W04,0,15,15,0,0
2026-06-15,P002,West,W04,0,12,12,0,13
2026-06-16,P002,West,W04,0,10,10,0,14
2026-06-17,P002,West,W04,0,17,17,0,15
2026-06-18,P002,West,W04,0,14,14,0,9
2026-06-19,P002,West,W04,0,15,15,0,6
2026-06-20,P002,West,W04,0,18,18,0,9
2026-06-21,P002,West,W04,0,13,13,0,11
2026-06-22,P002,West,W04,0,15,15,0,13
2026-06-23,P002,West,W04,0,23,15,8,0
2026-06-24,P002,West,W04,8,19,17,10,0
2026-06-25,P002,West,W04,10,11,16,5,0
2026-06-26,P002,West,W04,5,12,17,0,11
2026-06-27,P002,West,W04,0,13,13,0,7
2026-06-28,P002,West,W04,0,19,12,7,0
2026-06-29,P002,West,W04,7,22,21,8,0
2026-06-30,P002,West,W04,8,13,17,4,0
2026-01-01,P003,North,W01,549,8,21,536,0
2026-01-02,P003,North,W01,536,13,9,540,0
2026-01-03,P003,North,W01,540,15,9,546,0
2026-01-04,P003,North,W01,546,18,22,542,0
2026-01-05,P003,North,W01,542,21,21,542,0
2026-01-06,P003,North,W01,542,14,25,531,0
2026-01-07,P003,North,W01,531,16,16,531,0
2026-01-08,P003,North,W01,531,8,20,519,0
2026-01-09,P003,North,W01,519,15,20,514,0
2026-01-10,P003,North,W01,514,14,17,511,0
2026-01-11,P003,North,W01,511,11,17,505,0
2026-01-12,P003,North,W01,505,25,10,520,0
2026-01-13,P003,North,W01,520,11,20,511,0
2026-01-14,P003,North,W01,511,9,14,506,0
2026-01-15,P003,North,W01,506,16,16,506,0
2026-01-16,P003,North,W01,506,12,17,501,0
2026-01-17,P003,North,W01,501,12,20,493,0
2026-01-18,P003,North,W01,493,16,24,485,0
2026-01-19,P003,North,W01,485,13,25,473,0
2026-01-20,P003,North,W01,473,16,19,470,0
2026-01-21,P003,North,W01,470,12,13,469,0
2026-01-22,P003,North,W01,469,15,19,465,0
2026-01-23,P003,North,W01,465,18,27,456,0
2026-01-24,P003,North,W01,456,12,17,451,0
2026-01-25,P003,North,W01,451,15,14,452,0
2026-01-26,P003,North,W01,452,12,16,448,0
2026-01-27,P003,North,W01,448,14,14,448,0
2026-01-28,P003,North,W01,448,16,17,447,0
2026-01-29,P003,North,W01,447,16,20,443,0
2026-01-30,P003,North,W01,443,16,12,447,0
2026-01-31,P003,North,W01,447,19,23,443,0
2026-02-01,P003,North,W01,443,13,13,443,0
2026-02-02,P003,North,W01,443,14,21,436,0
2026-02-03,P003,North,W01,436,14,12,438,0
2026-02-04,P003,North,W01,438,19,21,436,0
2026-02-05,P003,North,W01,436,13,28,421,0
2026-02-06,P003,North,W01,421,18,14,425,0
2026-02-07,P003,North,W01,425,16,13,428,0
2026-02-08,P003,North,W01,428,18,23,423,0
2026-02-09,P003,North,W01,423,14,21,416,0
2026-02-10,P003,North,W01,416,13,21,408,0
2026-02-11,P003,North,W01,408,27,23,412,0
2026-02-12,P003,North,W01,412,15,18,409,0
2026-02-13,P003,North,W01,409,25,21,413,0
2026-02-14,P003,North,W01,413,18,15,416,0
2026-02-15,P003,North,W01,416,11,17,410,0
2026-02-16,P003,North,W01,410,13,18,405,0
2026-02-17,P003,North,W01,405,11,12,404,0
2026-02-18,P003,North,W01,404,16,11,409,0
2026-02-19,P003,North,W01,409,10,19,400,0
2026-02-20,P003,North,W01,400,5,20,385,0
2026-02-21,P003,North,W01,385,2,26,361,0
2026-02-22,P003,North,W01,361,5,21,345,0
2026-02-23,P003,North,W01,345,3,22,326,0
2026-02-24,P003,North,W01,326,1,14,313,0
2026-02-25,P003,North,W01,313,2,19,296,0
2026-02-26,P003,North,W01,296,8,19,285,0
2026-02-27,P003,North,W01,285,2,13,274,0
2026-02-28,P003,North,W01,274,3,11,266,0
2026-03-01,P003,North,W01,266,15,16,265,0
2026-03-02,P003,North,W01,265,16,21,260,0
2026-03-03,P003,North,W01,260,8,21,247,0
2026-03-04,P003,North,W01,247,10,22,235,0
2026-03-05,P003,North,W01,235,15,22,228,0
2026-03-06,P003,North,W01,228,13,12,229,0
2026-03-07,P003,North,W01,229,18,23,224,0
2026-03-08,P003,North,W01,224,17,15,226,0
2026-03-09,P003,North,W01,226,27,17,236,0
2026-03-10,P003,North,W01,236,18,10,244,0
2026-03-11,P003,North,W01,244,12,19,237,0
2026-03-12,P003,North,W01,237,11,17,231,0
2026-03-13,P003,North,W01,231,16,20,227,0
2026-03-14,P003,North,W01,227,19,20,226,0
2026-03-15,P003,North,W01,226,19,19,226,0
2026-03-16,P003,North,W01,226,8,17,217,0
2026-03-17,P003,North,W01,217,11,15,213,0
2026-03-18,P003,North,W01,213,14,14,213,0
2026-03-19,P003,North,W01,213,13,15,211,0
2026-03-20,P003,North,W01,211,13,20,204,0
2026-03-21,P003,North,W01,204,19,18,205,0
2026-03-22,P003,North,W01,205,17,15,207,0
2026-03-23,P003,North,W01,207,29,14,222,0
2026-03-24,P003,North,W01,222,11,21,212,0
2026-03-25,P003,North,W01,212,12,18,206,0
2026-03-26,P003,North,W01,206,17,17,206,0
2026-03-27,P003,North,W01,206,12,21,197,0
2026-03-28,P003,North,W01,197,8,16,189,0
2026-03-29,P003,North,W01,189,12,21,180,0
2026-03-30,P003,North,W01,180,21,10,191,0
2026-03-31,P003,North,W01,191,10,20,181,0
2026-04-01,P003,North,W01,181,25,16,190,0
2026-04-02,P003,North,W01,190,14,16,188,0
2026-04-03,P003,North,W01,188,17,21,184,0
2026-04-04,P003,North,W01,184,14,27,171,0
2026-04-05,P003,North,W01,171,0,31,140,0
2026-04-06,P003,North,W01,140,0,33,107,0
2026-04-07,P003,North,W01,107,0,36,71,0
2026-04-08,P003,North,W01,71,0,23,48,0
2026-04-09,P003,North,W01,48,0,27,21,0
2026-04-10,P003,North,W01,21,0,21,0,13
2026-04-11,P003,North,W01,0,0,0,0,15
2026-04-12,P003,North,W01,0,0,0,0,10
2026-04-13,P003,North,W01,0,16,16,0,4
2026-04-14,P003,North,W01,0,9,9,0,6
2026-04-15,P003,North,W01,0,18,17,1,0
2026-04-16,P003,North,W01,1,11,12,0,8
2026-04-17,P003,North,W01,0,13,12,1,0
2026-04-18,P003,North,W01,1,12,13,0,12
2026-04-19,P003,North,W01,0,17,17,0,10
2026-04-20,P003,North,W01,0,12,12,0,8
2026-04-21,P003,North,W01,0,20,15,5,0
2026-04-22,P003,North,W01,5,18,15,8,0
2026-04-23,P003,North,W01,8,19,21,6,0
2026-04-24,P003,North,W01,6,16,19,3,0
2026-04-25,P003,North,W01,3,21,24,0,0
2026-04-26,P003,North,W01,0,13,13,0,14
2026-04-27,P003,North,W01,0,10,10,0,15
2026-04-28,P003,North,W01,0,21,19,2,0
2026-04-29,P003,North,W01,2,13,15,0,7
2026-04-30,P003,North,W01,0,11,11,0,6
2026-05-01,P003,North,W01,0,16,16,0,7
2026-05-02,P003,North,W01,0,14,14,0,6
2026-05-03,P003,North,W01,0,12,12,0,9
2026-05-04,P003,North,W01,0,22,22,0,10
2026-05-05,P003,North,W01,0,10,10,0,15
2026-05-06,P003,North,W01,0,15,15,0,4
2026-05-07,P003,North,W01,0,13,13,0,14
2026-05-08,P003,North,W01,0,12,12,0,6
2026-05-09,P003,North,W01,0,13,13,0,13
2026-05-10,P003,North,W01,0,7,7,0,13
2026-05-11,P003,North,W01,0,14,14,0,13
2026-05-12,P003,North,W01,0,12,12,0,8
2026-05-13,P003,North,W01,0,19,19,0,4
2026-05-14,P003,North,W01,0,12,12,0,13
2026-05-15,P003,North,W01,0,17,17,0,10
2026-05-16,P003,North,W01,0,16,16,0,12
2026-05-17,P003,North,W01,0,13,13,0,7
2026-05-18,P003,North,W01,0,16,16,0,13
2026-05-19,P003,North,W01,0,20,17,3,0
2026-05-20,P003,North,W01,3,13,16,0,4
2026-05-21,P003,North,W01,0,19,14,5,0
2026-05-22,P003,North,W01,5,23,15,13,0
2026-05-23,P003,North,W01,13,18,20,11,0
2026-05-24,P003,North,W01,11,12,23,0,8
2026-05-25,P003,North,W01,0,11,11,0,12
2026-05-26,P003,North,W01,0,15,15,0,14
2026-05-27,P003,North,W01,0,19,19,0,8
2026-05-28,P003,North,W01,0,14,14,0,5
2026-05-29,P003,North,W01,0,19,19,0,14
2026-05-30,P003,North,W01,0,21,20,1,0
2026-05-31,P003,North,W01,1,6,7,0,13
2026-06-01,P003,North,W01,0,16,16,0,13
2026-06-02,P003,North,W01,0,17,17,0,10
2026-06-03,P003,North,W01,0,9,9,0,5
2026-06-04,P003,North,W01,0,12,12,0,7
2026-06-05,P003,North,W01,0,12,12,0,12
2026-06-06,P003,North,W01,0,16,16,0,5
2026-06-07,P003,North,W01,0,6,6,0,11
2026-06-08,P003,North,W01,0,9,9,0,14
2026-06-09,P003,North,W01,0,18,13,5,0
2026-06-10,P003,North,W01,5,20,18,7,0
2026-06-11,P003,North,W01,7,11,16,2,0
2026-06-12,P003,North,W01,2,13,15,0,13
2026-06-13,P003,North,W01,0,16,16,0,6
2026-06-14,P003,North,W01,0,21,21,0,10
2026-06-15,P003,North,W01,0,19,19,0,15
2026-06-16,P003,North,W01,0,14,14,0,9
2026-06-17,P003,North,W01,0,13,13,0,5
2026-06-18,P003,North,W01,0,16,16,0,6
2026-06-19,P003,North,W01,0,15,15,0,15
2026-06-20,P003,North,W01,0,13,13,0,0
2026-06-21,P003,North,W01,0,10,10,0,11
2026-06-22,P003,North,W01,0,18,18,0,11
2026-06-23,P003,North,W01,0,9,9,0,7
2026-06-24,P003,North,W01,0,14,14,0,6
2026-06-25,P003,North,W01,0,14,13,1,0
2026-06-26,P003,North,W01,1,19,20,0,9
2026-06-27,P003,North,W01,0,13,13,0,12
2026-06-28,P003,North,W01,0,16,16,0,14
2026-06-29,P003,North,W01,0,19,16,3,0
2026-06-30,P003,North,W01,3,16,16,3,0
2026-01-01,P003,South,W02,423,19,17,425,0
2026-01-02,P003,South,W02,425,12,17,420,0
2026-01-03,P003,South,W02,420,23,16,427,0
2026-01-04,P003,South,W02,427,10,23,414,0
2026-01-05,P003,South,W02,414,17,22,409,0
2026-01-06,P003,South,W02,409,10,24,395,0
2026-01-07,P003,South,W02,395,17,19,393,0
2026-01-08,P003,South,W02,393,11,14,390,0
2026-01-09,P003,South,W02,390,17,16,391,0
2026-01-10,P003,South,W02,391,20,7,404,0
2026-01-11,P003,South,W02,404,12,20,396,0
2026-01-12,P003,South,W02,396,18,20,394,0
2026-01-13,P003,South,W02,394,17,22,389,0
2026-01-14,P003,South,W02,389,18,22,385,0
2026-01-15,P003,South,W02,385,5,15,375,0
2026-01-16,P003,South,W02,375,15,17,373,0
2026-01-17,P003,South,W02,373,17,24,366,0
2026-01-18,P003,South,W02,366,11,14,363,0
2026-01-19,P003,South,W02,363,14,15,362,0
2026-01-20,P003,South,W02,362,20,24,358,0
2026-01-21,P003,South,W02,358,21,9,370,0
2026-01-22,P003,South,W02,370,19,21,368,0
2026-01-23,P003,South,W02,368,19,19,368,0
2026-01-24,P003,South,W02,368,18,21,365,0
2026-01-25,P003,South,W02,365,15,12,368,0
2026-01-26,P003,South,W02,368,15,17,366,0
2026-01-27,P003,South,W02,366,12,27,351,0
2026-01-28,P003,South,W02,351,16,20,347,0
2026-01-29,P003,South,W02,347,19,17,349,0
2026-01-30,P003,South,W02,349,7,25,331,0
2026-01-31,P003,South,W02,331,22,14,339,0
2026-02-01,P003,South,W02,339,15,11,343,0
2026-02-02,P003,South,W02,343,20,18,345,0
2026-02-03,P003,South,W02,345,16,13,348,0
2026-02-04,P003,South,W02,348,9,23,334,0
2026-02-05,P003,South,W02,334,11,12,333,0
2026-02-06,P003,South,W02,333,14,19,328,0
2026-02-07,P003,South,W02,328,23,12,339,0
2026-02-08,P003,South,W02,339,17,17,339,0
2026-02-09,P003,South,W02,339,14,23,330,0
2026-02-10,P003,South,W02,330,14,19,325,0
2026-02-11,P003,South,W02,325,18,20,323,0
2026-02-12,P003,South,W02,323,13,15,321,0
2026-02-13,P003,South,W02,321,16,23,314,0
2026-02-14,P003,South,W02,314,10,12,312,0
2026-02-15,P003,South,W02,312,10,20,302,0
2026-02-16,P003,South,W02,302,14,21,295,0
2026-02-17,P003,South,W02,295,19,21,293,0
2026-02-18,P003,South,W02,293,12,12,293,0
2026-02-19,P003,South,W02,293,12,22,283,0
2026-02-20,P003,South,W02,283,0,17,266,0
2026-02-21,P003,South,W02,266,3,20,249,0
2026-02-22,P003,South,W02,249,2,18,233,0
2026-02-23,P003,South,W02,233,1,20,214,0
2026-02-24,P003,South,W02,214,1,21,194,0
2026-02-25,P003,South,W02,194,4,22,176,0
2026-02-26,P003,South,W02,176,1,21,156,0
2026-02-27,P003,South,W02,156,4,14,146,0
2026-02-28,P003,South,W02,146,2,20,128,0
2026-03-01,P003,South,W02,128,18,18,128,0
2026-03-02,P003,South,W02,128,16,20,124,0
2026-03-03,P003,South,W02,124,12,20,116,0
2026-03-04,P003,South,W02,116,13,17,112,0
2026-03-05,P003,South,W02,112,18,15,115,0
2026-03-06,P003,South,W02,115,16,21,110,0
2026-03-07,P003,South,W02,110,13,18,105,0
2026-03-08,P003,South,W02,105,20,16,109,0
2026-03-09,P003,South,W02,109,15,19,105,0
2026-03-10,P003,South,W02,105,15,16,104,0
2026-03-11,P003,South,W02,104,14,20,98,0
2026-03-12,P003,South,W02,98,17,21,94,0
2026-03-13,P003,South,W02,94,12,19,87,0
2026-03-14,P003,South,W02,87,20,24,83,0
2026-03-15,P003,South,W02,83,13,18,78,0
2026-03-16,P003,South,W02,78,15,22,71,0
2026-03-17,P003,South,W02,71,16,12,75,0
2026-03-18,P003,South,W02,75,9,14,70,0
2026-03-19,P003,South,W02,70,16,9,77,0
2026-03-20,P003,South,W02,77,10,21,66,0
2026-03-21,P003,South,W02,66,12,22,56,0
2026-03-22,P003,South,W02,56,10,21,45,0
2026-03-23,P003,South,W02,45,16,12,49,0
2026-03-24,P003,South,W02,49,8,12,45,0
2026-03-25,P003,South,W02,45,15,24,36,0
2026-03-26,P003,South,W02,36,10,20,26,0
2026-03-27,P003,South,W02,26,16,20,22,0
2026-03-28,P003,South,W02,22,13,21,14,0
2026-03-29,P003,South,W02,14,16,19,11,0
2026-03-30,P003,South,W02,11,12,15,8,0
2026-03-31,P003,South,W02,8,10,13,5,0
2026-04-01,P003,South,W02,5,15,14,6,0
2026-04-02,P003,South,W02,6,9,15,0,9
2026-04-03,P003,South,W02,0,17,17,0,7
2026-04-04,P003,South,W02,0,12,12,0,14
2026-04-05,P003,South,W02,0,0,0,0,9
2026-04-06,P003,South,W02,0,0,0,0,8
2026-04-07,P003,South,W02,0,0,0,0,6
2026-04-08,P003,South,W02,0,0,0,0,12
2026-04-09,P003,South,W02,0,0,0,0,4
2026-04-10,P003,South,W02,0,0,0,0,8
2026-04-11,P003,South,W02,0,0,0,0,11
2026-04-12,P003,South,W02,0,0,0,0,11
2026-04-13,P003,South,W02,0,14,14,0,14
2026-04-14,P003,South,W02,0,15,12,3,0
2026-04-15,P003,South,W02,3,11,14,0,12
2026-04-16,P003,South,W02,0,10,10,0,8
2026-04-17,P003,South,W02,0,15,15,0,9
2026-04-18,P003,South,W02,0,9,9,0,9
2026-04-19,P003,South,W02,0,16,16,0,8
2026-04-20,P003,South,W02,0,11,11,0,8
2026-04-21,P003,South,W02,0,17,16,1,0
2026-04-22,P003,South,W02,1,20,19,2,0
2026-04-23,P003,South,W02,2,13,15,0,9
2026-04-24,P003,South,W02,0,21,14,7,0
2026-04-25,P003,South,W02,7,21,23,5,0
2026-04-26,P003,South,W02,5,15,20,0,11
2026-04-27,P003,South,W02,0,13,13,0,15
2026-04-28,P003,South,W02,0,14,14,0,5
2026-04-29,P003,South,W02,0,9,9,0,9
2026-04-30,P003,South,W02,0,20,20,0,11
2026-05-01,P003,South,W02,0,10,10,0,10
2026-05-02,P003,South,W02,0,23,20,3,0
2026-05-03,P003,South,W02,3,17,20,0,12
2026-05-04,P003,South,W02,0,18,18,0,0
2026-05-05,P003,South,W02,0,13,13,0,4
2026-05-06,P003,South,W02,0,19,18,1,0
2026-05-07,P003,South,W02,1,15,16,0,10
2026-05-08,P003,South,W02,0,13,13,0,14
2026-05-09,P003,South,W02,0,14,14,0,8
2026-05-10,P003,South,W02,0,15,15,0,10
2026-05-11,P003,South,W02,0,13,13,0,11
2026-05-12,P003,South,W02,0,12,12,0,4
2026-05-13,P003,South,W02,0,18,13,5,0
2026-05-14,P003,South,W02,5,19,24,0,15
2026-05-15,P003,South,W02,0,18,18,0,13
2026-05-16,P003,South,W02,0,14,14,0,10
2026-05-17,P003,South,W02,0,10,10,0,12
2026-05-18,P003,South,W02,0,14,14,0,6
2026-05-19,P003,South,W02,0,12,12,0,13
2026-05-20,P003,South,W02,0,17,17,0,15
2026-05-21,P003,South,W02,0,15,15,0,7
2026-05-22,P003,South,W02,0,11,11,0,11
2026-05-23,P003,South,W02,0,13,13,0,9
2026-05-24,P003,South,W02,0,18,18,0,10
2026-05-25,P003,South,W02,0,15,15,0,4
2026-05-26,P003,South,W02,0,18,16,2,0
2026-05-27,P003,South,W02,2,12,14,0,11
2026-05-28,P003,South,W02,0,19,15,4,0
2026-05-29,P003,South,W02,4,16,17,3,0
2026-05-30,P003,South,W02,3,18,21,0,11
2026-05-31,P003,South,W02,0,10,10,0,15
2026-06-01,P003,South,W02,0,10,10,0,5
2026-06-02,P003,South,W02,0,11,11,0,9
2026-06-03,P003,South,W02,0,6,6,0,4
2026-06-04,P003,South,W02,0,18,18,0,15
2026-06-05,P003,South,W02,0,18,18,0,11
2026-06-06,P003,South,W02,0,19,19,0,14
2026-06-07,P003,South,W02,0,17,16,1,0
2026-06-08,P003,South,W02,1,17,16,2,0
2026-06-09,P003,South,W02,2,9,11,0,7
2026-06-10,P003,South,W02,0,17,16,1,0
2026-06-11,P003,South,W02,1,12,13,0,14
2026-06-12,P003,South,W02,0,14,14,0,4
2026-06-13,P003,South,W02,0,20,15,5,0
2026-06-14,P003,South,W02,5,14,16,3,0
2026-06-15,P003,South,W02,3,20,20,3,0
2026-06-16,P003,South,W02,3,25,17,11,0
2026-06-17,P003,South,W02,11,14,18,7,0
2026-06-18,P003,South,W02,7,17,24,0,12
2026-06-19,P003,South,W02,0,14,14,0,4
2026-06-20,P003,South,W02,0,14,14,0,6
2026-06-21,P003,South,W02,0,21,19,2,0
2026-06-22,P003,South,W02,2,5,7,0,8
2026-06-23,P003,South,W02,0,14,14,0,7
2026-06-24,P003,South,W02,0,13,13,0,9
2026-06-25,P003,South,W02,0,12,12,0,12
2026-06-26,P003,South,W02,0,14,14,0,7
2026-06-27,P003,South,W02,0,11,11,0,9
2026-06-28,P003,South,W02,0,9,9,0,13
2026-06-29,P003,South,W02,0,15,15,0,7
2026-06-30,P003,South,W02,0,9,9,0,7
2026-01-01,P003,East,W03,342,17,14,345,0
2026-01-02,P003,East,W03,345,11,12,344,0
2026-01-03,P003,East,W03,344,14,23,335,0
2026-01-04,P003,East,W03,335,14,20,329,0
2026-01-05,P003,East,W03,329,11,12,328,0
2026-01-06,P003,East,W03,328,7,16,319,0
2026-01-07,P003,East,W03,319,14,13,320,0
2026-01-08,P003,East,W03,320,11,22,309,0
2026-01-09,P003,East,W03,309,15,25,299,0
2026-01-10,P003,East,W03,299,13,16,296,0
2026-01-11,P003,East,W03,296,20,20,296,0
2026-01-12,P003,East,W03,296,17,17,296,0
2026-01-13,P003,East,W03,296,12,17,291,0
2026-01-14,P003,East,W03,291,14,13,292,0
2026-01-15,P003,East,W03,292,15,15,292,0
2026-01-16,P003,East,W03,292,17,20,289,0
2026-01-17,P003,East,W03,289,13,24,278,0
2026-01-18,P003,East,W03,278,23,11,290,0
2026-01-19,P003,East,W03,290,16,15,291,0
2026-01-20,P003,East,W03,291,14,19,286,0
2026-01-21,P003,East,W03,286,17,21,282,0
2026-01-22,P003,East,W03,282,23,20,285,0
2026-01-23,P003,East,W03,285,23,11,297,0
2026-01-24,P003,East,W03,297,11,11,297,0
2026-01-25,P003,East,W03,297,18,19,296,0
2026-01-26,P003,East,W03,296,9,22,283,0
2026-01-27,P003,East,W03,283,17,22,278,0
2026-01-28,P003,East,W03,278,16,17,277,0
2026-01-29,P003,East,W03,277,15,27,265,0
2026-01-30,P003,East,W03,265,13,16,262,0
2026-01-31,P003,East,W03,262,10,17,255,0
2026-02-01,P003,East,W03,255,18,19,254,0
2026-02-02,P003,East,W03,254,14,18,250,0
2026-02-03,P003,East,W03,250,15,20,245,0
2026-02-04,P003,East,W03,245,17,19,243,0
2026-02-05,P003,East,W03,243,12,18,237,0
2026-02-06,P003,East,W03,237,20,15,242,0
2026-02-07,P003,East,W03,242,18,17,243,0
2026-02-08,P003,East,W03,243,17,13,247,0
2026-02-09,P003,East,W03,247,16,20,243,0
2026-02-10,P003,East,W03,243,14,20,237,0
2026-02-11,P003,East,W03,237,12,22,227,0
2026-02-12,P003,East,W03,227,15,8,234,0
2026-02-13,P003,East,W03,234,17,13,238,0
2026-02-14,P003,East,W03,238,14,17,235,0
2026-02-15,P003,East,W03,235,13,29,219,0
2026-02-16,P003,East,W03,219,12,21,210,0
2026-02-17,P003,East,W03,210,12,14,208,0
2026-02-18,P003,East,W03,208,12,15,205,0
2026-02-19,P003,East,W03,205,20,15,210,0
2026-02-20,P003,East,W03,210,3,21,192,0
2026-02-21,P003,East,W03,192,5,18,179,0
2026-02-22,P003,East,W03,179,2,15,166,0
2026-02-23,P003,East,W03,166,4,23,147,0
2026-02-24,P003,East,W03,147,2,16,133,0
2026-02-25,P003,East,W03,133,4,16,121,0
2026-02-26,P003,East,W03,121,3,21,103,0
2026-02-27,P003,East,W03,103,1,18,86,0
2026-02-28,P003,East,W03,86,6,18,74,0
2026-03-01,P003,East,W03,74,15,14,75,0
2026-03-02,P003,East,W03,75,21,17,79,0
2026-03-03,P003,East,W03,79,20,16,83,0
2026-03-04,P003,East,W03,83,20,15,88,0
2026-03-05,P003,East,W03,88,19,17,90,0
2026-03-06,P003,East,W03,90,13,18,85,0
2026-03-07,P003,East,W03,85,19,10,94,0
2026-03-08,P003,East,W03,94,16,24,86,0
2026-03-09,P003,East,W03,86,19,7,98,0
2026-03-10,P003,East,W03,98,15,24,89,0
2026-03-11,P003,East,W03,89,16,21,84,0
2026-03-12,P003,East,W03,84,19,14,89,0
2026-03-13,P003,East,W03,89,16,15,90,0
2026-03-14,P003,East,W03,90,14,19,85,0
2026-03-15,P003,East,W03,85,15,15,85,0
2026-03-16,P003,East,W03,85,17,22,80,0
2026-03-17,P003,East,W03,80,12,29,63,0
2026-03-18,P003,East,W03,63,10,10,63,0
2026-03-19,P003,East,W03,63,19,21,61,0
2026-03-20,P003,East,W03,61,19,16,64,0
2026-03-21,P003,East,W03,64,13,15,62,0
2026-03-22,P003,East,W03,62,14,20,56,0
2026-03-23,P003,East,W03,56,22,21,57,0
2026-03-24,P003,East,W03,57,16,12,61,0
2026-03-25,P003,East,W03,61,14,19,56,0
2026-03-26,P003,East,W03,56,16,14,58,0
2026-03-27,P003,East,W03,58,13,21,50,0
2026-03-28,P003,East,W03,50,21,25,46,0
2026-03-29,P003,East,W03,46,11,16,41,0
2026-03-30,P003,East,W03,41,12,19,34,0
2026-03-31,P003,East,W03,34,18,19,33,0
2026-04-01,P003,East,W03,33,24,12,45,0
2026-04-02,P003,East,W03,45,15,18,42,0
2026-04-03,P003,East,W03,42,14,27,29,0
2026-04-04,P003,East,W03,29,7,19,17,0
2026-04-05,P003,East,W03,17,0,17,0,15
2026-04-06,P003,East,W03,0,0,0,0,12
2026-04-07,P003,East,W03,0,0,0,0,6
2026-04-08,P003,East,W03,0,0,0,0,13
2026-04-09,P003,East,W03,0,0,0,0,10
2026-04-10,P003,East,W03,0,0,0,0,7
2026-04-11,P003,East,W03,0,0,0,0,7
2026-04-12,P003,East,W03,0,0,0,0,4
2026-04-13,P003,East,W03,0,15,15,0,5
2026-04-14,P003,East,W03,0,13,13,0,8
2026-04-15,P003,East,W03,0,22,15,7,0
2026-04-16,P003,East,W03,7,20,17,10,0
2026-04-17,P003,East,W03,10,13,18,5,0
2026-04-18,P003,East,W03,5,10,15,0,10
2026-04-19,P003,East,W03,0,17,13,4,0
2026-04-20,P003,East,W03,4,14,16,2,0
2026-04-21,P003,East,W03,2,14,12,4,0
2026-04-22,P003,East,W03,4,16,15,5,0
2026-04-23,P003,East,W03,5,14,19,0,12
2026-04-24,P003,East,W03,0,17,17,0,14
2026-04-25,P003,East,W03,0,12,12,0,15
2026-04-26,P003,East,W03,0,7,7,0,4
2026-04-27,P003,East,W03,0,15,13,2,0
2026-04-28,P003,East,W03,2,17,19,0,12
2026-04-29,P003,East,W03,0,12,12,0,11
2026-04-30,P003,East,W03,0,11,11,0,11
2026-05-01,P003,East,W03,0,12,12,0,4
2026-05-02,P003,East,W03,0,22,19,3,0
2026-05-03,P003,East,W03,3,17,20,0,7
2026-05-04,P003,East,W03,0,21,12,9,0
2026-05-05,P003,East,W03,9,18,23,4,0
2026-05-06,P003,East,W03,4,12,16,0,9
2026-05-07,P003,East,W03,0,22,22,0,12
2026-05-08,P003,East,W03,0,16,14,2,0
2026-05-09,P003,East,W03,2,13,15,0,4
2026-05-10,P003,East,W03,0,17,17,0,6
2026-05-11,P003,East,W03,0,17,17,0,8
2026-05-12,P003,East,W03,0,18,17,1,0
2026-05-13,P003,East,W03,1,20,21,0,4
2026-05-14,P003,East,W03,0,11,11,0,15
2026-05-15,P003,East,W03,0,13,13,0,9
2026-05-16,P003,East,W03,0,8,8,0,5
2026-05-17,P003,East,W03,0,17,17,0,8
2026-05-18,P003,East,W03,0,16,16,0,10
2026-05-19,P003,East,W03,0,17,14,3,0
2026-05-20,P003,East,W03,3,15,18,0,13
2026-05-21,P003,East,W03,0,17,17,0,4
2026-05-22,P003,East,W03,0,10,10,0,4
2026-05-23,P003,East,W03,0,12,12,0,8
2026-05-24,P003,East,W03,0,15,15,0,6
2026-05-25,P003,East,W03,0,12,12,0,12
2026-05-26,P003,East,W03,0,15,15,0,0
2026-05-27,P003,East,W03,0,11,11,0,12
2026-05-28,P003,East,W03,0,13,13,0,7
2026-05-29,P003,East,W03,0,17,17,0,15
2026-05-30,P003,East,W03,0,13,13,0,5
2026-05-31,P003,East,W03,0,10,10,0,13
2026-06-01,P003,East,W03,0,16,16,0,10
2026-06-02,P003,East,W03,0,17,13,4,0
2026-06-03,P003,East,W03,4,14,18,0,12
2026-06-04,P003,East,W03,0,18,14,4,0
2026-06-05,P003,East,W03,4,17,21,0,8
2026-06-06,P003,East,W03,0,20,20,0,11
2026-06-07,P003,East,W03,0,18,14,4,0
2026-06-08,P003,East,W03,4,16,20,0,7
2026-06-09,P003,East,W03,0,14,13,1,0
2026-06-10,P003,East,W03,1,18,19,0,6
2026-06-11,P003,East,W03,0,17,12,5,0
2026-06-12,P003,East,W03,5,16,17,4,0
2026-06-13,P003,East,W03,4,5,9,0,5
2026-06-14,P003,East,W03,0,14,14,0,10
2026-06-15,P003,East,W03,0,14,14,0,8
2026-06-16,P003,East,W03,0,12,12,0,5
2026-06-17,P003,East,W03,0,14,14,0,9
2026-06-18,P003,East,W03,0,20,20,0,15
2026-06-19,P003,East,W03,0,11,11,0,11
2026-06-20,P003,East,W03,0,14,14,0,11
2026-06-21,P003,East,W03,0,16,16,0,0
2026-06-22,P003,East,W03,0,13,13,0,10
2026-06-23,P003,East,W03,0,15,15,0,9
2026-06-24,P003,East,W03,0,18,18,0,7
2026-06-25,P003,East,W03,0,13,13,0,12
2026-06-26,P003,East,W03,0,12,10,2,0
2026-06-27,P003,East,W03,2,11,13,0,13
2026-06-28,P003,East,W03,0,6,6,0,15
2026-06-29,P003,East,W03,0,15,15,0,11
2026-06-30,P003,East,W03,0,11,11,0,10
2026-01-01,P003,West,W04,550,15,21,544,0
2026-01-02,P003,West,W04,544,11,11,544,0
2026-01-03,P003,West,W04,544,16,20,540,0
2026-01-04,P003,West,W04,540,18,20,538,0
2026-01-05,P003,West,W04,538,17,15,540,0
2026-01-06,P003,West,W04,540,21,19,542,0
2026-01-07,P003,West,W04,542,15,16,541,0
2026-01-08,P003,West,W04,541,9,22,528,0
2026-01-09,P003,West,W04,528,13,26,515,0
2026-01-10,P003,West,W04,515,15,16,514,0
2026-01-11,P003,West,W04,514,13,17,510,0
2026-01-12,P003,West,W04,510,17,21,506,0
2026-01-13,P003,West,W04,506,20,17,509,0
2026-01-14,P003,West,W04,509,14,22,501,0
2026-01-15,P003,West,W04,501,13,21,493,0
2026-01-16,P003,West,W04,493,10,17,486,0
2026-01-17,P003,West,W04,486,11,15,482,0
2026-01-18,P003,West,W04,482,11,21,472,0
2026-01-19,P003,West,W04,472,9,17,464,0
2026-01-20,P003,West,W04,464,16,13,467,0
2026-01-21,P003,West,W04,467,15,19,463,0
2026-01-22,P003,West,W04,463,9,19,453,0
2026-01-23,P003,West,W04,453,17,14,456,0
2026-01-24,P003,West,W04,456,15,13,458,0
2026-01-25,P003,West,W04,458,12,24,446,0
2026-01-26,P003,West,W04,446,18,23,441,0
2026-01-27,P003,West,W04,441,11,18,434,0
2026-01-28,P003,West,W04,434,17,13,438,0
2026-01-29,P003,West,W04,438,17,18,437,0
2026-01-30,P003,West,W04,437,14,12,439,0
2026-01-31,P003,West,W04,439,17,19,437,0
2026-02-01,P003,West,W04,437,19,16,440,0
2026-02-02,P003,West,W04,440,9,9,440,0
2026-02-03,P003,West,W04,440,10,17,433,0
2026-02-04,P003,West,W04,433,14,14,433,0
2026-02-05,P003,West,W04,433,17,16,434,0
2026-02-06,P003,West,W04,434,15,26,423,0
2026-02-07,P003,West,W04,423,15,21,417,0
2026-02-08,P003,West,W04,417,12,27,402,0
2026-02-09,P003,West,W04,402,17,18,401,0
2026-02-10,P003,West,W04,401,19,17,403,0
2026-02-11,P003,West,W04,403,17,19,401,0
2026-02-12,P003,West,W04,401,18,21,398,0
2026-02-13,P003,West,W04,398,15,11,402,0
2026-02-14,P003,West,W04,402,13,14,401,0
2026-02-15,P003,West,W04,401,14,16,399,0
2026-02-16,P003,West,W04,399,9,24,384,0
2026-02-17,P003,West,W04,384,17,16,385,0
2026-02-18,P003,West,W04,385,16,20,381,0
2026-02-19,P003,West,W04,381,14,24,371,0
2026-02-20,P003,West,W04,371,0,18,353,0
2026-02-21,P003,West,W04,353,2,19,336,0
2026-02-22,P003,West,W04,336,2,15,323,0
2026-02-23,P003,West,W04,323,3,13,313,0
2026-02-24,P003,West,W04,313,1,13,301,0
2026-02-25,P003,West,W04,301,1,19,283,0
2026-02-26,P003,West,W04,283,2,22,263,0
2026-02-27,P003,West,W04,263,2,21,244,0
2026-02-28,P003,West,W04,244,1,22,223,0
2026-03-01,P003,West,W04,223,18,16,225,0
2026-03-02,P003,West,W04,225,18,13,230,0
2026-03-03,P003,West,W04,230,22,14,238,0
2026-03-04,P003,West,W04,238,12,21,229,0
2026-03-05,P003,West,W04,229,14,18,225,0
2026-03-06,P003,West,W04,225,19,14,230,0
2026-03-07,P003,West,W04,230,18,16,232,0
2026-03-08,P003,West,W04,232,17,14,235,0
2026-03-09,P003,West,W04,235,14,19,230,0
2026-03-10,P003,West,W04,230,17,19,228,0
2026-03-11,P003,West,W04,228,10,20,218,0
2026-03-12,P003,West,W04,218,17,19,216,0
2026-03-13,P003,West,W04,216,15,14,217,0
2026-03-14,P003,West,W04,217,14,17,214,0
2026-03-15,P003,West,W04,214,13,6,221,0
2026-03-16,P003,West,W04,221,12,21,212,0
2026-03-17,P003,West,W04,212,13,16,209,0
2026-03-18,P003,West,W04,209,16,19,206,0
2026-03-19,P003,West,W04,206,19,19,206,0
2026-03-20,P003,West,W04,206,15,15,206,0
2026-03-21,P003,West,W04,206,12,16,202,0
2026-03-22,P003,West,W04,202,16,23,195,0
2026-03-23,P003,West,W04,195,15,11,199,0
2026-03-24,P003,West,W04,199,10,13,196,0
2026-03-25,P003,West,W04,196,16,14,198,0
2026-03-26,P003,West,W04,198,16,8,206,0
2026-03-27,P003,West,W04,206,15,14,207,0
2026-03-28,P003,West,W04,207,10,17,200,0
2026-03-29,P003,West,W04,200,22,16,206,0
2026-03-30,P003,West,W04,206,18,14,210,0
2026-03-31,P003,West,W04,210,17,19,208,0
2026-04-01,P003,West,W04,208,17,16,209,0
2026-04-02,P003,West,W04,209,13,20,202,0
2026-04-03,P003,West,W04,202,12,18,196,0
2026-04-04,P003,West,W04,196,21,23,194,0
2026-04-05,P003,West,W04,194,0,26,168,0
2026-04-06,P003,West,W04,168,0,36,132,0
2026-04-07,P003,West,W04,132,0,26,106,0
2026-04-08,P003,West,W04,106,0,18,88,0
2026-04-09,P003,West,W04,88,0,21,67,0
2026-04-10,P003,West,W04,67,0,33,34,0
2026-04-11,P003,West,W04,34,0,17,17,0
2026-04-12,P003,West,W04,17,0,17,0,12
2026-04-13,P003,West,W04,0,14,14,0,14
2026-04-14,P003,West,W04,0,14,14,0,12
2026-04-15,P003,West,W04,0,14,10,4,0
2026-04-16,P003,West,W04,4,18,17,5,0
2026-04-17,P003,West,W04,5,13,18,0,9
2026-04-18,P003,West,W04,0,19,19,0,9
2026-04-19,P003,West,W04,0,14,14,0,4
2026-04-20,P003,West,W04,0,12,12,0,4
2026-04-21,P003,West,W04,0,10,10,0,15
2026-04-22,P003,West,W04,0,10,10,0,9
2026-04-23,P003,West,W04,0,15,15,0,0
2026-04-24,P003,West,W04,0,16,15,1,0
2026-04-25,P003,West,W04,1,14,15,0,14
2026-04-26,P003,West,W04,0,13,13,0,6
2026-04-27,P003,West,W04,0,17,17,0,10
2026-04-28,P003,West,W04,0,17,17,0,9
2026-04-29,P003,West,W04,0,10,10,0,9
2026-04-30,P003,West,W04,0,24,18,6,0
2026-05-01,P003,West,W04,6,16,22,0,5
2026-05-02,P003,West,W04,0,19,19,0,14
2026-05-03,P003,West,W04,0,14,14,0,7
2026-05-04,P003,West,W04,0,15,15,0,10
2026-05-05,P003,West,W04,0,18,18,0,15
2026-05-06,P003,West,W04,0,16,16,0,13
2026-05-07,P003,West,W04,0,14,12,2,0
2026-05-08,P003,West,W04,2,23,17,8,0
2026-05-09,P003,West,W04,8,18,21,5,0
2026-05-10,P003,West,W04,5,14,19,0,0
2026-05-11,P003,West,W04,0,22,22,0,11
2026-05-12,P003,West,W04,0,19,19,0,14
2026-05-13,P003,West,W04,0,11,11,0,11
2026-05-14,P003,West,W04,0,14,14,0,0
2026-05-15,P003,West,W04,0,14,14,0,0
2026-05-16,P003,West,W04,0,12,12,0,14
2026-05-17,P003,West,W04,0,14,14,0,0
2026-05-18,P003,West,W04,0,11,11,0,11
2026-05-19,P003,West,W04,0,10,10,0,11
2026-05-20,P003,West,W04,0,16,16,0,7
2026-05-21,P003,West,W04,0,14,11,3,0
2026-05-22,P003,West,W04,3,15,18,0,0
2026-05-23,P003,West,W04,0,16,16,0,4
2026-05-24,P003,West,W04,0,12,12,0,12
2026-05-25,P003,West,W04,0,9,9,0,11
2026-05-26,P003,West,W04,0,17,17,0,5
2026-05-27,P003,West,W04,0,17,14,3,0
2026-05-28,P003,West,W04,3,13,16,0,7
2026-05-29,P003,West,W04,0,8,8,0,14
2026-05-30,P003,West,W04,0,10,10,0,4
2026-05-31,P003,West,W04,0,16,16,0,9
2026-06-01,P003,West,W04,0,18,18,0,6
2026-06-02,P003,West,W04,0,12,12,0,12
2026-06-03,P003,West,W04,0,18,18,0,4
2026-06-04,P003,West,W04,0,14,11,3,0
2026-06-05,P003,West,W04,3,24,9,18,0
2026-06-06,P003,West,W04,18,12,21,9,0
2026-06-07,P003,West,W04,9,8,14,3,0
2026-06-08,P003,West,W04,3,19,22,0,10
2026-06-09,P003,West,W04,0,12,12,0,14
2026-06-10,P003,West,W04,0,13,13,0,14
2026-06-11,P003,West,W04,0,11,11,0,15
2026-06-12,P003,West,W04,0,16,16,0,11
2026-06-13,P003,West,W04,0,15,15,0,15
2026-06-14,P003,West,W04,0,13,13,0,10
2026-06-15,P003,West,W04,0,9,9,0,11
2026-06-16,P003,West,W04,0,7,7,0,14
2026-06-17,P003,West,W04,0,20,20,0,10
2026-06-18,P003,West,W04,0,21,21,0,0
2026-06-19,P003,West,W04,0,19,13,6,0
2026-06-20,P003,West,W04,6,15,15,6,0
2026-06-21,P003,West,W04,6,13,18,1,0
2026-06-22,P003,West,W04,1,17,17,1,0
2026-06-23,P003,West,W04,1,17,13,5,0
2026-06-24,P003,West,W04,5,14,15,4,0
2026-06-25,P003,West,W04,4,9,13,0,8
2026-06-26,P003,West,W04,0,15,15,0,13
2026-06-27,P003,West,W04,0,15,15,0,6
2026-06-28,P003,West,W04,0,19,16,3,0
2026-06-29,P003,West,W04,3,14,17,0,0
2026-06-30,P003,West,W04,0,19,13,6,0
2026-01-01,P004,North,W01,252,16,15,253,0
2026-01-02,P004,North,W01,253,13,14,252,0
2026-01-03,P004,North,W01,252,21,15,258,0
2026-01-04,P004,North,W01,258,14,18,254,0
2026-01-05,P004,North,W01,254,18,20,252,0
2026-01-06,P004,North,W01,252,19,13,258,0
2026-01-07,P004,North,W01,258,22,18,262,0
2026-01-08,P004,North,W01,262,24,19,267,0
2026-01-09,P004,North,W01,267,14,16,265,0
2026-01-10,P004,North,W01,265,17,18,264,0
2026-01-11,P004,North,W01,264,12,16,260,0
2026-01-12,P004,North,W01,260,15,26,249,0
2026-01-13,P004,North,W01,249,20,19,250,0
2026-01-14,P004,North,W01,250,8,20,238,0
2026-01-15,P004,North,W01,238,14,29,223,0
2026-01-16,P004,North,W01,223,17,20,220,0
2026-01-17,P004,North,W01,220,14,25,209,0
2026-01-18,P004,North,W01,209,14,22,201,0
2026-01-19,P004,North,W01,201,18,15,204,0
2026-01-20,P004,North,W01,204,15,15,204,0
2026-01-21,P004,North,W01,204,17,15,206,0
2026-01-22,P004,North,W01,206,14,18,202,0
2026-01-23,P004,North,W01,202,13,12,203,0
2026-01-24,P004,North,W01,203,10,18,195,0
2026-01-25,P004,North,W01,195,23,17,201,0
2026-01-26,P004,North,W01,201,11,20,192,0
2026-01-27,P004,North,W01,192,15,17,190,0
2026-01-28,P004,North,W01,190,12,10,192,0
2026-01-29,P004,North,W01,192,17,23,186,0
2026-01-30,P004,North,W01,186,16,16,186,0
2026-01-31,P004,North,W01,186,14,14,186,0
2026-02-01,P004,North,W01,186,13,19,180,0
2026-02-02,P004,North,W01,180,17,16,181,0
2026-02-03,P004,North,W01,181,13,20,174,0
2026-02-04,P004,North,W01,174,12,16,170,0
2026-02-05,P004,North,W01,170,3,24,149,0
2026-02-06,P004,North,W01,149,18,13,154,0
2026-02-07,P004,North,W01,154,12,20,146,0
2026-02-08,P004,North,W01,146,16,15,147,0
2026-02-09,P004,North,W01,147,12,13,146,0
2026-02-10,P004,North,W01,146,19,23,142,0
2026-02-11,P004,North,W01,142,17,23,136,0
2026-02-12,P004,North,W01,136,18,22,132,0
2026-02-13,P004,North,W01,132,9,19,122,0
2026-02-14,P004,North,W01,122,13,18,117,0
2026-02-15,P004,North,W01,117,15,25,107,0
2026-02-16,P004,North,W01,107,17,17,107,0
2026-02-17,P004,North,W01,107,15,16,106,0
2026-02-18,P004,North,W01,106,11,17,100,0
2026-02-19,P004,North,W01,100,14,22,92,0
2026-02-20,P004,North,W01,92,5,19,78,0
2026-02-21,P004,North,W01,78,8,20,66,0
2026-02-22,P004,North,W01,66,3,13,56,0
2026-02-23,P004,North,W01,56,1,18,39,0
2026-02-24,P004,North,W01,39,4,19,24,0
2026-02-25,P004,North,W01,24,5,15,14,0
2026-02-26,P004,North,W01,14,2,13,3,0
2026-02-27,P004,North,W01,3,2,5,0,7
2026-02-28,P004,North,W01,0,4,4,0,13
2026-03-01,P004,North,W01,0,16,16,0,6
2026-03-02,P004,North,W01,0,25,18,7,0
2026-03-03,P004,North,W01,7,14,16,5,0
2026-03-04,P004,North,W01,5,16,15,6,0
2026-03-05,P004,North,W01,6,8,14,0,7
2026-03-06,P004,North,W01,0,19,18,1,0
2026-03-07,P004,North,W01,1,20,19,2,0
2026-03-08,P004,North,W01,2,17,13,6,0
2026-03-09,P004,North,W01,6,9,15,0,8
2026-03-10,P004,North,W01,0,11,11,0,8
2026-03-11,P004,North,W01,0,17,13,4,0
2026-03-12,P004,North,W01,4,18,15,7,0
2026-03-13,P004,North,W01,7,8,15,0,13
2026-03-14,P004,North,W01,0,21,11,10,0
2026-03-15,P004,North,W01,10,18,12,16,0
2026-03-16,P004,North,W01,16,15,17,14,0
2026-03-17,P004,North,W01,14,21,12,23,0
2026-03-18,P004,North,W01,23,16,15,24,0
2026-03-19,P004,North,W01,24,19,19,24,0
2026-03-20,P004,North,W01,24,20,14,30,0
2026-03-21,P004,North,W01,30,16,21,25,0
2026-03-22,P004,North,W01,25,10,12,23,0
2026-03-23,P004,North,W01,23,21,16,28,0
2026-03-24,P004,North,W01,28,15,18,25,0
2026-03-25,P004,North,W01,25,15,19,21,0
2026-03-26,P004,North,W01,21,12,17,16,0
2026-03-27,P004,North,W01,16,23,16,23,0
2026-03-28,P004,North,W01,23,13,22,14,0
2026-03-29,P004,North,W01,14,18,19,13,0
2026-03-30,P004,North,W01,13,16,19,10,0
2026-03-31,P004,North,W01,10,13,14,9,0
2026-04-01,P004,North,W01,9,14,13,10,0
2026-04-02,P004,North,W01,10,11,21,0,5
2026-04-03,P004,North,W01,0,16,16,0,5
2026-04-04,P004,North,W01,0,12,12,0,4
2026-04-05,P004,North,W01,0,0,0,0,11
2026-04-06,P004,North,W01,0,0,0,0,14
2026-04-07,P004,North,W01,0,0,0,0,14
2026-04-08,P004,North,W01,0,0,0,0,6
2026-04-09,P004,North,W01,0,0,0,0,7
2026-04-10,P004,North,W01,0,0,0,0,10
2026-04-11,P004,North,W01,0,0,0,0,14
2026-04-12,P004,North,W01,0,0,0,0,12
2026-04-13,P004,North,W01,0,18,18,0,10
2026-04-14,P004,North,W01,0,9,9,0,15
2026-04-15,P004,North,W01,0,9,9,0,14
2026-04-16,P004,North,W01,0,10,10,0,14
2026-04-17,P004,North,W01,0,15,15,0,4
2026-04-18,P004,North,W01,0,12,12,0,8
2026-04-19,P004,North,W01,0,21,21,0,0
2026-04-20,P004,North,W01,0,19,19,0,0
2026-04-21,P004,North,W01,0,15,13,2,0
2026-04-22,P004,North,W01,2,17,18,1,0
2026-04-23,P004,North,W01,1,16,16,1,0
2026-04-24,P004,North,W01,1,16,16,1,0
2026-04-25,P004,North,W01,1,11,12,0,5
2026-04-26,P004,North,W01,0,22,20,2,0
2026-04-27,P004,North,W01,2,20,20,2,0
2026-04-28,P004,North,W01,2,12,14,0,7
2026-04-29,P004,North,W01,0,13,13,0,15
2026-04-30,P004,North,W01,0,16,16,0,0
2026-05-01,P004,North,W01,0,21,21,0,6
2026-05-02,P004,North,W01,0,15,15,0,14
2026-05-03,P004,North,W01,0,9,9,0,9
2026-05-04,P004,North,W01,0,21,21,0,4
2026-05-05,P004,North,W01,0,17,17,0,14
2026-05-06,P004,North,W01,0,10,10,0,4
2026-05-07,P004,North,W01,0,19,19,0,4
2026-05-08,P004,North,W01,0,16,16,0,4
2026-05-09,P004,North,W01,0,21,18,3,0
2026-05-10,P004,North,W01,3,14,17,0,11
2026-05-11,P004,North,W01,0,9,9,0,10
2026-05-12,P004,North,W01,0,22,17,5,0
2026-05-13,P004,North,W01,5,27,25,7,0
2026-05-14,P004,North,W01,7,19,21,5,0
2026-05-15,P004,North,W01,5,13,18,0,0
2026-05-16,P004,North,W01,0,9,9,0,14
2026-05-17,P004,North,W01,0,13,13,0,9
2026-05-18,P004,North,W01,0,15,15,0,15
2026-05-19,P004,North,W01,0,16,16,0,11
2026-05-20,P004,North,W01,0,19,19,0,12
2026-05-21,P004,North,W01,0,19,17,2,0
2026-05-22,P004,North,W01,2,24,17,9,0
2026-05-23,P004,North,W01,9,12,21,0,0
2026-05-24,P004,North,W01,0,10,10,0,14
2026-05-25,P004,North,W01,0,16,16,0,10
2026-05-26,P004,North,W01,0,13,13,0,13
2026-05-27,P004,North,W01,0,14,14,0,13
2026-05-28,P004,North,W01,0,19,17,2,0
2026-05-29,P004,North,W01,2,18,19,1,0
2026-05-30,P004,North,W01,1,18,17,2,0
2026-05-31,P004,North,W01,2,13,15,0,8
2026-06-01,P004,North,W01,0,11,11,0,15
2026-06-02,P004,North,W01,0,12,12,0,15
2026-06-03,P004,North,W01,0,18,18,0,5
2026-06-04,P004,North,W01,0,15,15,0,15
2026-06-05,P004,North,W01,0,13,13,0,5
2026-06-06,P004,North,W01,0,17,17,0,10
2026-06-07,P004,North,W01,0,12,12,0,11
2026-06-08,P004,North,W01,0,14,14,0,7
2026-06-09,P004,North,W01,0,19,19,0,4
2026-06-10,P004,North,W01,0,15,9,6,0
2026-06-11,P004,North,W01,6,15,21,0,14
2026-06-12,P004,North,W01,0,15,15,0,7
2026-06-13,P004,North,W01,0,23,22,1,0
2026-06-14,P004,North,W01,1,16,17,0,10
2026-06-15,P004,North,W01,0,16,16,0,7
2026-06-16,P004,North,W01,0,15,15,0,8
2026-06-17,P004,North,W01,0,11,11,0,6
2026-06-18,P004,North,W01,0,14,11,3,0
2026-06-19,P004,North,W01,3,10,13,0,7
2026-06-20,P004,North,W01,0,13,13,0,13
2026-06-21,P004,North,W01,0,14,14,0,4
2026-06-22,P004,North,W01,0,19,18,1,0
2026-06-23,P004,North,W01,1,12,13,0,8
2026-06-24,P004,North,W01,0,23,14,9,0
2026-06-25,P004,North,W01,9,12,21,0,0
2026-06-26,P004,North,W01,0,22,20,2,0
2026-06-27,P004,North,W01,2,14,15,1,0
2026-06-28,P004,North,W01,1,10,11,0,8
2026-06-29,P004,North,W01,0,13,13,0,4
2026-06-30,P004,North,W01,0,9,9,0,10
2026-01-01,P004,South,W02,537,7,27,517,0
2026-01-02,P004,South,W02,517,18,23,512,0
2026-01-03,P004,South,W02,512,11,23,500,0
2026-01-04,P004,South,W02,500,16,19,497,0
2026-01-05,P004,South,W02,497,11,19,489,0
2026-01-06,P004,South,W02,489,16,23,482,0
2026-01-07,P004,South,W02,482,16,16,482,0
2026-01-08,P004,South,W02,482,16,15,483,0
2026-01-09,P004,South,W02,483,17,19,481,0
2026-01-10,P004,South,W02,481,19,20,480,0
2026-01-11,P004,South,W02,480,15,16,479,0
2026-01-12,P004,South,W02,479,17,23,473,0
2026-01-13,P004,South,W02,473,12,11,474,0
2026-01-14,P004,South,W02,474,15,19,470,0
2026-01-15,P004,South,W02,470,12,15,467,0
2026-01-16,P004,South,W02,467,15,17,465,0
2026-01-17,P004,South,W02,465,19,22,462,0
2026-01-18,P004,South,W02,462,21,20,463,0
2026-01-19,P004,South,W02,463,14,19,458,0
2026-01-20,P004,South,W02,458,19,21,456,0
2026-01-21,P004,South,W02,456,18,23,451,0
2026-01-22,P004,South,W02,451,18,23,446,0
2026-01-23,P004,South,W02,446,16,19,443,0
2026-01-24,P004,South,W02,443,10,25,428,0
2026-01-25,P004,South,W02,428,15,24,419,0
2026-01-26,P004,South,W02,419,11,17,413,0
2026-01-27,P004,South,W02,413,18,11,420,0
2026-01-28,P004,South,W02,420,24,18,426,0
2026-01-29,P004,South,W02,426,14,18,422,0
2026-01-30,P004,South,W02,422,15,20,417,0
2026-01-31,P004,South,W02,417,13,17,413,0
2026-02-01,P004,South,W02,413,15,12,416,0
2026-02-02,P004,South,W02,416,19,15,420,0
2026-02-03,P004,South,W02,420,11,14,417,0
2026-02-04,P004,South,W02,417,18,22,413,0
2026-02-05,P004,South,W02,413,6,20,399,0
2026-02-06,P004,South,W02,399,12,12,399,0
2026-02-07,P004,South,W02,399,18,18,399,0
2026-02-08,P004,South,W02,399,18,16,401,0
2026-02-09,P004,South,W02,401,13,13,401,0
2026-02-10,P004,South,W02,401,11,20,392,0
2026-02-11,P004,South,W02,392,16,16,392,0
2026-02-12,P004,South,W02,392,16,14,394,0
2026-02-13,P004,South,W02,394,16,13,397,0
2026-02-14,P004,South,W02,397,12,14,395,0
2026-02-15,P004,South,W02,395,19,18,396,0
2026-02-16,P004,South,W02,396,12,16,392,0
2026-02-17,P004,South,W02,392,21,19,394,0
2026-02-18,P004,South,W02,394,12,15,391,0
2026-02-19,P004,South,W02,391,16,19,388,0
2026-02-20,P004,South,W02,388,6,16,378,0
2026-02-21,P004,South,W02,378,1,20,359,0
2026-02-22,P004,South,W02,359,4,34,329,0
2026-02-23,P004,South,W02,329,6,25,310,0
2026-02-24,P004,South,W02,310,3,21,292,0
2026-02-25,P004,South,W02,292,5,25,272,0
2026-02-26,P004,South,W02,272,2,14,260,0
2026-02-27,P004,South,W02,260,3,20,243,0
2026-02-28,P004,South,W02,243,4,15,232,0
2026-03-01,P004,South,W02,232,17,17,232,0
2026-03-02,P004,South,W02,232,14,16,230,0
2026-03-03,P004,South,W02,230,14,21,223,0
2026-03-04,P004,South,W02,223,8,16,215,0
2026-03-05,P004,South,W02,215,18,16,217,0
2026-03-06,P004,South,W02,217,10,19,208,0
2026-03-07,P004,South,W02,208,17,19,206,0
2026-03-08,P004,South,W02,206,19,18,207,0
2026-03-09,P004,South,W02,207,11,15,203,0
2026-03-10,P004,South,W02,203,14,21,196,0
2026-03-11,P004,South,W02,196,17,19,194,0
2026-03-12,P004,South,W02,194,15,20,189,0
2026-03-13,P004,South,W02,189,19,15,193,0
2026-03-14,P004,South,W02,193,20,18,195,0
2026-03-15,P004,South,W02,195,12,17,190,0
2026-03-16,P004,South,W02,190,16,19,187,0
2026-03-17,P004,South,W02,187,18,22,183,0
2026-03-18,P004,South,W02,183,7,16,174,0
2026-03-19,P004,South,W02,174,16,17,173,0
2026-03-20,P004,South,W02,173,10,17,166,0
2026-03-21,P004,South,W02,166,16,15,167,0
2026-03-22,P004,South,W02,167,13,19,161,0
2026-03-23,P004,South,W02,161,17,24,154,0
2026-03-24,P004,South,W02,154,13,21,146,0
2026-03-25,P004,South,W02,146,17,11,152,0
2026-03-26,P004,South,W02,152,16,25,143,0
2026-03-27,P004,South,W02,143,18,28,133,0
2026-03-28,P004,South,W02,133,8,22,119,0
2026-03-29,P004,South,W02,119,21,19,121,0
2026-03-30,P004,South,W02,121,14,10,125,0
2026-03-31,P004,South,W02,125,25,14,136,0
2026-04-01,P004,South,W02,136,17,12,141,0
2026-04-02,P004,South,W02,141,22,22,141,0
2026-04-03,P004,South,W02,141,11,11,141,0
2026-04-04,P004,South,W02,141,17,20,138,0
2026-04-05,P004,South,W02,138,0,31,107,0
2026-04-06,P004,South,W02,107,0,20,87,0
2026-04-07,P004,South,W02,87,0,18,69,0
2026-04-08,P004,South,W02,69,0,30,39,0
2026-04-09,P004,South,W02,39,0,24,15,0
2026-04-10,P004,South,W02,15,0,15,0,6
2026-04-11,P004,South,W02,0,0,0,0,9
2026-04-12,P004,South,W02,0,0,0,0,6
2026-04-13,P004,South,W02,0,11,11,0,12
2026-04-14,P004,South,W02,0,19,13,6,0
2026-04-15,P004,South,W02,6,11,13,4,0
2026-04-16,P004,South,W02,4,22,18,8,0
2026-04-17,P004,South,W02,8,13,20,1,0
2026-04-18,P004,South,W02,1,25,17,9,0
2026-04-19,P004,South,W02,9,13,18,4,0
2026-04-20,P004,South,W02,4,10,14,0,9
2026-04-21,P004,South,W02,0,10,10,0,15
2026-04-22,P004,South,W02,0,15,15,0,13
2026-04-23,P004,South,W02,0,20,20,0,11
2026-04-24,P004,South,W02,0,8,8,0,11
2026-04-25,P004,South,W02,0,12,12,0,12
2026-04-26,P004,South,W02,0,17,15,2,0
2026-04-27,P004,South,W02,2,23,25,0,6
2026-04-28,P004,South,W02,0,19,14,5,0
2026-04-29,P004,South,W02,5,20,16,9,0
2026-04-30,P004,South,W02,9,15,23,1,0
2026-05-01,P004,South,W02,1,14,15,0,4
2026-05-02,P004,South,W02,0,22,20,2,0
2026-05-03,P004,South,W02,2,21,19,4,0
2026-05-04,P004,South,W02,4,13,17,0,13
2026-05-05,P004,South,W02,0,13,13,0,10
2026-05-06,P004,South,W02,0,14,14,0,4
2026-05-07,P004,South,W02,0,15,15,0,4
2026-05-08,P004,South,W02,0,17,14,3,0
2026-05-09,P004,South,W02,3,14,14,3,0
2026-05-10,P004,South,W02,3,11,14,0,12
2026-05-11,P004,South,W02,0,11,11,0,5
2026-05-12,P004,South,W02,0,17,17,0,4
2026-05-13,P004,South,W02,0,14,14,0,7
2026-05-14,P004,South,W02,0,13,13,0,9
2026-05-15,P004,South,W02,0,14,14,0,10
2026-05-16,P004,South,W02,0,19,19,0,9
2026-05-17,P004,South,W02,0,15,15,0,9
2026-05-18,P004,South,W02,0,10,10,0,11
2026-05-19,P004,South,W02,0,13,13,0,4
2026-05-20,P004,South,W02,0,18,18,0,12
2026-05-21,P004,South,W02,0,12,12,0,4
2026-05-22,P004,South,W02,0,19,17,2,0
2026-05-23,P004,South,W02,2,16,18,0,13
2026-05-24,P004,South,W02,0,17,16,1,0
2026-05-25,P004,South,W02,1,20,16,5,0
2026-05-26,P004,South,W02,5,19,15,9,0
2026-05-27,P004,South,W02,9,14,22,1,0
2026-05-28,P004,South,W02,1,13,14,0,8
2026-05-29,P004,South,W02,0,16,16,0,11
2026-05-30,P004,South,W02,0,15,15,0,10
2026-05-31,P004,South,W02,0,15,15,0,10
2026-06-01,P004,South,W02,0,16,16,0,6
2026-06-02,P004,South,W02,0,15,15,0,8
2026-06-03,P004,South,W02,0,17,17,0,6
2026-06-04,P004,South,W02,0,18,18,0,0
2026-06-05,P004,South,W02,0,6,6,0,5
2026-06-06,P004,South,W02,0,16,12,4,0
2026-06-07,P004,South,W02,4,11,15,0,10
2026-06-08,P004,South,W02,0,18,18,0,10
2026-06-09,P004,South,W02,0,6,6,0,5
2026-06-10,P004,South,W02,0,6,6,0,7
2026-06-11,P004,South,W02,0,10,10,0,11
2026-06-12,P004,South,W02,0,15,15,0,12
2026-06-13,P004,South,W02,0,12,12,0,7
2026-06-14,P004,South,W02,0,14,14,0,4
2026-06-15,P004,South,W02,0,15,15,0,7
2026-06-16,P004,South,W02,0,13,13,0,12
2026-06-17,P004,South,W02,0,12,12,0,4
2026-06-18,P004,South,W02,0,21,17,4,0
2026-06-19,P004,South,W02,4,20,20,4,0
2026-06-20,P004,South,W02,4,28,19,13,0
2026-06-21,P004,South,W02,13,22,28,7,0
2026-06-22,P004,South,W02,7,13,13,7,0
2026-06-23,P004,South,W02,7,17,19,5,0
2026-06-24,P004,South,W02,5,16,21,0,7
2026-06-25,P004,South,W02,0,11,11,0,12
2026-06-26,P004,South,W02,0,9,9,0,6
2026-06-27,P004,South,W02,0,10,9,1,0
2026-06-28,P004,South,W02,1,15,16,0,14
2026-06-29,P004,South,W02,0,18,18,0,6
2026-06-30,P004,South,W02,0,7,7,0,13
2026-01-01,P004,East,W03,506,11,15,502,0
2026-01-02,P004,East,W03,502,14,15,501,0
2026-01-03,P004,East,W03,501,18,12,507,0
2026-01-04,P004,East,W03,507,10,21,496,0
2026-01-05,P004,East,W03,496,13,12,497,0
2026-01-06,P004,East,W03,497,11,18,490,0
2026-01-07,P004,East,W03,490,19,27,482,0
2026-01-08,P004,East,W03,482,20,18,484,0
2026-01-09,P004,East,W03,484,15,15,484,0
2026-01-10,P004,East,W03,484,18,18,484,0
2026-01-11,P004,East,W03,484,18,18,484,0
2026-01-12,P004,East,W03,484,19,24,479,0
2026-01-13,P004,East,W03,479,16,22,473,0
2026-01-14,P004,East,W03,473,15,22,466,0
2026-01-15,P004,East,W03,466,12,16,462,0
2026-01-16,P004,East,W03,462,16,15,463,0
2026-01-17,P004,East,W03,463,10,27,446,0
2026-01-18,P004,East,W03,446,23,21,448,0
2026-01-19,P004,East,W03,448,13,22,439,0
2026-01-20,P004,East,W03,439,13,12,440,0
2026-01-21,P004,East,W03,440,17,25,432,0
2026-01-22,P004,East,W03,432,14,19,427,0
2026-01-23,P004,East,W03,427,13,20,420,0
2026-01-24,P004,East,W03,420,12,18,414,0
2026-01-25,P004,East,W03,414,18,21,411,0
2026-01-26,P004,East,W03,411,22,23,410,0
2026-01-27,P004,East,W03,410,13,18,405,0
2026-01-28,P004,East,W03,405,17,16,406,0
2026-01-29,P004,East,W03,406,22,14,414,0
2026-01-30,P004,East,W03,414,13,19,408,0
2026-01-31,P004,East,W03,408,20,23,405,0
2026-02-01,P004,East,W03,405,18,23,400,0
2026-02-02,P004,East,W03,400,14,9,405,0
2026-02-03,P004,East,W03,405,21,18,408,0
2026-02-04,P004,East,W03,408,10,25,393,0
2026-02-05,P004,East,W03,393,10,22,381,0
2026-02-06,P004,East,W03,381,9,26,364,0
2026-02-07,P004,East,W03,364,22,22,364,0
2026-02-08,P004,East,W03,364,17,10,371,0
2026-02-09,P004,East,W03,371,10,19,362,0
2026-02-10,P004,East,W03,362,12,19,355,0
2026-02-11,P004,East,W03,355,17,22,350,0
2026-02-12,P004,East,W03,350,10,20,340,0
2026-02-13,P004,East,W03,340,15,16,339,0
2026-02-14,P004,East,W03,339,19,22,336,0
2026-02-15,P004,East,W03,336,16,14,338,0
2026-02-16,P004,East,W03,338,12,24,326,0
2026-02-17,P004,East,W03,326,17,25,318,0
2026-02-18,P004,East,W03,318,11,20,309,0
2026-02-19,P004,East,W03,309,18,16,311,0
2026-02-20,P004,East,W03,311,4,22,293,0
2026-02-21,P004,East,W03,293,4,17,280,0
2026-02-22,P004,East,W03,280,1,19,262,0
2026-02-23,P004,East,W03,262,2,17,247,0
2026-02-24,P004,East,W03,247,0,16,231,0
2026-02-25,P004,East,W03,231,5,20,216,0
2026-02-26,P004,East,W03,216,5,17,204,0
2026-02-27,P004,East,W03,204,5,21,188,0
2026-02-28,P004,East,W03,188,1,14,175,0
2026-03-01,P004,East,W03,175,8,23,160,0
2026-03-02,P004,East,W03,160,16,13,163,0
2026-03-03,P004,East,W03,163,16,27,152,0
2026-03-04,P004,East,W03,152,18,16,154,0
2026-03-05,P004,East,W03,154,10,16,148,0
2026-03-06,P004,East,W03,148,24,10,162,0
2026-03-07,P004,East,W03,162,19,13,168,0
2026-03-08,P004,East,W03,168,14,15,167,0
2026-03-09,P004,East,W03,167,17,20,164,0
2026-03-10,P004,East,W03,164,14,15,163,0
2026-03-11,P004,East,W03,163,9,26,146,0
2026-03-12,P004,East,W03,146,10,15,141,0
2026-03-13,P004,East,W03,141,14,25,130,0
2026-03-14,P004,East,W03,130,10,24,116,0
2026-03-15,P004,East,W03,116,14,17,113,0
2026-03-16,P004,East,W03,113,14,12,115,0
2026-03-17,P004,East,W03,115,19,17,117,0
2026-03-18,P004,East,W03,117,12,21,108,0
2026-03-19,P004,East,W03,108,10,23,95,0
2026-03-20,P004,East,W03,95,20,17,98,0
2026-03-21,P004,East,W03,98,11,23,86,0
2026-03-22,P004,East,W03,86,18,19,85,0
2026-03-23,P004,East,W03,85,13,10,88,0
2026-03-24,P004,East,W03,88,26,13,101,0
2026-03-25,P004,East,W03,101,10,19,92,0
2026-03-26,P004,East,W03,92,20,17,95,0
2026-03-27,P004,East,W03,95,15,24,86,0
2026-03-28,P004,East,W03,86,9,21,74,0
2026-03-29,P004,East,W03,74,12,16,70,0
2026-03-30,P004,East,W03,70,11,22,59,0
2026-03-31,P004,East,W03,59,14,18,55,0
2026-04-01,P004,East,W03,55,17,17,55,0
2026-04-02,P004,East,W03,55,14,18,51,0
2026-04-03,P004,East,W03,51,11,20,42,0
2026-04-04,P004,East,W03,42,17,18,41,0
2026-04-05,P004,East,W03,41,0,26,15,0
2026-04-06,P004,East,W03,15,0,15,0,8
2026-04-07,P004,East,W03,0,0,0,0,12
2026-04-08,P004,East,W03,0,0,0,0,11
2026-04-09,P004,East,W03,0,0,0,0,9
2026-04-10,P004,East,W03,0,0,0,0,8
2026-04-11,P004,East,W03,0,0,0,0,11
2026-04-12,P004,East,W03,0,0,0,0,4
2026-04-13,P004,East,W03,0,18,18,0,5
2026-04-14,P004,East,W03,0,14,13,1,0
2026-04-15,P004,East,W03,1,16,17,0,7
2026-04-16,P004,East,W03,0,19,18,1,0
2026-04-17,P004,East,W03,1,11,12,0,5
2026-04-18,P004,East,W03,0,11,11,0,11
2026-04-19,P004,East,W03,0,19,19,0,13
2026-04-20,P004,East,W03,0,13,13,0,10
2026-04-21,P004,East,W03,0,16,16,0,14
2026-04-22,P004,East,W03,0,10,10,0,6
2026-04-23,P004,East,W03,0,13,13,0,8
2026-04-24,P004,East,W03,0,10,10,0,0
2026-04-25,P004,East,W03,0,17,10,7,0
2026-04-26,P004,East,W03,7,20,17,10,0
2026-04-27,P004,East,W03,10,23,19,14,0
2026-04-28,P004,East,W03,14,9,13,10,0
2026-04-29,P004,East,W03,10,9,18,1,0
2026-04-30,P004,East,W03,1,15,16,0,8
2026-05-01,P004,East,W03,0,15,15,0,14
2026-05-02,P004,East,W03,0,9,9,0,9
2026-05-03,P004,East,W03,0,8,8,0,6
2026-05-04,P004,East,W03,0,14,14,0,4
2026-05-05,P004,East,W03,0,20,20,0,4
2026-05-06,P004,East,W03,0,15,15,0,13
2026-05-07,P004,East,W03,0,12,12,0,12
2026-05-08,P004,East,W03,0,10,10,0,7
2026-05-09,P004,East,W03,0,16,16,0,8
2026-05-10,P004,East,W03,0,16,16,0,6
2026-05-11,P004,East,W03,0,13,9,4,0
2026-05-12,P004,East,W03,4,17,12,9,0
2026-05-13,P004,East,W03,9,18,18,9,0
2026-05-14,P004,East,W03,9,16,25,0,8
2026-05-15,P004,East,W03,0,20,20,0,4
2026-05-16,P004,East,W03,0,7,7,0,6
2026-05-17,P004,East,W03,0,11,11,0,6
2026-05-18,P004,East,W03,0,19,19,0,8
2026-05-19,P004,East,W03,0,11,11,0,4
2026-05-20,P004,East,W03,0,12,12,0,15
2026-05-21,P004,East,W03,0,10,10,0,6
2026-05-22,P004,East,W03,0,7,7,0,9
2026-05-23,P004,East,W03,0,15,15,0,5
2026-05-24,P004,East,W03,0,16,16,0,4
2026-05-25,P004,East,W03,0,22,18,4,0
2026-05-26,P004,East,W03,4,14,18,0,6
2026-05-27,P004,East,W03,0,12,12,0,9
2026-05-28,P004,East,W03,0,13,13,0,4
2026-05-29,P004,East,W03,0,10,10,0,6
2026-05-30,P004,East,W03,0,18,16,2,0
2026-05-31,P004,East,W03,2,16,18,0,11
2026-06-01,P004,East,W03,0,20,13,7,0
2026-06-02,P004,East,W03,7,10,12,5,0
2026-06-03,P004,East,W03,5,23,20,8,0
2026-06-04,P004,East,W03,8,17,17,8,0
2026-06-05,P004,East,W03,8,18,16,10,0
2026-06-06,P004,East,W03,10,21,24,7,0
2026-06-07,P004,East,W03,7,17,24,0,13
2026-06-08,P004,East,W03,0,19,19,0,6
2026-06-09,P004,East,W03,0,15,15,0,6
2026-06-10,P004,East,W03,0,10,10,0,11
2026-06-11,P004,East,W03,0,13,13,0,4
2026-06-12,P004,East,W03,0,15,7,8,0
2026-06-13,P004,East,W03,8,18,26,0,0
2026-06-14,P004,East,W03,0,15,15,0,9
2026-06-15,P004,East,W03,0,13,13,0,9
2026-06-16,P004,East,W03,0,9,9,0,5
2026-06-17,P004,East,W03,0,20,20,0,4
2026-06-18,P004,East,W03,0,15,15,0,13
2026-06-19,P004,East,W03,0,13,13,0,8
2026-06-20,P004,East,W03,0,19,19,0,14
2026-06-21,P004,East,W03,0,15,15,0,13
2026-06-22,P004,East,W03,0,17,17,0,9
2026-06-23,P004,East,W03,0,15,15,0,15
2026-06-24,P004,East,W03,0,13,13,0,11
2026-06-25,P004,East,W03,0,15,15,0,4
2026-06-26,P004,East,W03,0,19,19,0,12
2026-06-27,P004,East,W03,0,7,7,0,15
2026-06-28,P004,East,W03,0,13,13,0,13
2026-06-29,P004,East,W03,0,13,13,0,9
2026-06-30,P004,East,W03,0,14,14,0,5
2026-01-01,P004,West,W04,680,17,18,679,0
2026-01-02,P004,West,W04,679,16,23,672,0
2026-01-03,P004,West,W04,672,10,20,662,0
2026-01-04,P004,West,W04,662,15,21,656,0
2026-01-05,P004,West,W04,656,14,16,654,0
2026-01-06,P004,West,W04,654,24,22,656,0
2026-01-07,P004,West,W04,656,13,13,656,0
2026-01-08,P004,West,W04,656,14,19,651,0
2026-01-09,P004,West,W04,651,13,9,655,0
2026-01-10,P004,West,W04,655,14,27,642,0
2026-01-11,P004,West,W04,642,13,19,636,0
2026-01-12,P004,West,W04,636,11,16,631,0
2026-01-13,P004,West,W04,631,14,19,626,0
2026-01-14,P004,West,W04,626,13,16,623,0
2026-01-15,P004,West,W04,623,23,25,621,0
2026-01-16,P004,West,W04,621,15,21,615,0
2026-01-17,P004,West,W04,615,14,22,607,0
2026-01-18,P004,West,W04,607,19,12,614,0
2026-01-19,P004,West,W04,614,18,21,611,0
2026-01-20,P004,West,W04,611,18,22,607,0
2026-01-21,P004,West,W04,607,15,26,596,0
2026-01-22,P004,West,W04,596,19,20,595,0
2026-01-23,P004,West,W04,595,15,14,596,0
2026-01-24,P004,West,W04,596,21,23,594,0
2026-01-25,P004,West,W04,594,17,16,595,0
2026-01-26,P004,West,W04,595,17,15,597,0
2026-01-27,P004,West,W04,597,11,16,592,0
2026-01-28,P004,West,W04,592,15,14,593,0
2026-01-29,P004,West,W04,593,14,16,591,0
2026-01-30,P004,West,W04,591,16,20,587,0
2026-01-31,P004,West,W04,587,10,24,573,0
2026-02-01,P004,West,W04,573,11,19,565,0
2026-02-02,P004,West,W04,565,8,17,556,0
2026-02-03,P004,West,W04,556,12,19,549,0
2026-02-04,P004,West,W04,549,11,14,546,0
2026-02-05,P004,West,W04,546,21,23,544,0
2026-02-06,P004,West,W04,544,12,13,543,0
2026-02-07,P004,West,W04,543,14,19,538,0
2026-02-08,P004,West,W04,538,13,18,533,0
2026-02-09,P004,West,W04,533,17,17,533,0
2026-02-10,P004,West,W04,533,14,21,526,0
2026-02-11,P004,West,W04,526,11,18,519,0
2026-02-12,P004,West,W04,519,22,20,521,0
2026-02-13,P004,West,W04,521,11,19,513,0
2026-02-14,P004,West,W04,513,14,22,505,0
2026-02-15,P004,West,W04,505,11,21,495,0
2026-02-16,P004,West,W04,495,9,14,490,0
2026-02-17,P004,West,W04,490,15,19,486,0
2026-02-18,P004,West,W04,486,13,20,479,0
2026-02-19,P004,West,W04,479,19,19,479,0
2026-02-20,P004,West,W04,479,2,14,467,0
2026-02-21,P004,West,W04,467,0,23,444,0
2026-02-22,P004,West,W04,444,6,16,434,0
2026-02-23,P004,West,W04,434,1,28,407,0
2026-02-24,P004,West,W04,407,2,17,392,0
2026-02-25,P004,West,W04,392,3,20,375,0
2026-02-26,P004,West,W04,375,2,15,362,0
2026-02-27,P004,West,W04,362,2,19,345,0
2026-02-28,P004,West,W04,345,2,25,322,0
2026-03-01,P004,West,W04,322,14,13,323,0
2026-03-02,P004,West,W04,323,11,21,313,0
2026-03-03,P004,West,W04,313,16,26,303,0
2026-03-04,P004,West,W04,303,10,21,292,0
2026-03-05,P004,West,W04,292,17,21,288,0
2026-03-06,P004,West,W04,288,11,14,285,0
2026-03-07,P004,West,W04,285,13,18,280,0
2026-03-08,P004,West,W04,280,23,18,285,0
2026-03-09,P004,West,W04,285,20,28,277,0
2026-03-10,P004,West,W04,277,18,15,280,0
2026-03-11,P004,West,W04,280,21,21,280,0
2026-03-12,P004,West,W04,280,12,19,273,0
2026-03-13,P004,West,W04,273,21,18,276,0
2026-03-14,P004,West,W04,276,15,22,269,0
2026-03-15,P004,West,W04,269,10,19,260,0
2026-03-16,P004,West,W04,260,17,10,267,0
2026-03-17,P004,West,W04,267,16,16,267,0
2026-03-18,P004,West,W04,267,16,20,263,0
2026-03-19,P004,West,W04,263,15,18,260,0
2026-03-20,P004,West,W04,260,16,11,265,0
2026-03-21,P004,West,W04,265,14,20,259,0
2026-03-22,P004,West,W04,259,19,20,258,0
2026-03-23,P004,West,W04,258,21,23,256,0
2026-03-24,P004,West,W04,256,10,14,252,0
2026-03-25,P004,West,W04,252,16,19,249,0
2026-03-26,P004,West,W04,249,16,21,244,0
2026-03-27,P004,West,W04,244,18,18,244,0
2026-03-28,P004,West,W04,244,26,16,254,0
2026-03-29,P004,West,W04,254,12,16,250,0
2026-03-30,P004,West,W04,250,17,22,245,0
2026-03-31,P004,West,W04,245,13,11,247,0
2026-04-01,P004,West,W04,247,16,18,245,0
2026-04-02,P004,West,W04,245,11,18,238,0
2026-04-03,P004,West,W04,238,20,20,238,0
2026-04-04,P004,West,W04,238,12,20,230,0
2026-04-05,P004,West,W04,230,0,18,212,0
2026-04-06,P004,West,W04,212,0,24,188,0
2026-04-07,P004,West,W04,188,0,23,165,0
2026-04-08,P004,West,W04,165,0,20,145,0
2026-04-09,P004,West,W04,145,0,18,127,0
2026-04-10,P004,West,W04,127,0,31,96,0
2026-04-11,P004,West,W04,96,0,31,65,0
2026-04-12,P004,West,W04,65,0,27,38,0
2026-04-13,P004,West,W04,38,13,23,28,0
2026-04-14,P004,West,W04,28,6,12,22,0
2026-04-15,P004,West,W04,22,14,17,19,0
2026-04-16,P004,West,W04,19,19,19,19,0
2026-04-17,P004,West,W04,19,11,20,10,0
2026-04-18,P004,West,W04,10,15,13,12,0
2026-04-19,P004,West,W04,12,23,14,21,0
2026-04-20,P004,West,W04,21,12,15,18,0
2026-04-21,P004,West,W04,18,14,17,15,0
2026-04-22,P004,West,W04,15,10,16,9,0
2026-04-23,P004,West,W04,9,18,19,8,0
2026-04-24,P004,West,W04,8,10,18,0,6
2026-04-25,P004,West,W04,0,14,14,0,13
2026-04-26,P004,West,W04,0,19,19,0,0
2026-04-27,P004,West,W04,0,13,13,0,9
2026-04-28,P004,West,W04,0,14,14,0,14
2026-04-29,P004,West,W04,0,13,13,0,10
2026-04-30,P004,West,W04,0,16,16,0,0
2026-05-01,P004,West,W04,0,25,25,0,15
2026-05-02,P004,West,W04,0,14,14,0,10
2026-05-03,P004,West,W04,0,16,16,0,6
2026-05-04,P004,West,W04,0,13,13,0,11
2026-05-05,P004,West,W04,0,16,16,0,11
2026-05-06,P004,West,W04,0,19,19,0,4
2026-05-07,P004,West,W04,0,18,18,0,0
2026-05-08,P004,West,W04,0,11,11,0,9
2026-05-09,P004,West,W04,0,18,15,3,0
2026-05-10,P004,West,W04,3,14,17,0,11
2026-05-11,P004,West,W04,0,20,20,0,14
2026-05-12,P004,West,W04,0,16,16,0,7
2026-05-13,P004,West,W04,0,15,15,0,6
2026-05-14,P004,West,W04,0,7,7,0,8
2026-05-15,P004,West,W04,0,13,13,0,8
2026-05-16,P004,West,W04,0,17,17,0,8
2026-05-17,P004,West,W04,0,16,16,0,15
2026-05-18,P004,West,W04,0,13,13,0,5
2026-05-19,P004,West,W04,0,16,16,0,15
2026-05-20,P004,West,W04,0,18,15,3,0
2026-05-21,P004,West,W04,3,12,13,2,0
2026-05-22,P004,West,W04,2,15,17,0,14
2026-05-23,P004,West,W04,0,8,8,0,11
2026-05-24,P004,West,W04,0,15,15,0,6
2026-05-25,P004,West,W04,0,13,13,0,0
2026-05-26,P004,West,W04,0,16,16,0,12
2026-05-27,P004,West,W04,0,15,15,0,15
2026-05-28,P004,West,W04,0,10,10,0,5
2026-05-29,P004,West,W04,0,16,16,0,8
2026-05-30,P004,West,W04,0,14,14,0,9
2026-05-31,P004,West,W04,0,23,19,4,0
2026-06-01,P004,West,W04,4,8,12,0,5
2026-06-02,P004,West,W04,0,16,14,2,0
2026-06-03,P004,West,W04,2,13,15,0,9
2026-06-04,P004,West,W04,0,21,21,0,5
2026-06-05,P004,West,W04,0,13,13,0,7
2026-06-06,P004,West,W04,0,18,17,1,0
2026-06-07,P004,West,W04,1,12,13,0,12
2026-06-08,P004,West,W04,0,18,18,0,15
2026-06-09,P004,West,W04,0,15,13,2,0
2026-06-10,P004,West,W04,2,8,10,0,14
2026-06-11,P004,West,W04,0,17,9,8,0
2026-06-12,P004,West,W04,8,10,18,0,15
2026-06-13,P004,West,W04,0,17,17,0,9
2026-06-14,P004,West,W04,0,15,13,2,0
2026-06-15,P004,West,W04,2,12,14,0,8
2026-06-16,P004,West,W04,0,14,14,0,4
2026-06-17,P004,West,W04,0,17,12,5,0
2026-06-18,P004,West,W04,5,12,17,0,9
2026-06-19,P004,West,W04,0,15,10,5,0
2026-06-20,P004,West,W04,5,10,15,0,12
2026-06-21,P004,West,W04,0,10,10,0,14
2026-06-22,P004,West,W04,0,18,18,0,7
2026-06-23,P004,West,W04,0,15,15,0,8
2026-06-24,P004,West,W04,0,21,9,12,0
2026-06-25,P004,West,W04,12,15,24,3,0
2026-06-26,P004,West,W04,3,15,18,0,6
2026-06-27,P004,West,W04,0,12,12,0,15
2026-06-28,P004,West,W04,0,16,16,0,10
2026-06-29,P004,West,W04,0,16,16,0,0
2026-06-30,P004,West,W04,0,10,10,0,7
2026-01-01,P005,North,W01,311,15,25,301,0
2026-01-02,P005,North,W01,301,30,17,314,0
2026-01-03,P005,North,W01,314,13,19,308,0
2026-01-04,P005,North,W01,308,14,19,303,0
2026-01-05,P005,North,W01,303,9,17,295,0
2026-01-06,P005,North,W01,295,20,20,295,0
2026-01-07,P005,North,W01,295,16,14,297,0
2026-01-08,P005,North,W01,297,16,21,292,0
2026-01-09,P005,North,W01,292,13,22,283,0
2026-01-10,P005,North,W01,283,10,8,285,0
2026-01-11,P005,North,W01,285,15,18,282,0
2026-01-12,P005,North,W01,282,17,16,283,0
2026-01-13,P005,North,W01,283,18,17,284,0
2026-01-14,P005,North,W01,284,17,19,282,0
2026-01-15,P005,North,W01,282,12,24,270,0
2026-01-16,P005,North,W01,270,17,12,275,0
2026-01-17,P005,North,W01,275,14,21,268,0
2026-01-18,P005,North,W01,268,12,18,262,0
2026-01-19,P005,North,W01,262,18,24,256,0
2026-01-20,P005,North,W01,256,15,19,252,0
2026-01-21,P005,North,W01,252,8,20,240,0
2026-01-22,P005,North,W01,240,21,21,240,0
2026-01-23,P005,North,W01,240,7,21,226,0
2026-01-24,P005,North,W01,226,11,27,210,0
2026-01-25,P005,North,W01,210,23,21,212,0
2026-01-26,P005,North,W01,212,16,11,217,0
2026-01-27,P005,North,W01,217,20,18,219,0
2026-01-28,P005,North,W01,219,18,16,221,0
2026-01-29,P005,North,W01,221,19,12,228,0
2026-01-30,P005,North,W01,228,12,19,221,0
2026-01-31,P005,North,W01,221,15,14,222,0
2026-02-01,P005,North,W01,222,19,13,228,0
2026-02-02,P005,North,W01,228,9,20,217,0
2026-02-03,P005,North,W01,217,19,24,212,0
2026-02-04,P005,North,W01,212,7,15,204,0
2026-02-05,P005,North,W01,204,13,16,201,0
2026-02-06,P005,North,W01,201,11,19,193,0
2026-02-07,P005,North,W01,193,12,14,191,0
2026-02-08,P005,North,W01,191,17,16,192,0
2026-02-09,P005,North,W01,192,14,17,189,0
2026-02-10,P005,North,W01,189,13,19,183,0
2026-02-11,P005,North,W01,183,11,23,171,0
2026-02-12,P005,North,W01,171,16,17,170,0
2026-02-13,P005,North,W01,170,10,21,159,0
2026-02-14,P005,North,W01,159,18,20,157,0
2026-02-15,P005,North,W01,157,18,15,160,0
2026-02-16,P005,North,W01,160,15,16,159,0
2026-02-17,P005,North,W01,159,15,18,156,0
2026-02-18,P005,North,W01,156,13,11,158,0
2026-02-19,P005,North,W01,158,15,21,152,0
2026-02-20,P005,North,W01,152,2,18,136,0
2026-02-21,P005,North,W01,136,2,18,120,0
2026-02-22,P005,North,W01,120,4,16,108,0
2026-02-23,P005,North,W01,108,9,22,95,0
2026-02-24,P005,North,W01,95,1,21,75,0
2026-02-25,P005,North,W01,75,5,21,59,0
2026-02-26,P005,North,W01,59,1,26,34,0
2026-02-27,P005,North,W01,34,2,17,19,0
2026-02-28,P005,North,W01,19,3,14,8,0
2026-03-01,P005,North,W01,8,22,20,10,0
2026-03-02,P005,North,W01,10,11,21,0,10
2026-03-03,P005,North,W01,0,12,12,0,7
2026-03-04,P005,North,W01,0,14,14,0,12
2026-03-05,P005,North,W01,0,16,11,5,0
2026-03-06,P005,North,W01,5,15,13,7,0
2026-03-07,P005,North,W01,7,12,19,0,7
2026-03-08,P005,North,W01,0,12,10,2,0
2026-03-09,P005,North,W01,2,12,14,0,6
2026-03-10,P005,North,W01,0,12,12,0,13
2026-03-11,P005,North,W01,0,11,11,0,6
2026-03-12,P005,North,W01,0,8,8,0,9
2026-03-13,P005,North,W01,0,11,11,0,4
2026-03-14,P005,North,W01,0,11,11,0,10
2026-03-15,P005,North,W01,0,17,17,0,13
2026-03-16,P005,North,W01,0,16,15,1,0
2026-03-17,P005,North,W01,1,17,18,0,6
2026-03-18,P005,North,W01,0,16,14,2,0
2026-03-19,P005,North,W01,2,26,17,11,0
2026-03-20,P005,North,W01,11,11,20,2,0
2026-03-21,P005,North,W01,2,15,17,0,0
2026-03-22,P005,North,W01,0,23,16,7,0
2026-03-23,P005,North,W01,7,13,17,3,0
2026-03-24,P005,North,W01,3,15,18,0,4
2026-03-25,P005,North,W01,0,14,14,0,14
2026-03-26,P005,North,W01,0,8,8,0,10
2026-03-27,P005,North,W01,0,18,18,0,8
2026-03-28,P005,North,W01,0,12,12,0,15
2026-03-29,P005,North,W01,0,19,19,0,12
2026-03-30,P005,North,W01,0,16,16,0,11
2026-03-31,P005,North,W01,0,13,13,0,6
2026-04-01,P005,North,W01,0,15,15,0,8
2026-04-02,P005,North,W01,0,15,15,0,8
2026-04-03,P005,North,W01,0,6,6,0,12
2026-04-04,P005,North,W01,0,17,17,0,15
2026-04-05,P005,North,W01,0,0,0,0,11
2026-04-06,P005,North,W01,0,0,0,0,12
2026-04-07,P005,North,W01,0,0,0,0,14
2026-04-08,P005,North,W01,0,0,0,0,15
2026-04-09,P005,North,W01,0,0,0,0,10
2026-04-10,P005,North,W01,0,0,0,0,12
2026-04-11,P005,North,W01,0,0,0,0,4
2026-04-12,P005,North,W01,0,0,0,0,10
2026-04-13,P005,North,W01,0,19,17,2,0
2026-04-14,P005,North,W01,2,16,12,6,0
2026-04-15,P005,North,W01,6,13,19,0,13
2026-04-16,P005,North,W01,0,14,14,0,6
2026-04-17,P005,North,W01,0,22,22,0,0
2026-04-18,P005,North,W01,0,16,16,0,13
2026-04-19,P005,North,W01,0,11,11,0,6
2026-04-20,P005,North,W01,0,19,19,0,4
2026-04-21,P005,North,W01,0,16,16,0,7
2026-04-22,P005,North,W01,0,15,15,0,5
2026-04-23,P005,North,W01,0,15,15,0,5
2026-04-24,P005,North,W01,0,12,12,0,9
2026-04-25,P005,North,W01,0,19,19,0,10
2026-04-26,P005,North,W01,0,13,13,0,14
2026-04-27,P005,North,W01,0,16,16,0,12
2026-04-28,P005,North,W01,0,17,17,0,10
2026-04-29,P005,North,W01,0,20,17,3,0
2026-04-30,P005,North,W01,3,14,17,0,8
2026-05-01,P005,North,W01,0,15,15,0,13
2026-05-02,P005,North,W01,0,11,11,0,12
2026-05-03,P005,North,W01,0,22,13,9,0
2026-05-04,P005,North,W01,9,15,21,3,0
2026-05-05,P005,North,W01,3,16,19,0,5
2026-05-06,P005,North,W01,0,13,13,0,8
2026-05-07,P005,North,W01,0,12,12,0,9
2026-05-08,P005,North,W01,0,20,20,0,11
2026-05-09,P005,North,W01,0,14,14,0,5
2026-05-10,P005,North,W01,0,10,10,0,7
2026-05-11,P005,North,W01,0,19,18,1,0
2026-05-12,P005,North,W01,1,13,14,0,6
2026-05-13,P005,North,W01,0,7,7,0,11
2026-05-14,P005,North,W01,0,14,14,0,15
2026-05-15,P005,North,W01,0,12,12,0,5
2026-05-16,P005,North,W01,0,13,13,0,7
2026-05-17,P005,North,W01,0,17,17,0,11
2026-05-18,P005,North,W01,0,9,9,0,13
2026-05-19,P005,North,W01,0,26,22,4,0
2026-05-20,P005,North,W01,4,16,18,2,0
2026-05-21,P005,North,W01,2,14,16,0,5
2026-05-22,P005,North,W01,0,15,15,0,0
2026-05-23,P005,North,W01,0,13,13,0,12
2026-05-24,P005,North,W01,0,15,15,0,13
2026-05-25,P005,North,W01,0,18,18,0,11
2026-05-26,P005,North,W01,0,17,15,2,0
2026-05-27,P005,North,W01,2,14,16,0,11
2026-05-28,P005,North,W01,0,26,15,11,0
2026-05-29,P005,North,W01,11,13,14,10,0
2026-05-30,P005,North,W01,10,13,20,3,0
2026-05-31,P005,North,W01,3,19,22,0,6
2026-06-01,P005,North,W01,0,21,21,0,0
2026-06-02,P005,North,W01,0,9,9,0,6
2026-06-03,P005,North,W01,0,9,9,0,7
2026-06-04,P005,North,W01,0,16,16,0,4
2026-06-05,P005,North,W01,0,22,20,2,0
2026-06-06,P005,North,W01,2,16,18,0,0
2026-06-07,P005,North,W01,0,14,14,0,8
2026-06-08,P005,North,W01,0,12,12,0,10
2026-06-09,P005,North,W01,0,16,16,0,8
2026-06-10,P005,North,W01,0,11,11,0,7
2026-06-11,P005,North,W01,0,19,19,0,12
2026-06-12,P005,North,W01,0,13,13,0,4
2026-06-13,P005,North,W01,0,13,13,0,7
2026-06-14,P005,North,W01,0,26,26,0,8
2026-06-15,P005,North,W01,0,11,11,0,14
2026-06-16,P005,North,W01,0,17,17,0,7
2026-06-17,P005,North,W01,0,12,12,0,12
2026-06-18,P005,North,W01,0,17,16,1,0
2026-06-19,P005,North,W01,1,12,13,0,6
2026-06-20,P005,North,W01,0,13,13,0,8
2026-06-21,P005,North,W01,0,11,11,0,7
2026-06-22,P005,North,W01,0,18,18,0,0
2026-06-23,P005,North,W01,0,14,14,0,8
2026-06-24,P005,North,W01,0,13,13,0,0
2026-06-25,P005,North,W01,0,11,11,0,14
2026-06-26,P005,North,W01,0,14,14,0,7
2026-06-27,P005,North,W01,0,15,14,1,0
2026-06-28,P005,North,W01,1,16,17,0,5
2026-06-29,P005,North,W01,0,18,18,0,4
2026-06-30,P005,North,W01,0,11,11,0,14
2026-01-01,P005,South,W02,655,18,12,661,0
2026-01-02,P005,South,W02,661,15,23,653,0
2026-01-03,P005,South,W02,653,9,16,646,0
2026-01-04,P005,South,W02,646,22,19,649,0
2026-01-05,P005,South,W02,649,11,11,649,0
2026-01-06,P005,South,W02,649,15,14,650,0
2026-01-07,P005,South,W02,650,19,21,648,0
2026-01-08,P005,South,W02,648,14,16,646,0
2026-01-09,P005,South,W02,646,9,21,634,0
2026-01-10,P005,South,W02,634,27,15,646,0
2026-01-11,P005,South,W02,646,13,23,636,0
2026-01-12,P005,South,W02,636,16,18,634,0
2026-01-13,P005,South,W02,634,19,16,637,0
2026-01-14,P005,South,W02,637,22,15,644,0
2026-01-15,P005,South,W02,644,11,12,643,0
2026-01-16,P005,South,W02,643,15,21,637,0
2026-01-17,P005,South,W02,637,11,19,629,0
2026-01-18,P005,South,W02,629,13,18,624,0
2026-01-19,P005,South,W02,624,10,20,614,0
2026-01-20,P005,South,W02,614,10,23,601,0
2026-01-21,P005,South,W02,601,19,25,595,0
2026-01-22,P005,South,W02,595,11,26,580,0
2026-01-23,P005,South,W02,580,13,17,576,0
2026-01-24,P005,South,W02,576,16,13,579,0
2026-01-25,P005,South,W02,579,21,20,580,0
2026-01-26,P005,South,W02,580,17,20,577,0
2026-01-27,P005,South,W02,577,12,13,576,0
2026-01-28,P005,South,W02,576,16,18,574,0
2026-01-29,P005,South,W02,574,13,17,570,0
2026-01-30,P005,South,W02,570,17,16,571,0
2026-01-31,P005,South,W02,571,17,23,565,0
2026-02-01,P005,South,W02,565,11,19,557,0
2026-02-02,P005,South,W02,557,14,23,548,0
2026-02-03,P005,South,W02,548,19,18,549,0
2026-02-04,P005,South,W02,549,18,14,553,0
2026-02-05,P005,South,W02,553,19,16,556,0
2026-02-06,P005,South,W02,556,14,22,548,0
2026-02-07,P005,South,W02,548,13,19,542,0
2026-02-08,P005,South,W02,542,14,17,539,0
2026-02-09,P005,South,W02,539,14,22,531,0
2026-02-10,P005,South,W02,531,12,12,531,0
2026-02-11,P005,South,W02,531,16,17,530,0
2026-02-12,P005,South,W02,530,15,19,526,0
2026-02-13,P005,South,W02,526,14,20,520,0
2026-02-14,P005,South,W02,520,10,19,511,0
2026-02-15,P005,South,W02,511,18,20,509,0
2026-02-16,P005,South,W02,509,13,23,499,0
2026-02-17,P005,South,W02,499,14,14,499,0
2026-02-18,P005,South,W02,499,23,20,502,0
2026-02-19,P005,South,W02,502,16,20,498,0
2026-02-20,P005,South,W02,498,2,20,480,0
2026-02-21,P005,South,W02,480,6,17,469,0
2026-02-22,P005,South,W02,469,6,24,451,0
2026-02-23,P005,South,W02,451,4,16,439,0
2026-02-24,P005,South,W02,439,1,25,415,0
2026-02-25,P005,South,W02,415,4,25,394,0
2026-02-26,P005,South,W02,394,2,16,380,0
2026-02-27,P005,South,W02,380,3,14,369,0
2026-02-28,P005,South,W02,369,3,19,353,0
2026-03-01,P005,South,W02,353,10,20,343,0
2026-03-02,P005,South,W02,343,16,14,345,0
2026-03-03,P005,South,W02,345,16,17,344,0
2026-03-04,P005,South,W02,344,19,16,347,0
2026-03-05,P005,South,W02,347,17,19,345,0
2026-03-06,P005,South,W02,345,15,20,340,0
2026-03-07,P005,South,W02,340,5,21,324,0
2026-03-08,P005,South,W02,324,14,14,324,0
2026-03-09,P005,South,W02,324,15,19,320,0
2026-03-10,P005,South,W02,320,14,12,322,0
2026-03-11,P005,South,W02,322,27,24,325,0
2026-03-12,P005,South,W02,325,17,27,315,0
2026-03-13,P005,South,W02,315,13,13,315,0
2026-03-14,P005,South,W02,315,11,12,314,0
2026-03-15,P005,South,W02,314,10,23,301,0
2026-03-16,P005,South,W02,301,13,17,297,0
2026-03-17,P005,South,W02,297,15,21,291,0
2026-03-18,P005,South,W02,291,16,16,291,0
2026-03-19,P005,South,W02,291,13,14,290,0
2026-03-20,P005,South,W02,290,17,16,291,0
2026-03-21,P005,South,W02,291,9,21,279,0
2026-03-22,P005,South,W02,279,18,14,283,0
2026-03-23,P005,South,W02,283,12,20,275,0
2026-03-24,P005,South,W02,275,11,17,269,0
2026-03-25,P005,South,W02,269,19,17,271,0
2026-03-26,P005,South,W02,271,15,24,262,0
2026-03-27,P005,South,W02,262,19,19,262,0
2026-03-28,P005,South,W02,262,17,21,258,0
2026-03-29,P005,South,W02,258,16,14,260,0
2026-03-30,P005,South,W02,260,18,21,257,0
2026-03-31,P005,South,W02,257,15,22,250,0
2026-04-01,P005,South,W02,250,16,15,251,0
2026-04-02,P005,South,W02,251,15,25,241,0
2026-04-03,P005,South,W02,241,16,16,241,0
2026-04-04,P005,South,W02,241,12,18,235,0
2026-04-05,P005,South,W02,235,0,31,204,0
2026-04-06,P005,South,W02,204,0,29,175,0
2026-04-07,P005,South,W02,175,0,20,155,0
2026-04-08,P005,South,W02,155,0,20,135,0
2026-04-09,P005,South,W02,135,0,29,106,0
2026-04-10,P005,South,W02,106,0,36,70,0
2026-04-11,P005,South,W02,70,0,24,46,0
2026-04-12,P005,South,W02,46,0,24,22,0
2026-04-13,P005,South,W02,22,17,14,25,0
2026-04-14,P005,South,W02,25,21,17,29,0
2026-04-15,P005,South,W02,29,18,21,26,0
2026-04-16,P005,South,W02,26,8,16,18,0
2026-04-17,P005,South,W02,18,13,19,12,0
2026-04-18,P005,South,W02,12,10,16,6,0
2026-04-19,P005,South,W02,6,18,18,6,0
2026-04-20,P005,South,W02,6,15,13,8,0
2026-04-21,P005,South,W02,8,14,17,5,0
2026-04-22,P005,South,W02,5,16,15,6,0
2026-04-23,P005,South,W02,6,11,17,0,0
2026-04-24,P005,South,W02,0,14,14,0,5
2026-04-25,P005,South,W02,0,9,9,0,4
2026-04-26,P005,South,W02,0,14,14,0,12
2026-04-27,P005,South,W02,0,13,9,4,0
2026-04-28,P005,South,W02,4,10,14,0,11
2026-04-29,P005,South,W02,0,19,18,1,0
2026-04-30,P005,South,W02,1,11,12,0,15
2026-05-01,P005,South,W02,0,9,9,0,5
2026-05-02,P005,South,W02,0,16,16,0,10
2026-05-03,P005,South,W02,0,12,12,0,4
2026-05-04,P005,South,W02,0,23,18,5,0
2026-05-05,P005,South,W02,5,18,22,1,0
2026-05-06,P005,South,W02,1,16,17,0,0
2026-05-07,P005,South,W02,0,14,14,0,5
2026-05-08,P005,South,W02,0,22,15,7,0
2026-05-09,P005,South,W02,7,13,17,3,0
2026-05-10,P005,South,W02,3,15,18,0,0
2026-05-11,P005,South,W02,0,19,19,0,13
2026-05-12,P005,South,W02,0,11,11,0,4
2026-05-13,P005,South,W02,0,12,12,0,5
2026-05-14,P005,South,W02,0,16,16,0,8
2026-05-15,P005,South,W02,0,13,13,0,8
2026-05-16,P005,South,W02,0,8,8,0,14
2026-05-17,P005,South,W02,0,17,13,4,0
2026-05-18,P005,South,W02,4,13,17,0,6
2026-05-19,P005,South,W02,0,18,18,0,12
2026-05-20,P005,South,W02,0,9,9,0,8
2026-05-21,P005,South,W02,0,13,13,0,5
2026-05-22,P005,South,W02,0,19,19,0,7
2026-05-23,P005,South,W02,0,17,13,4,0
2026-05-24,P005,South,W02,4,12,16,0,10
2026-05-25,P005,South,W02,0,17,17,0,6
2026-05-26,P005,South,W02,0,18,18,0,8
2026-05-27,P005,South,W02,0,10,10,0,8
2026-05-28,P005,South,W02,0,20,15,5,0
2026-05-29,P005,South,W02,5,14,15,4,0
2026-05-30,P005,South,W02,4,13,17,0,4
2026-05-31,P005,South,W02,0,15,15,0,15
2026-06-01,P005,South,W02,0,17,17,0,8
2026-06-02,P005,South,W02,0,16,16,0,4
2026-06-03,P005,South,W02,0,13,13,0,10
2026-06-04,P005,South,W02,0,19,19,0,15
2026-06-05,P005,South,W02,0,22,11,11,0
2026-06-06,P005,South,W02,11,16,11,16,0
2026-06-07,P005,South,W02,16,19,19,16,0
2026-06-08,P005,South,W02,16,16,22,10,0
2026-06-09,P005,South,W02,10,20,21,9,0
2026-06-10,P005,South,W02,9,22,21,10,0
2026-06-11,P005,South,W02,10,10,20,0,13
2026-06-12,P005,South,W02,0,21,21,0,13
2026-06-13,P005,South,W02,0,11,11,0,14
2026-06-14,P005,South,W02,0,9,9,0,12
2026-06-15,P005,South,W02,0,11,11,0,14
2026-06-16,P005,South,W02,0,13,13,0,8
2026-06-17,P005,South,W02,0,16,16,0,15
2026-06-18,P005,South,W02,0,20,20,0,6
2026-06-19,P005,South,W02,0,13,10,3,0
2026-06-20,P005,South,W02,3,15,18,0,15
2026-06-21,P005,South,W02,0,16,16,0,5
2026-06-22,P005,South,W02,0,20,20,0,15
2026-06-23,P005,South,W02,0,17,17,0,5
2026-06-24,P005,South,W02,0,19,19,0,10
2026-06-25,P005,South,W02,0,11,11,0,5
2026-06-26,P005,South,W02,0,10,10,0,10
2026-06-27,P005,South,W02,0,15,15,0,7
2026-06-28,P005,South,W02,0,16,14,2,0
2026-06-29,P005,South,W02,2,19,14,7,0
2026-06-30,P005,South,W02,7,21,18,10,0
2026-01-01,P005,East,W03,292,16,18,290,0
2026-01-02,P005,East,W03,290,23,13,300,0
2026-01-03,P005,East,W03,300,13,21,292,0
2026-01-04,P005,East,W03,292,21,16,297,0
2026-01-05,P005,East,W03,297,10,18,289,0
2026-01-06,P005,East,W03,289,15,14,290,0
2026-01-07,P005,East,W03,290,19,21,288,0
2026-01-08,P005,East,W03,288,10,14,284,0
2026-01-09,P005,East,W03,284,12,19,277,0
2026-01-10,P005,East,W03,277,21,21,277,0
2026-01-11,P005,East,W03,277,11,20,268,0
2026-01-12,P005,East,W03,268,15,21,262,0
2026-01-13,P005,East,W03,262,15,21,256,0
2026-01-14,P005,East,W03,256,7,18,245,0
2026-01-15,P005,East,W03,245,14,13,246,0
2026-01-16,P005,East,W03,246,20,23,243,0
2026-01-17,P005,East,W03,243,10,16,237,0
2026-01-18,P005,East,W03,237,12,20,229,0
2026-01-19,P005,East,W03,229,20,21,228,0
2026-01-20,P005,East,W03,228,12,16,224,0
2026-01-21,P005,East,W03,224,12,22,214,0
2026-01-22,P005,East,W03,214,10,14,210,0
2026-01-23,P005,East,W03,210,12,17,205,0
2026-01-24,P005,East,W03,205,13,15,203,0
2026-01-25,P005,East,W03,203,11,15,199,0
2026-01-26,P005,East,W03,199,18,17,200,0
2026-01-27,P005,East,W03,200,15,23,192,0
2026-01-28,P005,East,W03,192,13,11,194,0
2026-01-29,P005,East,W03,194,10,14,190,0
2026-01-30,P005,East,W03,190,14,15,189,0
2026-01-31,P005,East,W03,189,18,27,180,0
2026-02-01,P005,East,W03,180,9,12,177,0
2026-02-02,P005,East,W03,177,12,21,168,0
2026-02-03,P005,East,W03,168,19,21,166,0
2026-02-04,P005,East,W03,166,16,15,167,0
2026-02-05,P005,East,W03,167,15,13,169,0
2026-02-06,P005,East,W03,169,18,16,171,0
2026-02-07,P005,East,W03,171,20,14,177,0
2026-02-08,P005,East,W03,177,10,26,161,0
2026-02-09,P005,East,W03,161,16,21,156,0
2026-02-10,P005,East,W03,156,15,17,154,0
2026-02-11,P005,East,W03,154,16,21,149,0
2026-02-12,P005,East,W03,149,15,21,143,0
2026-02-13,P005,East,W03,143,18,22,139,0
2026-02-14,P005,East,W03,139,15,15,139,0
2026-02-15,P005,East,W03,139,24,27,136,0
2026-02-16,P005,East,W03,136,19,18,137,0
2026-02-17,P005,East,W03,137,17,7,147,0
2026-02-18,P005,East,W03,147,14,19,142,0
2026-02-19,P005,East,W03,142,15,22,135,0
2026-02-20,P005,East,W03,135,2,19,118,0
2026-02-21,P005,East,W03,118,4,14,108,0
2026-02-22,P005,East,W03,108,5,29,84,0
2026-02-23,P005,East,W03,84,2,17,69,0
2026-02-24,P005,East,W03,69,1,12,58,0
2026-02-25,P005,East,W03,58,4,16,46,0
2026-02-26,P005,East,W03,46,2,16,32,0
2026-02-27,P005,East,W03,32,5,19,18,0
2026-02-28,P005,East,W03,18,6,16,8,0
2026-03-01,P005,East,W03,8,12,20,0,10
2026-03-02,P005,East,W03,0,15,15,0,12
2026-03-03,P005,East,W03,0,22,11,11,0
2026-03-04,P005,East,W03,11,10,17,4,0
2026-03-05,P005,East,W03,4,14,8,10,0
2026-03-06,P005,East,W03,10,14,19,5,0
2026-03-07,P005,East,W03,5,8,13,0,9
2026-03-08,P005,East,W03,0,14,14,0,12
2026-03-09,P005,East,W03,0,19,19,0,14
2026-03-10,P005,East,W03,0,13,13,0,5
2026-03-11,P005,East,W03,0,16,16,0,10
2026-03-12,P005,East,W03,0,9,9,0,7
2026-03-13,P005,East,W03,0,19,4,15,0
2026-03-14,P005,East,W03,15,22,19,18,0
2026-03-15,P005,East,W03,18,10,16,12,0
2026-03-16,P005,East,W03,12,22,17,17,0
2026-03-17,P005,East,W03,17,19,18,18,0
2026-03-18,P005,East,W03,18,14,26,6,0
2026-03-19,P005,East,W03,6,13,19,0,11
2026-03-20,P005,East,W03,0,18,18,0,7
2026-03-21,P005,East,W03,0,14,14,0,12
2026-03-22,P005,East,W03,0,12,12,0,7
2026-03-23,P005,East,W03,0,16,16,0,4
2026-03-24,P005,East,W03,0,22,11,11,0
2026-03-25,P005,East,W03,11,16,19,8,0
2026-03-26,P005,East,W03,8,19,17,10,0
2026-03-27,P005,East,W03,10,18,27,1,0
2026-03-28,P005,East,W03,1,17,18,0,15
2026-03-29,P005,East,W03,0,24,13,11,0
2026-03-30,P005,East,W03,11,12,15,8,0
2026-03-31,P005,East,W03,8,15,17,6,0
2026-04-01,P005,East,W03,6,15,14,7,0
2026-04-02,P005,East,W03,7,14,15,6,0
2026-04-03,P005,East,W03,6,7,9,4,0
2026-04-04,P005,East,W03,4,15,19,0,13
2026-04-05,P005,East,W03,0,0,0,0,10
2026-04-06,P005,East,W03,0,0,0,0,12
2026-04-07,P005,East,W03,0,0,0,0,5
2026-04-08,P005,East,W03,0,0,0,0,14
2026-04-09,P005,East,W03,0,0,0,0,5
2026-04-10,P005,East,W03,0,0,0,0,6
2026-04-11,P005,East,W03,0,0,0,0,15
2026-04-12,P005,East,W03,0,0,0,0,7
2026-04-13,P005,East,W03,0,10,10,0,4
2026-04-14,P005,East,W03,0,18,18,0,9
2026-04-15,P005,East,W03,0,13,13,0,6
2026-04-16,P005,East,W03,0,13,13,0,5
2026-04-17,P005,East,W03,0,24,17,7,0
2026-04-18,P005,East,W03,7,19,21,5,0
2026-04-19,P005,East,W03,5,20,19,6,0
2026-04-20,P005,East,W03,6,8,14,0,12
2026-04-21,P005,East,W03,0,16,16,0,0
2026-04-22,P005,East,W03,0,14,14,0,13
2026-04-23,P005,East,W03,0,15,15,0,14
2026-04-24,P005,East,W03,0,17,17,0,5
2026-04-25,P005,East,W03,0,17,17,0,5
2026-04-26,P005,East,W03,0,15,11,4,0
2026-04-27,P005,East,W03,4,16,14,6,0
2026-04-28,P005,East,W03,6,14,16,4,0
2026-04-29,P005,East,W03,4,10,14,0,6
2026-04-30,P005,East,W03,0,18,14,4,0
2026-05-01,P005,East,W03,4,15,16,3,0
2026-05-02,P005,East,W03,3,18,19,2,0
2026-05-03,P005,East,W03,2,12,14,0,10
2026-05-04,P005,East,W03,0,16,16,0,4
2026-05-05,P005,East,W03,0,15,15,0,11
2026-05-06,P005,East,W03,0,11,11,0,4
2026-05-07,P005,East,W03,0,16,16,0,6
2026-05-08,P005,East,W03,0,17,15,2,0
2026-05-09,P005,East,W03,2,14,16,0,4
2026-05-10,P005,East,W03,0,13,13,0,7
2026-05-11,P005,East,W03,0,11,11,0,13
2026-05-12,P005,East,W03,0,15,15,0,14
2026-05-13,P005,East,W03,0,14,12,2,0
2026-05-14,P005,East,W03,2,12,14,0,5
2026-05-15,P005,East,W03,0,16,16,0,6
2026-05-16,P005,East,W03,0,14,14,0,4
2026-05-17,P005,East,W03,0,15,15,0,8
2026-05-18,P005,East,W03,0,10,10,0,4
2026-05-19,P005,East,W03,0,21,17,4,0
2026-05-20,P005,East,W03,4,13,16,1,0
2026-05-21,P005,East,W03,1,14,14,1,0
2026-05-22,P005,East,W03,1,15,16,0,6
2026-05-23,P005,East,W03,0,10,10,0,7
2026-05-24,P005,East,W03,0,15,10,5,0
2026-05-25,P005,East,W03,5,10,15,0,15
2026-05-26,P005,East,W03,0,13,13,0,6
2026-05-27,P005,East,W03,0,17,17,0,8
2026-05-28,P005,East,W03,0,16,12,4,0
2026-05-29,P005,East,W03,4,23,25,2,0
2026-05-30,P005,East,W03,2,13,15,0,13
2026-05-31,P005,East,W03,0,17,17,0,0
2026-06-01,P005,East,W03,0,15,15,0,9
2026-06-02,P005,East,W03,0,15,15,0,6
2026-06-03,P005,East,W03,0,15,15,0,5
2026-06-04,P005,East,W03,0,16,12,4,0
2026-06-05,P005,East,W03,4,12,16,0,15
2026-06-06,P005,East,W03,0,16,16,0,14
2026-06-07,P005,East,W03,0,21,20,1,0
2026-06-08,P005,East,W03,1,11,12,0,7
2026-06-09,P005,East,W03,0,15,13,2,0
2026-06-10,P005,East,W03,2,16,18,0,9
2026-06-11,P005,East,W03,0,12,12,0,7
2026-06-12,P005,East,W03,0,14,14,0,11
2026-06-13,P005,East,W03,0,24,24,0,0
2026-06-14,P005,East,W03,0,14,14,0,11
2026-06-15,P005,East,W03,0,12,11,1,0
2026-06-16,P005,East,W03,1,12,13,0,4
2026-06-17,P005,East,W03,0,17,17,0,8
2026-06-18,P005,East,W03,0,17,17,0,6
2026-06-19,P005,East,W03,0,18,18,0,13
2026-06-20,P005,East,W03,0,15,14,1,0
2026-06-21,P005,East,W03,1,8,9,0,14
2026-06-22,P005,East,W03,0,18,18,0,14
2026-06-23,P005,East,W03,0,15,15,0,13
2026-06-24,P005,East,W03,0,19,19,0,6
2026-06-25,P005,East,W03,0,11,11,0,5
2026-06-26,P005,East,W03,0,21,21,0,11
2026-06-27,P005,East,W03,0,8,8,0,8
2026-06-28,P005,East,W03,0,12,12,0,10
2026-06-29,P005,East,W03,0,17,13,4,0
2026-06-30,P005,East,W03,4,11,15,0,14
2026-01-01,P005,West,W04,371,12,20,363,0
2026-01-02,P005,West,W04,363,12,23,352,0
2026-01-03,P005,West,W04,352,17,20,349,0
2026-01-04,P005,West,W04,349,10,15,344,0
2026-01-05,P005,West,W04,344,15,24,335,0
2026-01-06,P005,West,W04,335,10,16,329,0
2026-01-07,P005,West,W04,329,9,17,321,0
2026-01-08,P005,West,W04,321,17,17,321,0
2026-01-09,P005,West,W04,321,16,15,322,0
2026-01-10,P005,West,W04,322,19,25,316,0
2026-01-11,P005,West,W04,316,17,14,319,0
2026-01-12,P005,West,W04,319,20,19,320,0
2026-01-13,P005,West,W04,320,21,21,320,0
2026-01-14,P005,West,W04,320,11,20,311,0
2026-01-15,P005,West,W04,311,11,25,297,0
2026-01-16,P005,West,W04,297,13,11,299,0
2026-01-17,P005,West,W04,299,17,19,297,0
2026-01-18,P005,West,W04,297,12,6,303,0
2026-01-19,P005,West,W04,303,18,16,305,0
2026-01-20,P005,West,W04,305,12,18,299,0
2026-01-21,P005,West,W04,299,21,28,292,0
2026-01-22,P005,West,W04,292,11,19,284,0
2026-01-23,P005,West,W04,284,16,25,275,0
2026-01-24,P005,West,W04,275,13,12,276,0
2026-01-25,P005,West,W04,276,10,14,272,0
2026-01-26,P005,West,W04,272,14,20,266,0
2026-01-27,P005,West,W04,266,9,22,253,0
2026-01-28,P005,West,W04,253,15,12,256,0
2026-01-29,P005,West,W04,256,17,26,247,0
2026-01-30,P005,West,W04,247,20,20,247,0
2026-01-31,P005,West,W04,247,13,18,242,0
2026-02-01,P005,West,W04,242,13,18,237,0
2026-02-02,P005,West,W04,237,17,17,237,0
2026-02-03,P005,West,W04,237,15,15,237,0
2026-02-04,P005,West,W04,237,19,27,229,0
2026-02-05,P005,West,W04,229,11,24,216,0
2026-02-06,P005,West,W04,216,16,13,219,0
2026-02-07,P005,West,W04,219,19,15,223,0
2026-02-08,P005,West,W04,223,13,20,216,0
2026-02-09,P005,West,W04,216,13,13,216,0
2026-02-10,P005,West,W04,216,10,19,207,0
2026-02-11,P005,West,W04,207,19,18,208,0
2026-02-12,P005,West,W04,208,13,18,203,0
2026-02-13,P005,West,W04,203,18,18,203,0
2026-02-14,P005,West,W04,203,13,11,205,0
2026-02-15,P005,West,W04,205,13,13,205,0
2026-02-16,P005,West,W04,205,10,23,192,0
2026-02-17,P005,West,W04,192,12,10,194,0
2026-02-18,P005,West,W04,194,18,18,194,0
2026-02-19,P005,West,W04,194,15,23,186,0
2026-02-20,P005,West,W04,186,3,16,173,0
2026-02-21,P005,West,W04,173,2,22,153,0
2026-02-22,P005,West,W04,153,4,11,146,0
2026-02-23,P005,West,W04,146,4,19,131,0
2026-02-24,P005,West,W04,131,4,18,117,0
2026-02-25,P005,West,W04,117,5,18,104,0
2026-02-26,P005,West,W04,104,1,12,93,0
2026-02-27,P005,West,W04,93,0,16,77,0
2026-02-28,P005,West,W04,77,3,14,66,0
2026-03-01,P005,West,W04,66,20,21,65,0
2026-03-02,P005,West,W04,65,15,24,56,0
2026-03-03,P005,West,W04,56,15,14,57,0
2026-03-04,P005,West,W04,57,10,18,49,0
2026-03-05,P005,West,W04,49,15,20,44,0
2026-03-06,P005,West,W04,44,13,11,46,0
2026-03-07,P005,West,W04,46,15,17,44,0
2026-03-08,P005,West,W04,44,12,15,41,0
2026-03-09,P005,West,W04,41,22,15,48,0
2026-03-10,P005,West,W04,48,16,18,46,0
2026-03-11,P005,West,W04,46,22,16,52,0
2026-03-12,P005,West,W04,52,11,15,48,0
2026-03-13,P005,West,W04,48,19,22,45,0
2026-03-14,P005,West,W04,45,15,21,39,0
2026-03-15,P005,West,W04,39,13,19,33,0
2026-03-16,P005,West,W04,33,22,19,36,0
2026-03-17,P005,West,W04,36,9,16,29,0
2026-03-18,P005,West,W04,29,17,14,32,0
2026-03-19,P005,West,W04,32,9,17,24,0
2026-03-20,P005,West,W04,24,16,21,19,0
2026-03-21,P005,West,W04,19,13,13,19,0
2026-03-22,P005,West,W04,19,14,19,14,0
2026-03-23,P005,West,W04,14,11,20,5,0
2026-03-24,P005,West,W04,5,9,13,1,0
2026-03-25,P005,West,W04,1,17,18,0,0
2026-03-26,P005,West,W04,0,16,15,1,0
2026-03-27,P005,West,W04,1,10,11,0,13
2026-03-28,P005,West,W04,0,16,14,2,0
2026-03-29,P005,West,W04,2,18,17,3,0
2026-03-30,P005,West,W04,3,18,15,6,0
2026-03-31,P005,West,W04,6,17,23,0,0
2026-04-01,P005,West,W04,0,18,17,1,0
2026-04-02,P005,West,W04,1,15,11,5,0
2026-04-03,P005,West,W04,5,9,14,0,7
2026-04-04,P005,West,W04,0,15,15,0,15
2026-04-05,P005,West,W04,0,0,0,0,8
2026-04-06,P005,West,W04,0,0,0,0,15
2026-04-07,P005,West,W04,0,0,0,0,8
2026-04-08,P005,West,W04,0,0,0,0,9
2026-04-09,P005,West,W04,0,0,0,0,7
2026-04-10,P005,West,W04,0,0,0,0,4
2026-04-11,P005,West,W04,0,0,0,0,14
2026-04-12,P005,West,W04,0,0,0,0,6
2026-04-13,P005,West,W04,0,11,11,0,6
2026-04-14,P005,West,W04,0,17,13,4,0
2026-04-15,P005,West,W04,4,15,19,0,15
2026-04-16,P005,West,W04,0,19,8,11,0
2026-04-17,P005,West,W04,11,19,19,11,0
2026-04-18,P005,West,W04,11,10,14,7,0
2026-04-19,P005,West,W04,7,14,21,0,5
2026-04-20,P005,West,W04,0,7,7,0,8
2026-04-21,P005,West,W04,0,11,11,0,6
2026-04-22,P005,West,W04,0,16,11,5,0
2026-04-23,P005,West,W04,5,12,17,0,8
2026-04-24,P005,West,W04,0,15,15,0,11
2026-04-25,P005,West,W04,0,13,11,2,0
2026-04-26,P005,West,W04,2,11,13,0,13
2026-04-27,P005,West,W04,0,25,12,13,0
2026-04-28,P005,West,W04,13,16,25,4,0
2026-04-29,P005,West,W04,4,15,19,0,5
2026-04-30,P005,West,W04,0,13,12,1,0
2026-05-01,P005,West,W04,1,10,11,0,12
2026-05-02,P005,West,W04,0,16,15,1,0
2026-05-03,P005,West,W04,1,17,18,0,11
2026-05-04,P005,West,W04,0,16,16,0,5
2026-05-05,P005,West,W04,0,11,11,0,15
2026-05-06,P005,West,W04,0,18,17,1,0
2026-05-07,P005,West,W04,1,17,18,0,6
2026-05-08,P005,West,W04,0,13,13,0,12
2026-05-09,P005,West,W04,0,17,17,0,14
2026-05-10,P005,West,W04,0,15,15,0,13
2026-05-11,P005,West,W04,0,20,20,0,0
2026-05-12,P005,West,W04,0,21,19,2,0
2026-05-13,P005,West,W04,2,13,15,0,11
2026-05-14,P005,West,W04,0,12,12,0,11
2026-05-15,P005,West,W04,0,16,16,0,0
2026-05-16,P005,West,W04,0,18,18,0,7
2026-05-17,P005,West,W04,0,12,12,0,11
2026-05-18,P005,West,W04,0,17,17,0,14
2026-05-19,P005,West,W04,0,8,8,0,11
2026-05-20,P005,West,W04,0,14,14,0,14
2026-05-21,P005,West,W04,0,14,12,2,0
2026-05-22,P005,West,W04,2,19,21,0,15
2026-05-23,P005,West,W04,0,14,14,0,12
2026-05-24,P005,West,W04,0,16,16,0,7
2026-05-25,P005,West,W04,0,14,14,0,5
2026-05-26,P005,West,W04,0,19,19,0,8
2026-05-27,P005,West,W04,0,19,18,1,0
2026-05-28,P005,West,W04,1,10,11,0,11
2026-05-29,P005,West,W04,0,10,10,0,15
2026-05-30,P005,West,W04,0,13,13,0,5
2026-05-31,P005,West,W04,0,15,15,0,6
2026-06-01,P005,West,W04,0,8,8,0,15
2026-06-02,P005,West,W04,0,9,9,0,14
2026-06-03,P005,West,W04,0,8,8,0,11
2026-06-04,P005,West,W04,0,21,21,0,14
2026-06-05,P005,West,W04,0,14,14,0,13
2026-06-06,P005,West,W04,0,11,11,0,15
2026-06-07,P005,West,W04,0,16,16,0,4
2026-06-08,P005,West,W04,0,19,17,2,0
2026-06-09,P005,West,W04,2,11,13,0,11
2026-06-10,P005,West,W04,0,21,10,11,0
2026-06-11,P005,West,W04,11,10,21,0,14
2026-06-12,P005,West,W04,0,15,15,0,6
2026-06-13,P005,West,W04,0,6,6,0,13
2026-06-14,P005,West,W04,0,16,16,0,0
2026-06-15,P005,West,W04,0,20,20,0,9
2026-06-16,P005,West,W04,0,9,9,0,15
2026-06-17,P005,West,W04,0,15,15,0,5
2026-06-18,P005,West,W04,0,21,9,12,0
2026-06-19,P005,West,W04,12,14,23,3,0
2026-06-20,P005,West,W04,3,14,17,0,14
2026-06-21,P005,West,W04,0,16,16,0,0
2026-06-22,P005,West,W04,0,18,18,0,6
2026-06-23,P005,West,W04,0,21,21,0,13
2026-06-24,P005,West,W04,0,15,14,1,0
2026-06-25,P005,West,W04,1,11,12,0,9
2026-06-26,P005,West,W04,0,18,18,0,10
2026-06-27,P005,West,W04,0,19,19,0,11
2026-06-28,P005,West,W04,0,17,17,0,6
2026-06-29,P005,West,W04,0,21,12,9,0
2026-06-30,P005,West,W04,9,9,18,0,15
2026-01-01,P006,North,W01,509,19,20,508,0
2026-01-02,P006,North,W01,508,22,22,508,0
2026-01-03,P006,North,W01,508,12,14,506,0
2026-01-04,P006,North,W01,506,15,19,502,0
2026-01-05,P006,North,W01,502,17,22,497,0
2026-01-06,P006,North,W01,497,13,21,489,0
2026-01-07,P006,North,W01,489,21,17,493,0
2026-01-08,P006,North,W01,493,11,18,486,0
2026-01-09,P006,North,W01,486,17,13,490,0
2026-01-10,P006,North,W01,490,15,17,488,0
2026-01-11,P006,North,W01,488,15,19,484,0
2026-01-12,P006,North,W01,484,18,17,485,0
2026-01-13,P006,North,W01,485,19,10,494,0
2026-01-14,P006,North,W01,494,18,18,494,0
2026-01-15,P006,North,W01,494,15,15,494,0
2026-01-16,P006,North,W01,494,11,13,492,0
2026-01-17,P006,North,W01,492,13,12,493,0
2026-01-18,P006,North,W01,493,15,18,490,0
2026-01-19,P006,North,W01,490,9,16,483,0
2026-01-20,P006,North,W01,483,16,13,486,0
2026-01-21,P006,North,W01,486,18,17,487,0
2026-01-22,P006,North,W01,487,17,18,486,0
2026-01-23,P006,North,W01,486,17,19,484,0
2026-01-24,P006,North,W01,484,18,10,492,0
2026-01-25,P006,North,W01,492,19,9,502,0
2026-01-26,P006,North,W01,502,7,21,488,0
2026-01-27,P006,North,W01,488,14,17,485,0
2026-01-28,P006,North,W01,485,21,18,488,0
2026-01-29,P006,North,W01,488,22,18,492,0
2026-01-30,P006,North,W01,492,16,20,488,0
2026-01-31,P006,North,W01,488,15,17,486,0
2026-02-01,P006,North,W01,486,13,23,476,0
2026-02-02,P006,North,W01,476,19,16,479,0
2026-02-03,P006,North,W01,479,15,18,476,0
2026-02-04,P006,North,W01,476,8,15,469,0
2026-02-05,P006,North,W01,469,12,18,463,0
2026-02-06,P006,North,W01,463,23,20,466,0
2026-02-07,P006,North,W01,466,24,15,475,0
2026-02-08,P006,North,W01,475,12,11,476,0
2026-02-09,P006,North,W01,476,11,21,466,0
2026-02-10,P006,North,W01,466,12,18,460,0
2026-02-11,P006,North,W01,460,15,19,456,0
2026-02-12,P006,North,W01,456,9,18,447,0
2026-02-13,P006,North,W01,447,18,14,451,0
2026-02-14,P006,North,W01,451,19,25,445,0
2026-02-15,P006,North,W01,445,15,29,431,0
2026-02-16,P006,North,W01,431,14,19,426,0
2026-02-17,P006,North,W01,426,8,15,419,0
2026-02-18,P006,North,W01,419,17,19,417,0
2026-02-19,P006,North,W01,417,18,16,419,0
2026-02-20,P006,North,W01,419,1,8,412,0
2026-02-21,P006,North,W01,412,2,18,396,0
2026-02-22,P006,North,W01,396,4,18,382,0
2026-02-23,P006,North,W01,382,4,17,369,0
2026-02-24,P006,North,W01,369,5,13,361,0
2026-02-25,P006,North,W01,361,1,19,343,0
2026-02-26,P006,North,W01,343,1,17,327,0
2026-02-27,P006,North,W01,327,4,21,310,0
2026-02-28,P006,North,W01,310,3,14,299,0
2026-03-01,P006,North,W01,299,21,12,308,0
2026-03-02,P006,North,W01,308,9,13,304,0
2026-03-03,P006,North,W01,304,11,22,293,0
2026-03-04,P006,North,W01,293,17,12,298,0
2026-03-05,P006,North,W01,298,18,13,303,0
2026-03-06,P006,North,W01,303,14,10,307,0
2026-03-07,P006,North,W01,307,18,17,308,0
2026-03-08,P006,North,W01,308,18,17,309,0
2026-03-09,P006,North,W01,309,13,22,300,0
2026-03-10,P006,North,W01,300,11,17,294,0
2026-03-11,P006,North,W01,294,15,29,280,0
2026-03-12,P006,North,W01,280,18,19,279,0
2026-03-13,P006,North,W01,279,9,14,274,0
2026-03-14,P006,North,W01,274,17,17,274,0
2026-03-15,P006,North,W01,274,14,21,267,0
2026-03-16,P006,North,W01,267,15,27,255,0
2026-03-17,P006,North,W01,255,11,20,246,0
2026-03-18,P006,North,W01,246,15,16,245,0
2026-03-19,P006,North,W01,245,17,20,242,0
2026-03-20,P006,North,W01,242,10,16,236,0
2026-03-21,P006,North,W01,236,16,18,234,0
2026-03-22,P006,North,W01,234,12,15,231,0
2026-03-23,P006,North,W01,231,14,16,229,0
2026-03-24,P006,North,W01,229,13,16,226,0
2026-03-25,P006,North,W01,226,16,14,228,0
2026-03-26,P006,North,W01,228,20,24,224,0
2026-03-27,P006,North,W01,224,15,21,218,0
2026-03-28,P006,North,W01,218,14,17,215,0
2026-03-29,P006,North,W01,215,13,23,205,0
2026-03-30,P006,North,W01,205,14,20,199,0
2026-03-31,P006,North,W01,199,14,17,196,0
2026-04-01,P006,North,W01,196,17,11,202,0
2026-04-02,P006,North,W01,202,21,16,207,0
2026-04-03,P006,North,W01,207,16,19,204,0
2026-04-04,P006,North,W01,204,19,16,207,0
2026-04-05,P006,North,W01,207,0,29,178,0
2026-04-06,P006,North,W01,178,0,34,144,0
2026-04-07,P006,North,W01,144,0,33,111,0
2026-04-08,P006,North,W01,111,0,26,85,0
2026-04-09,P006,North,W01,85,0,15,70,0
2026-04-10,P006,North,W01,70,0,18,52,0
2026-04-11,P006,North,W01,52,0,21,31,0
2026-04-12,P006,North,W01,31,0,26,5,0
2026-04-13,P006,North,W01,5,14,19,0,5
2026-04-14,P006,North,W01,0,11,11,0,14
2026-04-15,P006,North,W01,0,11,11,0,11
2026-04-16,P006,North,W01,0,13,13,0,7
2026-04-17,P006,North,W01,0,9,9,0,13
2026-04-18,P006,North,W01,0,18,18,0,5
2026-04-19,P006,North,W01,0,17,16,1,0
2026-04-20,P006,North,W01,1,13,14,0,15
2026-04-21,P006,North,W01,0,21,15,6,0
2026-04-22,P006,North,W01,6,12,18,0,13
2026-04-23,P006,North,W01,0,15,15,0,9
2026-04-24,P006,North,W01,0,14,14,0,7
2026-04-25,P006,North,W01,0,10,10,0,9
2026-04-26,P006,North,W01,0,20,20,0,14
2026-04-27,P006,North,W01,0,15,15,0,14
2026-04-28,P006,North,W01,0,13,13,0,11
2026-04-29,P006,North,W01,0,19,16,3,0
2026-04-30,P006,North,W01,3,18,15,6,0
2026-05-01,P006,North,W01,6,14,16,4,0
2026-05-02,P006,North,W01,4,13,17,0,4
2026-05-03,P006,North,W01,0,16,12,4,0
2026-05-04,P006,North,W01,4,19,19,4,0
2026-05-05,P006,North,W01,4,22,13,13,0
2026-05-06,P006,North,W01,13,8,21,0,8
2026-05-07,P006,North,W01,0,13,13,0,15
2026-05-08,P006,North,W01,0,12,12,0,12
2026-05-09,P006,North,W01,0,14,14,0,9
2026-05-10,P006,North,W01,0,13,13,0,5
2026-05-11,P006,North,W01,0,9,9,0,4
2026-05-12,P006,North,W01,0,14,14,0,11
2026-05-13,P006,North,W01,0,17,17,0,4
2026-05-14,P006,North,W01,0,13,13,0,15
2026-05-15,P006,North,W01,0,9,9,0,10
2026-05-16,P006,North,W01,0,14,14,0,7
2026-05-17,P006,North,W01,0,20,20,0,9
2026-05-18,P006,North,W01,0,16,16,0,15
2026-05-19,P006,North,W01,0,10,10,0,15
2026-05-20,P006,North,W01,0,11,11,0,7
2026-05-21,P006,North,W01,0,13,13,0,7
2026-05-22,P006,North,W01,0,10,10,0,4
2026-05-23,P006,North,W01,0,16,16,0,9
2026-05-24,P006,North,W01,0,16,16,0,4
2026-05-25,P006,North,W01,0,26,19,7,0
2026-05-26,P006,North,W01,7,14,21,0,15
2026-05-27,P006,North,W01,0,16,16,0,0
2026-05-28,P006,North,W01,0,18,18,0,13
2026-05-29,P006,North,W01,0,20,16,4,0
2026-05-30,P006,North,W01,4,16,20,0,15
2026-05-31,P006,North,W01,0,17,17,0,15
2026-06-01,P006,North,W01,0,17,17,0,15
2026-06-02,P006,North,W01,0,12,12,0,10
2026-06-03,P006,North,W01,0,8,8,0,13
2026-06-04,P006,North,W01,0,8,8,0,9
2026-06-05,P006,North,W01,0,14,14,0,11
2026-06-06,P006,North,W01,0,17,17,0,5
2026-06-07,P006,North,W01,0,18,18,0,0
2026-06-08,P006,North,W01,0,17,17,0,6
2026-06-09,P006,North,W01,0,17,17,0,10
2026-06-10,P006,North,W01,0,12,12,0,15
2026-06-11,P006,North,W01,0,11,11,0,4
2026-06-12,P006,North,W01,0,14,14,0,5
2026-06-13,P006,North,W01,0,18,14,4,0
2026-06-14,P006,North,W01,4,16,20,0,7
2026-06-15,P006,North,W01,0,9,9,0,6
2026-06-16,P006,North,W01,0,14,14,0,6
2026-06-17,P006,North,W01,0,17,13,4,0
2026-06-18,P006,North,W01,4,19,17,6,0
2026-06-19,P006,North,W01,6,11,11,6,0
2026-06-20,P006,North,W01,6,9,15,0,0
2026-06-21,P006,North,W01,0,12,12,0,8
2026-06-22,P006,North,W01,0,18,18,0,4
2026-06-23,P006,North,W01,0,24,17,7,0
2026-06-24,P006,North,W01,7,12,17,2,0
2026-06-25,P006,North,W01,2,11,13,0,13
2026-06-26,P006,North,W01,0,15,15,0,13
2026-06-27,P006,North,W01,0,14,14,0,5
2026-06-28,P006,North,W01,0,17,17,0,5
2026-06-29,P006,North,W01,0,11,11,0,14
2026-06-30,P006,North,W01,0,16,16,0,0
2026-01-01,P006,South,W02,597,21,23,595,0
2026-01-02,P006,South,W02,595,23,17,601,0
2026-01-03,P006,South,W02,601,21,16,606,0
2026-01-04,P006,South,W02,606,14,20,600,0
2026-01-05,P006,South,W02,600,19,24,595,0
2026-01-06,P006,South,W02,595,13,15,593,0
2026-01-07,P006,South,W02,593,10,22,581,0
2026-01-08,P006,South,W02,581,16,15,582,0
2026-01-09,P006,South,W02,582,16,18,580,0
2026-01-10,P006,South,W02,580,19,25,574,0
2026-01-11,P006,South,W02,574,10,18,566,0
2026-01-12,P006,South,W02,566,14,16,564,0
2026-01-13,P006,South,W02,564,13,15,562,0
2026-01-14,P006,South,W02,562,19,21,560,0
2026-01-15,P006,South,W02,560,15,9,566,0
2026-01-16,P006,South,W02,566,17,14,569,0
2026-01-17,P006,South,W02,569,18,12,575,0
2026-01-18,P006,South,W02,575,15,26,564,0
2026-01-19,P006,South,W02,564,13,16,561,0
2026-01-20,P006,South,W02,561,20,18,563,0
2026-01-21,P006,South,W02,563,7,26,544,0
2026-01-22,P006,South,W02,544,17,26,535,0
2026-01-23,P006,South,W02,535,15,18,532,0
2026-01-24,P006,South,W02,532,20,19,533,0
2026-01-25,P006,South,W02,533,15,30,518,0
2026-01-26,P006,South,W02,518,14,15,517,0
2026-01-27,P006,South,W02,517,17,19,515,0
2026-01-28,P006,South,W02,515,14,15,514,0
2026-01-29,P006,South,W02,514,14,9,519,0
2026-01-30,P006,South,W02,519,18,23,514,0
2026-01-31,P006,South,W02,514,15,14,515,0
2026-02-01,P006,South,W02,515,14,24,505,0
2026-02-02,P006,South,W02,505,18,21,502,0
2026-02-03,P006,South,W02,502,16,19,499,0
2026-02-04,P006,South,W02,499,18,27,490,0
2026-02-05,P006,South,W02,490,23,21,492,0
2026-02-06,P006,South,W02,492,10,12,490,0
2026-02-07,P006,South,W02,490,13,14,489,0
2026-02-08,P006,South,W02,489,14,22,481,0
2026-02-09,P006,South,W02,481,13,18,476,0
2026-02-10,P006,South,W02,476,17,21,472,0
2026-02-11,P006,South,W02,472,13,17,468,0
2026-02-12,P006,South,W02,468,13,19,462,0
2026-02-13,P006,South,W02,462,6,16,452,0
2026-02-14,P006,South,W02,452,20,18,454,0
2026-02-15,P006,South,W02,454,14,16,452,0
2026-02-16,P006,South,W02,452,11,20,443,0
2026-02-17,P006,South,W02,443,15,13,445,0
2026-02-18,P006,South,W02,445,18,20,443,0
2026-02-19,P006,South,W02,443,15,27,431,0
2026-02-20,P006,South,W02,431,2,15,418,0
2026-02-21,P006,South,W02,418,2,16,404,0
2026-02-22,P006,South,W02,404,4,13,395,0
2026-02-23,P006,South,W02,395,3,21,377,0
2026-02-24,P006,South,W02,377,2,14,365,0
2026-02-25,P006,South,W02,365,3,15,353,0
2026-02-26,P006,South,W02,353,1,18,336,0
2026-02-27,P006,South,W02,336,4,17,323,0
2026-02-28,P006,South,W02,323,4,13,314,0
2026-03-01,P006,South,W02,314,5,20,299,0
2026-03-02,P006,South,W02,299,14,22,291,0
2026-03-03,P006,South,W02,291,17,22,286,0
2026-03-04,P006,South,W02,286,6,15,277,0
2026-03-05,P006,South,W02,277,18,13,282,0
2026-03-06,P006,South,W02,282,13,28,267,0
2026-03-07,P006,South,W02,267,12,33,246,0
2026-03-08,P006,South,W02,246,17,19,244,0
2026-03-09,P006,South,W02,244,14,16,242,0
2026-03-10,P006,South,W02,242,8,26,224,0
2026-03-11,P006,South,W02,224,25,24,225,0
2026-03-12,P006,South,W02,225,14,10,229,0
2026-03-13,P006,South,W02,229,17,20,226,0
2026-03-14,P006,South,W02,226,16,16,226,0
2026-03-15,P006,South,W02,226,14,22,218,0
2026-03-16,P006,South,W02,218,11,19,210,0
2026-03-17,P006,South,W02,210,10,19,201,0
2026-03-18,P006,South,W02,201,10,21,190,0
2026-03-19,P006,South,W02,190,13,17,186,0
2026-03-20,P006,South,W02,186,7,10,183,0
2026-03-21,P006,South,W02,183,12,15,180,0
2026-03-22,P006,South,W02,180,14,13,181,0
2026-03-23,P006,South,W02,181,12,18,175,0
2026-03-24,P006,South,W02,175,12,12,175,0
2026-03-25,P006,South,W02,175,11,13,173,0
2026-03-26,P006,South,W02,173,18,17,174,0
2026-03-27,P006,South,W02,174,10,19,165,0
2026-03-28,P006,South,W02,165,16,20,161,0
2026-03-29,P006,South,W02,161,15,25,151,0
2026-03-30,P006,South,W02,151,18,17,152,0
2026-03-31,P006,South,W02,152,13,17,148,0
2026-04-01,P006,South,W02,148,11,14,145,0
2026-04-02,P006,South,W02,145,13,17,141,0
2026-04-03,P006,South,W02,141,13,13,141,0
2026-04-04,P006,South,W02,141,15,23,133,0
2026-04-05,P006,South,W02,133,0,18,115,0
2026-04-06,P006,South,W02,115,0,20,95,0
2026-04-07,P006,South,W02,95,0,26,69,0
2026-04-08,P006,South,W02,69,0,21,48,0
2026-04-09,P006,South,W02,48,0,21,27,0
2026-04-10,P006,South,W02,27,0,27,0,0
2026-04-11,P006,South,W02,0,0,0,0,7
2026-04-12,P006,South,W02,0,0,0,0,9
2026-04-13,P006,South,W02,0,14,14,0,6
2026-04-14,P006,South,W02,0,18,18,0,12
2026-04-15,P006,South,W02,0,14,11,3,0
2026-04-16,P006,South,W02,3,13,16,0,0
2026-04-17,P006,South,W02,0,14,14,0,8
2026-04-18,P006,South,W02,0,15,15,0,0
2026-04-19,P006,South,W02,0,20,20,0,4
2026-04-20,P006,South,W02,0,16,8,8,0
2026-04-21,P006,South,W02,8,17,13,12,0
2026-04-22,P006,South,W02,12,15,22,5,0
2026-04-23,P006,South,W02,5,23,20,8,0
2026-04-24,P006,South,W02,8,21,24,5,0
2026-04-25,P006,South,W02,5,8,13,0,13
2026-04-26,P006,South,W02,0,12,12,0,15
2026-04-27,P006,South,W02,0,14,14,0,6
2026-04-28,P006,South,W02,0,23,18,5,0
2026-04-29,P006,South,W02,5,16,7,14,0
2026-04-30,P006,South,W02,14,14,20,8,0
2026-05-01,P006,South,W02,8,18,26,0,6
2026-05-02,P006,South,W02,0,16,11,5,0
2026-05-03,P006,South,W02,5,17,12,10,0
2026-05-04,P006,South,W02,10,21,18,13,0
2026-05-05,P006,South,W02,13,14,15,12,0
2026-05-06,P006,South,W02,12,10,22,0,14
2026-05-07,P006,South,W02,0,21,13,8,0
2026-05-08,P006,South,W02,8,8,16,0,7
2026-05-09,P006,South,W02,0,15,15,0,8
2026-05-10,P006,South,W02,0,10,10,0,6
2026-05-11,P006,South,W02,0,14,14,0,11
2026-05-12,P006,South,W02,0,9,9,0,10
2026-05-13,P006,South,W02,0,22,22,0,6
2026-05-14,P006,South,W02,0,11,11,0,9
2026-05-15,P006,South,W02,0,15,15,0,4
2026-05-16,P006,South,W02,0,7,7,0,5
2026-05-17,P006,South,W02,0,19,19,0,8
2026-05-18,P006,South,W02,0,17,17,0,9
2026-05-19,P006,South,W02,0,12,12,0,14
2026-05-20,P006,South,W02,0,14,14,0,11
2026-05-21,P006,South,W02,0,18,18,0,13
2026-05-22,P006,South,W02,0,14,14,0,11
2026-05-23,P006,South,W02,0,17,17,0,4
2026-05-24,P006,South,W02,0,19,19,0,5
2026-05-25,P006,South,W02,0,16,13,3,0
2026-05-26,P006,South,W02,3,13,16,0,9
2026-05-27,P006,South,W02,0,13,13,0,10
2026-05-28,P006,South,W02,0,23,15,8,0
2026-05-29,P006,South,W02,8,19,16,11,0
2026-05-30,P006,South,W02,11,19,22,8,0
2026-05-31,P006,South,W02,8,19,10,17,0
2026-06-01,P006,South,W02,17,21,23,15,0
2026-06-02,P006,South,W02,15,22,27,10,0
2026-06-03,P006,South,W02,10,15,23,2,0
2026-06-04,P006,South,W02,2,13,15,0,10
2026-06-05,P006,South,W02,0,12,12,0,15
2026-06-06,P006,South,W02,0,18,18,0,9
2026-06-07,P006,South,W02,0,14,14,0,7
2026-06-08,P006,South,W02,0,16,16,0,14
2026-06-09,P006,South,W02,0,10,10,0,4
2026-06-10,P006,South,W02,0,11,11,0,7
2026-06-11,P006,South,W02,0,13,13,0,15
2026-06-12,P006,South,W02,0,17,17,0,15
2026-06-13,P006,South,W02,0,12,12,0,14
2026-06-14,P006,South,W02,0,16,16,0,5
2026-06-15,P006,South,W02,0,16,16,0,5
2026-06-16,P006,South,W02,0,10,10,0,12
2026-06-17,P006,South,W02,0,15,15,0,9
2026-06-18,P006,South,W02,0,19,19,0,5
2026-06-19,P006,South,W02,0,13,13,0,4
2026-06-20,P006,South,W02,0,17,16,1,0
2026-06-21,P006,South,W02,1,10,11,0,15
2026-06-22,P006,South,W02,0,13,13,0,14
2026-06-23,P006,South,W02,0,11,11,0,4
2026-06-24,P006,South,W02,0,15,15,0,13
2026-06-25,P006,South,W02,0,11,11,0,15
2026-06-26,P006,South,W02,0,17,17,0,8
2026-06-27,P006,South,W02,0,16,13,3,0
2026-06-28,P006,South,W02,3,14,14,3,0
2026-06-29,P006,South,W02,3,11,14,0,4
2026-06-30,P006,South,W02,0,17,8,9,0
2026-01-01,P006,East,W03,496,16,15,497,0
2026-01-02,P006,East,W03,497,23,19,501,0
2026-01-03,P006,East,W03,501,18,14,505,0
2026-01-04,P006,East,W03,505,15,15,505,0
2026-01-05,P006,East,W03,505,16,26,495,0
2026-01-06,P006,East,W03,495,16,10,501,0
2026-01-07,P006,East,W03,501,10,22,489,0
2026-01-08,P006,East,W03,489,19,17,491,0
2026-01-09,P006,East,W03,491,21,16,496,0
2026-01-10,P006,East,W03,496,22,22,496,0
2026-01-11,P006,East,W03,496,16,14,498,0
2026-01-12,P006,East,W03,498,9,20,487,0
2026-01-13,P006,East,W03,487,14,19,482,0
2026-01-14,P006,East,W03,482,11,18,475,0
2026-01-15,P006,East,W03,475,14,20,469,0
2026-01-16,P006,East,W03,469,17,16,470,0
2026-01-17,P006,East,W03,470,21,23,468,0
2026-01-18,P006,East,W03,468,13,16,465,0
2026-01-19,P006,East,W03,465,14,20,459,0
2026-01-20,P006,East,W03,459,15,19,455,0
2026-01-21,P006,East,W03,455,18,19,454,0
2026-01-22,P006,East,W03,454,15,21,448,0
2026-01-23,P006,East,W03,448,16,22,442,0
2026-01-24,P006,East,W03,442,13,19,436,0
2026-01-25,P006,East,W03,436,15,22,429,0
2026-01-26,P006,East,W03,429,12,18,423,0
2026-01-27,P006,East,W03,423,13,16,420,0
2026-01-28,P006,East,W03,420,12,21,411,0
2026-01-29,P006,East,W03,411,17,20,408,0
2026-01-30,P006,East,W03,408,19,16,411,0
2026-01-31,P006,East,W03,411,16,19,408,0
2026-02-01,P006,East,W03,408,13,13,408,0
2026-02-02,P006,East,W03,408,9,23,394,0
2026-02-03,P006,East,W03,394,16,20,390,0
2026-02-04,P006,East,W03,390,10,16,384,0
2026-02-05,P006,East,W03,384,17,21,380,0
2026-02-06,P006,East,W03,380,14,22,372,0
2026-02-07,P006,East,W03,372,16,10,378,0
2026-02-08,P006,East,W03,378,16,15,379,0
2026-02-09,P006,East,W03,379,18,19,378,0
2026-02-10,P006,East,W03,378,10,15,373,0
2026-02-11,P006,East,W03,373,21,17,377,0
2026-02-12,P006,East,W03,377,14,20,371,0
2026-02-13,P006,East,W03,371,17,16,372,0
2026-02-14,P006,East,W03,372,12,15,369,0
2026-02-15,P006,East,W03,369,20,20,369,0
2026-02-16,P006,East,W03,369,20,12,377,0
2026-02-17,P006,East,W03,377,9,17,369,0
2026-02-18,P006,East,W03,369,12,20,361,0
2026-02-19,P006,East,W03,361,17,21,357,0
2026-02-20,P006,East,W03,357,1,23,335,0
2026-02-21,P006,East,W03,335,4,16,323,0
2026-02-22,P006,East,W03,323,2,16,309,0
2026-02-23,P006,East,W03,309,3,20,292,0
2026-02-24,P006,East,W03,292,1,26,267,0
2026-02-25,P006,East,W03,267,3,11,259,0
2026-02-26,P006,East,W03,259,6,22,243,0
2026-02-27,P006,East,W03,243,3,11,235,0
2026-02-28,P006,East,W03,235,1,27,209,0
2026-03-01,P006,East,W03,209,22,29,202,0
2026-03-02,P006,East,W03,202,14,26,190,0
2026-03-03,P006,East,W03,190,19,21,188,0
2026-03-04,P006,East,W03,188,17,21,184,0
2026-03-05,P006,East,W03,184,20,18,186,0
2026-03-06,P006,East,W03,186,17,18,185,0
2026-03-07,P006,East,W03,185,14,18,181,0
2026-03-08,P006,East,W03,181,17,21,177,0
2026-03-09,P006,East,W03,177,8,17,168,0
2026-03-10,P006,East,W03,168,14,19,163,0
2026-03-11,P006,East,W03,163,12,17,158,0
2026-03-12,P006,East,W03,158,14,17,155,0
2026-03-13,P006,East,W03,155,15,13,157,0
2026-03-14,P006,East,W03,157,10,17,150,0
2026-03-15,P006,East,W03,150,17,23,144,0
2026-03-16,P006,East,W03,144,19,30,133,0
2026-03-17,P006,East,W03,133,13,17,129,0
2026-03-18,P006,East,W03,129,15,16,128,0
2026-03-19,P006,East,W03,128,13,15,126,0
2026-03-20,P006,East,W03,126,18,16,128,0
2026-03-21,P006,East,W03,128,10,20,118,0
2026-03-22,P006,East,W03,118,10,18,110,0
2026-03-23,P006,East,W03,110,18,17,111,0
2026-03-24,P006,East,W03,111,18,12,117,0
2026-03-25,P006,East,W03,117,18,28,107,0
2026-03-26,P006,East,W03,107,10,21,96,0
2026-03-27,P006,East,W03,96,9,18,87,0
2026-03-28,P006,East,W03,87,19,19,87,0
2026-03-29,P006,East,W03,87,21,17,91,0
2026-03-30,P006,East,W03,91,13,16,88,0
2026-03-31,P006,East,W03,88,7,23,72,0
2026-04-01,P006,East,W03,72,16,19,69,0
2026-04-02,P006,East,W03,69,16,23,62,0
2026-04-03,P006,East,W03,62,10,18,54,0
2026-04-04,P006,East,W03,54,13,27,40,0
2026-04-05,P006,East,W03,40,0,29,11,0
2026-04-06,P006,East,W03,11,0,11,0,8
2026-04-07,P006,East,W03,0,0,0,0,13
2026-04-08,P006,East,W03,0,0,0,0,5
2026-04-09,P006,East,W03,0,0,0,0,5
2026-04-10,P006,East,W03,0,0,0,0,11
2026-04-11,P006,East,W03,0,0,0,0,7
2026-04-12,P006,East,W03,0,0,0,0,15
2026-04-13,P006,East,W03,0,15,14,1,0
2026-04-14,P006,East,W03,1,18,18,1,0
2026-04-15,P006,East,W03,1,14,15,0,5
2026-04-16,P006,East,W03,0,21,17,4,0
2026-04-17,P006,East,W03,4,16,20,0,5
2026-04-18,P006,East,W03,0,16,16,0,6
2026-04-19,P006,East,W03,0,12,12,0,8
2026-04-20,P006,East,W03,0,5,5,0,4
2026-04-21,P006,East,W03,0,6,6,0,9
2026-04-22,P006,East,W03,0,22,22,0,0
2026-04-23,P006,East,W03,0,23,19,4,0
2026-04-24,P006,East,W03,4,13,17,0,13
2026-04-25,P006,East,W03,0,14,14,0,8
2026-04-26,P006,East,W03,0,10,10,0,15
2026-04-27,P006,East,W03,0,14,14,0,5
2026-04-28,P006,East,W03,0,9,9,0,11
2026-04-29,P006,East,W03,0,12,12,0,8
2026-04-30,P006,East,W03,0,18,14,4,0
2026-05-01,P006,East,W03,4,20,17,7,0
2026-05-02,P006,East,W03,7,18,18,7,0
2026-05-03,P006,East,W03,7,17,15,9,0
2026-05-04,P006,East,W03,9,11,19,1,0
2026-05-05,P006,East,W03,1,12,13,0,13
2026-05-06,P006,East,W03,0,10,10,0,10
2026-05-07,P006,East,W03,0,7,7,0,10
2026-05-08,P006,East,W03,0,20,16,4,0
2026-05-09,P006,East,W03,4,14,18,0,9
2026-05-10,P006,East,W03,0,12,12,0,15
2026-05-11,P006,East,W03,0,16,16,0,5
2026-05-12,P006,East,W03,0,17,17,0,6
2026-05-13,P006,East,W03,0,13,13,0,6
2026-05-14,P006,East,W03,0,15,15,0,9
2026-05-15,P006,East,W03,0,24,24,0,15
2026-05-16,P006,East,W03,0,21,21,0,0
2026-05-17,P006,East,W03,0,16,16,0,5
2026-05-18,P006,East,W03,0,17,17,0,6
2026-05-19,P006,East,W03,0,17,16,1,0
2026-05-20,P006,East,W03,1,13,14,0,9
2026-05-21,P006,East,W03,0,21,16,5,0
2026-05-22,P006,East,W03,5,13,18,0,11
2026-05-23,P006,East,W03,0,14,14,0,5
2026-05-24,P006,East,W03,0,22,21,1,0
2026-05-25,P006,East,W03,1,14,15,0,8
2026-05-26,P006,East,W03,0,19,19,0,12
2026-05-27,P006,East,W03,0,9,9,0,4
2026-05-28,P006,East,W03,0,12,12,0,14
2026-05-29,P006,East,W03,0,18,18,0,11
2026-05-30,P006,East,W03,0,15,15,0,5
2026-05-31,P006,East,W03,0,16,13,3,0
2026-06-01,P006,East,W03,3,21,21,3,0
2026-06-02,P006,East,W03,3,18,21,0,11
2026-06-03,P006,East,W03,0,10,10,0,15
2026-06-04,P006,East,W03,0,13,13,0,13
2026-06-05,P006,East,W03,0,14,14,0,4
2026-06-06,P006,East,W03,0,20,20,0,11
2026-06-07,P006,East,W03,0,12,12,0,11
2026-06-08,P006,East,W03,0,17,17,0,13
2026-06-09,P006,East,W03,0,11,11,0,10
2026-06-10,P006,East,W03,0,6,6,0,10
2026-06-11,P006,East,W03,0,9,9,0,6
2026-06-12,P006,East,W03,0,20,20,0,8
2026-06-13,P006,East,W03,0,12,12,0,15
2026-06-14,P006,East,W03,0,12,12,0,14
2026-06-15,P006,East,W03,0,21,17,4,0
2026-06-16,P006,East,W03,4,28,19,13,0
2026-06-17,P006,East,W03,13,13,26,0,13
2026-06-18,P006,East,W03,0,8,8,0,14
2026-06-19,P006,East,W03,0,11,11,0,15
2026-06-20,P006,East,W03,0,12,10,2,0
2026-06-21,P006,East,W03,2,15,17,0,14
2026-06-22,P006,East,W03,0,13,13,0,9
2026-06-23,P006,East,W03,0,19,19,0,14
2026-06-24,P006,East,W03,0,10,10,0,4
2026-06-25,P006,East,W03,0,14,13,1,0
2026-06-26,P006,East,W03,1,19,18,2,0
2026-06-27,P006,East,W03,2,20,19,3,0
2026-06-28,P006,East,W03,3,17,18,2,0
2026-06-29,P006,East,W03,2,16,16,2,0
2026-06-30,P006,East,W03,2,15,17,0,4
2026-01-01,P006,West,W04,403,16,18,401,0
2026-01-02,P006,West,W04,401,8,27,382,0
2026-01-03,P006,West,W04,382,14,11,385,0
2026-01-04,P006,West,W04,385,22,15,392,0
2026-01-05,P006,West,W04,392,11,22,381,0
2026-01-06,P006,West,W04,381,16,9,388,0
2026-01-07,P006,West,W04,388,13,21,380,0
2026-01-08,P006,West,W04,380,14,15,379,0
2026-01-09,P006,West,W04,379,14,10,383,0
2026-01-10,P006,West,W04,383,12,22,373,0
2026-01-11,P006,West,W04,373,15,17,371,0
2026-01-12,P006,West,W04,371,20,20,371,0
2026-01-13,P006,West,W04,371,19,16,374,0
2026-01-14,P006,West,W04,374,17,13,378,0
2026-01-15,P006,West,W04,378,19,20,377,0
2026-01-16,P006,West,W04,377,17,22,372,0
2026-01-17,P006,West,W04,372,14,15,371,0
2026-01-18,P006,West,W04,371,16,13,374,0
2026-01-19,P006,West,W04,374,19,20,373,0
2026-01-20,P006,West,W04,373,17,19,371,0
2026-01-21,P006,West,W04,371,10,17,364,0
2026-01-22,P006,West,W04,364,19,18,365,0
2026-01-23,P006,West,W04,365,11,15,361,0
2026-01-24,P006,West,W04,361,11,18,354,0
2026-01-25,P006,West,W04,354,13,21,346,0
2026-01-26,P006,West,W04,346,19,15,350,0
2026-01-27,P006,West,W04,350,17,16,351,0
2026-01-28,P006,West,W04,351,9,20,340,0
2026-01-29,P006,West,W04,340,13,20,333,0
2026-01-30,P006,West,W04,333,13,19,327,0
2026-01-31,P006,West,W04,327,20,19,328,0
2026-02-01,P006,West,W04,328,16,9,335,0
2026-02-02,P006,West,W04,335,13,18,330,0
2026-02-03,P006,West,W04,330,8,22,316,0
2026-02-04,P006,West,W04,316,10,14,312,0
2026-02-05,P006,West,W04,312,19,13,318,0
2026-02-06,P006,West,W04,318,18,12,324,0
2026-02-07,P006,West,W04,324,10,25,309,0
2026-02-08,P006,West,W04,309,15,16,308,0
2026-02-09,P006,West,W04,308,13,17,304,0
2026-02-10,P006,West,W04,304,15,16,303,0
2026-02-11,P006,West,W04,303,8,19,292,0
2026-02-12,P006,West,W04,292,12,16,288,0
2026-02-13,P006,West,W04,288,10,25,273,0
2026-02-14,P006,West,W04,273,14,18,269,0
2026-02-15,P006,West,W04,269,14,22,261,0
2026-02-16,P006,West,W04,261,11,14,258,0
2026-02-17,P006,West,W04,258,10,15,253,0
2026-02-18,P006,West,W04,253,18,22,249,0
2026-02-19,P006,West,W04,249,18,14,253,0
2026-02-20,P006,West,W04,253,1,18,236,0
2026-02-21,P006,West,W04,236,3,19,220,0
2026-02-22,P006,West,W04,220,1,24,197,0
2026-02-23,P006,West,W04,197,0,18,179,0
2026-02-24,P006,West,W04,179,3,22,160,0
2026-02-25,P006,West,W04,160,4,27,137,0
2026-02-26,P006,West,W04,137,1,16,122,0
2026-02-27,P006,West,W04,122,5,18,109,0
2026-02-28,P006,West,W04,109,5,18,96,0
2026-03-01,P006,West,W04,96,18,16,98,0
2026-03-02,P006,West,W04,98,16,19,95,0
2026-03-03,P006,West,W04,95,18,14,99,0
2026-03-04,P006,West,W04,99,17,22,94,0
2026-03-05,P006,West,W04,94,9,18,85,0
2026-03-06,P006,West,W04,85,14,22,77,0
2026-03-07,P006,West,W04,77,12,25,64,0
2026-03-08,P006,West,W04,64,15,20,59,0
2026-03-09,P006,West,W04,59,15,13,61,0
2026-03-10,P006,West,W04,61,13,25,49,0
2026-03-11,P006,West,W04,49,14,26,37,0
2026-03-12,P006,West,W04,37,14,18,33,0
2026-03-13,P006,West,W04,33,10,21,22,0
2026-03-14,P006,West,W04,22,17,8,31,0
2026-03-15,P006,West,W04,31,14,13,32,0
2026-03-16,P006,West,W04,32,15,14,33,0
2026-03-17,P006,West,W04,33,11,25,19,0
2026-03-18,P006,West,W04,19,19,18,20,0
2026-03-19,P006,West,W04,20,14,20,14,0
2026-03-20,P006,West,W04,14,12,21,5,0
2026-03-21,P006,West,W04,5,14,19,0,12
2026-03-22,P006,West,W04,0,15,15,0,6
2026-03-23,P006,West,W04,0,19,16,3,0
2026-03-24,P006,West,W04,3,12,15,0,7
2026-03-25,P006,West,W04,0,14,14,0,15
2026-03-26,P006,West,W04,0,13,13,0,11
2026-03-27,P006,West,W04,0,17,17,0,13
2026-03-28,P006,West,W04,0,22,22,0,11
2026-03-29,P006,West,W04,0,15,15,0,14
2026-03-30,P006,West,W04,0,15,12,3,0
2026-03-31,P006,West,W04,3,12,15,0,11
2026-04-01,P006,West,W04,0,17,17,0,8
2026-04-02,P006,West,W04,0,16,16,0,10
2026-04-03,P006,West,W04,0,17,17,0,9
2026-04-04,P006,West,W04,0,16,16,0,0
2026-04-05,P006,West,W04,0,0,0,0,8
2026-04-06,P006,West,W04,0,0,0,0,5
2026-04-07,P006,West,W04,0,0,0,0,8
2026-04-08,P006,West,W04,0,0,0,0,10
2026-04-09,P006,West,W04,0,0,0,0,5
2026-04-10,P006,West,W04,0,0,0,0,4
2026-04-11,P006,West,W04,0,0,0,0,5
2026-04-12,P006,West,W04,0,0,0,0,10
2026-04-13,P006,West,W04,0,14,14,0,8
2026-04-14,P006,West,W04,0,14,13,1,0
2026-04-15,P006,West,W04,1,15,16,0,10
2026-04-16,P006,West,W04,0,16,16,0,6
2026-04-17,P006,West,W04,0,14,14,0,13
2026-04-18,P006,West,W04,0,13,13,0,8
2026-04-19,P006,West,W04,0,17,17,0,0
2026-04-20,P006,West,W04,0,11,11,0,4
2026-04-21,P006,West,W04,0,15,11,4,0
2026-04-22,P006,West,W04,4,18,15,7,0
2026-04-23,P006,West,W04,7,7,14,0,7
2026-04-24,P006,West,W04,0,17,15,2,0
2026-04-25,P006,West,W04,2,20,22,0,10
2026-04-26,P006,West,W04,0,16,15,1,0
2026-04-27,P006,West,W04,1,18,16,3,0
2026-04-28,P006,West,W04,3,15,17,1,0
2026-04-29,P006,West,W04,1,22,8,15,0
2026-04-30,P006,West,W04,15,18,14,19,0
2026-05-01,P006,West,W04,19,21,29,11,0
2026-05-02,P006,West,W04,11,10,18,3,0
2026-05-03,P006,West,W04,3,22,25,0,9
2026-05-04,P006,West,W04,0,12,12,0,9
2026-05-05,P006,West,W04,0,13,13,0,15
2026-05-06,P006,West,W04,0,16,16,0,7
2026-05-07,P006,West,W04,0,13,13,0,9
2026-05-08,P006,West,W04,0,18,18,0,15
2026-05-09,P006,West,W04,0,22,21,1,0
2026-05-10,P006,West,W04,1,15,16,0,10
2026-05-11,P006,West,W04,0,15,15,0,12
2026-05-12,P006,West,W04,0,9,9,0,7
2026-05-13,P006,West,W04,0,8,8,0,11
2026-05-14,P006,West,W04,0,14,14,0,7
2026-05-15,P006,West,W04,0,12,12,0,5
2026-05-16,P006,West,W04,0,18,18,0,11
2026-05-17,P006,West,W04,0,9,9,0,6
2026-05-18,P006,West,W04,0,15,15,0,10
2026-05-19,P006,West,W04,0,11,11,0,15
2026-05-20,P006,West,W04,0,19,19,0,10
2026-05-21,P006,West,W04,0,11,11,0,5
2026-05-22,P006,West,W04,0,18,17,1,0
2026-05-23,P006,West,W04,1,16,13,4,0
2026-05-24,P006,West,W04,4,15,16,3,0
2026-05-25,P006,West,W04,3,18,13,8,0
2026-05-26,P006,West,W04,8,15,13,10,0
2026-05-27,P006,West,W04,10,15,21,4,0
2026-05-28,P006,West,W04,4,12,16,0,4
2026-05-29,P006,West,W04,0,16,16,0,12
2026-05-30,P006,West,W04,0,7,7,0,15
2026-05-31,P006,West,W04,0,16,11,5,0
2026-06-01,P006,West,W04,5,11,16,0,10
2026-06-02,P006,West,W04,0,18,18,0,6
2026-06-03,P006,West,W04,0,16,16,0,4
2026-06-04,P006,West,W04,0,22,17,5,0
2026-06-05,P006,West,W04,5,17,22,0,10
2026-06-06,P006,West,W04,0,10,10,0,15
2026-06-07,P006,West,W04,0,14,14,0,4
2026-06-08,P006,West,W04,0,19,19,0,8
2026-06-09,P006,West,W04,0,12,12,0,13
2026-06-10,P006,West,W04,0,11,11,0,6
2026-06-11,P006,West,W04,0,18,18,0,4
2026-06-12,P006,West,W04,0,12,12,0,12
2026-06-13,P006,West,W04,0,16,16,0,8
2026-06-14,P006,West,W04,0,16,16,0,0
2026-06-15,P006,West,W04,0,18,18,0,7
2026-06-16,P006,West,W04,0,14,14,0,10
2026-06-17,P006,West,W04,0,18,18,0,4
2026-06-18,P006,West,W04,0,14,14,0,15
2026-06-19,P006,West,W04,0,12,12,0,8
2026-06-20,P006,West,W04,0,16,15,1,0
2026-06-21,P006,West,W04,1,18,15,4,0
2026-06-22,P006,West,W04,4,9,13,0,15
2026-06-23,P006,West,W04,0,19,19,0,7
2026-06-24,P006,West,W04,0,15,15,0,14
2026-06-25,P006,West,W04,0,15,15,0,12
2026-06-26,P006,West,W04,0,17,17,0,5
2026-06-27,P006,West,W04,0,14,14,0,15
2026-06-28,P006,West,W04,0,13,13,0,9
2026-06-29,P006,West,W04,0,16,16,0,14
2026-06-30,P006,West,W04,0,18,18,0,7
2026-01-01,P007,North,W01,370,15,18,367,0
2026-01-02,P007,North,W01,367,18,27,358,0
2026-01-03,P007,North,W01,358,8,16,350,0
2026-01-04,P007,North,W01,350,15,16,349,0
2026-01-05,P007,North,W01,349,12,10,351,0
2026-01-06,P007,North,W01,351,9,16,344,0
2026-01-07,P007,North,W01,344,17,15,346,0
2026-01-08,P007,North,W01,346,17,22,341,0
2026-01-09,P007,North,W01,341,22,16,347,0
2026-01-10,P007,North,W01,347,14,19,342,0
2026-01-11,P007,North,W01,342,14,17,339,0
2026-01-12,P007,North,W01,339,13,19,333,0
2026-01-13,P007,North,W01,333,17,19,331,0
2026-01-14,P007,North,W01,331,11,22,320,0
2026-01-15,P007,North,W01,320,17,13,324,0
2026-01-16,P007,North,W01,324,11,20,315,0
2026-01-17,P007,North,W01,315,14,19,310,0
2026-01-18,P007,North,W01,310,14,20,304,0
2026-01-19,P007,North,W01,304,27,14,317,0
2026-01-20,P007,North,W01,317,15,14,318,0
2026-01-21,P007,North,W01,318,17,17,318,0
2026-01-22,P007,North,W01,318,10,25,303,0
2026-01-23,P007,North,W01,303,17,22,298,0
2026-01-24,P007,North,W01,298,17,15,300,0
2026-01-25,P007,North,W01,300,18,23,295,0
2026-01-26,P007,North,W01,295,16,15,296,0
2026-01-27,P007,North,W01,296,10,17,289,0
2026-01-28,P007,North,W01,289,13,17,285,0
2026-01-29,P007,North,W01,285,23,17,291,0
2026-01-30,P007,North,W01,291,19,13,297,0
2026-01-31,P007,North,W01,297,9,18,288,0
2026-02-01,P007,North,W01,288,14,22,280,0
2026-02-02,P007,North,W01,280,12,19,273,0
2026-02-03,P007,North,W01,273,15,18,270,0
2026-02-04,P007,North,W01,270,22,21,271,0
2026-02-05,P007,North,W01,271,11,20,262,0
2026-02-06,P007,North,W01,262,24,15,271,0
2026-02-07,P007,North,W01,271,9,19,261,0
2026-02-08,P007,North,W01,261,18,18,261,0
2026-02-09,P007,North,W01,261,7,24,244,0
2026-02-10,P007,North,W01,244,14,11,247,0
2026-02-11,P007,North,W01,247,13,22,238,0
2026-02-12,P007,North,W01,238,15,19,234,0
2026-02-13,P007,North,W01,234,19,15,238,0
2026-02-14,P007,North,W01,238,10,23,225,0
2026-02-15,P007,North,W01,225,25,17,233,0
2026-02-16,P007,North,W01,233,14,20,227,0
2026-02-17,P007,North,W01,227,11,19,219,0
2026-02-18,P007,North,W01,219,18,20,217,0
2026-02-19,P007,North,W01,217,7,16,208,0
2026-02-20,P007,North,W01,208,0,25,183,0
2026-02-21,P007,North,W01,183,2,21,164,0
2026-02-22,P007,North,W01,164,2,17,149,0
2026-02-23,P007,North,W01,149,1,22,128,0
2026-02-24,P007,North,W01,128,1,23,106,0
2026-02-25,P007,North,W01,106,3,26,83,0
2026-02-26,P007,North,W01,83,5,26,62,0
2026-02-27,P007,North,W01,62,2,20,44,0
2026-02-28,P007,North,W01,44,4,17,31,0
2026-03-01,P007,North,W01,31,21,14,38,0
2026-03-02,P007,North,W01,38,16,12,42,0
2026-03-03,P007,North,W01,42,13,15,40,0
2026-03-04,P007,North,W01,40,19,21,38,0
2026-03-05,P007,North,W01,38,21,15,44,0
2026-03-06,P007,North,W01,44,20,17,47,0
2026-03-07,P007,North,W01,47,16,11,52,0
2026-03-08,P007,North,W01,52,18,15,55,0
2026-03-09,P007,North,W01,55,14,14,55,0
2026-03-10,P007,North,W01,55,17,16,56,0
2026-03-11,P007,North,W01,56,19,18,57,0
2026-03-12,P007,North,W01,57,15,15,57,0
2026-03-13,P007,North,W01,57,7,15,49,0
2026-03-14,P007,North,W01,49,14,13,50,0
2026-03-15,P007,North,W01,50,19,14,55,0
2026-03-16,P007,North,W01,55,15,16,54,0
2026-03-17,P007,North,W01,54,19,18,55,0
2026-03-18,P007,North,W01,55,21,17,59,0
2026-03-19,P007,North,W01,59,16,19,56,0
2026-03-20,P007,North,W01,56,15,13,58,0
2026-03-21,P007,North,W01,58,13,18,53,0
2026-03-22,P007,North,W01,53,11,14,50,0
2026-03-23,P007,North,W01,50,15,14,51,0
2026-03-24,P007,North,W01,51,20,18,53,0
2026-03-25,P007,North,W01,53,13,22,44,0
2026-03-26,P007,North,W01,44,13,13,44,0
2026-03-27,P007,North,W01,44,15,27,32,0
2026-03-28,P007,North,W01,32,10,15,27,0
2026-03-29,P007,North,W01,27,18,24,21,0
2026-03-30,P007,North,W01,21,14,18,17,0
2026-03-31,P007,North,W01,17,13,18,12,0
2026-04-01,P007,North,W01,12,11,21,2,0
2026-04-02,P007,North,W01,2,12,14,0,0
2026-04-03,P007,North,W01,0,10,10,0,12
2026-04-04,P007,North,W01,0,12,12,0,7
2026-04-05,P007,North,W01,0,15,15,0,10
2026-04-06,P007,North,W01,0,14,14,0,15
2026-04-07,P007,North,W01,0,19,19,0,0
2026-04-08,P007,North,W01,0,17,17,0,9
2026-04-09,P007,North,W01,0,9,9,0,9
2026-04-10,P007,North,W01,0,17,17,0,13
2026-04-11,P007,North,W01,0,12,12,0,7
2026-04-12,P007,North,W01,0,18,17,1,0
2026-04-13,P007,North,W01,1,14,15,0,7
2026-04-14,P007,North,W01,0,20,15,5,0
2026-04-15,P007,North,W01,5,16,19,2,0
2026-04-16,P007,North,W01,2,13,15,0,7
2026-04-17,P007,North,W01,0,11,10,1,0
2026-04-18,P007,North,W01,1,23,22,2,0
2026-04-19,P007,North,W01,2,10,12,0,0
2026-04-20,P007,North,W01,0,13,13,0,5
2026-04-21,P007,North,W01,0,16,15,1,0
2026-04-22,P007,North,W01,1,23,24,0,14
2026-04-23,P007,North,W01,0,15,15,0,7
2026-04-24,P007,North,W01,0,10,10,0,14
2026-04-25,P007,North,W01,0,12,12,0,7
2026-04-26,P007,North,W01,0,17,12,5,0
2026-04-27,P007,North,W01,5,22,27,0,4
2026-04-28,P007,North,W01,0,14,14,0,13
2026-04-29,P007,North,W01,0,13,13,0,4
2026-04-30,P007,North,W01,0,15,14,1,0
2026-05-01,P007,North,W01,1,9,10,0,13
2026-05-02,P007,North,W01,0,16,16,0,11
2026-05-03,P007,North,W01,0,21,17,4,0
2026-05-04,P007,North,W01,4,12,16,0,10
2026-05-05,P007,North,W01,0,16,16,0,10
2026-05-06,P007,North,W01,0,13,13,0,7
2026-05-07,P007,North,W01,0,14,14,0,8
2026-05-08,P007,North,W01,0,19,12,7,0
2026-05-09,P007,North,W01,7,22,22,7,0
2026-05-10,P007,North,W01,7,20,19,8,0
2026-05-11,P007,North,W01,8,17,15,10,0
2026-05-12,P007,North,W01,10,10,20,0,15
2026-05-13,P007,North,W01,0,21,21,0,7
2026-05-14,P007,North,W01,0,10,10,0,0
2026-05-15,P007,North,W01,0,14,13,1,0
2026-05-16,P007,North,W01,1,15,16,0,4
2026-05-17,P007,North,W01,0,15,15,0,4
2026-05-18,P007,North,W01,0,13,13,0,11
2026-05-19,P007,North,W01,0,15,15,0,10
2026-05-20,P007,North,W01,0,19,14,5,0
2026-05-21,P007,North,W01,5,24,15,14,0
2026-05-22,P007,North,W01,14,21,14,21,0
2026-05-23,P007,North,W01,21,13,14,20,0
2026-05-24,P007,North,W01,20,11,19,12,0
2026-05-25,P007,North,W01,12,11,23,0,0
2026-05-26,P007,North,W01,0,14,14,0,15
2026-05-27,P007,North,W01,0,12,12,0,12
2026-05-28,P007,North,W01,0,14,14,0,9
2026-05-29,P007,North,W01,0,7,7,0,15
2026-05-30,P007,North,W01,0,11,11,0,7
2026-05-31,P007,North,W01,0,12,12,0,11
2026-06-01,P007,North,W01,0,24,11,13,0
2026-06-02,P007,North,W01,13,17,23,7,0
2026-06-03,P007,North,W01,7,12,13,6,0
2026-06-04,P007,North,W01,6,17,21,2,0
2026-06-05,P007,North,W01,2,16,17,1,0
2026-06-06,P007,North,W01,1,12,13,0,4
2026-06-07,P007,North,W01,0,11,11,0,14
2026-06-08,P007,North,W01,0,14,14,0,10
2026-06-09,P007,North,W01,0,12,12,0,15
2026-06-10,P007,North,W01,0,14,14,0,10
2026-06-11,P007,North,W01,0,12,12,0,15
2026-06-12,P007,North,W01,0,18,18,0,8
2026-06-13,P007,North,W01,0,13,13,0,12
2026-06-14,P007,North,W01,0,15,15,0,4
2026-06-15,P007,North,W01,0,20,17,3,0
2026-06-16,P007,North,W01,3,16,19,0,0
2026-06-17,P007,North,W01,0,7,7,0,12
2026-06-18,P007,North,W01,0,15,15,0,15
2026-06-19,P007,North,W01,0,19,19,0,5
2026-06-20,P007,North,W01,0,17,17,0,5
2026-06-21,P007,North,W01,0,9,9,0,10
2026-06-22,P007,North,W01,0,10,10,0,14
2026-06-23,P007,North,W01,0,13,13,0,12
2026-06-24,P007,North,W01,0,14,14,0,12
2026-06-25,P007,North,W01,0,14,12,2,0
2026-06-26,P007,North,W01,2,4,6,0,4
2026-06-27,P007,North,W01,0,16,16,0,10
2026-06-28,P007,North,W01,0,9,9,0,13
2026-06-29,P007,North,W01,0,15,15,0,11
2026-06-30,P007,North,W01,0,16,16,0,4
2026-01-01,P007,South,W02,428,16,26,418,0
2026-01-02,P007,South,W02,418,15,22,411,0
2026-01-03,P007,South,W02,411,14,15,410,0
2026-01-04,P007,South,W02,410,18,21,407,0
2026-01-05,P007,South,W02,407,13,10,410,0
2026-01-06,P007,South,W02,410,11,21,400,0
2026-01-07,P007,South,W02,400,18,12,406,0
2026-01-08,P007,South,W02,406,16,22,400,0
2026-01-09,P007,South,W02,400,16,14,402,0
2026-01-10,P007,South,W02,402,13,21,394,0
2026-01-11,P007,South,W02,394,20,18,396,0
2026-01-12,P007,South,W02,396,11,23,384,0
2026-01-13,P007,South,W02,384,9,15,378,0
2026-01-14,P007,South,W02,378,17,23,372,0
2026-01-15,P007,South,W02,372,13,20,365,0
2026-01-16,P007,South,W02,365,12,24,353,0
2026-01-17,P007,South,W02,353,14,18,349,0
2026-01-18,P007,South,W02,349,9,17,341,0
2026-01-19,P007,South,W02,341,16,20,337,0
2026-01-20,P007,South,W02,337,18,13,342,0
2026-01-21,P007,South,W02,342,16,21,337,0
2026-01-22,P007,South,W02,337,15,23,329,0
2026-01-23,P007,South,W02,329,21,17,333,0
2026-01-24,P007,South,W02,333,8,16,325,0
2026-01-25,P007,South,W02,325,12,14,323,0
2026-01-26,P007,South,W02,323,16,21,318,0
2026-01-27,P007,South,W02,318,22,13,327,0
2026-01-28,P007,South,W02,327,16,20,323,0
2026-01-29,P007,South,W02,323,14,22,315,0
2026-01-30,P007,South,W02,315,23,24,314,0
2026-01-31,P007,South,W02,314,14,17,311,0
2026-02-01,P007,South,W02,311,22,17,316,0
2026-02-02,P007,South,W02,316,14,17,313,0
2026-02-03,P007,South,W02,313,15,17,311,0
2026-02-04,P007,South,W02,311,16,21,306,0
2026-02-05,P007,South,W02,306,11,16,301,0
2026-02-06,P007,South,W02,301,13,14,300,0
2026-02-07,P007,South,W02,300,11,13,298,0
2026-02-08,P007,South,W02,298,19,17,300,0
2026-02-09,P007,South,W02,300,12,11,301,0
2026-02-10,P007,South,W02,301,14,18,297,0
2026-02-11,P007,South,W02,297,10,14,293,0
2026-02-12,P007,South,W02,293,20,17,296,0
2026-02-13,P007,South,W02,296,8,19,285,0
2026-02-14,P007,South,W02,285,16,17,284,0
2026-02-15,P007,South,W02,284,23,14,293,0
2026-02-16,P007,South,W02,293,14,17,290,0
2026-02-17,P007,South,W02,290,9,17,282,0
2026-02-18,P007,South,W02,282,11,21,272,0
2026-02-19,P007,South,W02,272,7,19,260,0
2026-02-20,P007,South,W02,260,3,16,247,0
2026-02-21,P007,South,W02,247,3,16,234,0
2026-02-22,P007,South,W02,234,2,8,228,0
2026-02-23,P007,South,W02,228,1,18,211,0
2026-02-24,P007,South,W02,211,2,17,196,0
2026-02-25,P007,South,W02,196,1,11,186,0
2026-02-26,P007,South,W02,186,2,16,172,0
2026-02-27,P007,South,W02,172,4,11,165,0
2026-02-28,P007,South,W02,165,4,26,143,0
2026-03-01,P007,South,W02,143,17,17,143,0
2026-03-02,P007,South,W02,143,11,19,135,0
2026-03-03,P007,South,W02,135,13,16,132,0
2026-03-04,P007,South,W02,132,16,13,135,0
2026-03-05,P007,South,W02,135,14,19,130,0
2026-03-06,P007,South,W02,130,13,15,128,0
2026-03-07,P007,South,W02,128,11,12,127,0
2026-03-08,P007,South,W02,127,21,15,133,0
2026-03-09,P007,South,W02,133,12,17,128,0
2026-03-10,P007,South,W02,128,9,15,122,0
2026-03-11,P007,South,W02,122,11,14,119,0
2026-03-12,P007,South,W02,119,8,18,109,0
2026-03-13,P007,South,W02,109,28,22,115,0
2026-03-14,P007,South,W02,115,15,23,107,0
2026-03-15,P007,South,W02,107,16,16,107,0
2026-03-16,P007,South,W02,107,13,19,101,0
2026-03-17,P007,South,W02,101,9,14,96,0
2026-03-18,P007,South,W02,96,10,14,92,0
2026-03-19,P007,South,W02,92,21,17,96,0
2026-03-20,P007,South,W02,96,23,19,100,0
2026-03-21,P007,South,W02,100,16,16,100,0
2026-03-22,P007,South,W02,100,14,20,94,0
2026-03-23,P007,South,W02,94,16,25,85,0
2026-03-24,P007,South,W02,85,19,17,87,0
2026-03-25,P007,South,W02,87,14,17,84,0
2026-03-26,P007,South,W02,84,14,19,79,0
2026-03-27,P007,South,W02,79,16,13,82,0
2026-03-28,P007,South,W02,82,22,21,83,0
2026-03-29,P007,South,W02,83,16,13,86,0
2026-03-30,P007,South,W02,86,13,16,83,0
2026-03-31,P007,South,W02,83,19,18,84,0
2026-04-01,P007,South,W02,84,11,24,71,0
2026-04-02,P007,South,W02,71,10,16,65,0
2026-04-03,P007,South,W02,65,15,18,62,0
2026-04-04,P007,South,W02,62,13,21,54,0
2026-04-05,P007,South,W02,54,12,17,49,0
2026-04-06,P007,South,W02,49,14,14,49,0
2026-04-07,P007,South,W02,49,16,19,46,0
2026-04-08,P007,South,W02,46,12,22,36,0
2026-04-09,P007,South,W02,36,18,22,32,0
2026-04-10,P007,South,W02,32,15,12,35,0
2026-04-11,P007,South,W02,35,18,14,39,0
2026-04-12,P007,South,W02,39,12,22,29,0
2026-04-13,P007,South,W02,29,15,15,29,0
2026-04-14,P007,South,W02,29,21,14,36,0
2026-04-15,P007,South,W02,36,21,24,33,0
2026-04-16,P007,South,W02,33,19,13,39,0
2026-04-17,P007,South,W02,39,14,16,37,0
2026-04-18,P007,South,W02,37,17,18,36,0
2026-04-19,P007,South,W02,36,17,15,38,0
2026-04-20,P007,South,W02,38,11,25,24,0
2026-04-21,P007,South,W02,24,13,18,19,0
2026-04-22,P007,South,W02,19,10,17,12,0
2026-04-23,P007,South,W02,12,20,23,9,0
2026-04-24,P007,South,W02,9,15,13,11,0
2026-04-25,P007,South,W02,11,16,17,10,0
2026-04-26,P007,South,W02,10,12,22,0,14
2026-04-27,P007,South,W02,0,11,11,0,12
2026-04-28,P007,South,W02,0,17,14,3,0
2026-04-29,P007,South,W02,3,20,14,9,0
2026-04-30,P007,South,W02,9,17,17,9,0
2026-05-01,P007,South,W02,9,13,12,10,0
2026-05-02,P007,South,W02,10,20,17,13,0
2026-05-03,P007,South,W02,13,17,20,10,0
2026-05-04,P007,South,W02,10,15,25,0,10
2026-05-05,P007,South,W02,0,12,12,0,14
2026-05-06,P007,South,W02,0,13,13,0,4
2026-05-07,P007,South,W02,0,15,15,0,10
2026-05-08,P007,South,W02,0,15,15,0,0
2026-05-09,P007,South,W02,0,17,17,0,9
2026-05-10,P007,South,W02,0,9,9,0,15
2026-05-11,P007,South,W02,0,27,23,4,0
2026-05-12,P007,South,W02,4,17,19,2,0
2026-05-13,P007,South,W02,2,12,14,0,13
2026-05-14,P007,South,W02,0,14,14,0,13
2026-05-15,P007,South,W02,0,11,11,0,14
2026-05-16,P007,South,W02,0,13,13,0,13
2026-05-17,P007,South,W02,0,15,15,0,10
2026-05-18,P007,South,W02,0,7,7,0,14
2026-05-19,P007,South,W02,0,16,16,0,4
2026-05-20,P007,South,W02,0,14,14,0,12
2026-05-21,P007,South,W02,0,21,17,4,0
2026-05-22,P007,South,W02,4,13,17,0,8
2026-05-23,P007,South,W02,0,21,16,5,0
2026-05-24,P007,South,W02,5,16,16,5,0
2026-05-25,P007,South,W02,5,16,20,1,0
2026-05-26,P007,South,W02,1,14,15,0,5
2026-05-27,P007,South,W02,0,9,9,0,15
2026-05-28,P007,South,W02,0,14,14,0,4
2026-05-29,P007,South,W02,0,14,14,0,6
2026-05-30,P007,South,W02,0,16,16,0,7
2026-05-31,P007,South,W02,0,16,16,0,11
2026-06-01,P007,South,W02,0,22,22,0,0
2026-06-02,P007,South,W02,0,13,13,0,4
2026-06-03,P007,South,W02,0,14,14,0,10
2026-06-04,P007,South,W02,0,12,12,0,10
2026-06-05,P007,South,W02,0,11,11,0,7
2026-06-06,P007,South,W02,0,17,17,0,7
2026-06-07,P007,South,W02,0,16,16,0,5
2026-06-08,P007,South,W02,0,14,14,0,4
2026-06-09,P007,South,W02,0,17,17,0,11
2026-06-10,P007,South,W02,0,19,16,3,0
2026-06-11,P007,South,W02,3,10,13,0,5
2026-06-12,P007,South,W02,0,11,11,0,8
2026-06-13,P007,South,W02,0,17,17,0,11
2026-06-14,P007,South,W02,0,14,14,0,6
2026-06-15,P007,South,W02,0,16,16,0,13
2026-06-16,P007,South,W02,0,11,11,0,15
2026-06-17,P007,South,W02,0,23,19,4,0
2026-06-18,P007,South,W02,4,19,22,1,0
2026-06-19,P007,South,W02,1,19,18,2,0
2026-06-20,P007,South,W02,2,16,17,1,0
2026-06-21,P007,South,W02,1,10,11,0,10
2026-06-22,P007,South,W02,0,22,17,5,0
2026-06-23,P007,South,W02,5,24,25,4,0
2026-06-24,P007,South,W02,4,14,18,0,13
2026-06-25,P007,South,W02,0,18,18,0,9
2026-06-26,P007,South,W02,0,17,17,0,4
2026-06-27,P007,South,W02,0,17,14,3,0
2026-06-28,P007,South,W02,3,14,15,2,0
2026-06-29,P007,South,W02,2,7,9,0,8
2026-06-30,P007,South,W02,0,15,15,0,12
2026-01-01,P007,East,W03,339,14,19,334,0
2026-01-02,P007,East,W03,334,17,20,331,0
2026-01-03,P007,East,W03,331,13,18,326,0
2026-01-04,P007,East,W03,326,18,11,333,0
2026-01-05,P007,East,W03,333,13,30,316,0
2026-01-06,P007,East,W03,316,15,26,305,0
2026-01-07,P007,East,W03,305,9,18,296,0
2026-01-08,P007,East,W03,296,14,20,290,0
2026-01-09,P007,East,W03,290,20,23,287,0
2026-01-10,P007,East,W03,287,24,15,296,0
2026-01-11,P007,East,W03,296,11,16,291,0
2026-01-12,P007,East,W03,291,19,18,292,0
2026-01-13,P007,East,W03,292,14,22,284,0
2026-01-14,P007,East,W03,284,16,18,282,0
2026-01-15,P007,East,W03,282,10,23,269,0
2026-01-16,P007,East,W03,269,13,21,261,0
2026-01-17,P007,East,W03,261,17,9,269,0
2026-01-18,P007,East,W03,269,13,14,268,0
2026-01-19,P007,East,W03,268,21,18,271,0
2026-01-20,P007,East,W03,271,13,9,275,0
2026-01-21,P007,East,W03,275,12,13,274,0
2026-01-22,P007,East,W03,274,18,20,272,0
2026-01-23,P007,East,W03,272,10,22,260,0
2026-01-24,P007,East,W03,260,17,14,263,0
2026-01-25,P007,East,W03,263,15,24,254,0
2026-01-26,P007,East,W03,254,12,24,242,0
2026-01-27,P007,East,W03,242,16,11,247,0
2026-01-28,P007,East,W03,247,23,25,245,0
2026-01-29,P007,East,W03,245,18,20,243,0
2026-01-30,P007,East,W03,243,17,15,245,0
2026-01-31,P007,East,W03,245,15,26,234,0
2026-02-01,P007,East,W03,234,12,20,226,0
2026-02-02,P007,East,W03,226,12,17,221,0
2026-02-03,P007,East,W03,221,12,19,214,0
2026-02-04,P007,East,W03,214,16,18,212,0
2026-02-05,P007,East,W03,212,20,19,213,0
2026-02-06,P007,East,W03,213,11,14,210,0
2026-02-07,P007,East,W03,210,14,18,206,0
2026-02-08,P007,East,W03,206,12,14,204,0
2026-02-09,P007,East,W03,204,15,24,195,0
2026-02-10,P007,East,W03,195,16,20,191,0
2026-02-11,P007,East,W03,191,13,16,188,0
2026-02-12,P007,East,W03,188,20,8,200,0
2026-02-13,P007,East,W03,200,13,15,198,0
2026-02-14,P007,East,W03,198,14,24,188,0
2026-02-15,P007,East,W03,188,13,22,179,0
2026-02-16,P007,East,W03,179,9,15,173,0
2026-02-17,P007,East,W03,173,17,19,171,0
2026-02-18,P007,East,W03,171,10,21,160,0
2026-02-19,P007,East,W03,160,16,25,151,0
2026-02-20,P007,East,W03,151,3,23,131,0
2026-02-21,P007,East,W03,131,2,17,116,0
2026-02-22,P007,East,W03,116,3,21,98,0
2026-02-23,P007,East,W03,98,4,16,86,0
2026-02-24,P007,East,W03,86,2,18,70,0
2026-02-25,P007,East,W03,70,5,17,58,0
2026-02-26,P007,East,W03,58,6,25,39,0
2026-02-27,P007,East,W03,39,6,15,30,0
2026-02-28,P007,East,W03,30,6,16,20,0
2026-03-01,P007,East,W03,20,27,18,29,0
2026-03-02,P007,East,W03,29,13,13,29,0
2026-03-03,P007,East,W03,29,21,20,30,0
2026-03-04,P007,East,W03,30,10,17,23,0
2026-03-05,P007,East,W03,23,12,17,18,0
2026-03-06,P007,East,W03,18,20,14,24,0
2026-03-07,P007,East,W03,24,20,22,22,0
2026-03-08,P007,East,W03,22,13,22,13,0
2026-03-09,P007,East,W03,13,18,12,19,0
2026-03-10,P007,East,W03,19,16,18,17,0
2026-03-11,P007,East,W03,17,14,15,16,0
2026-03-12,P007,East,W03,16,10,22,4,0
2026-03-13,P007,East,W03,4,18,15,7,0
2026-03-14,P007,East,W03,7,13,16,4,0
2026-03-15,P007,East,W03,4,7,10,1,0
2026-03-16,P007,East,W03,1,13,14,0,7
2026-03-17,P007,East,W03,0,15,11,4,0
2026-03-18,P007,East,W03,4,12,16,0,13
2026-03-19,P007,East,W03,0,23,12,11,0
2026-03-20,P007,East,W03,11,16,15,12,0
2026-03-21,P007,East,W03,12,24,14,22,0
2026-03-22,P007,East,W03,22,10,16,16,0
2026-03-23,P007,East,W03,16,20,16,20,0
2026-03-24,P007,East,W03,20,14,11,23,0
2026-03-25,P007,East,W03,23,18,27,14,0
2026-03-26,P007,East,W03,14,21,11,24,0
2026-03-27,P007,East,W03,24,12,15,21,0
2026-03-28,P007,East,W03,21,11,15,17,0
2026-03-29,P007,East,W03,17,17,26,8,0
2026-03-30,P007,East,W03,8,15,17,6,0
2026-03-31,P007,East,W03,6,18,19,5,0
2026-04-01,P007,East,W03,5,16,20,1,0
2026-04-02,P007,East,W03,1,22,19,4,0
2026-04-03,P007,East,W03,4,20,22,2,0
2026-04-04,P007,East,W03,2,15,17,0,15
2026-04-05,P007,East,W03,0,11,11,0,10
2026-04-06,P007,East,W03,0,13,13,0,13
2026-04-07,P007,East,W03,0,17,16,1,0
2026-04-08,P007,East,W03,1,13,14,0,5
2026-04-09,P007,East,W03,0,18,18,0,0
2026-04-10,P007,East,W03,0,12,12,0,9
2026-04-11,P007,East,W03,0,14,14,0,12
2026-04-12,P007,East,W03,0,16,16,0,0
2026-04-13,P007,East,W03,0,21,11,10,0
2026-04-14,P007,East,W03,10,18,17,11,0
2026-04-15,P007,East,W03,11,13,20,4,0
2026-04-16,P007,East,W03,4,12,16,0,7
2026-04-17,P007,East,W03,0,17,12,5,0
2026-04-18,P007,East,W03,5,14,13,6,0
2026-04-19,P007,East,W03,6,19,14,11,0
2026-04-20,P007,East,W03,11,18,16,13,0
2026-04-21,P007,East,W03,13,16,14,15,0
2026-04-22,P007,East,W03,15,17,13,19,0
2026-04-23,P007,East,W03,19,19,21,17,0
2026-04-24,P007,East,W03,17,19,14,22,0
2026-04-25,P007,East,W03,22,17,18,21,0
2026-04-26,P007,East,W03,21,11,19,13,0
2026-04-27,P007,East,W03,13,13,17,9,0
2026-04-28,P007,East,W03,9,16,19,6,0
2026-04-29,P007,East,W03,6,18,24,0,0
2026-04-30,P007,East,W03,0,16,16,0,12
2026-05-01,P007,East,W03,0,14,14,0,13
2026-05-02,P007,East,W03,0,14,14,0,13
2026-05-03,P007,East,W03,0,9,9,0,5
2026-05-04,P007,East,W03,0,11,11,0,10
2026-05-05,P007,East,W03,0,15,15,0,13
2026-05-06,P007,East,W03,0,15,15,0,5
2026-05-07,P007,East,W03,0,7,7,0,15
2026-05-08,P007,East,W03,0,16,16,0,13
2026-05-09,P007,East,W03,0,11,11,0,6
2026-05-10,P007,East,W03,0,18,14,4,0
2026-05-11,P007,East,W03,4,13,12,5,0
2026-05-12,P007,East,W03,5,17,20,2,0
2026-05-13,P007,East,W03,2,18,17,3,0
2026-05-14,P007,East,W03,3,23,17,9,0
2026-05-15,P007,East,W03,9,11,13,7,0
2026-05-16,P007,East,W03,7,15,22,0,0
2026-05-17,P007,East,W03,0,16,16,0,10
2026-05-18,P007,East,W03,0,16,16,0,6
2026-05-19,P007,East,W03,0,17,13,4,0
2026-05-20,P007,East,W03,4,13,17,0,9
2026-05-21,P007,East,W03,0,11,11,0,4
2026-05-22,P007,East,W03,0,18,18,0,0
2026-05-23,P007,East,W03,0,12,12,0,7
2026-05-24,P007,East,W03,0,26,15,11,0
2026-05-25,P007,East,W03,11,20,17,14,0
2026-05-26,P007,East,W03,14,24,23,15,0
2026-05-27,P007,East,W03,15,8,20,3,0
2026-05-28,P007,East,W03,3,9,12,0,14
2026-05-29,P007,East,W03,0,28,21,7,0
2026-05-30,P007,East,W03,7,10,17,0,14
2026-05-31,P007,East,W03,0,16,16,0,0
2026-06-01,P007,East,W03,0,18,18,0,15
2026-06-02,P007,East,W03,0,13,13,0,5
2026-06-03,P007,East,W03,0,19,19,0,4
2026-06-04,P007,East,W03,0,12,12,0,5
2026-06-05,P007,East,W03,0,14,14,0,0
2026-06-06,P007,East,W03,0,19,17,2,0
2026-06-07,P007,East,W03,2,14,16,0,5
2026-06-08,P007,East,W03,0,14,14,0,7
2026-06-09,P007,East,W03,0,12,12,0,10
2026-06-10,P007,East,W03,0,19,19,0,12
2026-06-11,P007,East,W03,0,16,16,0,11
2026-06-12,P007,East,W03,0,15,15,0,6
2026-06-13,P007,East,W03,0,21,21,0,15
2026-06-14,P007,East,W03,0,13,13,0,15
2026-06-15,P007,East,W03,0,15,15,0,13
2026-06-16,P007,East,W03,0,15,15,0,12
2026-06-17,P007,East,W03,0,16,16,0,9
2026-06-18,P007,East,W03,0,18,18,0,7
2026-06-19,P007,East,W03,0,14,14,0,0
2026-06-20,P007,East,W03,0,19,19,0,7
2026-06-21,P007,East,W03,0,23,18,5,0
2026-06-22,P007,East,W03,5,11,16,0,9
2026-06-23,P007,East,W03,0,13,13,0,15
2026-06-24,P007,East,W03,0,10,10,0,11
2026-06-25,P007,East,W03,0,14,14,0,10
2026-06-26,P007,East,W03,0,7,7,0,4
2026-06-27,P007,East,W03,0,16,15,1,0
2026-06-28,P007,East,W03,1,18,17,2,0
2026-06-29,P007,East,W03,2,16,18,0,10
2026-06-30,P007,East,W03,0,22,22,0,15
2026-01-01,P007,West,W04,608,16,13,611,0
2026-01-02,P007,West,W04,611,13,19,605,0
2026-01-03,P007,West,W04,605,17,15,607,0
2026-01-04,P007,West,W04,607,13,21,599,0
2026-01-05,P007,West,W04,599,21,19,601,0
2026-01-06,P007,West,W04,601,23,18,606,0
2026-01-07,P007,West,W04,606,15,20,601,0
2026-01-08,P007,West,W04,601,11,17,595,0
2026-01-09,P007,West,W04,595,13,14,594,0
2026-01-10,P007,West,W04,594,16,20,590,0
2026-01-11,P007,West,W04,590,21,20,591,0
2026-01-12,P007,West,W04,591,17,16,592,0
2026-01-13,P007,West,W04,592,18,24,586,0
2026-01-14,P007,West,W04,586,8,17,577,0
2026-01-15,P007,West,W04,577,15,15,577,0
2026-01-16,P007,West,W04,577,14,12,579,0
2026-01-17,P007,West,W04,579,12,23,568,0
2026-01-18,P007,West,W04,568,16,15,569,0
2026-01-19,P007,West,W04,569,19,19,569,0
2026-01-20,P007,West,W04,569,10,15,564,0
2026-01-21,P007,West,W04,564,12,25,551,0
2026-01-22,P007,West,W04,551,21,14,558,0
2026-01-23,P007,West,W04,558,16,11,563,0
2026-01-24,P007,West,W04,563,21,20,564,0
2026-01-25,P007,West,W04,564,11,15,560,0
2026-01-26,P007,West,W04,560,10,17,553,0
2026-01-27,P007,West,W04,553,9,16,546,0
2026-01-28,P007,West,W04,546,6,15,537,0
2026-01-29,P007,West,W04,537,24,17,544,0
2026-01-30,P007,West,W04,544,16,21,539,0
2026-01-31,P007,West,W04,539,20,22,537,0
2026-02-01,P007,West,W04,537,13,14,536,0
2026-02-02,P007,West,W04,536,17,11,542,0
2026-02-03,P007,West,W04,542,20,29,533,0
2026-02-04,P007,West,W04,533,17,17,533,0
2026-02-05,P007,West,W04,533,14,12,535,0
2026-02-06,P007,West,W04,535,8,17,526,0
2026-02-07,P007,West,W04,526,14,12,528,0
2026-02-08,P007,West,W04,528,13,18,523,0
2026-02-09,P007,West,W04,523,18,18,523,0
2026-02-10,P007,West,W04,523,14,23,514,0
2026-02-11,P007,West,W04,514,11,15,510,0
2026-02-12,P007,West,W04,510,17,25,502,0
2026-02-13,P007,West,W04,502,14,18,498,0
2026-02-14,P007,West,W04,498,20,16,502,0
2026-02-15,P007,West,W04,502,12,20,494,0
2026-02-16,P007,West,W04,494,19,25,488,0
2026-02-17,P007,West,W04,488,8,21,475,0
2026-02-18,P007,West,W04,475,12,12,475,0
2026-02-19,P007,West,W04,475,17,19,473,0
2026-02-20,P007,West,W04,473,9,13,469,0
2026-02-21,P007,West,W04,469,3,23,449,0
2026-02-22,P007,West,W04,449,5,23,431,0
2026-02-23,P007,West,W04,431,2,26,407,0
2026-02-24,P007,West,W04,407,6,14,399,0
2026-02-25,P007,West,W04,399,0,28,371,0
2026-02-26,P007,West,W04,371,5,15,361,0
2026-02-27,P007,West,W04,361,4,23,342,0
2026-02-28,P007,West,W04,342,3,16,329,0
2026-03-01,P007,West,W04,329,16,19,326,0
2026-03-02,P007,West,W04,326,5,19,312,0
2026-03-03,P007,West,W04,312,20,15,317,0
2026-03-04,P007,West,W04,317,12,15,314,0
2026-03-05,P007,West,W04,314,12,17,309,0
2026-03-06,P007,West,W04,309,11,16,304,0
2026-03-07,P007,West,W04,304,11,18,297,0
2026-03-08,P007,West,W04,297,12,22,287,0
2026-03-09,P007,West,W04,287,11,12,286,0
2026-03-10,P007,West,W04,286,10,14,282,0
2026-03-11,P007,West,W04,282,11,20,273,0
2026-03-12,P007,West,W04,273,7,18,262,0
2026-03-13,P007,West,W04,262,7,20,249,0
2026-03-14,P007,West,W04,249,12,22,239,0
2026-03-15,P007,West,W04,239,16,18,237,0
2026-03-16,P007,West,W04,237,17,18,236,0
2026-03-17,P007,West,W04,236,21,12,245,0
2026-03-18,P007,West,W04,245,8,11,242,0
2026-03-19,P007,West,W04,242,16,18,240,0
2026-03-20,P007,West,W04,240,17,20,237,0
2026-03-21,P007,West,W04,237,13,17,233,0
2026-03-22,P007,West,W04,233,15,11,237,0
2026-03-23,P007,West,W04,237,20,24,233,0
2026-03-24,P007,West,W04,233,19,14,238,0
2026-03-25,P007,West,W04,238,11,20,229,0
2026-03-26,P007,West,W04,229,15,21,223,0
2026-03-27,P007,West,W04,223,14,18,219,0
2026-03-28,P007,West,W04,219,16,16,219,0
2026-03-29,P007,West,W04,219,16,24,211,0
2026-03-30,P007,West,W04,211,17,16,212,0
2026-03-31,P007,West,W04,212,13,17,208,0
2026-04-01,P007,West,W04,208,15,26,197,0
2026-04-02,P007,West,W04,197,14,15,196,0
2026-04-03,P007,West,W04,196,17,17,196,0
2026-04-04,P007,West,W04,196,14,23,187,0
2026-04-05,P007,West,W04,187,17,14,190,0
2026-04-06,P007,West,W04,190,10,25,175,0
2026-04-07,P007,West,W04,175,20,22,173,0
2026-04-08,P007,West,W04,173,17,10,180,0
2026-04-09,P007,West,W04,180,16,19,177,0
2026-04-10,P007,West,W04,177,18,20,175,0
2026-04-11,P007,West,W04,175,19,18,176,0
2026-04-12,P007,West,W04,176,18,22,172,0
2026-04-13,P007,West,W04,172,11,20,163,0
2026-04-14,P007,West,W04,163,10,15,158,0
2026-04-15,P007,West,W04,158,13,18,153,0
2026-04-16,P007,West,W04,153,18,16,155,0
2026-04-17,P007,West,W04,155,19,21,153,0
2026-04-18,P007,West,W04,153,11,21,143,0
2026-04-19,P007,West,W04,143,18,12,149,0
2026-04-20,P007,West,W04,149,14,24,139,0
2026-04-21,P007,West,W04,139,8,21,126,0
2026-04-22,P007,West,W04,126,20,21,125,0
2026-04-23,P007,West,W04,125,8,17,116,0
2026-04-24,P007,West,W04,116,15,19,112,0
2026-04-25,P007,West,W04,112,10,16,106,0
2026-04-26,P007,West,W04,106,19,23,102,0
2026-04-27,P007,West,W04,102,17,13,106,0
2026-04-28,P007,West,W04,106,13,15,104,0
2026-04-29,P007,West,W04,104,19,20,103,0
2026-04-30,P007,West,W04,103,18,17,104,0
2026-05-01,P007,West,W04,104,11,13,102,0
2026-05-02,P007,West,W04,102,17,21,98,0
2026-05-03,P007,West,W04,98,13,15,96,0
2026-05-04,P007,West,W04,96,24,18,102,0
2026-05-05,P007,West,W04,102,13,23,92,0
2026-05-06,P007,West,W04,92,14,25,81,0
2026-05-07,P007,West,W04,81,16,21,76,0
2026-05-08,P007,West,W04,76,13,14,75,0
2026-05-09,P007,West,W04,75,14,24,65,0
2026-05-10,P007,West,W04,65,10,21,54,0
2026-05-11,P007,West,W04,54,20,21,53,0
2026-05-12,P007,West,W04,53,20,19,54,0
2026-05-13,P007,West,W04,54,14,19,49,0
2026-05-14,P007,West,W04,49,13,18,44,0
2026-05-15,P007,West,W04,44,12,8,48,0
2026-05-16,P007,West,W04,48,18,18,48,0
2026-05-17,P007,West,W04,48,16,20,44,0
2026-05-18,P007,West,W04,44,5,29,20,0
2026-05-19,P007,West,W04,20,13,14,19,0
2026-05-20,P007,West,W04,19,15,21,13,0
2026-05-21,P007,West,W04,13,11,18,6,0
2026-05-22,P007,West,W04,6,8,14,0,14
2026-05-23,P007,West,W04,0,15,15,0,5
2026-05-24,P007,West,W04,0,14,14,0,7
2026-05-25,P007,West,W04,0,19,19,0,14
2026-05-26,P007,West,W04,0,17,17,0,0
2026-05-27,P007,West,W04,0,18,13,5,0
2026-05-28,P007,West,W04,5,18,17,6,0
2026-05-29,P007,West,W04,6,18,15,9,0
2026-05-30,P007,West,W04,9,22,17,14,0
2026-05-31,P007,West,W04,14,16,16,14,0
2026-06-01,P007,West,W04,14,22,15,21,0
2026-06-02,P007,West,W04,21,14,28,7,0
2026-06-03,P007,West,W04,7,14,21,0,0
2026-06-04,P007,West,W04,0,11,11,0,14
2026-06-05,P007,West,W04,0,22,22,0,12
2026-06-06,P007,West,W04,0,16,16,0,0
2026-06-07,P007,West,W04,0,19,19,0,15
2026-06-08,P007,West,W04,0,10,10,0,7
2026-06-09,P007,West,W04,0,14,14,0,15
2026-06-10,P007,West,W04,0,11,11,0,11
2026-06-11,P007,West,W04,0,13,13,0,9
2026-06-12,P007,West,W04,0,14,14,0,0
2026-06-13,P007,West,W04,0,22,19,3,0
2026-06-14,P007,West,W04,3,13,16,0,10
2026-06-15,P007,West,W04,0,18,15,3,0
2026-06-16,P007,West,W04,3,11,14,0,14
2026-06-17,P007,West,W04,0,10,10,0,5
2026-06-18,P007,West,W04,0,16,16,0,4
2026-06-19,P007,West,W04,0,17,13,4,0
2026-06-20,P007,West,W04,4,15,13,6,0
2026-06-21,P007,West,W04,6,14,19,1,0
2026-06-22,P007,West,W04,1,15,16,0,14
2026-06-23,P007,West,W04,0,9,9,0,12
2026-06-24,P007,West,W04,0,12,12,0,8
2026-06-25,P007,West,W04,0,7,7,0,12
2026-06-26,P007,West,W04,0,21,21,0,11
2026-06-27,P007,West,W04,0,12,12,0,15
2026-06-28,P007,West,W04,0,19,12,7,0
2026-06-29,P007,West,W04,7,25,17,15,0
2026-06-30,P007,West,W04,15,19,25,9,0
2026-01-01,P008,North,W01,385,16,26,375,0
2026-01-02,P008,North,W01,375,14,11,378,0
2026-01-03,P008,North,W01,378,13,20,371,0
2026-01-04,P008,North,W01,371,13,18,366,0
2026-01-05,P008,North,W01,366,16,23,359,0
2026-01-06,P008,North,W01,359,18,20,357,0
2026-01-07,P008,North,W01,357,9,21,345,0
2026-01-08,P008,North,W01,345,19,22,342,0
2026-01-09,P008,North,W01,342,10,17,335,0
2026-01-10,P008,North,W01,335,17,18,334,0
2026-01-11,P008,North,W01,334,13,12,335,0
2026-01-12,P008,North,W01,335,19,23,331,0
2026-01-13,P008,North,W01,331,18,18,331,0
2026-01-14,P008,North,W01,331,15,15,331,0
2026-01-15,P008,North,W01,331,12,24,319,0
2026-01-16,P008,North,W01,319,16,17,318,0
2026-01-17,P008,North,W01,318,10,11,317,0
2026-01-18,P008,North,W01,317,15,18,314,0
2026-01-19,P008,North,W01,314,19,21,312,0
2026-01-20,P008,North,W01,312,10,18,304,0
2026-01-21,P008,North,W01,304,21,19,306,0
2026-01-22,P008,North,W01,306,19,17,308,0
2026-01-23,P008,North,W01,308,19,27,300,0
2026-01-24,P008,North,W01,300,19,22,297,0
2026-01-25,P008,North,W01,297,18,17,298,0
2026-01-26,P008,North,W01,298,12,14,296,0
2026-01-27,P008,North,W01,296,15,16,295,0
2026-01-28,P008,North,W01,295,19,18,296,0
2026-01-29,P008,North,W01,296,18,24,290,0
2026-01-30,P008,North,W01,290,18,15,293,0
2026-01-31,P008,North,W01,293,14,18,289,0
2026-02-01,P008,North,W01,289,15,15,289,0
2026-02-02,P008,North,W01,289,16,15,290,0
2026-02-03,P008,North,W01,290,16,26,280,0
2026-02-04,P008,North,W01,280,11,14,277,0
2026-02-05,P008,North,W01,277,16,20,273,0
2026-02-06,P008,North,W01,273,14,25,262,0
2026-02-07,P008,North,W01,262,17,19,260,0
2026-02-08,P008,North,W01,260,14,13,261,0
2026-02-09,P008,North,W01,261,9,21,249,0
2026-02-10,P008,North,W01,249,10,27,232,0
2026-02-11,P008,North,W01,232,14,26,220,0
2026-02-12,P008,North,W01,220,10,26,204,0
2026-02-13,P008,North,W01,204,12,11,205,0
2026-02-14,P008,North,W01,205,23,16,212,0
2026-02-15,P008,North,W01,212,16,16,212,0
2026-02-16,P008,North,W01,212,10,22,200,0
2026-02-17,P008,North,W01,200,20,16,204,0
2026-02-18,P008,North,W01,204,17,21,200,0
2026-02-19,P008,North,W01,200,15,22,193,0
2026-02-20,P008,North,W01,193,1,21,173,0
2026-02-21,P008,North,W01,173,4,24,153,0
2026-02-22,P008,North,W01,153,3,19,137,0
2026-02-23,P008,North,W01,137,4,22,119,0
2026-02-24,P008,North,W01,119,3,25,97,0
2026-02-25,P008,North,W01,97,2,15,84,0
2026-02-26,P008,North,W01,84,3,28,59,0
2026-02-27,P008,North,W01,59,2,6,55,0
2026-02-28,P008,North,W01,55,2,15,42,0
2026-03-01,P008,North,W01,42,14,23,33,0
2026-03-02,P008,North,W01,33,10,13,30,0
2026-03-03,P008,North,W01,30,15,23,22,0
2026-03-04,P008,North,W01,22,13,17,18,0
2026-03-05,P008,North,W01,18,14,22,10,0
2026-03-06,P008,North,W01,10,13,15,8,0
2026-03-07,P008,North,W01,8,20,15,13,0
2026-03-08,P008,North,W01,13,21,15,19,0
2026-03-09,P008,North,W01,19,8,15,12,0
2026-03-10,P008,North,W01,12,11,23,0,5
2026-03-11,P008,North,W01,0,14,14,0,10
2026-03-12,P008,North,W01,0,14,14,0,6
2026-03-13,P008,North,W01,0,18,18,0,14
2026-03-14,P008,North,W01,0,27,19,8,0
2026-03-15,P008,North,W01,8,15,19,4,0
2026-03-16,P008,North,W01,4,13,16,1,0
2026-03-17,P008,North,W01,1,14,15,0,0
2026-03-18,P008,North,W01,0,15,15,0,14
2026-03-19,P008,North,W01,0,13,13,0,5
2026-03-20,P008,North,W01,0,10,10,0,14
2026-03-21,P008,North,W01,0,10,10,0,12
2026-03-22,P008,North,W01,0,9,9,0,13
2026-03-23,P008,North,W01,0,13,13,0,15
2026-03-24,P008,North,W01,0,11,11,0,9
2026-03-25,P008,North,W01,0,16,13,3,0
2026-03-26,P008,North,W01,3,16,12,7,0
2026-03-27,P008,North,W01,7,7,14,0,0
2026-03-28,P008,North,W01,0,12,12,0,12
2026-03-29,P008,North,W01,0,18,18,0,0
2026-03-30,P008,North,W01,0,8,8,0,11
2026-03-31,P008,North,W01,0,18,18,0,13
2026-04-01,P008,North,W01,0,13,13,0,4
2026-04-02,P008,North,W01,0,13,12,1,0
2026-04-03,P008,North,W01,1,12,12,1,0
2026-04-04,P008,North,W01,1,15,15,1,0
2026-04-05,P008,North,W01,1,14,15,0,6
2026-04-06,P008,North,W01,0,10,10,0,7
2026-04-07,P008,North,W01,0,15,15,0,7
2026-04-08,P008,North,W01,0,13,13,0,7
2026-04-09,P008,North,W01,0,13,13,0,9
2026-04-10,P008,North,W01,0,23,22,1,0
2026-04-11,P008,North,W01,1,13,14,0,4
2026-04-12,P008,North,W01,0,13,13,0,10
2026-04-13,P008,North,W01,0,10,10,0,5
2026-04-14,P008,North,W01,0,11,11,0,8
2026-04-15,P008,North,W01,0,14,14,0,8
2026-04-16,P008,North,W01,0,8,8,0,6
2026-04-17,P008,North,W01,0,14,14,0,0
2026-04-18,P008,North,W01,0,18,18,0,10
2026-04-19,P008,North,W01,0,18,17,1,0
2026-04-20,P008,North,W01,1,14,15,0,10
2026-04-21,P008,North,W01,0,14,14,0,5
2026-04-22,P008,North,W01,0,15,15,0,6
2026-04-23,P008,North,W01,0,13,13,0,4
2026-04-24,P008,North,W01,0,12,12,0,4
2026-04-25,P008,North,W01,0,20,11,9,0
2026-04-26,P008,North,W01,9,17,17,9,0
2026-04-27,P008,North,W01,9,16,25,0,12
2026-04-28,P008,North,W01,0,15,15,0,14
2026-04-29,P008,North,W01,0,5,5,0,11
2026-04-30,P008,North,W01,0,16,16,0,7
2026-05-01,P008,North,W01,0,13,13,0,11
2026-05-02,P008,North,W01,0,8,8,0,7
2026-05-03,P008,North,W01,0,16,16,0,10
2026-05-04,P008,North,W01,0,15,14,1,0
2026-05-05,P008,North,W01,1,16,9,8,0
2026-05-06,P008,North,W01,8,16,16,8,0
2026-05-07,P008,North,W01,8,13,19,2,0
2026-05-08,P008,North,W01,2,22,23,1,0
2026-05-09,P008,North,W01,1,14,15,0,4
2026-05-10,P008,North,W01,0,18,18,0,9
2026-05-11,P008,North,W01,0,17,17,0,6
2026-05-12,P008,North,W01,0,15,15,0,4
2026-05-13,P008,North,W01,0,15,15,0,13
2026-05-14,P008,North,W01,0,8,8,0,10
2026-05-15,P008,North,W01,0,10,10,0,9
2026-05-16,P008,North,W01,0,13,13,0,9
2026-05-17,P008,North,W01,0,16,16,0,10
2026-05-18,P008,North,W01,0,20,20,0,7
2026-05-19,P008,North,W01,0,14,14,0,8
2026-05-20,P008,North,W01,0,11,11,0,6
2026-05-21,P008,North,W01,0,13,13,0,10
2026-05-22,P008,North,W01,0,12,12,0,15
2026-05-23,P008,North,W01,0,8,8,0,5
2026-05-24,P008,North,W01,0,14,14,0,5
2026-05-25,P008,North,W01,0,12,12,0,6
2026-05-26,P008,North,W01,0,9,9,0,6
2026-05-27,P008,North,W01,0,10,10,0,13
2026-05-28,P008,North,W01,0,14,14,0,8
2026-05-29,P008,North,W01,0,17,17,0,14
2026-05-30,P008,North,W01,0,15,13,2,0
2026-05-31,P008,North,W01,2,19,17,4,0
2026-06-01,P008,North,W01,4,14,17,1,0
2026-06-02,P008,North,W01,1,16,17,0,9
2026-06-03,P008,North,W01,0,11,11,0,6
2026-06-04,P008,North,W01,0,17,12,5,0
2026-06-05,P008,North,W01,5,15,16,4,0
2026-06-06,P008,North,W01,4,13,17,0,9
2026-06-07,P008,North,W01,0,14,14,0,13
2026-06-08,P008,North,W01,0,12,12,0,12
2026-06-09,P008,North,W01,0,14,14,0,7
2026-06-10,P008,North,W01,0,15,15,0,4
2026-06-11,P008,North,W01,0,20,18,2,0
2026-06-12,P008,North,W01,2,16,18,0,8
2026-06-13,P008,North,W01,0,19,19,0,7
2026-06-14,P008,North,W01,0,16,16,0,5
2026-06-15,P008,North,W01,0,15,15,0,10
2026-06-16,P008,North,W01,0,15,15,0,14
2026-06-17,P008,North,W01,0,14,14,0,4
2026-06-18,P008,North,W01,0,4,4,0,12
2026-06-19,P008,North,W01,0,20,19,1,0
2026-06-20,P008,North,W01,1,22,17,6,0
2026-06-21,P008,North,W01,6,15,21,0,8
2026-06-22,P008,North,W01,0,14,14,0,6
2026-06-23,P008,North,W01,0,12,12,0,11
2026-06-24,P008,North,W01,0,15,15,0,11
2026-06-25,P008,North,W01,0,15,14,1,0
2026-06-26,P008,North,W01,1,24,14,11,0
2026-06-27,P008,North,W01,11,22,28,5,0
2026-06-28,P008,North,W01,5,19,13,11,0
2026-06-29,P008,North,W01,11,6,15,2,0
2026-06-30,P008,North,W01,2,6,8,0,5
2026-01-01,P008,South,W02,611,15,19,607,0
2026-01-02,P008,South,W02,607,18,17,608,0
2026-01-03,P008,South,W02,608,19,20,607,0
2026-01-04,P008,South,W02,607,8,16,599,0
2026-01-05,P008,South,W02,599,8,19,588,0
2026-01-06,P008,South,W02,588,20,15,593,0
2026-01-07,P008,South,W02,593,12,16,589,0
2026-01-08,P008,South,W02,589,16,16,589,0
2026-01-09,P008,South,W02,589,12,14,587,0
2026-01-10,P008,South,W02,587,13,18,582,0
2026-01-11,P008,South,W02,582,10,21,571,0
2026-01-12,P008,South,W02,571,13,22,562,0
2026-01-13,P008,South,W02,562,7,9,560,0
2026-01-14,P008,South,W02,560,10,15,555,0
2026-01-15,P008,South,W02,555,14,8,561,0
2026-01-16,P008,South,W02,561,11,17,555,0
2026-01-17,P008,South,W02,555,16,20,551,0
2026-01-18,P008,South,W02,551,9,22,538,0
2026-01-19,P008,South,W02,538,17,12,543,0
2026-01-20,P008,South,W02,543,13,17,539,0
2026-01-21,P008,South,W02,539,10,23,526,0
2026-01-22,P008,South,W02,526,12,19,519,0
2026-01-23,P008,South,W02,519,12,19,512,0
2026-01-24,P008,South,W02,512,23,20,515,0
2026-01-25,P008,South,W02,515,14,15,514,0
2026-01-26,P008,South,W02,514,14,19,509,0
2026-01-27,P008,South,W02,509,13,15,507,0
2026-01-28,P008,South,W02,507,15,17,505,0
2026-01-29,P008,South,W02,505,13,18,500,0
2026-01-30,P008,South,W02,500,11,21,490,0
2026-01-31,P008,South,W02,490,18,17,491,0
2026-02-01,P008,South,W02,491,14,14,491,0
2026-02-02,P008,South,W02,491,21,17,495,0
2026-02-03,P008,South,W02,495,17,16,496,0
2026-02-04,P008,South,W02,496,15,19,492,0
2026-02-05,P008,South,W02,492,17,20,489,0
2026-02-06,P008,South,W02,489,15,22,482,0
2026-02-07,P008,South,W02,482,16,18,480,0
2026-02-08,P008,South,W02,480,18,13,485,0
2026-02-09,P008,South,W02,485,13,15,483,0
2026-02-10,P008,South,W02,483,8,16,475,0
2026-02-11,P008,South,W02,475,16,17,474,0
2026-02-12,P008,South,W02,474,19,18,475,0
2026-02-13,P008,South,W02,475,17,26,466,0
2026-02-14,P008,South,W02,466,15,13,468,0
2026-02-15,P008,South,W02,468,18,15,471,0
2026-02-16,P008,South,W02,471,16,21,466,0
2026-02-17,P008,South,W02,466,20,9,477,0
2026-02-18,P008,South,W02,477,21,21,477,0
2026-02-19,P008,South,W02,477,11,21,467,0
2026-02-20,P008,South,W02,467,1,11,457,0
2026-02-21,P008,South,W02,457,1,15,443,0
2026-02-22,P008,South,W02,443,3,11,435,0
2026-02-23,P008,South,W02,435,0,23,412,0
2026-02-24,P008,South,W02,412,0,14,398,0
2026-02-25,P008,South,W02,398,3,14,387,0
2026-02-26,P008,South,W02,387,2,23,366,0
2026-02-27,P008,South,W02,366,4,21,349,0
2026-02-28,P008,South,W02,349,2,27,324,0
2026-03-01,P008,South,W02,324,15,21,318,0
2026-03-02,P008,South,W02,318,25,21,322,0
2026-03-03,P008,South,W02,322,12,16,318,0
2026-03-04,P008,South,W02,318,14,14,318,0
2026-03-05,P008,South,W02,318,14,21,311,0
2026-03-06,P008,South,W02,311,17,19,309,0
2026-03-07,P008,South,W02,309,17,16,310,0
2026-03-08,P008,South,W02,310,15,20,305,0
2026-03-09,P008,South,W02,305,13,15,303,0
2026-03-10,P008,South,W02,303,18,16,305,0
2026-03-11,P008,South,W02,305,17,18,304,0
2026-03-12,P008,South,W02,304,17,19,302,0
2026-03-13,P008,South,W02,302,19,16,305,0
2026-03-14,P008,South,W02,305,18,18,305,0
2026-03-15,P008,South,W02,305,15,17,303,0
2026-03-16,P008,South,W02,303,13,20,296,0
2026-03-17,P008,South,W02,296,10,24,282,0
2026-03-18,P008,South,W02,282,11,21,272,0
2026-03-19,P008,South,W02,272,11,22,261,0
2026-03-20,P008,South,W02,261,18,15,264,0
2026-03-21,P008,South,W02,264,13,16,261,0
2026-03-22,P008,South,W02,261,17,22,256,0
2026-03-23,P008,South,W02,256,15,12,259,0
2026-03-24,P008,South,W02,259,16,20,255,0
2026-03-25,P008,South,W02,255,8,18,245,0
2026-03-26,P008,South,W02,245,15,14,246,0
2026-03-27,P008,South,W02,246,16,29,233,0
2026-03-28,P008,South,W02,233,12,12,233,0
2026-03-29,P008,South,W02,233,9,26,216,0
2026-03-30,P008,South,W02,216,19,17,218,0
2026-03-31,P008,South,W02,218,15,19,214,0
2026-04-01,P008,South,W02,214,9,14,209,0
2026-04-02,P008,South,W02,209,20,16,213,0
2026-04-03,P008,South,W02,213,14,23,204,0
2026-04-04,P008,South,W02,204,9,22,191,0
2026-04-05,P008,South,W02,191,18,21,188,0
2026-04-06,P008,South,W02,188,16,12,192,0
2026-04-07,P008,South,W02,192,17,25,184,0
2026-04-08,P008,South,W02,184,20,24,180,0
2026-04-09,P008,South,W02,180,13,23,170,0
2026-04-10,P008,South,W02,170,18,18,170,0
2026-04-11,P008,South,W02,170,12,15,167,0
2026-04-12,P008,South,W02,167,9,18,158,0
2026-04-13,P008,South,W02,158,17,12,163,0
2026-04-14,P008,South,W02,163,13,24,152,0
2026-04-15,P008,South,W02,152,12,23,141,0
2026-04-16,P008,South,W02,141,15,20,136,0
2026-04-17,P008,South,W02,136,14,20,130,0
2026-04-18,P008,South,W02,130,11,23,118,0
2026-04-19,P008,South,W02,118,14,21,111,0
2026-04-20,P008,South,W02,111,14,23,102,0
2026-04-21,P008,South,W02,102,15,23,94,0
2026-04-22,P008,South,W02,94,13,15,92,0
2026-04-23,P008,South,W02,92,19,22,89,0
2026-04-24,P008,South,W02,89,15,16,88,0
2026-04-25,P008,South,W02,88,14,19,83,0
2026-04-26,P008,South,W02,83,13,20,76,0
2026-04-27,P008,South,W02,76,13,14,75,0
2026-04-28,P008,South,W02,75,11,18,68,0
2026-04-29,P008,South,W02,68,16,22,62,0
2026-04-30,P008,South,W02,62,15,21,56,0
2026-05-01,P008,South,W02,56,18,16,58,0
2026-05-02,P008,South,W02,58,12,15,55,0
2026-05-03,P008,South,W02,55,4,19,40,0
2026-05-04,P008,South,W02,40,9,22,27,0
2026-05-05,P008,South,W02,27,15,19,23,0
2026-05-06,P008,South,W02,23,16,27,12,0
2026-05-07,P008,South,W02,12,11,11,12,0
2026-05-08,P008,South,W02,12,15,18,9,0
2026-05-09,P008,South,W02,9,10,18,1,0
2026-05-10,P008,South,W02,1,16,15,2,0
2026-05-11,P008,South,W02,2,17,19,0,0
2026-05-12,P008,South,W02,0,10,10,0,8
2026-05-13,P008,South,W02,0,21,21,0,6
2026-05-14,P008,South,W02,0,15,15,0,13
2026-05-15,P008,South,W02,0,15,15,0,14
2026-05-16,P008,South,W02,0,13,13,0,7
2026-05-17,P008,South,W02,0,8,8,0,13
2026-05-18,P008,South,W02,0,13,13,0,8
2026-05-19,P008,South,W02,0,15,15,0,11
2026-05-20,P008,South,W02,0,13,13,0,8
2026-05-21,P008,South,W02,0,16,16,0,13
2026-05-22,P008,South,W02,0,16,16,0,10
2026-05-23,P008,South,W02,0,11,11,0,12
2026-05-24,P008,South,W02,0,22,21,1,0
2026-05-25,P008,South,W02,1,9,10,0,8
2026-05-26,P008,South,W02,0,10,10,0,15
2026-05-27,P008,South,W02,0,13,13,0,13
2026-05-28,P008,South,W02,0,14,14,0,4
2026-05-29,P008,South,W02,0,16,14,2,0
2026-05-30,P008,South,W02,2,9,11,0,9
2026-05-31,P008,South,W02,0,14,14,0,13
2026-06-01,P008,South,W02,0,16,16,0,10
2026-06-02,P008,South,W02,0,12,12,0,12
2026-06-03,P008,South,W02,0,11,11,0,5
2026-06-04,P008,South,W02,0,12,12,0,11
2026-06-05,P008,South,W02,0,8,8,0,10
2026-06-06,P008,South,W02,0,18,18,0,13
2026-06-07,P008,South,W02,0,19,19,0,13
2026-06-08,P008,South,W02,0,15,15,0,6
2026-06-09,P008,South,W02,0,7,7,0,14
2026-06-10,P008,South,W02,0,23,14,9,0
2026-06-11,P008,South,W02,9,21,19,11,0
2026-06-12,P008,South,W02,11,9,20,0,13
2026-06-13,P008,South,W02,0,20,20,0,15
2026-06-14,P008,South,W02,0,14,14,0,11
2026-06-15,P008,South,W02,0,17,17,0,11
2026-06-16,P008,South,W02,0,17,15,2,0
2026-06-17,P008,South,W02,2,20,19,3,0
2026-06-18,P008,South,W02,3,13,16,0,12
2026-06-19,P008,South,W02,0,16,14,2,0
2026-06-20,P008,South,W02,2,10,12,0,13
2026-06-21,P008,South,W02,0,20,20,0,4
2026-06-22,P008,South,W02,0,20,20,0,4
2026-06-23,P008,South,W02,0,12,12,0,14
2026-06-24,P008,South,W02,0,16,13,3,0
2026-06-25,P008,South,W02,3,13,16,0,4
2026-06-26,P008,South,W02,0,22,20,2,0
2026-06-27,P008,South,W02,2,16,18,0,6
2026-06-28,P008,South,W02,0,13,13,0,4
2026-06-29,P008,South,W02,0,16,16,0,5
2026-06-30,P008,South,W02,0,16,16,0,15
2026-01-01,P008,East,W03,403,26,14,415,0
2026-01-02,P008,East,W03,415,16,18,413,0
2026-01-03,P008,East,W03,413,17,26,404,0
2026-01-04,P008,East,W03,404,24,15,413,0
2026-01-05,P008,East,W03,413,17,19,411,0
2026-01-06,P008,East,W03,411,21,16,416,0
2026-01-07,P008,East,W03,416,10,18,408,0
2026-01-08,P008,East,W03,408,9,17,400,0
2026-01-09,P008,East,W03,400,20,19,401,0
2026-01-10,P008,East,W03,401,16,19,398,0
2026-01-11,P008,East,W03,398,11,10,399,0
2026-01-12,P008,East,W03,399,17,16,400,0
2026-01-13,P008,East,W03,400,22,12,410,0
2026-01-14,P008,East,W03,410,17,14,413,0
2026-01-15,P008,East,W03,413,22,18,417,0
2026-01-16,P008,East,W03,417,13,15,415,0
2026-01-17,P008,East,W03,415,21,17,419,0
2026-01-18,P008,East,W03,419,21,15,425,0
2026-01-19,P008,East,W03,425,11,18,418,0
2026-01-20,P008,East,W03,418,19,16,421,0
2026-01-21,P008,East,W03,421,10,12,419,0
2026-01-22,P008,East,W03,419,13,21,411,0
2026-01-23,P008,East,W03,411,16,17,410,0
2026-01-24,P008,East,W03,410,22,20,412,0
2026-01-25,P008,East,W03,412,20,21,411,0
2026-01-26,P008,East,W03,411,16,12,415,0
2026-01-27,P008,East,W03,415,16,14,417,0
2026-01-28,P008,East,W03,417,17,19,415,0
2026-01-29,P008,East,W03,415,10,18,407,0
2026-01-30,P008,East,W03,407,11,14,404,0
2026-01-31,P008,East,W03,404,14,17,401,0
2026-02-01,P008,East,W03,401,14,20,395,0
2026-02-02,P008,East,W03,395,8,20,383,0
2026-02-03,P008,East,W03,383,13,13,383,0
2026-02-04,P008,East,W03,383,12,22,373,0
2026-02-05,P008,East,W03,373,12,13,372,0
2026-02-06,P008,East,W03,372,14,19,367,0
2026-02-07,P008,East,W03,367,21,17,371,0
2026-02-08,P008,East,W03,371,12,20,363,0
2026-02-09,P008,East,W03,363,8,23,348,0
2026-02-10,P008,East,W03,348,12,17,343,0
2026-02-11,P008,East,W03,343,15,19,339,0
2026-02-12,P008,East,W03,339,11,31,319,0
2026-02-13,P008,East,W03,319,10,13,316,0
2026-02-14,P008,East,W03,316,15,15,316,0
2026-02-15,P008,East,W03,316,12,18,310,0
2026-02-16,P008,East,W03,310,17,24,303,0
2026-02-17,P008,East,W03,303,10,30,283,0
2026-02-18,P008,East,W03,283,22,22,283,0
2026-02-19,P008,East,W03,283,15,24,274,0
2026-02-20,P008,East,W03,274,1,20,255,0
2026-02-21,P008,East,W03,255,2,9,248,0
2026-02-22,P008,East,W03,248,4,25,227,0
2026-02-23,P008,East,W03,227,5,26,206,0
2026-02-24,P008,East,W03,206,6,22,190,0
2026-02-25,P008,East,W03,190,6,20,176,0
2026-02-26,P008,East,W03,176,2,13,165,0
2026-02-27,P008,East,W03,165,2,22,145,0
2026-02-28,P008,East,W03,145,1,20,126,0
2026-03-01,P008,East,W03,126,12,20,118,0
2026-03-02,P008,East,W03,118,14,18,114,0
2026-03-03,P008,East,W03,114,9,14,109,0
2026-03-04,P008,East,W03,109,17,23,103,0
2026-03-05,P008,East,W03,103,17,12,108,0
2026-03-06,P008,East,W03,108,10,18,100,0
2026-03-07,P008,East,W03,100,25,27,98,0
2026-03-08,P008,East,W03,98,13,16,95,0
2026-03-09,P008,East,W03,95,19,17,97,0
2026-03-10,P008,East,W03,97,15,11,101,0
2026-03-11,P008,East,W03,101,10,12,99,0
2026-03-12,P008,East,W03,99,10,23,86,0
2026-03-13,P008,East,W03,86,21,17,90,0
2026-03-14,P008,East,W03,90,17,20,87,0
2026-03-15,P008,East,W03,87,18,15,90,0
2026-03-16,P008,East,W03,90,18,19,89,0
2026-03-17,P008,East,W03,89,12,12,89,0
2026-03-18,P008,East,W03,89,9,10,88,0
2026-03-19,P008,East,W03,88,16,22,82,0
2026-03-20,P008,East,W03,82,16,22,76,0
2026-03-21,P008,East,W03,76,16,15,77,0
2026-03-22,P008,East,W03,77,13,24,66,0
2026-03-23,P008,East,W03,66,12,22,56,0
2026-03-24,P008,East,W03,56,15,17,54,0
2026-03-25,P008,East,W03,54,18,14,58,0
2026-03-26,P008,East,W03,58,26,19,65,0
2026-03-27,P008,East,W03,65,19,18,66,0
2026-03-28,P008,East,W03,66,17,24,59,0
2026-03-29,P008,East,W03,59,16,21,54,0
2026-03-30,P008,East,W03,54,15,23,46,0
2026-03-31,P008,East,W03,46,16,22,40,0
2026-04-01,P008,East,W03,40,14,14,40,0
2026-04-02,P008,East,W03,40,22,17,45,0
2026-04-03,P008,East,W03,45,13,15,43,0
2026-04-04,P008,East,W03,43,21,15,49,0
2026-04-05,P008,East,W03,49,13,12,50,0
2026-04-06,P008,East,W03,50,22,20,52,0
2026-04-07,P008,East,W03,52,22,12,62,0
2026-04-08,P008,East,W03,62,14,13,63,0
2026-04-09,P008,East,W03,63,23,15,71,0
2026-04-10,P008,East,W03,71,13,13,71,0
2026-04-11,P008,East,W03,71,14,26,59,0
2026-04-12,P008,East,W03,59,17,12,64,0
2026-04-13,P008,East,W03,64,16,12,68,0
2026-04-14,P008,East,W03,68,13,4,77,0
2026-04-15,P008,East,W03,77,15,19,73,0
2026-04-16,P008,East,W03,73,15,25,63,0
2026-04-17,P008,East,W03,63,17,16,64,0
2026-04-18,P008,East,W03,64,13,11,66,0
2026-04-19,P008,East,W03,66,17,22,61,0
2026-04-20,P008,East,W03,61,8,23,46,0
2026-04-21,P008,East,W03,46,16,17,45,0
2026-04-22,P008,East,W03,45,16,22,39,0
2026-04-23,P008,East,W03,39,15,23,31,0
2026-04-24,P008,East,W03,31,18,17,32,0
2026-04-25,P008,East,W03,32,16,19,29,0
2026-04-26,P008,East,W03,29,14,16,27,0
2026-04-27,P008,East,W03,27,16,23,20,0
2026-04-28,P008,East,W03,20,14,19,15,0
2026-04-29,P008,East,W03,15,15,12,18,0
2026-04-30,P008,East,W03,18,10,20,8,0
2026-05-01,P008,East,W03,8,10,18,0,0
2026-05-02,P008,East,W03,0,22,22,0,5
2026-05-03,P008,East,W03,0,13,13,0,4
2026-05-04,P008,East,W03,0,11,10,1,0
2026-05-05,P008,East,W03,1,17,18,0,10
2026-05-06,P008,East,W03,0,12,12,0,15
2026-05-07,P008,East,W03,0,13,13,0,14
2026-05-08,P008,East,W03,0,18,18,0,8
2026-05-09,P008,East,W03,0,19,19,0,9
2026-05-10,P008,East,W03,0,15,15,0,12
2026-05-11,P008,East,W03,0,21,19,2,0
2026-05-12,P008,East,W03,2,16,15,3,0
2026-05-13,P008,East,W03,3,15,15,3,0
2026-05-14,P008,East,W03,3,8,11,0,5
2026-05-15,P008,East,W03,0,15,15,0,5
2026-05-16,P008,East,W03,0,14,14,0,5
2026-05-17,P008,East,W03,0,8,8,0,14
2026-05-18,P008,East,W03,0,17,17,0,10
2026-05-19,P008,East,W03,0,17,17,0,13
2026-05-20,P008,East,W03,0,11,11,0,7
2026-05-21,P008,East,W03,0,14,14,0,11
2026-05-22,P008,East,W03,0,14,14,0,10
2026-05-23,P008,East,W03,0,18,14,4,0
2026-05-24,P008,East,W03,4,14,18,0,7
2026-05-25,P008,East,W03,0,7,7,0,13
2026-05-26,P008,East,W03,0,21,21,0,6
2026-05-27,P008,East,W03,0,15,13,2,0
2026-05-28,P008,East,W03,2,9,11,0,5
2026-05-29,P008,East,W03,0,11,11,0,13
2026-05-30,P008,East,W03,0,21,17,4,0
2026-05-31,P008,East,W03,4,12,16,0,5
2026-06-01,P008,East,W03,0,13,13,0,8
2026-06-02,P008,East,W03,0,16,16,0,5
2026-06-03,P008,East,W03,0,15,15,0,13
2026-06-04,P008,East,W03,0,23,20,3,0
2026-06-05,P008,East,W03,3,18,21,0,5
2026-06-06,P008,East,W03,0,14,14,0,6
2026-06-07,P008,East,W03,0,19,14,5,0
2026-06-08,P008,East,W03,5,18,13,10,0
2026-06-09,P008,East,W03,10,13,12,11,0
2026-06-10,P008,East,W03,11,13,22,2,0
2026-06-11,P008,East,W03,2,8,10,0,11
2026-06-12,P008,East,W03,0,15,13,2,0
2026-06-13,P008,East,W03,2,17,19,0,6
2026-06-14,P008,East,W03,0,13,13,0,15
2026-06-15,P008,East,W03,0,16,16,0,0
2026-06-16,P008,East,W03,0,16,16,0,6
2026-06-17,P008,East,W03,0,15,15,0,7
2026-06-18,P008,East,W03,0,11,11,0,13
2026-06-19,P008,East,W03,0,17,17,0,4
2026-06-20,P008,East,W03,0,12,12,0,11
2026-06-21,P008,East,W03,0,15,15,0,14
2026-06-22,P008,East,W03,0,15,15,0,12
2026-06-23,P008,East,W03,0,14,14,0,0
2026-06-24,P008,East,W03,0,16,16,0,4
2026-06-25,P008,East,W03,0,13,13,0,0
2026-06-26,P008,East,W03,0,15,15,0,13
2026-06-27,P008,East,W03,0,12,12,0,15
2026-06-28,P008,East,W03,0,8,8,0,5
2026-06-29,P008,East,W03,0,18,18,0,5
2026-06-30,P008,East,W03,0,11,11,0,11
2026-01-01,P008,West,W04,288,18,12,294,0
2026-01-02,P008,West,W04,294,12,13,293,0
2026-01-03,P008,West,W04,293,14,13,294,0
2026-01-04,P008,West,W04,294,12,20,286,0
2026-01-05,P008,West,W04,286,13,27,272,0
2026-01-06,P008,West,W04,272,17,15,274,0
2026-01-07,P008,West,W04,274,15,18,271,0
2026-01-08,P008,West,W04,271,15,23,263,0
2026-01-09,P008,West,W04,263,15,19,259,0
2026-01-10,P008,West,W04,259,18,22,255,0
2026-01-11,P008,West,W04,255,15,19,251,0
2026-01-12,P008,West,W04,251,15,14,252,0
2026-01-13,P008,West,W04,252,12,14,250,0
2026-01-14,P008,West,W04,250,18,14,254,0
2026-01-15,P008,West,W04,254,12,16,250,0
2026-01-16,P008,West,W04,250,13,17,246,0
2026-01-17,P008,West,W04,246,25,18,253,0
2026-01-18,P008,West,W04,253,14,11,256,0
2026-01-19,P008,West,W04,256,21,29,248,0
2026-01-20,P008,West,W04,248,10,22,236,0
2026-01-21,P008,West,W04,236,12,26,222,0
2026-01-22,P008,West,W04,222,8,19,211,0
2026-01-23,P008,West,W04,211,18,26,203,0
2026-01-24,P008,West,W04,203,15,16,202,0
2026-01-25,P008,West,W04,202,14,15,201,0
2026-01-26,P008,West,W04,201,13,20,194,0
2026-01-27,P008,West,W04,194,12,16,190,0
2026-01-28,P008,West,W04,190,15,16,189,0
2026-01-29,P008,West,W04,189,12,9,192,0
2026-01-30,P008,West,W04,192,13,22,183,0
2026-01-31,P008,West,W04,183,8,20,171,0
2026-02-01,P008,West,W04,171,13,14,170,0
2026-02-02,P008,West,W04,170,12,19,163,0
2026-02-03,P008,West,W04,163,16,16,163,0
2026-02-04,P008,West,W04,163,14,18,159,0
2026-02-05,P008,West,W04,159,24,20,163,0
2026-02-06,P008,West,W04,163,24,15,172,0
2026-02-07,P008,West,W04,172,8,16,164,0
2026-02-08,P008,West,W04,164,14,22,156,0
2026-02-09,P008,West,W04,156,15,16,155,0
2026-02-10,P008,West,W04,155,18,9,164,0
2026-02-11,P008,West,W04,164,18,12,170,0
2026-02-12,P008,West,W04,170,16,22,164,0
2026-02-13,P008,West,W04,164,14,24,154,0
2026-02-14,P008,West,W04,154,17,17,154,0
2026-02-15,P008,West,W04,154,14,16,152,0
2026-02-16,P008,West,W04,152,14,11,155,0
2026-02-17,P008,West,W04,155,9,22,142,0
2026-02-18,P008,West,W04,142,16,17,141,0
2026-02-19,P008,West,W04,141,16,25,132,0
2026-02-20,P008,West,W04,132,2,15,119,0
2026-02-21,P008,West,W04,119,4,17,106,0
2026-02-22,P008,West,W04,106,1,16,91,0
2026-02-23,P008,West,W04,91,5,21,75,0
2026-02-24,P008,West,W04,75,5,16,64,0
2026-02-25,P008,West,W04,64,3,25,42,0
2026-02-26,P008,West,W04,42,3,17,28,0
2026-02-27,P008,West,W04,28,6,18,16,0
2026-02-28,P008,West,W04,16,2,18,0,0
2026-03-01,P008,West,W04,0,19,15,4,0
2026-03-02,P008,West,W04,4,14,8,10,0
2026-03-03,P008,West,W04,10,12,10,12,0
2026-03-04,P008,West,W04,12,12,16,8,0
2026-03-05,P008,West,W04,8,16,17,7,0
2026-03-06,P008,West,W04,7,16,16,7,0
2026-03-07,P008,West,W04,7,18,21,4,0
2026-03-08,P008,West,W04,4,14,18,0,14
2026-03-09,P008,West,W04,0,11,11,0,8
2026-03-10,P008,West,W04,0,11,11,0,7
2026-03-11,P008,West,W04,0,20,20,0,14
2026-03-12,P008,West,W04,0,17,12,5,0
2026-03-13,P008,West,W04,5,16,17,4,0
2026-03-14,P008,West,W04,4,15,12,7,0
2026-03-15,P008,West,W04,7,13,17,3,0
2026-03-16,P008,West,W04,3,9,12,0,12
2026-03-17,P008,West,W04,0,16,16,0,15
2026-03-18,P008,West,W04,0,9,9,0,4
2026-03-19,P008,West,W04,0,19,19,0,12
2026-03-20,P008,West,W04,0,12,12,0,14
2026-03-21,P008,West,W04,0,23,19,4,0
2026-03-22,P008,West,W04,4,17,7,14,0
2026-03-23,P008,West,W04,14,26,21,19,0
2026-03-24,P008,West,W04,19,9,17,11,0
2026-03-25,P008,West,W04,11,13,22,2,0
2026-03-26,P008,West,W04,2,17,17,2,0
2026-03-27,P008,West,W04,2,17,19,0,9
2026-03-28,P008,West,W04,0,18,18,0,5
2026-03-29,P008,West,W04,0,17,17,0,0
2026-03-30,P008,West,W04,0,15,9,6,0
2026-03-31,P008,West,W04,6,7,13,0,9
2026-04-01,P008,West,W04,0,14,14,0,11
2026-04-02,P008,West,W04,0,14,14,0,13
2026-04-03,P008,West,W04,0,17,14,3,0
2026-04-04,P008,West,W04,3,13,16,0,7
2026-04-05,P008,West,W04,0,12,12,0,7
2026-04-06,P008,West,W04,0,16,16,0,8
2026-04-07,P008,West,W04,0,13,13,0,11
2026-04-08,P008,West,W04,0,13,10,3,0
2026-04-09,P008,West,W04,3,16,19,0,14
2026-04-10,P008,West,W04,0,14,14,0,4
2026-04-11,P008,West,W04,0,12,12,0,7
2026-04-12,P008,West,W04,0,12,12,0,13
2026-04-13,P008,West,W04,0,14,14,0,6
2026-04-14,P008,West,W04,0,6,6,0,8
2026-04-15,P008,West,W04,0,17,17,0,13
2026-04-16,P008,West,W04,0,15,15,0,15
2026-04-17,P008,West,W04,0,13,13,0,5
2026-04-18,P008,West,W04,0,7,7,0,5
2026-04-19,P008,West,W04,0,17,17,0,11
2026-04-20,P008,West,W04,0,14,14,0,11
2026-04-21,P008,West,W04,0,16,16,0,14
2026-04-22,P008,West,W04,0,16,16,0,8
2026-04-23,P008,West,W04,0,13,13,0,13
2026-04-24,P008,West,W04,0,12,12,0,13
2026-04-25,P008,West,W04,0,13,13,0,14
2026-04-26,P008,West,W04,0,12,12,0,12
2026-04-27,P008,West,W04,0,10,10,0,15
2026-04-28,P008,West,W04,0,11,11,0,5
2026-04-29,P008,West,W04,0,6,6,0,11
2026-04-30,P008,West,W04,0,9,9,0,13
2026-05-01,P008,West,W04,0,11,11,0,10
2026-05-02,P008,West,W04,0,10,10,0,9
2026-05-03,P008,West,W04,0,17,17,0,11
2026-05-04,P008,West,W04,0,18,18,0,4
2026-05-05,P008,West,W04,0,21,16,5,0
2026-05-06,P008,West,W04,5,16,19,2,0
2026-05-07,P008,West,W04,2,17,19,0,12
2026-05-08,P008,West,W04,0,18,18,0,5
2026-05-09,P008,West,W04,0,16,16,0,6
2026-05-10,P008,West,W04,0,17,17,0,9
2026-05-11,P008,West,W04,0,15,15,0,15
2026-05-12,P008,West,W04,0,15,14,1,0
2026-05-13,P008,West,W04,1,18,19,0,14
2026-05-14,P008,West,W04,0,17,17,0,9
2026-05-15,P008,West,W04,0,16,16,0,8
2026-05-16,P008,West,W04,0,13,13,0,9
2026-05-17,P008,West,W04,0,17,17,0,14
2026-05-18,P008,West,W04,0,18,18,0,6
2026-05-19,P008,West,W04,0,16,15,1,0
2026-05-20,P008,West,W04,1,14,15,0,12
2026-05-21,P008,West,W04,0,17,17,0,0
2026-05-22,P008,West,W04,0,11,11,0,5
2026-05-23,P008,West,W04,0,15,15,0,5
2026-05-24,P008,West,W04,0,17,17,0,15
2026-05-25,P008,West,W04,0,10,10,0,14
2026-05-26,P008,West,W04,0,22,19,3,0
2026-05-27,P008,West,W04,3,19,22,0,0
2026-05-28,P008,West,W04,0,8,8,0,8
2026-05-29,P008,West,W04,0,14,14,0,14
2026-05-30,P008,West,W04,0,16,16,0,6
2026-05-31,P008,West,W04,0,22,22,0,9
2026-06-01,P008,West,W04,0,17,16,1,0
2026-06-02,P008,West,W04,1,9,10,0,8
2026-06-03,P008,West,W04,0,22,15,7,0
2026-06-04,P008,West,W04,7,20,25,2,0
2026-06-05,P008,West,W04,2,10,12,0,10
2026-06-06,P008,West,W04,0,16,16,0,14
2026-06-07,P008,West,W04,0,18,18,0,5
2026-06-08,P008,West,W04,0,12,12,0,10
2026-06-09,P008,West,W04,0,12,12,0,7
2026-06-10,P008,West,W04,0,12,12,0,14
2026-06-11,P008,West,W04,0,16,16,0,5
2026-06-12,P008,West,W04,0,11,11,0,14
2026-06-13,P008,West,W04,0,17,17,0,15
2026-06-14,P008,West,W04,0,20,20,0,0
2026-06-15,P008,West,W04,0,15,15,0,4
2026-06-16,P008,West,W04,0,10,10,0,15
2026-06-17,P008,West,W04,0,13,13,0,13
2026-06-18,P008,West,W04,0,20,20,0,6
2026-06-19,P008,West,W04,0,14,14,0,4
2026-06-20,P008,West,W04,0,19,19,0,0
2026-06-21,P008,West,W04,0,14,14,0,13
2026-06-22,P008,West,W04,0,12,12,0,8
2026-06-23,P008,West,W04,0,17,17,0,9
2026-06-24,P008,West,W04,0,8,8,0,9
2026-06-25,P008,West,W04,0,11,11,0,11
2026-06-26,P008,West,W04,0,17,17,0,11
2026-06-27,P008,West,W04,0,18,18,0,13
2026-06-28,P008,West,W04,0,19,15,4,0
2026-06-29,P008,West,W04,4,10,14,0,4
2026-06-30,P008,West,W04,0,12,12,0,13
2026-01-01,P009,North,W01,502,9,21,490,0
2026-01-02,P009,North,W01,490,13,24,479,0
2026-01-03,P009,North,W01,479,17,21,475,0
2026-01-04,P009,North,W01,475,11,15,471,0
2026-01-05,P009,North,W01,471,11,9,473,0
2026-01-06,P009,North,W01,473,14,19,468,0
2026-01-07,P009,North,W01,468,15,12,471,0
2026-01-08,P009,North,W01,471,15,19,467,0
2026-01-09,P009,North,W01,467,11,15,463,0
2026-01-10,P009,North,W01,463,15,14,464,0
2026-01-11,P009,North,W01,464,20,22,462,0
2026-01-12,P009,North,W01,462,12,16,458,0
2026-01-13,P009,North,W01,458,18,15,461,0
2026-01-14,P009,North,W01,461,18,11,468,0
2026-01-15,P009,North,W01,468,21,16,473,0
2026-01-16,P009,North,W01,473,14,26,461,0
2026-01-17,P009,North,W01,461,18,21,458,0
2026-01-18,P009,North,W01,458,15,14,459,0
2026-01-19,P009,North,W01,459,11,16,454,0
2026-01-20,P009,North,W01,454,12,24,442,0
2026-01-21,P009,North,W01,442,22,15,449,0
2026-01-22,P009,North,W01,449,20,17,452,0
2026-01-23,P009,North,W01,452,14,21,445,0
2026-01-24,P009,North,W01,445,14,20,439,0
2026-01-25,P009,North,W01,439,20,18,441,0
2026-01-26,P009,North,W01,441,14,12,443,0
2026-01-27,P009,North,W01,443,15,17,441,0
2026-01-28,P009,North,W01,441,8,22,427,0
2026-01-29,P009,North,W01,427,12,13,426,0
2026-01-30,P009,North,W01,426,16,13,429,0
2026-01-31,P009,North,W01,429,19,13,435,0
2026-02-01,P009,North,W01,435,15,21,429,0
2026-02-02,P009,North,W01,429,13,21,421,0
2026-02-03,P009,North,W01,421,9,17,413,0
2026-02-04,P009,North,W01,413,17,20,410,0
2026-02-05,P009,North,W01,410,19,21,408,0
2026-02-06,P009,North,W01,408,18,22,404,0
2026-02-07,P009,North,W01,404,17,17,404,0
2026-02-08,P009,North,W01,404,13,8,409,0
2026-02-09,P009,North,W01,409,15,22,402,0
2026-02-10,P009,North,W01,402,13,26,389,0
2026-02-11,P009,North,W01,389,13,23,379,0
2026-02-12,P009,North,W01,379,14,17,376,0
2026-02-13,P009,North,W01,376,10,12,374,0
2026-02-14,P009,North,W01,374,22,19,377,0
2026-02-15,P009,North,W01,377,14,24,367,0
2026-02-16,P009,North,W01,367,17,19,365,0
2026-02-17,P009,North,W01,365,11,28,348,0
2026-02-18,P009,North,W01,348,14,24,338,0
2026-02-19,P009,North,W01,338,15,13,340,0
2026-02-20,P009,North,W01,340,3,14,329,0
2026-02-21,P009,North,W01,329,3,17,315,0
2026-02-22,P009,North,W01,315,2,20,297,0
2026-02-23,P009,North,W01,297,2,18,281,0
2026-02-24,P009,North,W01,281,0,12,269,0
2026-02-25,P009,North,W01,269,2,11,260,0
2026-02-26,P009,North,W01,260,1,11,250,0
2026-02-27,P009,North,W01,250,3,20,233,0
2026-02-28,P009,North,W01,233,6,15,224,0
2026-03-01,P009,North,W01,224,9,16,217,0
2026-03-02,P009,North,W01,217,9,18,208,0
2026-03-03,P009,North,W01,208,10,18,200,0
2026-03-04,P009,North,W01,200,14,18,196,0
2026-03-05,P009,North,W01,196,21,13,204,0
2026-03-06,P009,North,W01,204,12,18,198,0
2026-03-07,P009,North,W01,198,17,20,195,0
2026-03-08,P009,North,W01,195,13,24,184,0
2026-03-09,P009,North,W01,184,13,13,184,0
2026-03-10,P009,North,W01,184,14,8,190,0
2026-03-11,P009,North,W01,190,10,22,178,0
2026-03-12,P009,North,W01,178,12,22,168,0
2026-03-13,P009,North,W01,168,10,13,165,0
2026-03-14,P009,North,W01,165,13,20,158,0
2026-03-15,P009,North,W01,158,9,25,142,0
2026-03-16,P009,North,W01,142,16,16,142,0
2026-03-17,P009,North,W01,142,20,18,144,0
2026-03-18,P009,North,W01,144,15,23,136,0
2026-03-19,P009,North,W01,136,16,15,137,0
2026-03-20,P009,North,W01,137,19,13,143,0
2026-03-21,P009,North,W01,143,8,15,136,0
2026-03-22,P009,North,W01,136,11,13,134,0
2026-03-23,P009,North,W01,134,15,28,121,0
2026-03-24,P009,North,W01,121,16,11,126,0
2026-03-25,P009,North,W01,126,18,15,129,0
2026-03-26,P009,North,W01,129,11,13,127,0
2026-03-27,P009,North,W01,127,12,21,118,0
2026-03-28,P009,North,W01,118,16,15,119,0
2026-03-29,P009,North,W01,119,19,15,123,0
2026-03-30,P009,North,W01,123,15,23,115,0
2026-03-31,P009,North,W01,115,13,17,111,0
2026-04-01,P009,North,W01,111,24,22,113,0
2026-04-02,P009,North,W01,113,14,13,114,0
2026-04-03,P009,North,W01,114,19,16,117,0
2026-04-04,P009,North,W01,117,9,14,112,0
2026-04-05,P009,North,W01,112,18,20,110,0
2026-04-06,P009,North,W01,110,11,20,101,0
2026-04-07,P009,North,W01,101,16,16,101,0
2026-04-08,P009,North,W01,101,13,23,91,0
2026-04-09,P009,North,W01,91,12,19,84,0
2026-04-10,P009,North,W01,84,15,17,82,0
2026-04-11,P009,North,W01,82,13,18,77,0
2026-04-12,P009,North,W01,77,10,26,61,0
2026-04-13,P009,North,W01,61,14,19,56,0
2026-04-14,P009,North,W01,56,14,19,51,0
2026-04-15,P009,North,W01,51,16,15,52,0
2026-04-16,P009,North,W01,52,15,22,45,0
2026-04-17,P009,North,W01,45,19,17,47,0
2026-04-18,P009,North,W01,47,19,18,48,0
2026-04-19,P009,North,W01,48,14,20,42,0
2026-04-20,P009,North,W01,42,16,13,45,0
2026-04-21,P009,North,W01,45,13,22,36,0
2026-04-22,P009,North,W01,36,14,12,38,0
2026-04-23,P009,North,W01,38,18,26,30,0
2026-04-24,P009,North,W01,30,11,23,18,0
2026-04-25,P009,North,W01,18,7,18,7,0
2026-04-26,P009,North,W01,7,22,16,13,0
2026-04-27,P009,North,W01,13,10,21,2,0
2026-04-28,P009,North,W01,2,17,16,3,0
2026-04-29,P009,North,W01,3,12,12,3,0
2026-04-30,P009,North,W01,3,21,24,0,11
2026-05-01,P009,North,W01,0,9,9,0,13
2026-05-02,P009,North,W01,0,14,14,0,13
2026-05-03,P009,North,W01,0,13,13,0,10
2026-05-04,P009,North,W01,0,27,24,3,0
2026-05-05,P009,North,W01,3,15,18,0,13
2026-05-06,P009,North,W01,0,14,14,0,14
2026-05-07,P009,North,W01,0,13,13,0,11
2026-05-08,P009,North,W01,0,15,15,0,7
2026-05-09,P009,North,W01,0,12,12,0,0
2026-05-10,P009,North,W01,0,13,13,0,14
2026-05-11,P009,North,W01,0,7,7,0,7
2026-05-12,P009,North,W01,0,10,10,0,14
2026-05-13,P009,North,W01,0,15,15,0,11
2026-05-14,P009,North,W01,0,16,16,0,0
2026-05-15,P009,North,W01,0,16,16,0,0
2026-05-16,P009,North,W01,0,16,16,0,11
2026-05-17,P009,North,W01,0,20,20,0,0
2026-05-18,P009,North,W01,0,13,13,0,7
2026-05-19,P009,North,W01,0,13,13,0,6
2026-05-20,P009,North,W01,0,13,13,0,6
2026-05-21,P009,North,W01,0,16,16,0,12
2026-05-22,P009,North,W01,0,12,12,0,4
2026-05-23,P009,North,W01,0,13,13,0,8
2026-05-24,P009,North,W01,0,18,17,1,0
2026-05-25,P009,North,W01,1,25,17,9,0
2026-05-26,P009,North,W01,9,17,19,7,0
2026-05-27,P009,North,W01,7,11,18,0,0
2026-05-28,P009,North,W01,0,18,18,0,0
2026-05-29,P009,North,W01,0,21,21,0,6
2026-05-30,P009,North,W01,0,20,18,2,0
2026-05-31,P009,North,W01,2,22,23,1,0
2026-06-01,P009,North,W01,1,17,15,3,0
2026-06-02,P009,North,W01,3,14,17,0,10
2026-06-03,P009,North,W01,0,11,11,0,7
2026-06-04,P009,North,W01,0,10,10,0,9
2026-06-05,P009,North,W01,0,21,19,2,0
2026-06-06,P009,North,W01,2,15,17,0,15
2026-06-07,P009,North,W01,0,11,11,0,5
2026-06-08,P009,North,W01,0,10,10,0,7
2026-06-09,P009,North,W01,0,13,13,0,0
2026-06-10,P009,North,W01,0,13,13,0,15
2026-06-11,P009,North,W01,0,13,13,0,10
2026-06-12,P009,North,W01,0,19,19,0,5
2026-06-13,P009,North,W01,0,14,14,0,6
2026-06-14,P009,North,W01,0,7,7,0,8
2026-06-15,P009,North,W01,0,12,12,0,14
2026-06-16,P009,North,W01,0,8,8,0,9
2026-06-17,P009,North,W01,0,15,15,0,6
2026-06-18,P009,North,W01,0,19,18,1,0
2026-06-19,P009,North,W01,1,15,16,0,4
2026-06-20,P009,North,W01,0,14,12,2,0
2026-06-21,P009,North,W01,2,25,22,5,0
2026-06-22,P009,North,W01,5,12,8,9,0
2026-06-23,P009,North,W01,9,8,17,0,7
2026-06-24,P009,North,W01,0,18,18,0,4
2026-06-25,P009,North,W01,0,21,20,1,0
2026-06-26,P009,North,W01,1,17,17,1,0
2026-06-27,P009,North,W01,1,20,21,0,13
2026-06-28,P009,North,W01,0,15,15,0,12
2026-06-29,P009,North,W01,0,21,21,0,0
2026-06-30,P009,North,W01,0,19,19,0,11
2026-01-01,P009,South,W02,699,18,23,694,0
2026-01-02,P009,South,W02,694,13,10,697,0
2026-01-03,P009,South,W02,697,17,13,701,0
2026-01-04,P009,South,W02,701,16,21,696,0
2026-01-05,P009,South,W02,696,14,23,687,0
2026-01-06,P009,South,W02,687,17,12,692,0
2026-01-07,P009,South,W02,692,12,24,680,0
2026-01-08,P009,South,W02,680,24,14,690,0
2026-01-09,P009,South,W02,690,12,16,686,0
2026-01-10,P009,South,W02,686,20,17,689,0
2026-01-11,P009,South,W02,689,12,17,684,0
2026-01-12,P009,South,W02,684,17,19,682,0
2026-01-13,P009,South,W02,682,9,25,666,0
2026-01-14,P009,South,W02,666,17,12,671,0
2026-01-15,P009,South,W02,671,15,13,673,0
2026-01-16,P009,South,W02,673,11,22,662,0
2026-01-17,P009,South,W02,662,12,14,660,0
2026-01-18,P009,South,W02,660,12,19,653,0
2026-01-19,P009,South,W02,653,27,17,663,0
2026-01-20,P009,South,W02,663,19,14,668,0
2026-01-21,P009,South,W02,668,12,13,667,0
2026-01-22,P009,South,W02,667,6,16,657,0
2026-01-23,P009,South,W02,657,15,19,653,0
2026-01-24,P009,South,W02,653,14,21,646,0
2026-01-25,P009,South,W02,646,20,32,634,0
2026-01-26,P009,South,W02,634,13,20,627,0
2026-01-27,P009,South,W02,627,13,18,622,0
2026-01-28,P009,South,W02,622,17,14,625,0
2026-01-29,P009,South,W02,625,16,19,622,0
2026-01-30,P009,South,W02,622,14,12,624,0
2026-01-31,P009,South,W02,624,17,16,625,0
2026-02-01,P009,South,W02,625,14,18,621,0
2026-02-02,P009,South,W02,621,11,12,620,0
2026-02-03,P009,South,W02,620,21,25,616,0
2026-02-04,P009,South,W02,616,9,14,611,0
2026-02-05,P009,South,W02,611,22,9,624,0
2026-02-06,P009,South,W02,624,19,21,622,0
2026-02-07,P009,South,W02,622,12,21,613,0
2026-02-08,P009,South,W02,613,20,28,605,0
2026-02-09,P009,South,W02,605,20,17,608,0
2026-02-10,P009,South,W02,608,14,22,600,0
2026-02-11,P009,South,W02,600,10,21,589,0
2026-02-12,P009,South,W02,589,10,17,582,0
2026-02-13,P009,South,W02,582,17,24,575,0
2026-02-14,P009,South,W02,575,14,11,578,0
2026-02-15,P009,South,W02,578,13,18,573,0
2026-02-16,P009,South,W02,573,21,21,573,0
2026-02-17,P009,South,W02,573,6,22,557,0
2026-02-18,P009,South,W02,557,20,18,559,0
2026-02-19,P009,South,W02,559,19,14,564,0
2026-02-20,P009,South,W02,564,3,21,546,0
2026-02-21,P009,South,W02,546,6,27,525,0
2026-02-22,P009,South,W02,525,3,16,512,0
2026-02-23,P009,South,W02,512,2,21,493,0
2026-02-24,P009,South,W02,493,3,13,483,0
2026-02-25,P009,South,W02,483,3,16,470,0
2026-02-26,P009,South,W02,470,0,18,452,0
2026-02-27,P009,South,W02,452,2,15,439,0
2026-02-28,P009,South,W02,439,1,15,425,0
2026-03-01,P009,South,W02,425,15,12,428,0
2026-03-02,P009,South,W02,428,19,14,433,0
2026-03-03,P009,South,W02,433,25,21,437,0
2026-03-04,P009,South,W02,437,15,10,442,0
2026-03-05,P009,South,W02,442,10,15,437,0
2026-03-06,P009,South,W02,437,21,14,444,0
2026-03-07,P009,South,W02,444,10,17,437,0
2026-03-08,P009,South,W02,437,27,25,439,0
2026-03-09,P009,South,W02,439,12,23,428,0
2026-03-10,P009,South,W02,428,13,23,418,0
2026-03-11,P009,South,W02,418,7,19,406,0
2026-03-12,P009,South,W02,406,12,13,405,0
2026-03-13,P009,South,W02,405,12,18,399,0
2026-03-14,P009,South,W02,399,12,13,398,0
2026-03-15,P009,South,W02,398,14,20,392,0
2026-03-16,P009,South,W02,392,7,9,390,0
2026-03-17,P009,South,W02,390,13,23,380,0
2026-03-18,P009,South,W02,380,10,15,375,0
2026-03-19,P009,South,W02,375,17,21,371,0
2026-03-20,P009,South,W02,371,14,17,368,0
2026-03-21,P009,South,W02,368,16,13,371,0
2026-03-22,P009,South,W02,371,15,24,362,0
2026-03-23,P009,South,W02,362,12,16,358,0
2026-03-24,P009,South,W02,358,16,16,358,0
2026-03-25,P009,South,W02,358,12,17,353,0
2026-03-26,P009,South,W02,353,8,23,338,0
2026-03-27,P009,South,W02,338,18,19,337,0
2026-03-28,P009,South,W02,337,16,24,329,0
2026-03-29,P009,South,W02,329,17,17,329,0
2026-03-30,P009,South,W02,329,14,22,321,0
2026-03-31,P009,South,W02,321,21,20,322,0
2026-04-01,P009,South,W02,322,22,16,328,0
2026-04-02,P009,South,W02,328,18,18,328,0
2026-04-03,P009,South,W02,328,13,11,330,0
2026-04-04,P009,South,W02,330,14,17,327,0
2026-04-05,P009,South,W02,327,19,14,332,0
2026-04-06,P009,South,W02,332,16,22,326,0
2026-04-07,P009,South,W02,326,12,21,317,0
2026-04-08,P009,South,W02,317,14,14,317,0
2026-04-09,P009,South,W02,317,16,24,309,0
2026-04-10,P009,South,W02,309,15,16,308,0
2026-04-11,P009,South,W02,308,17,16,309,0
2026-04-12,P009,South,W02,309,12,10,311,0
2026-04-13,P009,South,W02,311,19,19,311,0
2026-04-14,P009,South,W02,311,13,22,302,0
2026-04-15,P009,South,W02,302,10,14,298,0
2026-04-16,P009,South,W02,298,15,26,287,0
2026-04-17,P009,South,W02,287,13,13,287,0
2026-04-18,P009,South,W02,287,18,19,286,0
2026-04-19,P009,South,W02,286,14,13,287,0
2026-04-20,P009,South,W02,287,15,17,285,0
2026-04-21,P009,South,W02,285,19,18,286,0
2026-04-22,P009,South,W02,286,11,25,272,0
2026-04-23,P009,South,W02,272,20,12,280,0
2026-04-24,P009,South,W02,280,8,15,273,0
2026-04-25,P009,South,W02,273,16,21,268,0
2026-04-26,P009,South,W02,268,16,24,260,0
2026-04-27,P009,South,W02,260,15,21,254,0
2026-04-28,P009,South,W02,254,13,26,241,0
2026-04-29,P009,South,W02,241,20,20,241,0
2026-04-30,P009,South,W02,241,12,7,246,0
2026-05-01,P009,South,W02,246,8,21,233,0
2026-05-02,P009,South,W02,233,8,19,222,0
2026-05-03,P009,South,W02,222,15,17,220,0
2026-05-04,P009,South,W02,220,13,17,216,0
2026-05-05,P009,South,W02,216,6,13,209,0
2026-05-06,P009,South,W02,209,11,19,201,0
2026-05-07,P009,South,W02,201,22,20,203,0
2026-05-08,P009,South,W02,203,17,18,202,0
2026-05-09,P009,South,W02,202,13,13,202,0
2026-05-10,P009,South,W02,202,17,22,197,0
2026-05-11,P009,South,W02,197,16,30,183,0
2026-05-12,P009,South,W02,183,13,21,175,0
2026-05-13,P009,South,W02,175,19,19,175,0
2026-05-14,P009,South,W02,175,10,20,165,0
2026-05-15,P009,South,W02,165,13,12,166,0
2026-05-16,P009,South,W02,166,22,23,165,0
2026-05-17,P009,South,W02,165,17,17,165,0
2026-05-18,P009,South,W02,165,20,28,157,0
2026-05-19,P009,South,W02,157,13,25,145,0
2026-05-20,P009,South,W02,145,14,18,141,0
2026-05-21,P009,South,W02,141,15,17,139,0
2026-05-22,P009,South,W02,139,16,23,132,0
2026-05-23,P009,South,W02,132,10,18,124,0
2026-05-24,P009,South,W02,124,12,22,114,0
2026-05-25,P009,South,W02,114,14,18,110,0
2026-05-26,P009,South,W02,110,12,23,99,0
2026-05-27,P009,South,W02,99,15,24,90,0
2026-05-28,P009,South,W02,90,16,20,86,0
2026-05-29,P009,South,W02,86,15,24,77,0
2026-05-30,P009,South,W02,77,19,27,69,0
2026-05-31,P009,South,W02,69,15,21,63,0
2026-06-01,P009,South,W02,63,16,19,60,0
2026-06-02,P009,South,W02,60,22,25,57,0
2026-06-03,P009,South,W02,57,14,25,46,0
2026-06-04,P009,South,W02,46,12,16,42,0
2026-06-05,P009,South,W02,42,21,16,47,0
2026-06-06,P009,South,W02,47,14,18,43,0
2026-06-07,P009,South,W02,43,12,20,35,0
2026-06-08,P009,South,W02,35,12,20,27,0
2026-06-09,P009,South,W02,27,20,18,29,0
2026-06-10,P009,South,W02,29,13,17,25,0
2026-06-11,P009,South,W02,25,20,24,21,0
2026-06-12,P009,South,W02,21,11,23,9,0
2026-06-13,P009,South,W02,9,18,13,14,0
2026-06-14,P009,South,W02,14,25,23,16,0
2026-06-15,P009,South,W02,16,13,27,2,0
2026-06-16,P009,South,W02,2,14,16,0,4
2026-06-17,P009,South,W02,0,19,15,4,0
2026-06-18,P009,South,W02,4,16,20,0,9
2026-06-19,P009,South,W02,0,15,15,0,13
2026-06-20,P009,South,W02,0,12,12,0,12
2026-06-21,P009,South,W02,0,16,16,0,15
2026-06-22,P009,South,W02,0,21,21,0,8
2026-06-23,P009,South,W02,0,19,19,0,0
2026-06-24,P009,South,W02,0,12,11,1,0
2026-06-25,P009,South,W02,1,16,16,1,0
2026-06-26,P009,South,W02,1,14,15,0,14
2026-06-27,P009,South,W02,0,13,13,0,11
2026-06-28,P009,South,W02,0,12,12,0,8
2026-06-29,P009,South,W02,0,15,15,0,9
2026-06-30,P009,South,W02,0,23,22,1,0
2026-01-01,P009,East,W03,415,17,24,408,0
2026-01-02,P009,East,W03,408,10,21,397,0
2026-01-03,P009,East,W03,397,9,13,393,0
2026-01-04,P009,East,W03,393,12,15,390,0
2026-01-05,P009,East,W03,390,13,17,386,0
2026-01-06,P009,East,W03,386,19,18,387,0
2026-01-07,P009,East,W03,387,18,18,387,0
2026-01-08,P009,East,W03,387,16,20,383,0
2026-01-09,P009,East,W03,383,20,23,380,0
2026-01-10,P009,East,W03,380,18,20,378,0
2026-01-11,P009,East,W03,378,15,14,379,0
2026-01-12,P009,East,W03,379,16,22,373,0
2026-01-13,P009,East,W03,373,12,23,362,0
2026-01-14,P009,East,W03,362,16,14,364,0
2026-01-15,P009,East,W03,364,12,15,361,0
2026-01-16,P009,East,W03,361,17,16,362,0
2026-01-17,P009,East,W03,362,18,27,353,0
2026-01-18,P009,East,W03,353,16,20,349,0
2026-01-19,P009,East,W03,349,18,17,350,0
2026-01-20,P009,East,W03,350,9,16,343,0
2026-01-21,P009,East,W03,343,15,15,343,0
2026-01-22,P009,East,W03,343,16,21,338,0
2026-01-23,P009,East,W03,338,17,24,331,0
2026-01-24,P009,East,W03,331,15,22,324,0
2026-01-25,P009,East,W03,324,21,22,323,0
2026-01-26,P009,East,W03,323,14,24,313,0
2026-01-27,P009,East,W03,313,14,15,312,0
2026-01-28,P009,East,W03,312,15,18,309,0
2026-01-29,P009,East,W03,309,19,25,303,0
2026-01-30,P009,East,W03,303,9,14,298,0
2026-01-31,P009,East,W03,298,13,14,297,0
2026-02-01,P009,East,W03,297,13,26,284,0
2026-02-02,P009,East,W03,284,9,24,269,0
2026-02-03,P009,East,W03,269,17,18,268,0
2026-02-04,P009,East,W03,268,16,21,263,0
2026-02-05,P009,East,W03,263,12,15,260,0
2026-02-06,P009,East,W03,260,11,22,249,0
2026-02-07,P009,East,W03,249,12,16,245,0
2026-02-08,P009,East,W03,245,13,17,241,0
2026-02-09,P009,East,W03,241,12,21,232,0
2026-02-10,P009,East,W03,232,13,18,227,0
2026-02-11,P009,East,W03,227,17,14,230,0
2026-02-12,P009,East,W03,230,11,18,223,0
2026-02-13,P009,East,W03,223,15,18,220,0
2026-02-14,P009,East,W03,220,10,19,211,0
2026-02-15,P009,East,W03,211,18,17,212,0
2026-02-16,P009,East,W03,212,7,26,193,0
2026-02-17,P009,East,W03,193,17,17,193,0
2026-02-18,P009,East,W03,193,15,19,189,0
2026-02-19,P009,East,W03,189,18,19,188,0
2026-02-20,P009,East,W03,188,0,13,175,0
2026-02-21,P009,East,W03,175,0,14,161,0
2026-02-22,P009,East,W03,161,1,11,151,0
2026-02-23,P009,East,W03,151,1,18,134,0
2026-02-24,P009,East,W03,134,3,19,118,0
2026-02-25,P009,East,W03,118,2,13,107,0
2026-02-26,P009,East,W03,107,2,19,90,0
2026-02-27,P009,East,W03,90,7,18,79,0
2026-02-28,P009,East,W03,79,0,13,66,0
2026-03-01,P009,East,W03,66,12,21,57,0
2026-03-02,P009,East,W03,57,11,17,51,0
2026-03-03,P009,East,W03,51,14,15,50,0
2026-03-04,P009,East,W03,50,20,19,51,0
2026-03-05,P009,East,W03,51,16,19,48,0
2026-03-06,P009,East,W03,48,16,15,49,0
2026-03-07,P009,East,W03,49,17,16,50,0
2026-03-08,P009,East,W03,50,12,20,42,0
2026-03-09,P009,East,W03,42,16,26,32,0
2026-03-10,P009,East,W03,32,19,16,35,0
2026-03-11,P009,East,W03,35,11,19,27,0
2026-03-12,P009,East,W03,27,9,19,17,0
2026-03-13,P009,East,W03,17,10,20,7,0
2026-03-14,P009,East,W03,7,13,15,5,0
2026-03-15,P009,East,W03,5,14,19,0,0
2026-03-16,P009,East,W03,0,15,15,0,0
2026-03-17,P009,East,W03,0,10,10,0,11
2026-03-18,P009,East,W03,0,23,21,2,0
2026-03-19,P009,East,W03,2,17,14,5,0
2026-03-20,P009,East,W03,5,13,18,0,12
2026-03-21,P009,East,W03,0,22,19,3,0
2026-03-22,P009,East,W03,3,18,20,1,0
2026-03-23,P009,East,W03,1,17,18,0,12
2026-03-24,P009,East,W03,0,18,18,0,0
2026-03-25,P009,East,W03,0,14,14,0,13
2026-03-26,P009,East,W03,0,7,7,0,11
2026-03-27,P009,East,W03,0,12,12,0,11
2026-03-28,P009,East,W03,0,9,9,0,6
2026-03-29,P009,East,W03,0,19,18,1,0
2026-03-30,P009,East,W03,1,15,15,1,0
2026-03-31,P009,East,W03,1,13,14,0,9
2026-04-01,P009,East,W03,0,10,10,0,11
2026-04-02,P009,East,W03,0,9,9,0,8
2026-04-03,P009,East,W03,0,8,8,0,13
2026-04-04,P009,East,W03,0,13,13,0,9
2026-04-05,P009,East,W03,0,19,19,0,0
2026-04-06,P009,East,W03,0,14,14,0,7
2026-04-07,P009,East,W03,0,15,15,0,4
2026-04-08,P009,East,W03,0,9,9,0,7
2026-04-09,P009,East,W03,0,17,17,0,6
2026-04-10,P009,East,W03,0,19,12,7,0
2026-04-11,P009,East,W03,7,15,13,9,0
2026-04-12,P009,East,W03,9,18,10,17,0
2026-04-13,P009,East,W03,17,23,14,26,0
2026-04-14,P009,East,W03,26,13,18,21,0
2026-04-15,P009,East,W03,21,12,20,13,0
2026-04-16,P009,East,W03,13,23,20,16,0
2026-04-17,P009,East,W03,16,12,18,10,0
2026-04-18,P009,East,W03,10,14,15,9,0
2026-04-19,P009,East,W03,9,9,17,1,0
2026-04-20,P009,East,W03,1,19,17,3,0
2026-04-21,P009,East,W03,3,9,12,0,7
2026-04-22,P009,East,W03,0,12,12,0,8
2026-04-23,P009,East,W03,0,12,12,0,12
2026-04-24,P009,East,W03,0,18,18,0,12
2026-04-25,P009,East,W03,0,13,13,0,6
2026-04-26,P009,East,W03,0,16,16,0,4
2026-04-27,P009,East,W03,0,14,14,0,0
2026-04-28,P009,East,W03,0,13,13,0,5
2026-04-29,P009,East,W03,0,17,17,0,0
2026-04-30,P009,East,W03,0,14,14,0,6
2026-05-01,P009,East,W03,0,22,20,2,0
2026-05-02,P009,East,W03,2,13,15,0,5
2026-05-03,P009,East,W03,0,11,11,0,7
2026-05-04,P009,East,W03,0,17,16,1,0
2026-05-05,P009,East,W03,1,13,14,0,15
2026-05-06,P009,East,W03,0,17,16,1,0
2026-05-07,P009,East,W03,1,15,16,0,12
2026-05-08,P009,East,W03,0,15,15,0,14
2026-05-09,P009,East,W03,0,19,19,0,11
2026-05-10,P009,East,W03,0,15,15,0,12
2026-05-11,P009,East,W03,0,25,19,6,0
2026-05-12,P009,East,W03,6,16,18,4,0
2026-05-13,P009,East,W03,4,15,19,0,11
2026-05-14,P009,East,W03,0,8,8,0,8
2026-05-15,P009,East,W03,0,16,16,0,5
2026-05-16,P009,East,W03,0,14,14,0,11
2026-05-17,P009,East,W03,0,11,11,0,6
2026-05-18,P009,East,W03,0,17,17,0,0
2026-05-19,P009,East,W03,0,22,17,5,0
2026-05-20,P009,East,W03,5,15,20,0,0
2026-05-21,P009,East,W03,0,14,14,0,12
2026-05-22,P009,East,W03,0,9,9,0,14
2026-05-23,P009,East,W03,0,15,15,0,12
2026-05-24,P009,East,W03,0,11,11,0,10
2026-05-25,P009,East,W03,0,13,13,0,13
2026-05-26,P009,East,W03,0,15,15,0,12
2026-05-27,P009,East,W03,0,16,16,0,11
2026-05-28,P009,East,W03,0,18,18,0,15
2026-05-29,P009,East,W03,0,8,8,0,4
2026-05-30,P009,East,W03,0,9,9,0,8
2026-05-31,P009,East,W03,0,21,21,0,11
2026-06-01,P009,East,W03,0,20,18,2,0
2026-06-02,P009,East,W03,2,11,13,0,4
2026-06-03,P009,East,W03,0,13,13,0,10
2026-06-04,P009,East,W03,0,12,12,0,8
2026-06-05,P009,East,W03,0,18,14,4,0
2026-06-06,P009,East,W03,4,13,10,7,0
2026-06-07,P009,East,W03,7,14,13,8,0
2026-06-08,P009,East,W03,8,21,25,4,0
2026-06-09,P009,East,W03,4,15,19,0,14
2026-06-10,P009,East,W03,0,14,14,0,8
2026-06-11,P009,East,W03,0,13,13,0,10
2026-06-12,P009,East,W03,0,17,16,1,0
2026-06-13,P009,East,W03,1,16,17,0,14
2026-06-14,P009,East,W03,0,16,15,1,0
2026-06-15,P009,East,W03,1,15,10,6,0
2026-06-16,P009,East,W03,6,9,15,0,14
2026-06-17,P009,East,W03,0,16,16,0,5
2026-06-18,P009,East,W03,0,14,14,0,6
2026-06-19,P009,East,W03,0,11,11,0,10
2026-06-20,P009,East,W03,0,18,18,0,11
2026-06-21,P009,East,W03,0,13,13,0,0
2026-06-22,P009,East,W03,0,9,9,0,7
2026-06-23,P009,East,W03,0,13,13,0,12
2026-06-24,P009,East,W03,0,13,13,0,5
2026-06-25,P009,East,W03,0,14,14,0,10
2026-06-26,P009,East,W03,0,17,17,0,4
2026-06-27,P009,East,W03,0,16,16,0,9
2026-06-28,P009,East,W03,0,14,14,0,7
2026-06-29,P009,East,W03,0,18,18,0,6
2026-06-30,P009,East,W03,0,13,13,0,13
2026-01-01,P009,West,W04,357,17,22,352,0
2026-01-02,P009,West,W04,352,15,19,348,0
2026-01-03,P009,West,W04,348,12,15,345,0
2026-01-04,P009,West,W04,345,26,11,360,0
2026-01-05,P009,West,W04,360,11,22,349,0
2026-01-06,P009,West,W04,349,13,19,343,0
2026-01-07,P009,West,W04,343,10,23,330,0
2026-01-08,P009,West,W04,330,15,15,330,0
2026-01-09,P009,West,W04,330,17,13,334,0
2026-01-10,P009,West,W04,334,20,13,341,0
2026-01-11,P009,West,W04,341,24,16,349,0
2026-01-12,P009,West,W04,349,12,18,343,0
2026-01-13,P009,West,W04,343,15,20,338,0
2026-01-14,P009,West,W04,338,15,12,341,0
2026-01-15,P009,West,W04,341,10,13,338,0
2026-01-16,P009,West,W04,338,17,19,336,0
2026-01-17,P009,West,W04,336,8,14,330,0
2026-01-18,P009,West,W04,330,16,21,325,0
2026-01-19,P009,West,W04,325,17,23,319,0
2026-01-20,P009,West,W04,319,15,15,319,0
2026-01-21,P009,West,W04,319,18,12,325,0
2026-01-22,P009,West,W04,325,14,17,322,0
2026-01-23,P009,West,W04,322,10,19,313,0
2026-01-24,P009,West,W04,313,15,20,308,0
2026-01-25,P009,West,W04,308,15,27,296,0
2026-01-26,P009,West,W04,296,13,26,283,0
2026-01-27,P009,West,W04,283,13,15,281,0
2026-01-28,P009,West,W04,281,16,16,281,0
2026-01-29,P009,West,W04,281,22,15,288,0
2026-01-30,P009,West,W04,288,12,18,282,0
2026-01-31,P009,West,W04,282,14,19,277,0
2026-02-01,P009,West,W04,277,12,17,272,0
2026-02-02,P009,West,W04,272,7,19,260,0
2026-02-03,P009,West,W04,260,16,17,259,0
2026-02-04,P009,West,W04,259,24,16,267,0
2026-02-05,P009,West,W04,267,12,25,254,0
2026-02-06,P009,West,W04,254,28,19,263,0
2026-02-07,P009,West,W04,263,18,25,256,0
2026-02-08,P009,West,W04,256,10,19,247,0
2026-02-09,P009,West,W04,247,18,16,249,0
2026-02-10,P009,West,W04,249,17,17,249,0
2026-02-11,P009,West,W04,249,13,22,240,0
2026-02-12,P009,West,W04,240,15,23,232,0
2026-02-13,P009,West,W04,232,16,12,236,0
2026-02-14,P009,West,W04,236,18,11,243,0
2026-02-15,P009,West,W04,243,12,21,234,0
2026-02-16,P009,West,W04,234,10,26,218,0
2026-02-17,P009,West,W04,218,18,14,222,0
2026-02-18,P009,West,W04,222,12,18,216,0
2026-02-19,P009,West,W04,216,17,14,219,0
2026-02-20,P009,West,W04,219,4,16,207,0
2026-02-21,P009,West,W04,207,3,16,194,0
2026-02-22,P009,West,W04,194,2,23,173,0
2026-02-23,P009,West,W04,173,0,26,147,0
2026-02-24,P009,West,W04,147,1,14,134,0
2026-02-25,P009,West,W04,134,2,14,122,0
2026-02-26,P009,West,W04,122,2,21,103,0
2026-02-27,P009,West,W04,103,8,25,86,0
2026-02-28,P009,West,W04,86,2,8,80,0
2026-03-01,P009,West,W04,80,7,22,65,0
2026-03-02,P009,West,W04,65,16,12,69,0
2026-03-03,P009,West,W04,69,14,9,74,0
2026-03-04,P009,West,W04,74,17,23,68,0
2026-03-05,P009,West,W04,68,19,17,70,0
2026-03-06,P009,West,W04,70,6,30,46,0
2026-03-07,P009,West,W04,46,17,18,45,0
2026-03-08,P009,West,W04,45,15,21,39,0
2026-03-09,P009,West,W04,39,13,23,29,0
2026-03-10,P009,West,W04,29,18,15,32,0
2026-03-11,P009,West,W04,32,20,13,39,0
2026-03-12,P009,West,W04,39,9,17,31,0
2026-03-13,P009,West,W04,31,13,18,26,0
2026-03-14,P009,West,W04,26,8,17,17,0
2026-03-15,P009,West,W04,17,10,19,8,0
2026-03-16,P009,West,W04,8,13,20,1,0
2026-03-17,P009,West,W04,1,12,13,0,5
2026-03-18,P009,West,W04,0,17,13,4,0
2026-03-19,P009,West,W04,4,8,12,0,7
2026-03-20,P009,West,W04,0,18,17,1,0
2026-03-21,P009,West,W04,1,9,10,0,14
2026-03-22,P009,West,W04,0,13,11,2,0
2026-03-23,P009,West,W04,2,20,22,0,15
2026-03-24,P009,West,W04,0,5,5,0,11
2026-03-25,P009,West,W04,0,20,20,0,5
2026-03-26,P009,West,W04,0,18,18,0,4
2026-03-27,P009,West,W04,0,10,10,0,6
2026-03-28,P009,West,W04,0,18,16,2,0
2026-03-29,P009,West,W04,2,11,13,0,4
2026-03-30,P009,West,W04,0,12,12,0,11
2026-03-31,P009,West,W04,0,17,9,8,0
2026-04-01,P009,West,W04,8,17,17,8,0
2026-04-02,P009,West,W04,8,16,19,5,0
2026-04-03,P009,West,W04,5,19,21,3,0
2026-04-04,P009,West,W04,3,15,18,0,9
2026-04-05,P009,West,W04,0,16,16,0,5
2026-04-06,P009,West,W04,0,8,8,0,9
2026-04-07,P009,West,W04,0,17,15,2,0
2026-04-08,P009,West,W04,2,11,13,0,10
2026-04-09,P009,West,W04,0,11,11,0,11
2026-04-10,P009,West,W04,0,12,11,1,0
2026-04-11,P009,West,W04,1,16,17,0,6
2026-04-12,P009,West,W04,0,18,18,0,8
2026-04-13,P009,West,W04,0,18,18,0,0
2026-04-14,P009,West,W04,0,17,15,2,0
2026-04-15,P009,West,W04,2,11,13,0,8
2026-04-16,P009,West,W04,0,16,14,2,0
2026-04-17,P009,West,W04,2,17,14,5,0
2026-04-18,P009,West,W04,5,14,17,2,0
2026-04-19,P009,West,W04,2,16,12,6,0
2026-04-20,P009,West,W04,6,14,19,1,0
2026-04-21,P009,West,W04,1,11,12,0,5
2026-04-22,P009,West,W04,0,18,18,0,9
2026-04-23,P009,West,W04,0,14,14,0,5
2026-04-24,P009,West,W04,0,14,14,0,15
2026-04-25,P009,West,W04,0,14,14,0,8
2026-04-26,P009,West,W04,0,13,13,0,8
2026-04-27,P009,West,W04,0,16,14,2,0
2026-04-28,P009,West,W04,2,13,15,0,15
2026-04-29,P009,West,W04,0,16,15,1,0
2026-04-30,P009,West,W04,1,16,16,1,0
2026-05-01,P009,West,W04,1,18,19,0,4
2026-05-02,P009,West,W04,0,11,11,0,4
2026-05-03,P009,West,W04,0,15,10,5,0
2026-05-04,P009,West,W04,5,11,15,1,0
2026-05-05,P009,West,W04,1,18,19,0,10
2026-05-06,P009,West,W04,0,12,12,0,5
2026-05-07,P009,West,W04,0,15,15,0,9
2026-05-08,P009,West,W04,0,13,13,0,9
2026-05-09,P009,West,W04,0,17,17,0,13
2026-05-10,P009,West,W04,0,16,13,3,0
2026-05-11,P009,West,W04,3,25,25,3,0
2026-05-12,P009,West,W04,3,21,14,10,0
2026-05-13,P009,West,W04,10,16,15,11,0
2026-05-14,P009,West,W04,11,15,24,2,0
2026-05-15,P009,West,W04,2,17,19,0,10
2026-05-16,P009,West,W04,0,17,16,1,0
2026-05-17,P009,West,W04,1,17,16,2,0
2026-05-18,P009,West,W04,2,17,19,0,12
2026-05-19,P009,West,W04,0,11,11,0,14
2026-05-20,P009,West,W04,0,11,11,0,12
2026-05-21,P009,West,W04,0,13,13,0,9
2026-05-22,P009,West,W04,0,14,14,0,11
2026-05-23,P009,West,W04,0,12,12,0,8
2026-05-24,P009,West,W04,0,12,12,0,14
2026-05-25,P009,West,W04,0,13,13,0,12
2026-05-26,P009,West,W04,0,18,18,0,11
2026-05-27,P009,West,W04,0,22,19,3,0
2026-05-28,P009,West,W04,3,17,16,4,0
2026-05-29,P009,West,W04,4,16,20,0,8
2026-05-30,P009,West,W04,0,9,9,0,14
2026-05-31,P009,West,W04,0,19,19,0,0
2026-06-01,P009,West,W04,0,18,18,0,7
2026-06-02,P009,West,W04,0,14,14,0,13
2026-06-03,P009,West,W04,0,18,18,0,7
2026-06-04,P009,West,W04,0,17,13,4,0
2026-06-05,P009,West,W04,4,13,17,0,13
2026-06-06,P009,West,W04,0,18,18,0,0
2026-06-07,P009,West,W04,0,12,12,0,6
2026-06-08,P009,West,W04,0,22,22,0,0
2026-06-09,P009,West,W04,0,15,15,0,11
2026-06-10,P009,West,W04,0,15,15,0,12
2026-06-11,P009,West,W04,0,12,12,0,13
2026-06-12,P009,West,W04,0,10,10,0,13
2026-06-13,P009,West,W04,0,12,12,0,15
2026-06-14,P009,West,W04,0,17,17,0,8
2026-06-15,P009,West,W04,0,13,13,0,14
2026-06-16,P009,West,W04,0,17,17,0,15
2026-06-17,P009,West,W04,0,23,22,1,0
2026-06-18,P009,West,W04,1,18,16,3,0
2026-06-19,P009,West,W04,3,15,18,0,12
2026-06-20,P009,West,W04,0,19,16,3,0
2026-06-21,P009,West,W04,3,15,13,5,0
2026-06-22,P009,West,W04,5,17,18,4,0
2026-06-23,P009,West,W04,4,15,19,0,5
2026-06-24,P009,West,W04,0,11,11,0,6
2026-06-25,P009,West,W04,0,17,17,0,10
2026-06-26,P009,West,W04,0,17,17,0,7
2026-06-27,P009,West,W04,0,13,13,0,7
2026-06-28,P009,West,W04,0,14,14,0,8
2026-06-29,P009,West,W04,0,15,14,1,0
2026-06-30,P009,West,W04,1,12,9,4,0
2026-01-01,P010,North,W01,443,12,15,440,0
2026-01-02,P010,North,W01,440,16,21,435,0
2026-01-03,P010,North,W01,435,16,21,430,0
2026-01-04,P010,North,W01,430,12,23,419,0
2026-01-05,P010,North,W01,419,11,24,406,0
2026-01-06,P010,North,W01,406,14,21,399,0
2026-01-07,P010,North,W01,399,10,15,394,0
2026-01-08,P010,North,W01,394,15,19,390,0
2026-01-09,P010,North,W01,390,11,22,379,0
2026-01-10,P010,North,W01,379,14,20,373,0
2026-01-11,P010,North,W01,373,11,17,367,0
2026-01-12,P010,North,W01,367,15,17,365,0
2026-01-13,P010,North,W01,365,21,15,371,0
2026-01-14,P010,North,W01,371,13,15,369,0
2026-01-15,P010,North,W01,369,9,17,361,0
2026-01-16,P010,North,W01,361,9,18,352,0
2026-01-17,P010,North,W01,352,17,22,347,0
2026-01-18,P010,North,W01,347,15,17,345,0
2026-01-19,P010,North,W01,345,15,16,344,0
2026-01-20,P010,North,W01,344,12,15,341,0
2026-01-21,P010,North,W01,341,16,11,346,0
2026-01-22,P010,North,W01,346,17,19,344,0
2026-01-23,P010,North,W01,344,17,21,340,0
2026-01-24,P010,North,W01,340,13,20,333,0
2026-01-25,P010,North,W01,333,17,18,332,0
2026-01-26,P010,North,W01,332,15,12,335,0
2026-01-27,P010,North,W01,335,25,14,346,0
2026-01-28,P010,North,W01,346,15,23,338,0
2026-01-29,P010,North,W01,338,8,27,319,0
2026-01-30,P010,North,W01,319,9,19,309,0
2026-01-31,P010,North,W01,309,14,18,305,0
2026-02-01,P010,North,W01,305,12,18,299,0
2026-02-02,P010,North,W01,299,12,17,294,0
2026-02-03,P010,North,W01,294,11,17,288,0
2026-02-04,P010,North,W01,288,16,16,288,0
2026-02-05,P010,North,W01,288,16,20,284,0
2026-02-06,P010,North,W01,284,11,17,278,0
2026-02-07,P010,North,W01,278,12,16,274,0
2026-02-08,P010,North,W01,274,17,14,277,0
2026-02-09,P010,North,W01,277,16,21,272,0
2026-02-10,P010,North,W01,272,13,12,273,0
2026-02-11,P010,North,W01,273,18,16,275,0
2026-02-12,P010,North,W01,275,7,16,266,0
2026-02-13,P010,North,W01,266,9,16,259,0
2026-02-14,P010,North,W01,259,14,15,258,0
2026-02-15,P010,North,W01,258,10,15,253,0
2026-02-16,P010,North,W01,253,15,28,240,0
2026-02-17,P010,North,W01,240,24,26,238,0
2026-02-18,P010,North,W01,238,15,21,232,0
2026-02-19,P010,North,W01,232,15,22,225,0
2026-02-20,P010,North,W01,225,3,15,213,0
2026-02-21,P010,North,W01,213,5,21,197,0
2026-02-22,P010,North,W01,197,2,17,182,0
2026-02-23,P010,North,W01,182,3,17,168,0
2026-02-24,P010,North,W01,168,1,20,149,0
2026-02-25,P010,North,W01,149,2,24,127,0
2026-02-26,P010,North,W01,127,3,14,116,0
2026-02-27,P010,North,W01,116,4,19,101,0
2026-02-28,P010,North,W01,101,3,25,79,0
2026-03-01,P010,North,W01,79,12,20,71,0
2026-03-02,P010,North,W01,71,10,17,64,0
2026-03-03,P010,North,W01,64,22,10,76,0
2026-03-04,P010,North,W01,76,25,12,89,0
2026-03-05,P010,North,W01,89,13,19,83,0
2026-03-06,P010,North,W01,83,13,12,84,0
2026-03-07,P010,North,W01,84,15,21,78,0
2026-03-08,P010,North,W01,78,12,20,70,0
2026-03-09,P010,North,W01,70,15,20,65,0
2026-03-10,P010,North,W01,65,22,15,72,0
2026-03-11,P010,North,W01,72,13,22,63,0
2026-03-12,P010,North,W01,63,11,18,56,0
2026-03-13,P010,North,W01,56,13,19,50,0
2026-03-14,P010,North,W01,50,17,19,48,0
2026-03-15,P010,North,W01,48,11,14,45,0
2026-03-16,P010,North,W01,45,30,24,51,0
2026-03-17,P010,North,W01,51,15,21,45,0
2026-03-18,P010,North,W01,45,20,23,42,0
2026-03-19,P010,North,W01,42,17,21,38,0
2026-03-20,P010,North,W01,38,20,19,39,0
2026-03-21,P010,North,W01,39,14,23,30,0
2026-03-22,P010,North,W01,30,19,19,30,0
2026-03-23,P010,North,W01,30,13,21,22,0
2026-03-24,P010,North,W01,22,22,17,27,0
2026-03-25,P010,North,W01,27,17,22,22,0
2026-03-26,P010,North,W01,22,8,18,12,0
2026-03-27,P010,North,W01,12,15,22,5,0
2026-03-28,P010,North,W01,5,9,13,1,0
2026-03-29,P010,North,W01,1,18,18,1,0
2026-03-30,P010,North,W01,1,16,17,0,0
2026-03-31,P010,North,W01,0,24,8,16,0
2026-04-01,P010,North,W01,16,19,19,16,0
2026-04-02,P010,North,W01,16,19,14,21,0
2026-04-03,P010,North,W01,21,19,11,29,0
2026-04-04,P010,North,W01,29,17,15,31,0
2026-04-05,P010,North,W01,31,12,17,26,0
2026-04-06,P010,North,W01,26,12,14,24,0
2026-04-07,P010,North,W01,24,22,23,23,0
2026-04-08,P010,North,W01,23,20,11,32,0
2026-04-09,P010,North,W01,32,15,14,33,0
2026-04-10,P010,North,W01,33,16,16,33,0
2026-04-11,P010,North,W01,33,13,21,25,0
2026-04-12,P010,North,W01,25,15,22,18,0
2026-04-13,P010,North,W01,18,8,21,5,0
2026-04-14,P010,North,W01,5,21,12,14,0
2026-04-15,P010,North,W01,14,17,18,13,0
2026-04-16,P010,North,W01,13,10,18,5,0
2026-04-17,P010,North,W01,5,17,10,12,0
2026-04-18,P010,North,W01,12,10,19,3,0
2026-04-19,P010,North,W01,3,20,15,8,0
2026-04-20,P010,North,W01,8,16,24,0,0
2026-04-21,P010,North,W01,0,17,17,0,0
2026-04-22,P010,North,W01,0,11,11,0,8
2026-04-23,P010,North,W01,0,12,11,1,0
2026-04-24,P010,North,W01,1,17,18,0,14
2026-04-25,P010,North,W01,0,15,15,0,12
2026-04-26,P010,North,W01,0,9,9,0,14
2026-04-27,P010,North,W01,0,21,21,0,4
2026-04-28,P010,North,W01,0,19,17,2,0
2026-04-29,P010,North,W01,2,24,13,13,0
2026-04-30,P010,North,W01,13,15,24,4,0
2026-05-01,P010,North,W01,4,13,17,0,6
2026-05-02,P010,North,W01,0,18,17,1,0
2026-05-03,P010,North,W01,1,11,12,0,10
2026-05-04,P010,North,W01,0,13,13,0,6
2026-05-05,P010,North,W01,0,19,9,10,0
2026-05-06,P010,North,W01,10,14,9,15,0
2026-05-07,P010,North,W01,15,18,15,18,0
2026-05-08,P010,North,W01,18,12,17,13,0
2026-05-09,P010,North,W01,13,14,22,5,0
2026-05-10,P010,North,W01,5,17,22,0,0
2026-05-11,P010,North,W01,0,20,20,0,13
2026-05-12,P010,North,W01,0,15,15,0,9
2026-05-13,P010,North,W01,0,8,8,0,13
2026-05-14,P010,North,W01,0,10,10,0,13
2026-05-15,P010,North,W01,0,12,12,0,7
2026-05-16,P010,North,W01,0,11,11,0,10
2026-05-17,P010,North,W01,0,10,10,0,7
2026-05-18,P010,North,W01,0,10,10,0,10
2026-05-19,P010,North,W01,0,11,11,0,13
2026-05-20,P010,North,W01,0,20,20,0,5
2026-05-21,P010,North,W01,0,14,13,1,0
2026-05-22,P010,North,W01,1,19,16,4,0
2026-05-23,P010,North,W01,4,17,16,5,0
2026-05-24,P010,North,W01,5,10,15,0,7
2026-05-25,P010,North,W01,0,14,14,0,7
2026-05-26,P010,North,W01,0,11,11,0,6
2026-05-27,P010,North,W01,0,13,13,0,14
2026-05-28,P010,North,W01,0,14,14,0,0
2026-05-29,P010,North,W01,0,17,17,0,4
2026-05-30,P010,North,W01,0,10,10,0,9
2026-05-31,P010,North,W01,0,11,11,0,8
2026-06-01,P010,North,W01,0,16,16,0,8
2026-06-02,P010,North,W01,0,19,19,0,14
2026-06-03,P010,North,W01,0,14,14,0,8
2026-06-04,P010,North,W01,0,19,19,0,14
2026-06-05,P010,North,W01,0,19,19,0,11
2026-06-06,P010,North,W01,0,18,18,0,13
2026-06-07,P010,North,W01,0,24,18,6,0
2026-06-08,P010,North,W01,6,17,20,3,0
2026-06-09,P010,North,W01,3,15,15,3,0
2026-06-10,P010,North,W01,3,16,19,0,11
2026-06-11,P010,North,W01,0,14,7,7,0
2026-06-12,P010,North,W01,7,11,18,0,4
2026-06-13,P010,North,W01,0,16,16,0,11
2026-06-14,P010,North,W01,0,16,16,0,9
2026-06-15,P010,North,W01,0,18,18,0,4
2026-06-16,P010,North,W01,0,14,10,4,0
2026-06-17,P010,North,W01,4,17,21,0,7
2026-06-18,P010,North,W01,0,16,16,0,10
2026-06-19,P010,North,W01,0,19,17,2,0
2026-06-20,P010,North,W01,2,15,17,0,6
2026-06-21,P010,North,W01,0,6,6,0,5
2026-06-22,P010,North,W01,0,23,15,8,0
2026-06-23,P010,North,W01,8,15,19,4,0
2026-06-24,P010,North,W01,4,13,17,0,14
2026-06-25,P010,North,W01,0,24,24,0,12
2026-06-26,P010,North,W01,0,8,8,0,6
2026-06-27,P010,North,W01,0,18,18,0,6
2026-06-28,P010,North,W01,0,12,12,0,8
2026-06-29,P010,North,W01,0,18,18,0,12
2026-06-30,P010,North,W01,0,18,18,0,12
2026-01-01,P010,South,W02,303,15,19,299,0
2026-01-02,P010,South,W02,299,17,21,295,0
2026-01-03,P010,South,W02,295,10,17,288,0
2026-01-04,P010,South,W02,288,15,11,292,0
2026-01-05,P010,South,W02,292,14,17,289,0
2026-01-06,P010,South,W02,289,10,25,274,0
2026-01-07,P010,South,W02,274,15,18,271,0
2026-01-08,P010,South,W02,271,13,11,273,0
2026-01-09,P010,South,W02,273,14,25,262,0
2026-01-10,P010,South,W02,262,20,22,260,0
2026-01-11,P010,South,W02,260,14,18,256,0
2026-01-12,P010,South,W02,256,7,23,240,0
2026-01-13,P010,South,W02,240,13,17,236,0
2026-01-14,P010,South,W02,236,12,19,229,0
2026-01-15,P010,South,W02,229,16,22,223,0
2026-01-16,P010,South,W02,223,19,12,230,0
2026-01-17,P010,South,W02,230,12,15,227,0
2026-01-18,P010,South,W02,227,18,14,231,0
2026-01-19,P010,South,W02,231,16,12,235,0
2026-01-20,P010,South,W02,235,8,16,227,0
2026-01-21,P010,South,W02,227,15,17,225,0
2026-01-22,P010,South,W02,225,11,16,220,0
2026-01-23,P010,South,W02,220,15,15,220,0
2026-01-24,P010,South,W02,220,11,20,211,0
2026-01-25,P010,South,W02,211,16,17,210,0
2026-01-26,P010,South,W02,210,7,15,202,0
2026-01-27,P010,South,W02,202,17,14,205,0
2026-01-28,P010,South,W02,205,12,19,198,0
2026-01-29,P010,South,W02,198,21,13,206,0
2026-01-30,P010,South,W02,206,9,16,199,0
2026-01-31,P010,South,W02,199,22,12,209,0
2026-02-01,P010,South,W02,209,10,13,206,0
2026-02-02,P010,South,W02,206,19,21,204,0
2026-02-03,P010,South,W02,204,13,23,194,0
2026-02-04,P010,South,W02,194,21,20,195,0
2026-02-05,P010,South,W02,195,13,12,196,0
2026-02-06,P010,South,W02,196,17,18,195,0
2026-02-07,P010,South,W02,195,20,12,203,0
2026-02-08,P010,South,W02,203,18,21,200,0
2026-02-09,P010,South,W02,200,13,15,198,0
2026-02-10,P010,South,W02,198,12,14,196,0
2026-02-11,P010,South,W02,196,18,16,198,0
2026-02-12,P010,South,W02,198,22,13,207,0
2026-02-13,P010,South,W02,207,9,16,200,0
2026-02-14,P010,South,W02,200,14,7,207,0
2026-02-15,P010,South,W02,207,15,18,204,0
2026-02-16,P010,South,W02,204,9,17,196,0
2026-02-17,P010,South,W02,196,16,11,201,0
2026-02-18,P010,South,W02,201,14,15,200,0
2026-02-19,P010,South,W02,200,11,17,194,0
2026-02-20,P010,South,W02,194,4,19,179,0
2026-02-21,P010,South,W02,179,1,16,164,0
2026-02-22,P010,South,W02,164,2,14,152,0
2026-02-23,P010,South,W02,152,1,21,132,0
2026-02-24,P010,South,W02,132,2,19,115,0
2026-02-25,P010,South,W02,115,1,21,95,0
2026-02-26,P010,South,W02,95,4,19,80,0
2026-02-27,P010,South,W02,80,5,26,59,0
2026-02-28,P010,South,W02,59,1,20,40,0
2026-03-01,P010,South,W02,40,13,19,34,0
2026-03-02,P010,South,W02,34,14,21,27,0
2026-03-03,P010,South,W02,27,14,15,26,0
2026-03-04,P010,South,W02,26,12,11,27,0
2026-03-05,P010,South,W02,27,16,22,21,0
2026-03-06,P010,South,W02,21,17,17,21,0
2026-03-07,P010,South,W02,21,19,21,19,0
2026-03-08,P010,South,W02,19,15,16,18,0
2026-03-09,P010,South,W02,18,14,14,18,0
2026-03-10,P010,South,W02,18,15,24,9,0
2026-03-11,P010,South,W02,9,15,22,2,0
2026-03-12,P010,South,W02,2,17,15,4,0
2026-03-13,P010,South,W02,4,11,15,0,0
2026-03-14,P010,South,W02,0,12,12,0,15
2026-03-15,P010,South,W02,0,18,15,3,0
2026-03-16,P010,South,W02,3,16,19,0,11
2026-03-17,P010,South,W02,0,13,13,0,14
2026-03-18,P010,South,W02,0,16,16,0,11
2026-03-19,P010,South,W02,0,15,10,5,0
2026-03-20,P010,South,W02,5,12,17,0,0
2026-03-21,P010,South,W02,0,18,12,6,0
2026-03-22,P010,South,W02,6,10,15,1,0
2026-03-23,P010,South,W02,1,16,17,0,12
2026-03-24,P010,South,W02,0,16,16,0,0
2026-03-25,P010,South,W02,0,20,17,3,0
2026-03-26,P010,South,W02,3,11,14,0,13
2026-03-27,P010,South,W02,0,14,14,0,6
2026-03-28,P010,South,W02,0,14,12,2,0
2026-03-29,P010,South,W02,2,12,14,0,15
2026-03-30,P010,South,W02,0,13,13,0,11
2026-03-31,P010,South,W02,0,14,14,0,6
2026-04-01,P010,South,W02,0,16,16,0,11
2026-04-02,P010,South,W02,0,6,6,0,4
2026-04-03,P010,South,W02,0,16,16,0,14
2026-04-04,P010,South,W02,0,21,17,4,0
2026-04-05,P010,South,W02,4,14,10,8,0
2026-04-06,P010,South,W02,8,21,13,16,0
2026-04-07,P010,South,W02,16,9,20,5,0
2026-04-08,P010,South,W02,5,12,17,0,13
2026-04-09,P010,South,W02,0,20,19,1,0
2026-04-10,P010,South,W02,1,13,14,0,4
2026-04-11,P010,South,W02,0,19,13,6,0
2026-04-12,P010,South,W02,6,17,15,8,0
2026-04-13,P010,South,W02,8,13,15,6,0
2026-04-14,P010,South,W02,6,13,11,8,0
2026-04-15,P010,South,W02,8,13,15,6,0
2026-04-16,P010,South,W02,6,8,14,0,6
2026-04-17,P010,South,W02,0,20,16,4,0
2026-04-18,P010,South,W02,4,11,15,0,4
2026-04-19,P010,South,W02,0,13,13,0,11
2026-04-20,P010,South,W02,0,14,14,0,13
2026-04-21,P010,South,W02,0,10,10,0,9
2026-04-22,P010,South,W02,0,14,14,0,13
2026-04-23,P010,South,W02,0,17,17,0,13
2026-04-24,P010,South,W02,0,19,10,9,0
2026-04-25,P010,South,W02,9,20,19,10,0
2026-04-26,P010,South,W02,10,15,19,6,0
2026-04-27,P010,South,W02,6,16,19,3,0
2026-04-28,P010,South,W02,3,17,12,8,0
2026-04-29,P010,South,W02,8,13,19,2,0
2026-04-30,P010,South,W02,2,15,12,5,0
2026-05-01,P010,South,W02,5,8,13,0,8
2026-05-02,P010,South,W02,0,12,12,0,9
2026-05-03,P010,South,W02,0,15,15,0,14
2026-05-04,P010,South,W02,0,7,7,0,6
2026-05-05,P010,South,W02,0,12,12,0,9
2026-05-06,P010,South,W02,0,14,14,0,9
2026-05-07,P010,South,W02,0,13,13,0,6
2026-05-08,P010,South,W02,0,10,10,0,14
2026-05-09,P010,South,W02,0,7,7,0,11
2026-05-10,P010,South,W02,0,14,8,6,0
2026-05-11,P010,South,W02,6,13,19,0,7
2026-05-12,P010,South,W02,0,11,11,0,8
2026-05-13,P010,South,W02,0,15,15,0,11
2026-05-14,P010,South,W02,0,23,16,7,0
2026-05-15,P010,South,W02,7,17,21,3,0
2026-05-16,P010,South,W02,3,19,22,0,14
2026-05-17,P010,South,W02,0,15,15,0,14
2026-05-18,P010,South,W02,0,17,17,0,6
2026-05-19,P010,South,W02,0,19,15,4,0
2026-05-20,P010,South,W02,4,20,20,4,0
2026-05-21,P010,South,W02,4,17,21,0,13
2026-05-22,P010,South,W02,0,18,18,0,7
2026-05-23,P010,South,W02,0,16,16,0,0
2026-05-24,P010,South,W02,0,11,11,0,0
2026-05-25,P010,South,W02,0,14,14,0,6
2026-05-26,P010,South,W02,0,13,13,0,9
2026-05-27,P010,South,W02,0,17,17,0,15
2026-05-28,P010,South,W02,0,15,15,0,0
2026-05-29,P010,South,W02,0,15,15,0,9
2026-05-30,P010,South,W02,0,16,14,2,0
2026-05-31,P010,South,W02,2,15,17,0,4
2026-06-01,P010,South,W02,0,18,18,0,11
2026-06-02,P010,South,W02,0,16,16,0,9
2026-06-03,P010,South,W02,0,16,16,0,6
2026-06-04,P010,South,W02,0,15,15,0,0
2026-06-05,P010,South,W02,0,16,16,0,9
2026-06-06,P010,South,W02,0,14,14,0,14
2026-06-07,P010,South,W02,0,13,13,0,7
2026-06-08,P010,South,W02,0,20,20,0,0
2026-06-09,P010,South,W02,0,15,15,0,11
2026-06-10,P010,South,W02,0,18,18,0,11
2026-06-11,P010,South,W02,0,21,20,1,0
2026-06-12,P010,South,W02,1,11,12,0,8
2026-06-13,P010,South,W02,0,9,9,0,9
2026-06-14,P010,South,W02,0,22,19,3,0
2026-06-15,P010,South,W02,3,11,14,0,5
2026-06-16,P010,South,W02,0,16,16,0,4
2026-06-17,P010,South,W02,0,13,13,0,11
2026-06-18,P010,South,W02,0,12,12,0,15
2026-06-19,P010,South,W02,0,14,14,0,4
2026-06-20,P010,South,W02,0,13,13,0,7
2026-06-21,P010,South,W02,0,20,20,0,0
2026-06-22,P010,South,W02,0,10,10,0,12
2026-06-23,P010,South,W02,0,19,19,0,6
2026-06-24,P010,South,W02,0,14,14,0,9
2026-06-25,P010,South,W02,0,25,21,4,0
2026-06-26,P010,South,W02,4,19,19,4,0
2026-06-27,P010,South,W02,4,19,14,9,0
2026-06-28,P010,South,W02,9,18,19,8,0
2026-06-29,P010,South,W02,8,19,26,1,0
2026-06-30,P010,South,W02,1,16,17,0,14
2026-01-01,P010,East,W03,480,15,24,471,0
2026-01-02,P010,East,W03,471,13,17,467,0
2026-01-03,P010,East,W03,467,18,20,465,0
2026-01-04,P010,East,W03,465,17,23,459,0
2026-01-05,P010,East,W03,459,13,15,457,0
2026-01-06,P010,East,W03,457,15,18,454,0
2026-01-07,P010,East,W03,454,13,17,450,0
2026-01-08,P010,East,W03,450,10,15,445,0
2026-01-09,P010,East,W03,445,22,29,438,0
2026-01-10,P010,East,W03,438,11,22,427,0
2026-01-11,P010,East,W03,427,27,17,437,0
2026-01-12,P010,East,W03,437,15,14,438,0
2026-01-13,P010,East,W03,438,16,14,440,0
2026-01-14,P010,East,W03,440,14,17,437,0
2026-01-15,P010,East,W03,437,16,24,429,0
2026-01-16,P010,East,W03,429,15,24,420,0
2026-01-17,P010,East,W03,420,17,16,421,0
2026-01-18,P010,East,W03,421,20,22,419,0
2026-01-19,P010,East,W03,419,20,18,421,0
2026-01-20,P010,East,W03,421,16,19,418,0
2026-01-21,P010,East,W03,418,11,25,404,0
2026-01-22,P010,East,W03,404,13,19,398,0
2026-01-23,P010,East,W03,398,12,19,391,0
2026-01-24,P010,East,W03,391,10,22,379,0
2026-01-25,P010,East,W03,379,17,16,380,0
2026-01-26,P010,East,W03,380,18,13,385,0
2026-01-27,P010,East,W03,385,25,21,389,0
2026-01-28,P010,East,W03,389,8,14,383,0
2026-01-29,P010,East,W03,383,14,18,379,0
2026-01-30,P010,East,W03,379,17,13,383,0
2026-01-31,P010,East,W03,383,15,16,382,0
2026-02-01,P010,East,W03,382,16,22,376,0
2026-02-02,P010,East,W03,376,21,13,384,0
2026-02-03,P010,East,W03,384,14,18,380,0
2026-02-04,P010,East,W03,380,21,17,384,0
2026-02-05,P010,East,W03,384,15,17,382,0
2026-02-06,P010,East,W03,382,13,16,379,0
2026-02-07,P010,East,W03,379,10,25,364,0
2026-02-08,P010,East,W03,364,14,12,366,0
2026-02-09,P010,East,W03,366,22,20,368,0
2026-02-10,P010,East,W03,368,18,21,365,0
2026-02-11,P010,East,W03,365,13,17,361,0
2026-02-12,P010,East,W03,361,15,14,362,0
2026-02-13,P010,East,W03,362,7,16,353,0
2026-02-14,P010,East,W03,353,12,22,343,0
2026-02-15,P010,East,W03,343,18,22,339,0
2026-02-16,P010,East,W03,339,15,21,333,0
2026-02-17,P010,East,W03,333,21,17,337,0
2026-02-18,P010,East,W03,337,16,13,340,0
2026-02-19,P010,East,W03,340,9,17,332,0
2026-02-20,P010,East,W03,332,3,19,316,0
2026-02-21,P010,East,W03,316,2,17,301,0
2026-02-22,P010,East,W03,301,6,17,290,0
2026-02-23,P010,East,W03,290,1,19,272,0
2026-02-24,P010,East,W03,272,2,15,259,0
2026-02-25,P010,East,W03,259,3,17,245,0
2026-02-26,P010,East,W03,245,5,13,237,0
2026-02-27,P010,East,W03,237,3,18,222,0
2026-02-28,P010,East,W03,222,0,22,200,0
2026-03-01,P010,East,W03,200,12,30,182,0
2026-03-02,P010,East,W03,182,20,14,188,0
2026-03-03,P010,East,W03,188,19,15,192,0
2026-03-04,P010,East,W03,192,9,29,172,0
2026-03-05,P010,East,W03,172,13,15,170,0
2026-03-06,P010,East,W03,170,18,12,176,0
2026-03-07,P010,East,W03,176,16,17,175,0
2026-03-08,P010,East,W03,175,19,16,178,0
2026-03-09,P010,East,W03,178,14,21,171,0
2026-03-10,P010,East,W03,171,17,28,160,0
2026-03-11,P010,East,W03,160,13,19,154,0
2026-03-12,P010,East,W03,154,20,25,149,0
2026-03-13,P010,East,W03,149,20,11,158,0
2026-03-14,P010,East,W03,158,9,19,148,0
2026-03-15,P010,East,W03,148,11,9,150,0
2026-03-16,P010,East,W03,150,13,27,136,0
2026-03-17,P010,East,W03,136,14,19,131,0
2026-03-18,P010,East,W03,131,14,17,128,0
2026-03-19,P010,East,W03,128,16,17,127,0
2026-03-20,P010,East,W03,127,16,13,130,0
2026-03-21,P010,East,W03,130,12,26,116,0
2026-03-22,P010,East,W03,116,10,10,116,0
2026-03-23,P010,East,W03,116,23,20,119,0
2026-03-24,P010,East,W03,119,10,18,111,0
2026-03-25,P010,East,W03,111,21,23,109,0
2026-03-26,P010,East,W03,109,17,16,110,0
2026-03-27,P010,East,W03,110,15,20,105,0
2026-03-28,P010,East,W03,105,13,15,103,0
2026-03-29,P010,East,W03,103,21,14,110,0
2026-03-30,P010,East,W03,110,15,11,114,0
2026-03-31,P010,East,W03,114,20,10,124,0
2026-04-01,P010,East,W03,124,7,21,110,0
2026-04-02,P010,East,W03,110,12,23,99,0
2026-04-03,P010,East,W03,99,19,17,101,0
2026-04-04,P010,East,W03,101,12,12,101,0
2026-04-05,P010,East,W03,101,14,23,92,0
2026-04-06,P010,East,W03,92,16,23,85,0
2026-04-07,P010,East,W03,85,12,26,71,0
2026-04-08,P010,East,W03,71,9,14,66,0
2026-04-09,P010,East,W03,66,14,12,68,0
2026-04-10,P010,East,W03,68,23,16,75,0
2026-04-11,P010,East,W03,75,12,21,66,0
2026-04-12,P010,East,W03,66,17,19,64,0
2026-04-13,P010,East,W03,64,13,16,61,0
2026-04-14,P010,East,W03,61,17,13,65,0
2026-04-15,P010,East,W03,65,13,22,56,0
2026-04-16,P010,East,W03,56,14,32,38,0
2026-04-17,P010,East,W03,38,19,20,37,0
2026-04-18,P010,East,W03,37,13,15,35,0
2026-04-19,P010,East,W03,35,14,23,26,0
2026-04-20,P010,East,W03,26,9,15,20,0
2026-04-21,P010,East,W03,20,10,20,10,0
2026-04-22,P010,East,W03,10,16,17,9,0
2026-04-23,P010,East,W03,9,16,20,5,0
2026-04-24,P010,East,W03,5,17,14,8,0
2026-04-25,P010,East,W03,8,18,17,9,0
2026-04-26,P010,East,W03,9,13,17,5,0
2026-04-27,P010,East,W03,5,22,11,16,0
2026-04-28,P010,East,W03,16,21,22,15,0
2026-04-29,P010,East,W03,15,20,17,18,0
2026-04-30,P010,East,W03,18,19,17,20,0
2026-05-01,P010,East,W03,20,16,20,16,0
2026-05-02,P010,East,W03,16,21,12,25,0
2026-05-03,P010,East,W03,25,12,16,21,0
2026-05-04,P010,East,W03,21,11,11,21,0
2026-05-05,P010,East,W03,21,15,20,16,0
2026-05-06,P010,East,W03,16,15,15,16,0
2026-05-07,P010,East,W03,16,19,17,18,0
2026-05-08,P010,East,W03,18,11,21,8,0
2026-05-09,P010,East,W03,8,16,24,0,6
2026-05-10,P010,East,W03,0,16,12,4,0
2026-05-11,P010,East,W03,4,13,17,0,6
2026-05-12,P010,East,W03,0,9,9,0,10
2026-05-13,P010,East,W03,0,21,21,0,0
2026-05-14,P010,East,W03,0,18,18,0,7
2026-05-15,P010,East,W03,0,17,15,2,0
2026-05-16,P010,East,W03,2,23,16,9,0
2026-05-17,P010,East,W03,9,20,26,3,0
2026-05-18,P010,East,W03,3,20,23,0,6
2026-05-19,P010,East,W03,0,14,14,0,10
2026-05-20,P010,East,W03,0,14,14,0,14
2026-05-21,P010,East,W03,0,10,10,0,15
2026-05-22,P010,East,W03,0,11,8,3,0
2026-05-23,P010,East,W03,3,19,20,2,0
2026-05-24,P010,East,W03,2,16,18,0,9
2026-05-25,P010,East,W03,0,11,11,0,8
2026-05-26,P010,East,W03,0,30,12,18,0
2026-05-27,P010,East,W03,18,10,18,10,0
2026-05-28,P010,East,W03,10,21,16,15,0
2026-05-29,P010,East,W03,15,12,18,9,0
2026-05-30,P010,East,W03,9,18,17,10,0
2026-05-31,P010,East,W03,10,22,21,11,0
2026-06-01,P010,East,W03,11,20,24,7,0
2026-06-02,P010,East,W03,7,12,19,0,4
2026-06-03,P010,East,W03,0,17,17,0,7
2026-06-04,P010,East,W03,0,11,11,0,7
2026-06-05,P010,East,W03,0,19,19,0,4
2026-06-06,P010,East,W03,0,12,12,0,7
2026-06-07,P010,East,W03,0,17,17,0,0
2026-06-08,P010,East,W03,0,10,10,0,14
2026-06-09,P010,East,W03,0,15,15,0,4
2026-06-10,P010,East,W03,0,15,15,0,15
2026-06-11,P010,East,W03,0,26,12,14,0
2026-06-12,P010,East,W03,14,12,21,5,0
2026-06-13,P010,East,W03,5,12,14,3,0
2026-06-14,P010,East,W03,3,19,21,1,0
2026-06-15,P010,East,W03,1,10,11,0,6
2026-06-16,P010,East,W03,0,12,12,0,9
2026-06-17,P010,East,W03,0,16,16,0,14
2026-06-18,P010,East,W03,0,11,11,0,8
2026-06-19,P010,East,W03,0,18,18,0,0
2026-06-20,P010,East,W03,0,17,16,1,0
2026-06-21,P010,East,W03,1,21,22,0,7
2026-06-22,P010,East,W03,0,22,16,6,0
2026-06-23,P010,East,W03,6,8,14,0,10
2026-06-24,P010,East,W03,0,13,11,2,0
2026-06-25,P010,East,W03,2,13,15,0,7
2026-06-26,P010,East,W03,0,13,13,0,15
2026-06-27,P010,East,W03,0,21,21,0,0
2026-06-28,P010,East,W03,0,16,16,0,5
2026-06-29,P010,East,W03,0,19,18,1,0
2026-06-30,P010,East,W03,1,15,16,0,10
2026-01-01,P010,West,W04,274,9,19,264,0
2026-01-02,P010,West,W04,264,12,15,261,0
2026-01-03,P010,West,W04,261,21,14,268,0
2026-01-04,P010,West,W04,268,20,22,266,0
2026-01-05,P010,West,W04,266,12,17,261,0
2026-01-06,P010,West,W04,261,16,15,262,0
2026-01-07,P010,West,W04,262,14,13,263,0
2026-01-08,P010,West,W04,263,14,8,269,0
2026-01-09,P010,West,W04,269,12,21,260,0
2026-01-10,P010,West,W04,260,13,13,260,0
2026-01-11,P010,West,W04,260,12,15,257,0
2026-01-12,P010,West,W04,257,15,12,260,0
2026-01-13,P010,West,W04,260,11,13,258,0
2026-01-14,P010,West,W04,258,12,14,256,0
2026-01-15,P010,West,W04,256,15,28,243,0
2026-01-16,P010,West,W04,243,18,16,245,0
2026-01-17,P010,West,W04,245,15,24,236,0
2026-01-18,P010,West,W04,236,19,23,232,0
2026-01-19,P010,West,W04,232,19,11,240,0
2026-01-20,P010,West,W04,240,18,14,244,0
2026-01-21,P010,West,W04,244,12,10,246,0
2026-01-22,P010,West,W04,246,21,18,249,0
2026-01-23,P010,West,W04,249,17,20,246,0
2026-01-24,P010,West,W04,246,13,18,241,0
2026-01-25,P010,West,W04,241,21,15,247,0
2026-01-26,P010,West,W04,247,19,20,246,0
2026-01-27,P010,West,W04,246,10,20,236,0
2026-01-28,P010,West,W04,236,19,16,239,0
2026-01-29,P010,West,W04,239,9,18,230,0
2026-01-30,P010,West,W04,230,11,24,217,0
2026-01-31,P010,West,W04,217,19,26,210,0
2026-02-01,P010,West,W04,210,16,20,206,0
2026-02-02,P010,West,W04,206,18,17,207,0
2026-02-03,P010,West,W04,207,15,23,199,0
2026-02-04,P010,West,W04,199,20,25,194,0
2026-02-05,P010,West,W04,194,15,15,194,0
2026-02-06,P010,West,W04,194,15,24,185,0
2026-02-07,P010,West,W04,185,18,15,188,0
2026-02-08,P010,West,W04,188,12,10,190,0
2026-02-09,P010,West,W04,190,20,16,194,0
2026-02-10,P010,West,W04,194,26,22,198,0
2026-02-11,P010,West,W04,198,13,26,185,0
2026-02-12,P010,West,W04,185,15,18,182,0
2026-02-13,P010,West,W04,182,15,16,181,0
2026-02-14,P010,West,W04,181,16,20,177,0
2026-02-15,P010,West,W04,177,13,24,166,0
2026-02-16,P010,West,W04,166,15,21,160,0
2026-02-17,P010,West,W04,160,11,19,152,0
2026-02-18,P010,West,W04,152,14,16,150,0
2026-02-19,P010,West,W04,150,12,12,150,0
2026-02-20,P010,West,W04,150,6,18,138,0
2026-02-21,P010,West,W04,138,0,17,121,0
2026-02-22,P010,West,W04,121,3,16,108,0
2026-02-23,P010,West,W04,108,0,17,91,0
2026-02-24,P010,West,W04,91,2,24,69,0
2026-02-25,P010,West,W04,69,1,16,54,0
2026-02-26,P010,West,W04,54,4,18,40,0
2026-02-27,P010,West,W04,40,3,17,26,0
2026-02-28,P010,West,W04,26,3,12,17,0
2026-03-01,P010,West,W04,17,15,25,7,0
2026-03-02,P010,West,W04,7,15,22,0,10
2026-03-03,P010,West,W04,0,14,14,0,6
2026-03-04,P010,West,W04,0,18,18,0,0
2026-03-05,P010,West,W04,0,16,16,0,12
2026-03-06,P010,West,W04,0,13,13,0,9
2026-03-07,P010,West,W04,0,24,15,9,0
2026-03-08,P010,West,W04,9,19,20,8,0
2026-03-09,P010,West,W04,8,18,16,10,0
2026-03-10,P010,West,W04,10,17,19,8,0
2026-03-11,P010,West,W04,8,14,19,3,0
2026-03-12,P010,West,W04,3,16,19,0,0
2026-03-13,P010,West,W04,0,19,18,1,0
2026-03-14,P010,West,W04,1,12,13,0,8
2026-03-15,P010,West,W04,0,16,16,0,14
2026-03-16,P010,West,W04,0,19,14,5,0
2026-03-17,P010,West,W04,5,23,20,8,0
2026-03-18,P010,West,W04,8,17,14,11,0
2026-03-19,P010,West,W04,11,17,14,14,0
2026-03-20,P010,West,W04,14,15,29,0,9
2026-03-21,P010,West,W04,0,16,16,0,14
2026-03-22,P010,West,W04,0,13,13,0,7
2026-03-23,P010,West,W04,0,19,18,1,0
2026-03-24,P010,West,W04,1,13,14,0,14
2026-03-25,P010,West,W04,0,20,19,1,0
2026-03-26,P010,West,W04,1,17,17,1,0
2026-03-27,P010,West,W04,1,11,12,0,14
2026-03-28,P010,West,W04,0,14,14,0,13
2026-03-29,P010,West,W04,0,16,16,0,8
2026-03-30,P010,West,W04,0,13,10,3,0
2026-03-31,P010,West,W04,3,17,20,0,11
2026-04-01,P010,West,W04,0,9,9,0,10
2026-04-02,P010,West,W04,0,14,14,0,11
2026-04-03,P010,West,W04,0,20,17,3,0
2026-04-04,P010,West,W04,3,16,17,2,0
2026-04-05,P010,West,W04,2,16,18,0,9
2026-04-06,P010,West,W04,0,11,11,0,4
2026-04-07,P010,West,W04,0,15,15,0,6
2026-04-08,P010,West,W04,0,15,13,2,0
2026-04-09,P010,West,W04,2,16,17,1,0
2026-04-10,P010,West,W04,1,10,11,0,9
2026-04-11,P010,West,W04,0,19,19,0,13
2026-04-12,P010,West,W04,0,23,14,9,0
2026-04-13,P010,West,W04,9,10,11,8,0
2026-04-14,P010,West,W04,8,11,19,0,9
2026-04-15,P010,West,W04,0,7,7,0,13
2026-04-16,P010,West,W04,0,13,13,0,13
2026-04-17,P010,West,W04,0,12,12,0,5
2026-04-18,P010,West,W04,0,17,17,0,13
2026-04-19,P010,West,W04,0,18,18,0,8
2026-04-20,P010,West,W04,0,20,20,0,10
2026-04-21,P010,West,W04,0,19,16,3,0
2026-04-22,P010,West,W04,3,22,21,4,0
2026-04-23,P010,West,W04,4,21,25,0,0
2026-04-24,P010,West,W04,0,16,16,0,9
2026-04-25,P010,West,W04,0,14,14,0,12
2026-04-26,P010,West,W04,0,20,17,3,0
2026-04-27,P010,West,W04,3,13,16,0,0
2026-04-28,P010,West,W04,0,17,17,0,0
2026-04-29,P010,West,W04,0,10,10,0,12
2026-04-30,P010,West,W04,0,19,17,2,0
2026-05-01,P010,West,W04,2,20,22,0,15
2026-05-02,P010,West,W04,0,11,11,0,7
2026-05-03,P010,West,W04,0,20,20,0,13
2026-05-04,P010,West,W04,0,10,10,0,8
2026-05-05,P010,West,W04,0,13,13,0,14
2026-05-06,P010,West,W04,0,18,18,0,6
2026-05-07,P010,West,W04,0,14,14,0,11
2026-05-08,P010,West,W04,0,12,12,0,13
2026-05-09,P010,West,W04,0,12,12,0,6
2026-05-10,P010,West,W04,0,16,16,0,5
2026-05-11,P010,West,W04,0,16,16,0,0
2026-05-12,P010,West,W04,0,23,21,2,0
2026-05-13,P010,West,W04,2,16,18,0,13
2026-05-14,P010,West,W04,0,16,16,0,15
2026-05-15,P010,West,W04,0,15,15,0,4
2026-05-16,P010,West,W04,0,16,16,0,0
2026-05-17,P010,West,W04,0,16,15,1,0
2026-05-18,P010,West,W04,1,13,14,0,8
2026-05-19,P010,West,W04,0,10,10,0,14
2026-05-20,P010,West,W04,0,16,16,0,4
2026-05-21,P010,West,W04,0,22,22,0,9
2026-05-22,P010,West,W04,0,14,14,0,9
2026-05-23,P010,West,W04,0,23,22,1,0
2026-05-24,P010,West,W04,1,12,13,0,5
2026-05-25,P010,West,W04,0,8,8,0,15
2026-05-26,P010,West,W04,0,16,16,0,15
2026-05-27,P010,West,W04,0,16,16,0,10
2026-05-28,P010,West,W04,0,15,15,0,11
2026-05-29,P010,West,W04,0,19,13,6,0
2026-05-30,P010,West,W04,6,10,16,0,11
2026-05-31,P010,West,W04,0,18,18,0,4
2026-06-01,P010,West,W04,0,17,17,0,6
2026-06-02,P010,West,W04,0,15,11,4,0
2026-06-03,P010,West,W04,4,10,14,0,7
2026-06-04,P010,West,W04,0,13,13,0,11
2026-06-05,P010,West,W04,0,17,17,0,15
2026-06-06,P010,West,W04,0,17,17,0,6
2026-06-07,P010,West,W04,0,14,14,0,14
2026-06-08,P010,West,W04,0,17,17,0,15
2026-06-09,P010,West,W04,0,17,17,0,13
2026-06-10,P010,West,W04,0,13,13,0,8
2026-06-11,P010,West,W04,0,12,12,0,12
2026-06-12,P010,West,W04,0,14,14,0,10
2026-06-13,P010,West,W04,0,8,8,0,13
2026-06-14,P010,West,W04,0,20,17,3,0
2026-06-15,P010,West,W04,3,19,22,0,15
2026-06-16,P010,West,W04,0,13,13,0,11
2026-06-17,P010,West,W04,0,11,11,0,14
2026-06-18,P010,West,W04,0,18,18,0,15
2026-06-19,P010,West,W04,0,13,13,0,7
2026-06-20,P010,West,W04,0,23,23,0,6
2026-06-21,P010,West,W04,0,9,9,0,14
2026-06-22,P010,West,W04,0,17,15,2,0
2026-06-23,P010,West,W04,2,13,15,0,13
2026-06-24,P010,West,W04,0,18,18,0,10
2026-06-25,P010,West,W04,0,19,19,0,0
2026-06-26,P010,West,W04,0,15,15,0,14
2026-06-27,P010,West,W04,0,18,18,0,11
2026-06-28,P010,West,W04,0,13,13,0,10
2026-06-29,P010,West,W04,0,22,22,0,5
2026-06-30,P010,West,W04,0,17,17,0,4
2026-01-01,P011,North,W01,369,15,23,361,0
2026-01-02,P011,North,W01,361,14,21,354,0
2026-01-03,P011,North,W01,354,12,16,350,0
2026-01-04,P011,North,W01,350,14,25,339,0
2026-01-05,P011,North,W01,339,17,15,341,0
2026-01-06,P011,North,W01,341,14,15,340,0
2026-01-07,P011,North,W01,340,15,27,328,0
2026-01-08,P011,North,W01,328,15,21,322,0
2026-01-09,P011,North,W01,322,20,18,324,0
2026-01-10,P011,North,W01,324,13,20,317,0
2026-01-11,P011,North,W01,317,20,25,312,0
2026-01-12,P011,North,W01,312,19,21,310,0
2026-01-13,P011,North,W01,310,13,15,308,0
2026-01-14,P011,North,W01,308,17,15,310,0
2026-01-15,P011,North,W01,310,12,14,308,0
2026-01-16,P011,North,W01,308,16,21,303,0
2026-01-17,P011,North,W01,303,11,19,295,0
2026-01-18,P011,North,W01,295,9,22,282,0
2026-01-19,P011,North,W01,282,11,17,276,0
2026-01-20,P011,North,W01,276,14,21,269,0
2026-01-21,P011,North,W01,269,19,22,266,0
2026-01-22,P011,North,W01,266,14,19,261,0
2026-01-23,P011,North,W01,261,18,18,261,0
2026-01-24,P011,North,W01,261,7,17,251,0
2026-01-25,P011,North,W01,251,24,20,255,0
2026-01-26,P011,North,W01,255,22,17,260,0
2026-01-27,P011,North,W01,260,9,19,250,0
2026-01-28,P011,North,W01,250,12,18,244,0
2026-01-29,P011,North,W01,244,8,19,233,0
2026-01-30,P011,North,W01,233,8,20,221,0
2026-01-31,P011,North,W01,221,17,13,225,0
2026-02-01,P011,North,W01,225,14,23,216,0
2026-02-02,P011,North,W01,216,13,14,215,0
2026-02-03,P011,North,W01,215,14,27,202,0
2026-02-04,P011,North,W01,202,9,14,197,0
2026-02-05,P011,North,W01,197,16,12,201,0
2026-02-06,P011,North,W01,201,10,13,198,0
2026-02-07,P011,North,W01,198,17,19,196,0
2026-02-08,P011,North,W01,196,14,18,192,0
2026-02-09,P011,North,W01,192,17,13,196,0
2026-02-10,P011,North,W01,196,17,11,202,0
2026-02-11,P011,North,W01,202,17,22,197,0
2026-02-12,P011,North,W01,197,17,20,194,0
2026-02-13,P011,North,W01,194,12,17,189,0
2026-02-14,P011,North,W01,189,19,17,191,0
2026-02-15,P011,North,W01,191,15,19,187,0
2026-02-16,P011,North,W01,187,17,17,187,0
2026-02-17,P011,North,W01,187,16,16,187,0
2026-02-18,P011,North,W01,187,12,19,180,0
2026-02-19,P011,North,W01,180,25,13,192,0
2026-02-20,P011,North,W01,192,6,24,174,0
2026-02-21,P011,North,W01,174,1,14,161,0
2026-02-22,P011,North,W01,161,2,24,139,0
2026-02-23,P011,North,W01,139,1,24,116,0
2026-02-24,P011,North,W01,116,2,20,98,0
2026-02-25,P011,North,W01,98,5,18,85,0
2026-02-26,P011,North,W01,85,3,15,73,0
2026-02-27,P011,North,W01,73,0,13,60,0
2026-02-28,P011,North,W01,60,3,19,44,0
2026-03-01,P011,North,W01,44,14,18,40,0
2026-03-02,P011,North,W01,40,15,18,37,0
2026-03-03,P011,North,W01,37,16,12,41,0
2026-03-04,P011,North,W01,41,14,18,37,0
2026-03-05,P011,North,W01,37,12,24,25,0
2026-03-06,P011,North,W01,25,12,19,18,0
2026-03-07,P011,North,W01,18,13,20,11,0
2026-03-08,P011,North,W01,11,12,20,3,0
2026-03-09,P011,North,W01,3,24,19,8,0
2026-03-10,P011,North,W01,8,22,22,8,0
2026-03-11,P011,North,W01,8,11,19,0,0
2026-03-12,P011,North,W01,0,15,15,0,15
2026-03-13,P011,North,W01,0,11,11,0,4
2026-03-14,P011,North,W01,0,12,12,0,8
2026-03-15,P011,North,W01,0,15,15,0,12
2026-03-16,P011,North,W01,0,14,14,0,6
2026-03-17,P011,North,W01,0,16,16,0,9
2026-03-18,P011,North,W01,0,20,20,0,5
2026-03-19,P011,North,W01,0,14,14,0,14
2026-03-20,P011,North,W01,0,15,13,2,0
2026-03-21,P011,North,W01,2,21,20,3,0
2026-03-22,P011,North,W01,3,21,18,6,0
2026-03-23,P011,North,W01,6,14,17,3,0
2026-03-24,P011,North,W01,3,15,18,0,7
2026-03-25,P011,North,W01,0,10,10,0,6
2026-03-26,P011,North,W01,0,6,6,0,14
2026-03-27,P011,North,W01,0,15,15,0,15
2026-03-28,P011,North,W01,0,11,11,0,12
2026-03-29,P011,North,W01,0,7,7,0,14
2026-03-30,P011,North,W01,0,14,14,0,8
2026-03-31,P011,North,W01,0,20,20,0,0
2026-04-01,P011,North,W01,0,13,13,0,11
2026-04-02,P011,North,W01,0,13,13,0,10
2026-04-03,P011,North,W01,0,8,8,0,8
2026-04-04,P011,North,W01,0,9,9,0,8
2026-04-05,P011,North,W01,0,13,13,0,10
2026-04-06,P011,North,W01,0,13,13,0,8
2026-04-07,P011,North,W01,0,18,18,0,0
2026-04-08,P011,North,W01,0,20,18,2,0
2026-04-09,P011,North,W01,2,13,15,0,0
2026-04-10,P011,North,W01,0,9,9,0,5
2026-04-11,P011,North,W01,0,12,12,0,13
2026-04-12,P011,North,W01,0,10,10,0,15
2026-04-13,P011,North,W01,0,22,22,0,8
2026-04-14,P011,North,W01,0,17,15,2,0
2026-04-15,P011,North,W01,2,10,12,0,15
2026-04-16,P011,North,W01,0,20,20,0,4
2026-04-17,P011,North,W01,0,16,13,3,0
2026-04-18,P011,North,W01,3,13,14,2,0
2026-04-19,P011,North,W01,2,15,14,3,0
2026-04-20,P011,North,W01,3,18,15,6,0
2026-04-21,P011,North,W01,6,17,20,3,0
2026-04-22,P011,North,W01,3,13,16,0,5
2026-04-23,P011,North,W01,0,15,15,0,11
2026-04-24,P011,North,W01,0,10,10,0,12
2026-04-25,P011,North,W01,0,14,14,0,8
2026-04-26,P011,North,W01,0,20,13,7,0
2026-04-27,P011,North,W01,7,19,12,14,0
2026-04-28,P011,North,W01,14,13,23,4,0
2026-04-29,P011,North,W01,4,15,19,0,7
2026-04-30,P011,North,W01,0,12,11,1,0
2026-05-01,P011,North,W01,1,17,13,5,0
2026-05-02,P011,North,W01,5,19,20,4,0
2026-05-03,P011,North,W01,4,17,21,0,9
2026-05-04,P011,North,W01,0,21,21,0,11
2026-05-05,P011,North,W01,0,16,16,0,14
2026-05-06,P011,North,W01,0,13,13,0,15
2026-05-07,P011,North,W01,0,11,11,0,13
2026-05-08,P011,North,W01,0,15,15,0,11
2026-05-09,P011,North,W01,0,9,9,0,12
2026-05-10,P011,North,W01,0,14,14,0,11
2026-05-11,P011,North,W01,0,11,11,0,13
2026-05-12,P011,North,W01,0,8,8,0,12
2026-05-13,P011,North,W01,0,17,17,0,15
2026-05-14,P011,North,W01,0,17,17,0,9
2026-05-15,P011,North,W01,0,13,13,0,4
2026-05-16,P011,North,W01,0,11,11,0,12
2026-05-17,P011,North,W01,0,16,16,0,13
2026-05-18,P011,North,W01,0,8,8,0,6
2026-05-19,P011,North,W01,0,10,10,0,5
2026-05-20,P011,North,W01,0,13,13,0,9
2026-05-21,P011,North,W01,0,20,18,2,0
2026-05-22,P011,North,W01,2,17,19,0,6
2026-05-23,P011,North,W01,0,18,17,1,0
2026-05-24,P011,North,W01,1,19,14,6,0
2026-05-25,P011,North,W01,6,13,13,6,0
2026-05-26,P011,North,W01,6,20,23,3,0
2026-05-27,P011,North,W01,3,12,15,0,15
2026-05-28,P011,North,W01,0,13,13,0,7
2026-05-29,P011,North,W01,0,17,10,7,0
2026-05-30,P011,North,W01,7,5,12,0,10
2026-05-31,P011,North,W01,0,18,18,0,7
2026-06-01,P011,North,W01,0,14,14,0,9
2026-06-02,P011,North,W01,0,12,12,0,8
2026-06-03,P011,North,W01,0,9,9,0,12
2026-06-04,P011,North,W01,0,18,18,0,14
2026-06-05,P011,North,W01,0,19,19,0,10
2026-06-06,P011,North,W01,0,15,15,0,7
2026-06-07,P011,North,W01,0,23,22,1,0
2026-06-08,P011,North,W01,1,18,17,2,0
2026-06-09,P011,North,W01,2,17,14,5,0
2026-06-10,P011,North,W01,5,18,23,0,0
2026-06-11,P011,North,W01,0,13,10,3,0
2026-06-12,P011,North,W01,3,20,21,2,0
2026-06-13,P011,North,W01,2,10,12,0,6
2026-06-14,P011,North,W01,0,15,15,0,10
2026-06-15,P011,North,W01,0,14,14,0,14
2026-06-16,P011,North,W01,0,11,11,0,15
2026-06-17,P011,North,W01,0,19,19,0,9
2026-06-18,P011,North,W01,0,18,15,3,0
2026-06-19,P011,North,W01,3,18,19,2,0
2026-06-20,P011,North,W01,2,14,16,0,7
2026-06-21,P011,North,W01,0,14,11,3,0
2026-06-22,P011,North,W01,3,16,19,0,10
2026-06-23,P011,North,W01,0,17,17,0,11
2026-06-24,P011,North,W01,0,18,18,0,5
2026-06-25,P011,North,W01,0,17,17,0,5
2026-06-26,P011,North,W01,0,18,18,0,9
2026-06-27,P011,North,W01,0,17,17,0,13
2026-06-28,P011,North,W01,0,23,23,0,10
2026-06-29,P011,North,W01,0,16,16,0,11
2026-06-30,P011,North,W01,0,15,15,0,14
2026-01-01,P011,South,W02,467,11,25,453,0
2026-01-02,P011,South,W02,453,10,22,441,0
2026-01-03,P011,South,W02,441,7,21,427,0
2026-01-04,P011,South,W02,427,11,11,427,0
2026-01-05,P011,South,W02,427,12,13,426,0
2026-01-06,P011,South,W02,426,15,17,424,0
2026-01-07,P011,South,W02,424,9,20,413,0
2026-01-08,P011,South,W02,413,11,19,405,0
2026-01-09,P011,South,W02,405,15,23,397,0
2026-01-10,P011,South,W02,397,15,20,392,0
2026-01-11,P011,South,W02,392,8,14,386,0
2026-01-12,P011,South,W02,386,8,18,376,0
2026-01-13,P011,South,W02,376,12,25,363,0
2026-01-14,P011,South,W02,363,14,12,365,0
2026-01-15,P011,South,W02,365,22,15,372,0
2026-01-16,P011,South,W02,372,13,19,366,0
2026-01-17,P011,South,W02,366,13,17,362,0
2026-01-18,P011,South,W02,362,11,16,357,0
2026-01-19,P011,South,W02,357,16,20,353,0
2026-01-20,P011,South,W02,353,17,14,356,0
2026-01-21,P011,South,W02,356,20,22,354,0
2026-01-22,P011,South,W02,354,19,16,357,0
2026-01-23,P011,South,W02,357,19,24,352,0
2026-01-24,P011,South,W02,352,13,16,349,0
2026-01-25,P011,South,W02,349,10,16,343,0
2026-01-26,P011,South,W02,343,14,13,344,0
2026-01-27,P011,South,W02,344,16,22,338,0
2026-01-28,P011,South,W02,338,21,14,345,0
2026-01-29,P011,South,W02,345,13,21,337,0
2026-01-30,P011,South,W02,337,13,19,331,0
2026-01-31,P011,South,W02,331,17,10,338,0
2026-02-01,P011,South,W02,338,6,18,326,0
2026-02-02,P011,South,W02,326,12,17,321,0
2026-02-03,P011,South,W02,321,8,18,311,0
2026-02-04,P011,South,W02,311,16,14,313,0
2026-02-05,P011,South,W02,313,7,17,303,0
2026-02-06,P011,South,W02,303,17,15,305,0
2026-02-07,P011,South,W02,305,10,17,298,0
2026-02-08,P011,South,W02,298,22,21,299,0
2026-02-09,P011,South,W02,299,18,16,301,0
2026-02-10,P011,South,W02,301,14,16,299,0
2026-02-11,P011,South,W02,299,11,20,290,0
2026-02-12,P011,South,W02,290,13,23,280,0
2026-02-13,P011,South,W02,280,23,16,287,0
2026-02-14,P011,South,W02,287,14,11,290,0
2026-02-15,P011,South,W02,290,12,21,281,0
2026-02-16,P011,South,W02,281,16,17,280,0
2026-02-17,P011,South,W02,280,9,11,278,0
2026-02-18,P011,South,W02,278,17,19,276,0
2026-02-19,P011,South,W02,276,18,23,271,0
2026-02-20,P011,South,W02,271,2,11,262,0
2026-02-21,P011,South,W02,262,1,10,253,0
2026-02-22,P011,South,W02,253,4,16,241,0
2026-02-23,P011,South,W02,241,2,18,225,0
2026-02-24,P011,South,W02,225,4,11,218,0
2026-02-25,P011,South,W02,218,4,23,199,0
2026-02-26,P011,South,W02,199,2,20,181,0
2026-02-27,P011,South,W02,181,2,10,173,0
2026-02-28,P011,South,W02,173,2,14,161,0
2026-03-01,P011,South,W02,161,15,15,161,0
2026-03-02,P011,South,W02,161,16,15,162,0
2026-03-03,P011,South,W02,162,13,17,158,0
2026-03-04,P011,South,W02,158,17,24,151,0
2026-03-05,P011,South,W02,151,14,17,148,0
2026-03-06,P011,South,W02,148,20,20,148,0
2026-03-07,P011,South,W02,148,13,20,141,0
2026-03-08,P011,South,W02,141,10,17,134,0
2026-03-09,P011,South,W02,134,17,23,128,0
2026-03-10,P011,South,W02,128,17,20,125,0
2026-03-11,P011,South,W02,125,11,25,111,0
2026-03-12,P011,South,W02,111,10,21,100,0
2026-03-13,P011,South,W02,100,20,18,102,0
2026-03-14,P011,South,W02,102,10,25,87,0
2026-03-15,P011,South,W02,87,8,17,78,0
2026-03-16,P011,South,W02,78,11,22,67,0
2026-03-17,P011,South,W02,67,19,19,67,0
2026-03-18,P011,South,W02,67,19,13,73,0
2026-03-19,P011,South,W02,73,8,12,69,0
2026-03-20,P011,South,W02,69,17,18,68,0
2026-03-21,P011,South,W02,68,12,15,65,0
2026-03-22,P011,South,W02,65,17,21,61,0
2026-03-23,P011,South,W02,61,14,16,59,0
2026-03-24,P011,South,W02,59,13,14,58,0
2026-03-25,P011,South,W02,58,19,23,54,0
2026-03-26,P011,South,W02,54,16,24,46,0
2026-03-27,P011,South,W02,46,11,19,38,0
2026-03-28,P011,South,W02,38,15,19,34,0
2026-03-29,P011,South,W02,34,18,17,35,0
2026-03-30,P011,South,W02,35,13,19,29,0
2026-03-31,P011,South,W02,29,15,10,34,0
2026-04-01,P011,South,W02,34,22,15,41,0
2026-04-02,P011,South,W02,41,13,16,38,0
2026-04-03,P011,South,W02,38,14,19,33,0
2026-04-04,P011,South,W02,33,14,20,27,0
2026-04-05,P011,South,W02,27,18,20,25,0
2026-04-06,P011,South,W02,25,17,15,27,0
2026-04-07,P011,South,W02,27,11,16,22,0
2026-04-08,P011,South,W02,22,17,22,17,0
2026-04-09,P011,South,W02,17,13,9,21,0
2026-04-10,P011,South,W02,21,18,16,23,0
2026-04-11,P011,South,W02,23,12,16,19,0
2026-04-12,P011,South,W02,19,14,18,15,0
2026-04-13,P011,South,W02,15,8,14,9,0
2026-04-14,P011,South,W02,9,15,24,0,15
2026-04-15,P011,South,W02,0,15,15,0,0
2026-04-16,P011,South,W02,0,12,12,0,12
2026-04-17,P011,South,W02,0,15,15,0,9
2026-04-18,P011,South,W02,0,16,11,5,0
2026-04-19,P011,South,W02,5,18,14,9,0
2026-04-20,P011,South,W02,9,12,17,4,0
2026-04-21,P011,South,W02,4,17,9,12,0
2026-04-22,P011,South,W02,12,6,18,0,14
2026-04-23,P011,South,W02,0,17,17,0,4
2026-04-24,P011,South,W02,0,19,9,10,0
2026-04-25,P011,South,W02,10,19,18,11,0
2026-04-26,P011,South,W02,11,19,20,10,0
2026-04-27,P011,South,W02,10,15,18,7,0
2026-04-28,P011,South,W02,7,26,25,8,0
2026-04-29,P011,South,W02,8,12,13,7,0
2026-04-30,P011,South,W02,7,13,20,0,14
2026-05-01,P011,South,W02,0,21,21,0,14
2026-05-02,P011,South,W02,0,12,12,0,10
2026-05-03,P011,South,W02,0,15,15,0,14
2026-05-04,P011,South,W02,0,22,21,1,0
2026-05-05,P011,South,W02,1,11,12,0,12
2026-05-06,P011,South,W02,0,15,15,0,4
2026-05-07,P011,South,W02,0,16,16,0,4
2026-05-08,P011,South,W02,0,17,17,0,12
2026-05-09,P011,South,W02,0,16,13,3,0
2026-05-10,P011,South,W02,3,13,16,0,15
2026-05-11,P011,South,W02,0,21,21,0,4
2026-05-12,P011,South,W02,0,13,13,0,15
2026-05-13,P011,South,W02,0,17,17,0,5
2026-05-14,P011,South,W02,0,8,8,0,15
2026-05-15,P011,South,W02,0,18,18,0,6
2026-05-16,P011,South,W02,0,9,9,0,14
2026-05-17,P011,South,W02,0,18,18,0,15
2026-05-18,P011,South,W02,0,22,22,0,7
2026-05-19,P011,South,W02,0,14,14,0,7
2026-05-20,P011,South,W02,0,11,11,0,5
2026-05-21,P011,South,W02,0,19,19,0,12
2026-05-22,P011,South,W02,0,14,14,0,9
2026-05-23,P011,South,W02,0,17,17,0,0
2026-05-24,P011,South,W02,0,20,20,0,0
2026-05-25,P011,South,W02,0,9,9,0,9
2026-05-26,P011,South,W02,0,16,16,0,0
2026-05-27,P011,South,W02,0,11,11,0,8
2026-05-28,P011,South,W02,0,21,19,2,0
2026-05-29,P011,South,W02,2,8,10,0,6
2026-05-30,P011,South,W02,0,9,9,0,12
2026-05-31,P011,South,W02,0,20,17,3,0
2026-06-01,P011,South,W02,3,16,19,0,15
2026-06-02,P011,South,W02,0,19,19,0,5
2026-06-03,P011,South,W02,0,8,8,0,7
2026-06-04,P011,South,W02,0,10,10,0,10
2026-06-05,P011,South,W02,0,19,19,0,6
2026-06-06,P011,South,W02,0,14,14,0,4
2026-06-07,P011,South,W02,0,20,15,5,0
2026-06-08,P011,South,W02,5,17,16,6,0
2026-06-09,P011,South,W02,6,10,16,0,5
2026-06-10,P011,South,W02,0,22,21,1,0
2026-06-11,P011,South,W02,1,19,20,0,11
2026-06-12,P011,South,W02,0,7,7,0,12
2026-06-13,P011,South,W02,0,16,13,3,0
2026-06-14,P011,South,W02,3,17,20,0,10
2026-06-15,P011,South,W02,0,18,18,0,11
2026-06-16,P011,South,W02,0,11,11,0,9
2026-06-17,P011,South,W02,0,11,11,0,11
2026-06-18,P011,South,W02,0,7,7,0,11
2026-06-19,P011,South,W02,0,10,10,0,6
2026-06-20,P011,South,W02,0,10,10,0,13
2026-06-21,P011,South,W02,0,15,8,7,0
2026-06-22,P011,South,W02,7,17,19,5,0
2026-06-23,P011,South,W02,5,16,15,6,0
2026-06-24,P011,South,W02,6,16,22,0,15
2026-06-25,P011,South,W02,0,23,21,2,0
2026-06-26,P011,South,W02,2,16,18,0,13
2026-06-27,P011,South,W02,0,17,17,0,13
2026-06-28,P011,South,W02,0,15,15,0,7
2026-06-29,P011,South,W02,0,18,18,0,14
2026-06-30,P011,South,W02,0,11,11,0,6
2026-01-01,P011,East,W03,663,9,11,661,0
2026-01-02,P011,East,W03,661,13,21,653,0
2026-01-03,P011,East,W03,653,19,15,657,0
2026-01-04,P011,East,W03,657,14,17,654,0
2026-01-05,P011,East,W03,654,13,23,644,0
2026-01-06,P011,East,W03,644,14,17,641,0
2026-01-07,P011,East,W03,641,11,14,638,0
2026-01-08,P011,East,W03,638,13,10,641,0
2026-01-09,P011,East,W03,641,13,16,638,0
2026-01-10,P011,East,W03,638,17,25,630,0
2026-01-11,P011,East,W03,630,13,14,629,0
2026-01-12,P011,East,W03,629,15,12,632,0
2026-01-13,P011,East,W03,632,18,16,634,0
2026-01-14,P011,East,W03,634,19,18,635,0
2026-01-15,P011,East,W03,635,12,27,620,0
2026-01-16,P011,East,W03,620,16,16,620,0
2026-01-17,P011,East,W03,620,12,18,614,0
2026-01-18,P011,East,W03,614,14,15,613,0
2026-01-19,P011,East,W03,613,16,25,604,0
2026-01-20,P011,East,W03,604,13,16,601,0
2026-01-21,P011,East,W03,601,11,12,600,0
2026-01-22,P011,East,W03,600,15,16,599,0
2026-01-23,P011,East,W03,599,14,20,593,0
2026-01-24,P011,East,W03,593,13,23,583,0
2026-01-25,P011,East,W03,583,13,16,580,0
2026-01-26,P011,East,W03,580,17,12,585,0
2026-01-27,P011,East,W03,585,10,16,579,0
2026-01-28,P011,East,W03,579,21,18,582,0
2026-01-29,P011,East,W03,582,13,27,568,0
2026-01-30,P011,East,W03,568,15,22,561,0
2026-01-31,P011,East,W03,561,10,15,556,0
2026-02-01,P011,East,W03,556,19,13,562,0
2026-02-02,P011,East,W03,562,17,22,557,0
2026-02-03,P011,East,W03,557,18,17,558,0
2026-02-04,P011,East,W03,558,17,23,552,0
2026-02-05,P011,East,W03,552,19,18,553,0
2026-02-06,P011,East,W03,553,11,16,548,0
2026-02-07,P011,East,W03,548,21,17,552,0
2026-02-08,P011,East,W03,552,15,17,550,0
2026-02-09,P011,East,W03,550,17,17,550,0
2026-02-10,P011,East,W03,550,15,18,547,0
2026-02-11,P011,East,W03,547,9,26,530,0
2026-02-12,P011,East,W03,530,13,12,531,0
2026-02-13,P011,East,W03,531,12,18,525,0
2026-02-14,P011,East,W03,525,20,17,528,0
2026-02-15,P011,East,W03,528,8,18,518,0
2026-02-16,P011,East,W03,518,22,15,525,0
2026-02-17,P011,East,W03,525,15,24,516,0
2026-02-18,P011,East,W03,516,17,20,513,0
2026-02-19,P011,East,W03,513,17,10,520,0
2026-02-20,P011,East,W03,520,3,14,509,0
2026-02-21,P011,East,W03,509,4,16,497,0
2026-02-22,P011,East,W03,497,1,22,476,0
2026-02-23,P011,East,W03,476,5,12,469,0
2026-02-24,P011,East,W03,469,5,13,461,0
2026-02-25,P011,East,W03,461,2,19,444,0
2026-02-26,P011,East,W03,444,3,19,428,0
2026-02-27,P011,East,W03,428,5,16,417,0
2026-02-28,P011,East,W03,417,7,12,412,0
2026-03-01,P011,East,W03,412,17,25,404,0
2026-03-02,P011,East,W03,404,14,12,406,0
2026-03-03,P011,East,W03,406,15,22,399,0
2026-03-04,P011,East,W03,399,12,17,394,0
2026-03-05,P011,East,W03,394,15,9,400,0
2026-03-06,P011,East,W03,400,22,18,404,0
2026-03-07,P011,East,W03,404,12,13,403,0
2026-03-08,P011,East,W03,403,10,18,395,0
2026-03-09,P011,East,W03,395,15,23,387,0
2026-03-10,P011,East,W03,387,12,21,378,0
2026-03-11,P011,East,W03,378,15,27,366,0
2026-03-12,P011,East,W03,366,14,24,356,0
2026-03-13,P011,East,W03,356,16,21,351,0
2026-03-14,P011,East,W03,351,16,21,346,0
2026-03-15,P011,East,W03,346,14,20,340,0
2026-03-16,P011,East,W03,340,17,20,337,0
2026-03-17,P011,East,W03,337,14,16,335,0
2026-03-18,P011,East,W03,335,20,14,341,0
2026-03-19,P011,East,W03,341,7,17,331,0
2026-03-20,P011,East,W03,331,15,16,330,0
2026-03-21,P011,East,W03,330,15,27,318,0
2026-03-22,P011,East,W03,318,15,20,313,0
2026-03-23,P011,East,W03,313,18,18,313,0
2026-03-24,P011,East,W03,313,21,23,311,0
2026-03-25,P011,East,W03,311,17,22,306,0
2026-03-26,P011,East,W03,306,18,18,306,0
2026-03-27,P011,East,W03,306,19,22,303,0
2026-03-28,P011,East,W03,303,17,19,301,0
2026-03-29,P011,East,W03,301,15,24,292,0
2026-03-30,P011,East,W03,292,17,18,291,0
2026-03-31,P011,East,W03,291,12,23,280,0
2026-04-01,P011,East,W03,280,19,13,286,0
2026-04-02,P011,East,W03,286,15,14,287,0
2026-04-03,P011,East,W03,287,14,16,285,0
2026-04-04,P011,East,W03,285,16,17,284,0
2026-04-05,P011,East,W03,284,22,23,283,0
2026-04-06,P011,East,W03,283,19,12,290,0
2026-04-07,P011,East,W03,290,18,13,295,0
2026-04-08,P011,East,W03,295,6,20,281,0
2026-04-09,P011,East,W03,281,17,26,272,0
2026-04-10,P011,East,W03,272,16,15,273,0
2026-04-11,P011,East,W03,273,12,16,269,0
2026-04-12,P011,East,W03,269,12,16,265,0
2026-04-13,P011,East,W03,265,11,20,256,0
2026-04-14,P011,East,W03,256,12,23,245,0
2026-04-15,P011,East,W03,245,24,15,254,0
2026-04-16,P011,East,W03,254,15,18,251,0
2026-04-17,P011,East,W03,251,11,15,247,0
2026-04-18,P011,East,W03,247,16,23,240,0
2026-04-19,P011,East,W03,240,13,20,233,0
2026-04-20,P011,East,W03,233,15,14,234,0
2026-04-21,P011,East,W03,234,12,17,229,0
2026-04-22,P011,East,W03,229,13,9,233,0
2026-04-23,P011,East,W03,233,14,22,225,0
2026-04-24,P011,East,W03,225,13,20,218,0
2026-04-25,P011,East,W03,218,14,18,214,0
2026-04-26,P011,East,W03,214,14,25,203,0
2026-04-27,P011,East,W03,203,11,21,193,0
2026-04-28,P011,East,W03,193,17,21,189,0
2026-04-29,P011,East,W03,189,20,16,193,0
2026-04-30,P011,East,W03,193,12,18,187,0
2026-05-01,P011,East,W03,187,16,21,182,0
2026-05-02,P011,East,W03,182,20,16,186,0
2026-05-03,P011,East,W03,186,16,18,184,0
2026-05-04,P011,East,W03,184,11,24,171,0
2026-05-05,P011,East,W03,171,16,21,166,0
2026-05-06,P011,East,W03,166,13,25,154,0
2026-05-07,P011,East,W03,154,17,21,150,0
2026-05-08,P011,East,W03,150,18,21,147,0
2026-05-09,P011,East,W03,147,7,22,132,0
2026-05-10,P011,East,W03,132,16,12,136,0
2026-05-11,P011,East,W03,136,18,20,134,0
2026-05-12,P011,East,W03,134,11,22,123,0
2026-05-13,P011,East,W03,123,13,24,112,0
2026-05-14,P011,East,W03,112,16,21,107,0
2026-05-15,P011,East,W03,107,16,22,101,0
2026-05-16,P011,East,W03,101,13,12,102,0
2026-05-17,P011,East,W03,102,12,20,94,0
2026-05-18,P011,East,W03,94,14,15,93,0
2026-05-19,P011,East,W03,93,13,14,92,0
2026-05-20,P011,East,W03,92,16,13,95,0
2026-05-21,P011,East,W03,95,19,18,96,0
2026-05-22,P011,East,W03,96,16,18,94,0
2026-05-23,P011,East,W03,94,7,25,76,0
2026-05-24,P011,East,W03,76,19,26,69,0
2026-05-25,P011,East,W03,69,15,24,60,0
2026-05-26,P011,East,W03,60,21,15,66,0
2026-05-27,P011,East,W03,66,14,23,57,0
2026-05-28,P011,East,W03,57,14,23,48,0
2026-05-29,P011,East,W03,48,12,22,38,0
2026-05-30,P011,East,W03,38,15,15,38,0
2026-05-31,P011,East,W03,38,20,19,39,0
2026-06-01,P011,East,W03,39,22,20,41,0
2026-06-02,P011,East,W03,41,16,17,40,0
2026-06-03,P011,East,W03,40,11,27,24,0
2026-06-04,P011,East,W03,24,19,26,17,0
2026-06-05,P011,East,W03,17,15,25,7,0
2026-06-06,P011,East,W03,7,13,16,4,0
2026-06-07,P011,East,W03,4,22,23,3,0
2026-06-08,P011,East,W03,3,16,19,0,0
2026-06-09,P011,East,W03,0,17,17,0,10
2026-06-10,P011,East,W03,0,20,18,2,0
2026-06-11,P011,East,W03,2,11,13,0,8
2026-06-12,P011,East,W03,0,15,12,3,0
2026-06-13,P011,East,W03,3,21,20,4,0
2026-06-14,P011,East,W03,4,12,16,0,4
2026-06-15,P011,East,W03,0,14,11,3,0
2026-06-16,P011,East,W03,3,21,16,8,0
2026-06-17,P011,East,W03,8,14,22,0,11
2026-06-18,P011,East,W03,0,17,17,0,4
2026-06-19,P011,East,W03,0,14,14,0,7
2026-06-20,P011,East,W03,0,14,14,0,8
2026-06-21,P011,East,W03,0,14,14,0,15
2026-06-22,P011,East,W03,0,6,6,0,8
2026-06-23,P011,East,W03,0,18,18,0,11
2026-06-24,P011,East,W03,0,16,16,0,15
2026-06-25,P011,East,W03,0,15,15,0,9
2026-06-26,P011,East,W03,0,19,19,0,0
2026-06-27,P011,East,W03,0,17,15,2,0
2026-06-28,P011,East,W03,2,18,20,0,0
2026-06-29,P011,East,W03,0,19,19,0,13
2026-06-30,P011,East,W03,0,13,13,0,8
2026-01-01,P011,West,W04,646,9,19,636,0
2026-01-02,P011,West,W04,636,11,24,623,0
2026-01-03,P011,West,W04,623,18,18,623,0
2026-01-04,P011,West,W04,623,19,17,625,0
2026-01-05,P011,West,W04,625,18,17,626,0
2026-01-06,P011,West,W04,626,13,14,625,0
2026-01-07,P011,West,W04,625,18,22,621,0
2026-01-08,P011,West,W04,621,10,25,606,0
2026-01-09,P011,West,W04,606,12,20,598,0
2026-01-10,P011,West,W04,598,10,15,593,0
2026-01-11,P011,West,W04,593,11,17,587,0
2026-01-12,P011,West,W04,587,13,23,577,0
2026-01-13,P011,West,W04,577,14,14,577,0
2026-01-14,P011,West,W04,577,11,16,572,0
2026-01-15,P011,West,W04,572,14,22,564,0
2026-01-16,P011,West,W04,564,19,21,562,0
2026-01-17,P011,West,W04,562,13,19,556,0
2026-01-18,P011,West,W04,556,26,16,566,0
2026-01-19,P011,West,W04,566,12,14,564,0
2026-01-20,P011,West,W04,564,17,13,568,0
2026-01-21,P011,West,W04,568,21,11,578,0
2026-01-22,P011,West,W04,578,12,14,576,0
2026-01-23,P011,West,W04,576,13,21,568,0
2026-01-24,P011,West,W04,568,15,8,575,0
2026-01-25,P011,West,W04,575,10,17,568,0
2026-01-26,P011,West,W04,568,13,16,565,0
2026-01-27,P011,West,W04,565,17,22,560,0
2026-01-28,P011,West,W04,560,11,30,541,0
2026-01-29,P011,West,W04,541,18,31,528,0
2026-01-30,P011,West,W04,528,18,22,524,0
2026-01-31,P011,West,W04,524,11,16,519,0
2026-02-01,P011,West,W04,519,13,24,508,0
2026-02-02,P011,West,W04,508,21,21,508,0
2026-02-03,P011,West,W04,508,16,19,505,0
2026-02-04,P011,West,W04,505,12,23,494,0
2026-02-05,P011,West,W04,494,14,18,490,0
2026-02-06,P011,West,W04,490,15,22,483,0
2026-02-07,P011,West,W04,483,19,16,486,0
2026-02-08,P011,West,W04,486,13,16,483,0
2026-02-09,P011,West,W04,483,17,23,477,0
2026-02-10,P011,West,W04,477,20,26,471,0
2026-02-11,P011,West,W04,471,12,21,462,0
2026-02-12,P011,West,W04,462,14,19,457,0
2026-02-13,P011,West,W04,457,17,16,458,0
2026-02-14,P011,West,W04,458,9,18,449,0
2026-02-15,P011,West,W04,449,12,17,444,0
2026-02-16,P011,West,W04,444,16,15,445,0
2026-02-17,P011,West,W04,445,15,28,432,0
2026-02-18,P011,West,W04,432,19,20,431,0
2026-02-19,P011,West,W04,431,24,13,442,0
2026-02-20,P011,West,W04,442,2,17,427,0
2026-02-21,P011,West,W04,427,3,13,417,0
2026-02-22,P011,West,W04,417,4,19,402,0
2026-02-23,P011,West,W04,402,3,29,376,0
2026-02-24,P011,West,W04,376,4,17,363,0
2026-02-25,P011,West,W04,363,4,13,354,0
2026-02-26,P011,West,W04,354,6,28,332,0
2026-02-27,P011,West,W04,332,3,9,326,0
2026-02-28,P011,West,W04,326,5,14,317,0
2026-03-01,P011,West,W04,317,20,19,318,0
2026-03-02,P011,West,W04,318,14,17,315,0
2026-03-03,P011,West,W04,315,24,24,315,0
2026-03-04,P011,West,W04,315,11,18,308,0
2026-03-05,P011,West,W04,308,17,23,302,0
2026-03-06,P011,West,W04,302,22,22,302,0
2026-03-07,P011,West,W04,302,10,16,296,0
2026-03-08,P011,West,W04,296,21,21,296,0
2026-03-09,P011,West,W04,296,18,14,300,0
2026-03-10,P011,West,W04,300,12,16,296,0
2026-03-11,P011,West,W04,296,14,22,288,0
2026-03-12,P011,West,W04,288,23,15,296,0
2026-03-13,P011,West,W04,296,10,21,285,0
2026-03-14,P011,West,W04,285,19,21,283,0
2026-03-15,P011,West,W04,283,16,12,287,0
2026-03-16,P011,West,W04,287,13,22,278,0
2026-03-17,P011,West,W04,278,21,21,278,0
2026-03-18,P011,West,W04,278,18,21,275,0
2026-03-19,P011,West,W04,275,15,19,271,0
2026-03-20,P011,West,W04,271,8,26,253,0
2026-03-21,P011,West,W04,253,13,21,245,0
2026-03-22,P011,West,W04,245,13,22,236,0
2026-03-23,P011,West,W04,236,10,21,225,0
2026-03-24,P011,West,W04,225,18,12,231,0
2026-03-25,P011,West,W04,231,14,15,230,0
2026-03-26,P011,West,W04,230,10,21,219,0
2026-03-27,P011,West,W04,219,14,11,222,0
2026-03-28,P011,West,W04,222,13,22,213,0
2026-03-29,P011,West,W04,213,16,21,208,0
2026-03-30,P011,West,W04,208,12,19,201,0
2026-03-31,P011,West,W04,201,22,13,210,0
2026-04-01,P011,West,W04,210,12,15,207,0
2026-04-02,P011,West,W04,207,15,24,198,0
2026-04-03,P011,West,W04,198,16,13,201,0
2026-04-04,P011,West,W04,201,9,22,188,0
2026-04-05,P011,West,W04,188,24,16,196,0
2026-04-06,P011,West,W04,196,11,17,190,0
2026-04-07,P011,West,W04,190,16,21,185,0
2026-04-08,P011,West,W04,185,15,13,187,0
2026-04-09,P011,West,W04,187,13,22,178,0
2026-04-10,P011,West,W04,178,14,27,165,0
2026-04-11,P011,West,W04,165,17,20,162,0
2026-04-12,P011,West,W04,162,18,15,165,0
2026-04-13,P011,West,W04,165,9,15,159,0
2026-04-14,P011,West,W04,159,17,20,156,0
2026-04-15,P011,West,W04,156,12,27,141,0
2026-04-16,P011,West,W04,141,15,22,134,0
2026-04-17,P011,West,W04,134,15,19,130,0
2026-04-18,P011,West,W04,130,14,22,122,0
2026-04-19,P011,West,W04,122,19,11,130,0
2026-04-20,P011,West,W04,130,13,19,124,0
2026-04-21,P011,West,W04,124,18,10,132,0
2026-04-22,P011,West,W04,132,19,17,134,0
2026-04-23,P011,West,W04,134,13,16,131,0
2026-04-24,P011,West,W04,131,19,16,134,0
2026-04-25,P011,West,W04,134,21,11,144,0
2026-04-26,P011,West,W04,144,14,15,143,0
2026-04-27,P011,West,W04,143,16,17,142,0
2026-04-28,P011,West,W04,142,21,20,143,0
2026-04-29,P011,West,W04,143,8,13,138,0
2026-04-30,P011,West,W04,138,14,16,136,0
2026-05-01,P011,West,W04,136,14,24,126,0
2026-05-02,P011,West,W04,126,19,20,125,0
2026-05-03,P011,West,W04,125,12,22,115,0
2026-05-04,P011,West,W04,115,6,21,100,0
2026-05-05,P011,West,W04,100,21,23,98,0
2026-05-06,P011,West,W04,98,18,19,97,0
2026-05-07,P011,West,W04,97,21,18,100,0
2026-05-08,P011,West,W04,100,18,23,95,0
2026-05-09,P011,West,W04,95,16,24,87,0
2026-05-10,P011,West,W04,87,12,15,84,0
2026-05-11,P011,West,W04,84,23,24,83,0
2026-05-12,P011,West,W04,83,12,19,76,0
2026-05-13,P011,West,W04,76,11,11,76,0
2026-05-14,P011,West,W04,76,15,14,77,0
2026-05-15,P011,West,W04,77,8,15,70,0
2026-05-16,P011,West,W04,70,20,23,67,0
2026-05-17,P011,West,W04,67,21,17,71,0
2026-05-18,P011,West,W04,71,12,21,62,0
2026-05-19,P011,West,W04,62,11,21,52,0
2026-05-20,P011,West,W04,52,18,16,54,0
2026-05-21,P011,West,W04,54,15,11,58,0
2026-05-22,P011,West,W04,58,17,23,52,0
2026-05-23,P011,West,W04,52,20,21,51,0
2026-05-24,P011,West,W04,51,17,22,46,0
2026-05-25,P011,West,W04,46,18,11,53,0
2026-05-26,P011,West,W04,53,15,19,49,0
2026-05-27,P011,West,W04,49,14,21,42,0
2026-05-28,P011,West,W04,42,17,14,45,0
2026-05-29,P011,West,W04,45,10,18,37,0
2026-05-30,P011,West,W04,37,17,22,32,0
2026-05-31,P011,West,W04,32,16,13,35,0
2026-06-01,P011,West,W04,35,17,15,37,0
2026-06-02,P011,West,W04,37,13,25,25,0
2026-06-03,P011,West,W04,25,18,22,21,0
2026-06-04,P011,West,W04,21,12,24,9,0
2026-06-05,P011,West,W04,9,14,19,4,0
2026-06-06,P011,West,W04,4,13,17,0,5
2026-06-07,P011,West,W04,0,12,12,0,15
2026-06-08,P011,West,W04,0,8,8,0,10
2026-06-09,P011,West,W04,0,21,21,0,13
2026-06-10,P011,West,W04,0,14,14,0,9
2026-06-11,P011,West,W04,0,15,13,2,0
2026-06-12,P011,West,W04,2,15,17,0,10
2026-06-13,P011,West,W04,0,12,12,0,6
2026-06-14,P011,West,W04,0,18,17,1,0
2026-06-15,P011,West,W04,1,16,15,2,0
2026-06-16,P011,West,W04,2,27,21,8,0
2026-06-17,P011,West,W04,8,12,18,2,0
2026-06-18,P011,West,W04,2,14,16,0,11
2026-06-19,P011,West,W04,0,12,12,0,9
2026-06-20,P011,West,W04,0,12,12,0,13
2026-06-21,P011,West,W04,0,10,10,0,10
2026-06-22,P011,West,W04,0,18,16,2,0
2026-06-23,P011,West,W04,2,14,16,0,11
2026-06-24,P011,West,W04,0,11,11,0,6
2026-06-25,P011,West,W04,0,17,17,0,9
2026-06-26,P011,West,W04,0,8,8,0,5
2026-06-27,P011,West,W04,0,20,20,0,12
2026-06-28,P011,West,W04,0,7,7,0,9
2026-06-29,P011,West,W04,0,18,18,0,13
2026-06-30,P011,West,W04,0,18,16,2,0
2026-01-01,P012,North,W01,683,16,21,678,0
2026-01-02,P012,North,W01,678,16,16,678,0
2026-01-03,P012,North,W01,678,17,22,673,0
2026-01-04,P012,North,W01,673,20,10,683,0
2026-01-05,P012,North,W01,683,16,18,681,0
2026-01-06,P012,North,W01,681,13,23,671,0
2026-01-07,P012,North,W01,671,14,13,672,0
2026-01-08,P012,North,W01,672,19,32,659,0
2026-01-09,P012,North,W01,659,13,13,659,0
2026-01-10,P012,North,W01,659,15,12,662,0
2026-01-11,P012,North,W01,662,12,25,649,0
2026-01-12,P012,North,W01,649,9,22,636,0
2026-01-13,P012,North,W01,636,18,18,636,0
2026-01-14,P012,North,W01,636,18,18,636,0
2026-01-15,P012,North,W01,636,15,21,630,0
2026-01-16,P012,North,W01,630,14,14,630,0
2026-01-17,P012,North,W01,630,17,15,632,0
2026-01-18,P012,North,W01,632,26,19,639,0
2026-01-19,P012,North,W01,639,14,18,635,0
2026-01-20,P012,North,W01,635,12,24,623,0
2026-01-21,P012,North,W01,623,12,17,618,0
2026-01-22,P012,North,W01,618,23,19,622,0
2026-01-23,P012,North,W01,622,16,16,622,0
2026-01-24,P012,North,W01,622,12,16,618,0
2026-01-25,P012,North,W01,618,17,18,617,0
2026-01-26,P012,North,W01,617,19,11,625,0
2026-01-27,P012,North,W01,625,18,12,631,0
2026-01-28,P012,North,W01,631,13,22,622,0
2026-01-29,P012,North,W01,622,18,15,625,0
2026-01-30,P012,North,W01,625,16,22,619,0
2026-01-31,P012,North,W01,619,15,11,623,0
2026-02-01,P012,North,W01,623,13,15,621,0
2026-02-02,P012,North,W01,621,15,28,608,0
2026-02-03,P012,North,W01,608,13,23,598,0
2026-02-04,P012,North,W01,598,19,22,595,0
2026-02-05,P012,North,W01,595,16,18,593,0
2026-02-06,P012,North,W01,593,9,27,575,0
2026-02-07,P012,North,W01,575,15,11,579,0
2026-02-08,P012,North,W01,579,12,16,575,0
2026-02-09,P012,North,W01,575,13,18,570,0
2026-02-10,P012,North,W01,570,18,21,567,0
2026-02-11,P012,North,W01,567,20,19,568,0
2026-02-12,P012,North,W01,568,12,26,554,0
2026-02-13,P012,North,W01,554,16,23,547,0
2026-02-14,P012,North,W01,547,17,19,545,0
2026-02-15,P012,North,W01,545,16,24,537,0
2026-02-16,P012,North,W01,537,18,15,540,0
2026-02-17,P012,North,W01,540,15,25,530,0
2026-02-18,P012,North,W01,530,12,24,518,0
2026-02-19,P012,North,W01,518,13,20,511,0
2026-02-20,P012,North,W01,511,3,16,498,0
2026-02-21,P012,North,W01,498,4,22,480,0
2026-02-22,P012,North,W01,480,5,21,464,0
2026-02-23,P012,North,W01,464,3,13,454,0
2026-02-24,P012,North,W01,454,5,12,447,0
2026-02-25,P012,North,W01,447,7,19,435,0
2026-02-26,P012,North,W01,435,2,20,417,0
2026-02-27,P012,North,W01,417,2,19,400,0
2026-02-28,P012,North,W01,400,1,18,383,0
2026-03-01,P012,North,W01,383,14,19,378,0
2026-03-02,P012,North,W01,378,15,24,369,0
2026-03-03,P012,North,W01,369,9,19,359,0
2026-03-04,P012,North,W01,359,14,22,351,0
2026-03-05,P012,North,W01,351,14,20,345,0
2026-03-06,P012,North,W01,345,20,16,349,0
2026-03-07,P012,North,W01,349,19,18,350,0
2026-03-08,P012,North,W01,350,17,18,349,0
2026-03-09,P012,North,W01,349,14,24,339,0
2026-03-10,P012,North,W01,339,13,18,334,0
2026-03-11,P012,North,W01,334,13,19,328,0
2026-03-12,P012,North,W01,328,15,17,326,0
2026-03-13,P012,North,W01,326,23,13,336,0
2026-03-14,P012,North,W01,336,13,19,330,0
2026-03-15,P012,North,W01,330,9,18,321,0
2026-03-16,P012,North,W01,321,19,24,316,0
2026-03-17,P012,North,W01,316,11,22,305,0
2026-03-18,P012,North,W01,305,13,14,304,0
2026-03-19,P012,North,W01,304,13,18,299,0
2026-03-20,P012,North,W01,299,13,15,297,0
2026-03-21,P012,North,W01,297,15,22,290,0
2026-03-22,P012,North,W01,290,15,13,292,0
2026-03-23,P012,North,W01,292,13,16,289,0
2026-03-24,P012,North,W01,289,21,17,293,0
2026-03-25,P012,North,W01,293,13,20,286,0
2026-03-26,P012,North,W01,286,18,14,290,0
2026-03-27,P012,North,W01,290,19,22,287,0
2026-03-28,P012,North,W01,287,23,12,298,0
2026-03-29,P012,North,W01,298,14,18,294,0
2026-03-30,P012,North,W01,294,18,17,295,0
2026-03-31,P012,North,W01,295,14,19,290,0
2026-04-01,P012,North,W01,290,13,21,282,0
2026-04-02,P012,North,W01,282,14,24,272,0
2026-04-03,P012,North,W01,272,13,25,260,0
2026-04-04,P012,North,W01,260,25,18,267,0
2026-04-05,P012,North,W01,267,14,19,262,0
2026-04-06,P012,North,W01,262,18,15,265,0
2026-04-07,P012,North,W01,265,11,22,254,0
2026-04-08,P012,North,W01,254,11,21,244,0
2026-04-09,P012,North,W01,244,11,16,239,0
2026-04-10,P012,North,W01,239,16,21,234,0
2026-04-11,P012,North,W01,234,20,19,235,0
2026-04-12,P012,North,W01,235,13,19,229,0
2026-04-13,P012,North,W01,229,18,21,226,0
2026-04-14,P012,North,W01,226,13,16,223,0
2026-04-15,P012,North,W01,223,20,19,224,0
2026-04-16,P012,North,W01,224,14,16,222,0
2026-04-17,P012,North,W01,222,20,14,228,0
2026-04-18,P012,North,W01,228,22,22,228,0
2026-04-19,P012,North,W01,228,16,14,230,0
2026-04-20,P012,North,W01,230,15,19,226,0
2026-04-21,P012,North,W01,226,19,33,212,0
2026-04-22,P012,North,W01,212,13,19,206,0
2026-04-23,P012,North,W01,206,8,20,194,0
2026-04-24,P012,North,W01,194,8,22,180,0
2026-04-25,P012,North,W01,180,16,23,173,0
2026-04-26,P012,North,W01,173,11,25,159,0
2026-04-27,P012,North,W01,159,12,18,153,0
2026-04-28,P012,North,W01,153,18,20,151,0
2026-04-29,P012,North,W01,151,16,17,150,0
2026-04-30,P012,North,W01,150,17,8,159,0
2026-05-01,P012,North,W01,159,18,18,159,0
2026-05-02,P012,North,W01,159,14,26,147,0
2026-05-03,P012,North,W01,147,20,22,145,0
2026-05-04,P012,North,W01,145,10,22,133,0
2026-05-05,P012,North,W01,133,13,23,123,0
2026-05-06,P012,North,W01,123,12,17,118,0
2026-05-07,P012,North,W01,118,14,12,120,0
2026-05-08,P012,North,W01,120,17,8,129,0
2026-05-09,P012,North,W01,129,14,28,115,0
2026-05-10,P012,North,W01,115,16,24,107,0
2026-05-11,P012,North,W01,107,14,25,96,0
2026-05-12,P012,North,W01,96,12,26,82,0
2026-05-13,P012,North,W01,82,14,15,81,0
2026-05-14,P012,North,W01,81,21,18,84,0
2026-05-15,P012,North,W01,84,19,29,74,0
2026-05-16,P012,North,W01,74,14,12,76,0
2026-05-17,P012,North,W01,76,12,19,69,0
2026-05-18,P012,North,W01,69,18,20,67,0
2026-05-19,P012,North,W01,67,21,21,67,0
2026-05-20,P012,North,W01,67,17,17,67,0
2026-05-21,P012,North,W01,67,17,15,69,0
2026-05-22,P012,North,W01,69,8,20,57,0
2026-05-23,P012,North,W01,57,18,23,52,0
2026-05-24,P012,North,W01,52,16,26,42,0
2026-05-25,P012,North,W01,42,18,27,33,0
2026-05-26,P012,North,W01,33,11,23,21,0
2026-05-27,P012,North,W01,21,10,31,0,0
2026-05-28,P012,North,W01,0,17,17,0,10
2026-05-29,P012,North,W01,0,18,17,1,0
2026-05-30,P012,North,W01,1,11,12,0,6
2026-05-31,P012,North,W01,0,14,14,0,11
2026-06-01,P012,North,W01,0,22,18,4,0
2026-06-02,P012,North,W01,4,12,16,0,9
2026-06-03,P012,North,W01,0,21,20,1,0
2026-06-04,P012,North,W01,1,13,14,0,12
2026-06-05,P012,North,W01,0,12,12,0,4
2026-06-06,P012,North,W01,0,17,14,3,0
2026-06-07,P012,North,W01,3,14,17,0,5
2026-06-08,P012,North,W01,0,18,18,0,12
2026-06-09,P012,North,W01,0,15,15,0,10
2026-06-10,P012,North,W01,0,14,14,0,14
2026-06-11,P012,North,W01,0,14,14,0,8
2026-06-12,P012,North,W01,0,16,16,0,0
2026-06-13,P012,North,W01,0,12,12,0,10
2026-06-14,P012,North,W01,0,10,10,0,12
2026-06-15,P012,North,W01,0,22,22,0,14
2026-06-16,P012,North,W01,0,14,12,2,0
2026-06-17,P012,North,W01,2,12,14,0,13
2026-06-18,P012,North,W01,0,13,13,0,8
2026-06-19,P012,North,W01,0,12,12,0,7
2026-06-20,P012,North,W01,0,15,14,1,0
2026-06-21,P012,North,W01,1,11,12,0,8
2026-06-22,P012,North,W01,0,18,15,3,0
2026-06-23,P012,North,W01,3,13,11,5,0
2026-06-24,P012,North,W01,5,13,14,4,0
2026-06-25,P012,North,W01,4,18,17,5,0
2026-06-26,P012,North,W01,5,13,18,0,13
2026-06-27,P012,North,W01,0,14,14,0,7
2026-06-28,P012,North,W01,0,8,8,0,15
2026-06-29,P012,North,W01,0,9,9,0,7
2026-06-30,P012,North,W01,0,19,17,2,0
2026-01-01,P012,South,W02,373,13,22,364,0
2026-01-02,P012,South,W02,364,14,21,357,0
2026-01-03,P012,South,W02,357,12,16,353,0
2026-01-04,P012,South,W02,353,11,21,343,0
2026-01-05,P012,South,W02,343,22,23,342,0
2026-01-06,P012,South,W02,342,12,15,339,0
2026-01-07,P012,South,W02,339,18,18,339,0
2026-01-08,P012,South,W02,339,11,14,336,0
2026-01-09,P012,South,W02,336,11,20,327,0
2026-01-10,P012,South,W02,327,10,15,322,0
2026-01-11,P012,South,W02,322,11,18,315,0
2026-01-12,P012,South,W02,315,16,18,313,0
2026-01-13,P012,South,W02,313,16,25,304,0
2026-01-14,P012,South,W02,304,11,18,297,0
2026-01-15,P012,South,W02,297,20,13,304,0
2026-01-16,P012,South,W02,304,13,21,296,0
2026-01-17,P012,South,W02,296,20,13,303,0
2026-01-18,P012,South,W02,303,19,23,299,0
2026-01-19,P012,South,W02,299,13,23,289,0
2026-01-20,P012,South,W02,289,17,14,292,0
2026-01-21,P012,South,W02,292,17,20,289,0
2026-01-22,P012,South,W02,289,9,23,275,0
2026-01-23,P012,South,W02,275,9,22,262,0
2026-01-24,P012,South,W02,262,19,13,268,0
2026-01-25,P012,South,W02,268,23,16,275,0
2026-01-26,P012,South,W02,275,20,19,276,0
2026-01-27,P012,South,W02,276,15,20,271,0
2026-01-28,P012,South,W02,271,10,22,259,0
2026-01-29,P012,South,W02,259,14,17,256,0
2026-01-30,P012,South,W02,256,13,14,255,0
2026-01-31,P012,South,W02,255,9,13,251,0
2026-02-01,P012,South,W02,251,13,12,252,0
2026-02-02,P012,South,W02,252,14,13,253,0
2026-02-03,P012,South,W02,253,12,18,247,0
2026-02-04,P012,South,W02,247,16,18,245,0
2026-02-05,P012,South,W02,245,12,14,243,0
2026-02-06,P012,South,W02,243,16,18,241,0
2026-02-07,P012,South,W02,241,15,18,238,0
2026-02-08,P012,South,W02,238,12,13,237,0
2026-02-09,P012,South,W02,237,15,22,230,0
2026-02-10,P012,South,W02,230,21,17,234,0
2026-02-11,P012,South,W02,234,23,20,237,0
2026-02-12,P012,South,W02,237,10,17,230,0
2026-02-13,P012,South,W02,230,18,19,229,0
2026-02-14,P012,South,W02,229,17,17,229,0
2026-02-15,P012,South,W02,229,10,19,220,0
2026-02-16,P012,South,W02,220,15,23,212,0
2026-02-17,P012,South,W02,212,12,29,195,0
2026-02-18,P012,South,W02,195,13,15,193,0
2026-02-19,P012,South,W02,193,13,19,187,0
2026-02-20,P012,South,W02,187,4,15,176,0
2026-02-21,P012,South,W02,176,3,19,160,0
2026-02-22,P012,South,W02,160,3,17,146,0
2026-02-23,P012,South,W02,146,4,21,129,0
2026-02-24,P012,South,W02,129,3,15,117,0
2026-02-25,P012,South,W02,117,1,23,95,0
2026-02-26,P012,South,W02,95,5,17,83,0
2026-02-27,P012,South,W02,83,1,12,72,0
2026-02-28,P012,South,W02,72,2,23,51,0
2026-03-01,P012,South,W02,51,16,12,55,0
2026-03-02,P012,South,W02,55,13,23,45,0
2026-03-03,P012,South,W02,45,9,16,38,0
2026-03-04,P012,South,W02,38,15,15,38,0
2026-03-05,P012,South,W02,38,6,15,29,0
2026-03-06,P012,South,W02,29,15,15,29,0
2026-03-07,P012,South,W02,29,12,22,19,0
2026-03-08,P012,South,W02,19,19,25,13,0
2026-03-09,P012,South,W02,13,16,19,10,0
2026-03-10,P012,South,W02,10,10,17,3,0
2026-03-11,P012,South,W02,3,18,19,2,0
2026-03-12,P012,South,W02,2,8,10,0,13
2026-03-13,P012,South,W02,0,12,12,0,10
2026-03-14,P012,South,W02,0,14,14,0,11
2026-03-15,P012,South,W02,0,11,11,0,11
2026-03-16,P012,South,W02,0,15,15,0,9
2026-03-17,P012,South,W02,0,18,18,0,0
2026-03-18,P012,South,W02,0,20,15,5,0
2026-03-19,P012,South,W02,5,15,15,5,0
2026-03-20,P012,South,W02,5,16,21,0,6
2026-03-21,P012,South,W02,0,15,14,1,0
2026-03-22,P012,South,W02,1,21,16,6,0
2026-03-23,P012,South,W02,6,17,21,2,0
2026-03-24,P012,South,W02,2,15,14,3,0
2026-03-25,P012,South,W02,3,13,14,2,0
2026-03-26,P012,South,W02,2,14,16,0,14
2026-03-27,P012,South,W02,0,14,14,0,6
2026-03-28,P012,South,W02,0,12,12,0,14
2026-03-29,P012,South,W02,0,13,12,1,0
2026-03-30,P012,South,W02,1,7,8,0,13
2026-03-31,P012,South,W02,0,5,5,0,9
2026-04-01,P012,South,W02,0,21,17,4,0
2026-04-02,P012,South,W02,4,12,16,0,5
2026-04-03,P012,South,W02,0,5,5,0,13
2026-04-04,P012,South,W02,0,12,12,0,7
2026-04-05,P012,South,W02,0,13,13,0,4
2026-04-06,P012,South,W02,0,21,21,0,15
2026-04-07,P012,South,W02,0,14,14,0,4
2026-04-08,P012,South,W02,0,15,11,4,0
2026-04-09,P012,South,W02,4,13,17,0,5
2026-04-10,P012,South,W02,0,17,17,0,15
2026-04-11,P012,South,W02,0,12,12,0,14
2026-04-12,P012,South,W02,0,12,12,0,4
2026-04-13,P012,South,W02,0,15,15,0,15
2026-04-14,P012,South,W02,0,11,11,0,10
2026-04-15,P012,South,W02,0,13,13,0,9
2026-04-16,P012,South,W02,0,12,12,0,10
2026-04-17,P012,South,W02,0,16,16,0,10
2026-04-18,P012,South,W02,0,13,13,0,9
2026-04-19,P012,South,W02,0,18,15,3,0
2026-04-20,P012,South,W02,3,14,17,0,11
2026-04-21,P012,South,W02,0,19,15,4,0
2026-04-22,P012,South,W02,4,18,20,2,0
2026-04-23,P012,South,W02,2,15,17,0,11
2026-04-24,P012,South,W02,0,23,20,3,0
2026-04-25,P012,South,W02,3,16,16,3,0
2026-04-26,P012,South,W02,3,20,12,11,0
2026-04-27,P012,South,W02,11,18,20,9,0
2026-04-28,P012,South,W02,9,17,22,4,0
2026-04-29,P012,South,W02,4,19,22,1,0
2026-04-30,P012,South,W02,1,16,15,2,0
2026-05-01,P012,South,W02,2,10,12,0,5
2026-05-02,P012,South,W02,0,13,13,0,12
2026-05-03,P012,South,W02,0,15,15,0,12
2026-05-04,P012,South,W02,0,21,18,3,0
2026-05-05,P012,South,W02,3,18,14,7,0
2026-05-06,P012,South,W02,7,20,17,10,0
2026-05-07,P012,South,W02,10,14,22,2,0
2026-05-08,P012,South,W02,2,19,21,0,13
2026-05-09,P012,South,W02,0,15,15,0,13
2026-05-10,P012,South,W02,0,17,17,0,15
2026-05-11,P012,South,W02,0,11,11,0,5
2026-05-12,P012,South,W02,0,14,14,0,6
2026-05-13,P012,South,W02,0,13,13,0,15
2026-05-14,P012,South,W02,0,22,22,0,8
2026-05-15,P012,South,W02,0,17,17,0,0
2026-05-16,P012,South,W02,0,13,13,0,9
2026-05-17,P012,South,W02,0,21,20,1,0
2026-05-18,P012,South,W02,1,15,16,0,11
2026-05-19,P012,South,W02,0,18,17,1,0
2026-05-20,P012,South,W02,1,18,16,3,0
2026-05-21,P012,South,W02,3,12,15,0,10
2026-05-22,P012,South,W02,0,15,15,0,14
2026-05-23,P012,South,W02,0,19,18,1,0
2026-05-24,P012,South,W02,1,14,15,0,8
2026-05-25,P012,South,W02,0,13,13,0,13
2026-05-26,P012,South,W02,0,15,15,0,10
2026-05-27,P012,South,W02,0,17,17,0,7
2026-05-28,P012,South,W02,0,18,18,0,13
2026-05-29,P012,South,W02,0,13,13,0,10
2026-05-30,P012,South,W02,0,16,16,0,12
2026-05-31,P012,South,W02,0,14,14,0,8
2026-06-01,P012,South,W02,0,11,11,0,5
2026-06-02,P012,South,W02,0,15,15,0,15
2026-06-03,P012,South,W02,0,12,12,0,7
2026-06-04,P012,South,W02,0,12,12,0,7
2026-06-05,P012,South,W02,0,10,10,0,10
2026-06-06,P012,South,W02,0,13,13,0,11
2026-06-07,P012,South,W02,0,16,16,0,6
2026-06-08,P012,South,W02,0,18,18,0,8
2026-06-09,P012,South,W02,0,13,13,0,10
2026-06-10,P012,South,W02,0,17,17,0,5
2026-06-11,P012,South,W02,0,14,14,0,9
2026-06-12,P012,South,W02,0,21,15,6,0
2026-06-13,P012,South,W02,6,14,20,0,10
2026-06-14,P012,South,W02,0,15,11,4,0
2026-06-15,P012,South,W02,4,10,14,0,10
2026-06-16,P012,South,W02,0,13,13,0,14
2026-06-17,P012,South,W02,0,17,17,0,12
2026-06-18,P012,South,W02,0,21,21,0,15
2026-06-19,P012,South,W02,0,17,13,4,0
2026-06-20,P012,South,W02,4,18,17,5,0
2026-06-21,P012,South,W02,5,19,18,6,0
2026-06-22,P012,South,W02,6,8,14,0,12
2026-06-23,P012,South,W02,0,9,9,0,5
2026-06-24,P012,South,W02,0,10,10,0,7
2026-06-25,P012,South,W02,0,15,15,0,14
2026-06-26,P012,South,W02,0,17,17,0,10
2026-06-27,P012,South,W02,0,15,15,0,13
2026-06-28,P012,South,W02,0,20,18,2,0
2026-06-29,P012,South,W02,2,15,14,3,0
2026-06-30,P012,South,W02,3,8,11,0,9
2026-01-01,P012,East,W03,391,13,11,393,0
2026-01-02,P012,East,W03,393,24,21,396,0
2026-01-03,P012,East,W03,396,14,23,387,0
2026-01-04,P012,East,W03,387,12,17,382,0
2026-01-05,P012,East,W03,382,13,19,376,0
2026-01-06,P012,East,W03,376,15,11,380,0
2026-01-07,P012,East,W03,380,13,13,380,0
2026-01-08,P012,East,W03,380,6,13,373,0
2026-01-09,P012,East,W03,373,14,24,363,0
2026-01-10,P012,East,W03,363,16,15,364,0
2026-01-11,P012,East,W03,364,9,27,346,0
2026-01-12,P012,East,W03,346,17,16,347,0
2026-01-13,P012,East,W03,347,18,16,349,0
2026-01-14,P012,East,W03,349,15,15,349,0
2026-01-15,P012,East,W03,349,14,22,341,0
2026-01-16,P012,East,W03,341,13,24,330,0
2026-01-17,P012,East,W03,330,10,15,325,0
2026-01-18,P012,East,W03,325,11,18,318,0
2026-01-19,P012,East,W03,318,14,13,319,0
2026-01-20,P012,East,W03,319,14,21,312,0
2026-01-21,P012,East,W03,312,22,24,310,0
2026-01-22,P012,East,W03,310,23,23,310,0
2026-01-23,P012,East,W03,310,14,14,310,0
2026-01-24,P012,East,W03,310,16,20,306,0
2026-01-25,P012,East,W03,306,12,10,308,0
2026-01-26,P012,East,W03,308,14,19,303,0
2026-01-27,P012,East,W03,303,13,15,301,0
2026-01-28,P012,East,W03,301,17,20,298,0
2026-01-29,P012,East,W03,298,15,24,289,0
2026-01-30,P012,East,W03,289,8,16,281,0
2026-01-31,P012,East,W03,281,21,18,284,0
2026-02-01,P012,East,W03,284,17,19,282,0
2026-02-02,P012,East,W03,282,12,13,281,0
2026-02-03,P012,East,W03,281,14,19,276,0
2026-02-04,P012,East,W03,276,14,15,275,0
2026-02-05,P012,East,W03,275,17,18,274,0
2026-02-06,P012,East,W03,274,8,15,267,0
2026-02-07,P012,East,W03,267,10,20,257,0
2026-02-08,P012,East,W03,257,18,20,255,0
2026-02-09,P012,East,W03,255,10,13,252,0
2026-02-10,P012,East,W03,252,13,14,251,0
2026-02-11,P012,East,W03,251,21,17,255,0
2026-02-12,P012,East,W03,255,19,28,246,0
2026-02-13,P012,East,W03,246,18,22,242,0
2026-02-14,P012,East,W03,242,17,21,238,0
2026-02-15,P012,East,W03,238,16,24,230,0
2026-02-16,P012,East,W03,230,21,23,228,0
2026-02-17,P012,East,W03,228,13,14,227,0
2026-02-18,P012,East,W03,227,12,16,223,0
2026-02-19,P012,East,W03,223,18,19,222,0
2026-02-20,P012,East,W03,222,3,17,208,0
2026-02-21,P012,East,W03,208,4,22,190,0
2026-02-22,P012,East,W03,190,6,13,183,0
2026-02-23,P012,East,W03,183,3,14,172,0
2026-02-24,P012,East,W03,172,1,20,153,0
2026-02-25,P012,East,W03,153,5,19,139,0
2026-02-26,P012,East,W03,139,3,21,121,0
2026-02-27,P012,East,W03,121,2,15,108,0
2026-02-28,P012,East,W03,108,1,14,95,0
2026-03-01,P012,East,W03,95,10,20,85,0
2026-03-02,P012,East,W03,85,10,16,79,0
2026-03-03,P012,East,W03,79,14,16,77,0
2026-03-04,P012,East,W03,77,14,21,70,0
2026-03-05,P012,East,W03,70,14,20,64,0
2026-03-06,P012,East,W03,64,9,22,51,0
2026-03-07,P012,East,W03,51,15,10,56,0
2026-03-08,P012,East,W03,56,16,31,41,0
2026-03-09,P012,East,W03,41,21,19,43,0
2026-03-10,P012,East,W03,43,18,12,49,0
2026-03-11,P012,East,W03,49,17,16,50,0
2026-03-12,P012,East,W03,50,15,15,50,0
2026-03-13,P012,East,W03,50,12,25,37,0
2026-03-14,P012,East,W03,37,20,24,33,0
2026-03-15,P012,East,W03,33,9,14,28,0
2026-03-16,P012,East,W03,28,16,24,20,0
2026-03-17,P012,East,W03,20,20,19,21,0
2026-03-18,P012,East,W03,21,19,17,23,0
2026-03-19,P012,East,W03,23,19,14,28,0
2026-03-20,P012,East,W03,28,17,16,29,0
2026-03-21,P012,East,W03,29,15,14,30,0
2026-03-22,P012,East,W03,30,18,16,32,0
2026-03-23,P012,East,W03,32,6,20,18,0
2026-03-24,P012,East,W03,18,12,20,10,0
2026-03-25,P012,East,W03,10,10,19,1,0
2026-03-26,P012,East,W03,1,15,16,0,10
2026-03-27,P012,East,W03,0,13,13,0,0
2026-03-28,P012,East,W03,0,12,12,0,4
2026-03-29,P012,East,W03,0,12,12,0,9
2026-03-30,P012,East,W03,0,12,12,0,8
2026-03-31,P012,East,W03,0,20,13,7,0
2026-04-01,P012,East,W03,7,17,21,3,0
2026-04-02,P012,East,W03,3,13,11,5,0
2026-04-03,P012,East,W03,5,14,14,5,0
2026-04-04,P012,East,W03,5,11,16,0,9
2026-04-05,P012,East,W03,0,20,15,5,0
2026-04-06,P012,East,W03,5,15,19,1,0
2026-04-07,P012,East,W03,1,12,13,0,10
2026-04-08,P012,East,W03,0,13,13,0,4
2026-04-09,P012,East,W03,0,13,13,0,4
2026-04-10,P012,East,W03,0,12,12,0,6
2026-04-11,P012,East,W03,0,14,11,3,0
2026-04-12,P012,East,W03,3,13,12,4,0
2026-04-13,P012,East,W03,4,13,17,0,0
2026-04-14,P012,East,W03,0,11,11,0,7
2026-04-15,P012,East,W03,0,12,12,0,10
2026-04-16,P012,East,W03,0,10,10,0,7
2026-04-17,P012,East,W03,0,10,10,0,11
2026-04-18,P012,East,W03,0,16,16,0,0
2026-04-19,P012,East,W03,0,11,11,0,6
2026-04-20,P012,East,W03,0,16,14,2,0
2026-04-21,P012,East,W03,2,16,15,3,0
2026-04-22,P012,East,W03,3,18,15,6,0
2026-04-23,P012,East,W03,6,20,14,12,0
2026-04-24,P012,East,W03,12,18,13,17,0
2026-04-25,P012,East,W03,17,11,23,5,0
2026-04-26,P012,East,W03,5,18,11,12,0
2026-04-27,P012,East,W03,12,10,17,5,0
2026-04-28,P012,East,W03,5,15,20,0,8
2026-04-29,P012,East,W03,0,12,12,0,8
2026-04-30,P012,East,W03,0,17,17,0,4
2026-05-01,P012,East,W03,0,15,15,0,8
2026-05-02,P012,East,W03,0,18,18,0,13
2026-05-03,P012,East,W03,0,19,16,3,0
2026-05-04,P012,East,W03,3,10,13,0,10
2026-05-05,P012,East,W03,0,12,12,0,15
2026-05-06,P012,East,W03,0,11,11,0,9
2026-05-07,P012,East,W03,0,17,17,0,12
2026-05-08,P012,East,W03,0,13,13,0,0
2026-05-09,P012,East,W03,0,18,18,0,6
2026-05-10,P012,East,W03,0,14,14,0,10
2026-05-11,P012,East,W03,0,18,18,0,4
2026-05-12,P012,East,W03,0,19,18,1,0
2026-05-13,P012,East,W03,1,12,13,0,9
2026-05-14,P012,East,W03,0,15,15,0,4
2026-05-15,P012,East,W03,0,22,22,0,8
2026-05-16,P012,East,W03,0,12,12,0,10
2026-05-17,P012,East,W03,0,22,20,2,0
2026-05-18,P012,East,W03,2,20,16,6,0
2026-05-19,P012,East,W03,6,12,18,0,11
2026-05-20,P012,East,W03,0,13,13,0,15
2026-05-21,P012,East,W03,0,10,10,0,13
2026-05-22,P012,East,W03,0,11,11,0,7
2026-05-23,P012,East,W03,0,21,14,7,0
2026-05-24,P012,East,W03,7,11,17,1,0
2026-05-25,P012,East,W03,1,14,15,0,15
2026-05-26,P012,East,W03,0,15,12,3,0
2026-05-27,P012,East,W03,3,18,19,2,0
2026-05-28,P012,East,W03,2,16,18,0,15
2026-05-29,P012,East,W03,0,14,14,0,15
2026-05-30,P012,East,W03,0,11,11,0,5
2026-05-31,P012,East,W03,0,22,22,0,12
2026-06-01,P012,East,W03,0,20,20,0,14
2026-06-02,P012,East,W03,0,13,13,0,0
2026-06-03,P012,East,W03,0,7,7,0,4
2026-06-04,P012,East,W03,0,16,16,0,10
2026-06-05,P012,East,W03,0,7,7,0,12
2026-06-06,P012,East,W03,0,13,10,3,0
2026-06-07,P012,East,W03,3,16,19,0,13
2026-06-08,P012,East,W03,0,20,19,1,0
2026-06-09,P012,East,W03,1,12,13,0,10
2026-06-10,P012,East,W03,0,16,16,0,0
2026-06-11,P012,East,W03,0,11,11,0,8
2026-06-12,P012,East,W03,0,14,14,0,4
2026-06-13,P012,East,W03,0,9,9,0,9
2026-06-14,P012,East,W03,0,15,15,0,11
2026-06-15,P012,East,W03,0,11,11,0,9
2026-06-16,P012,East,W03,0,13,13,0,6
2026-06-17,P012,East,W03,0,11,11,0,5
2026-06-18,P012,East,W03,0,17,15,2,0
2026-06-19,P012,East,W03,2,17,19,0,13
2026-06-20,P012,East,W03,0,8,8,0,12
2026-06-21,P012,East,W03,0,18,17,1,0
2026-06-22,P012,East,W03,1,17,18,0,10
2026-06-23,P012,East,W03,0,15,15,0,9
2026-06-24,P012,East,W03,0,13,13,0,14
2026-06-25,P012,East,W03,0,6,6,0,7
2026-06-26,P012,East,W03,0,16,16,0,12
2026-06-27,P012,East,W03,0,13,13,0,6
2026-06-28,P012,East,W03,0,18,12,6,0
2026-06-29,P012,East,W03,6,12,18,0,5
2026-06-30,P012,East,W03,0,17,17,0,14
2026-01-01,P012,West,W04,326,14,21,319,0
2026-01-02,P012,West,W04,319,9,15,313,0
2026-01-03,P012,West,W04,313,21,17,317,0
2026-01-04,P012,West,W04,317,20,15,322,0
2026-01-05,P012,West,W04,322,17,16,323,0
2026-01-06,P012,West,W04,323,23,17,329,0
2026-01-07,P012,West,W04,329,14,15,328,0
2026-01-08,P012,West,W04,328,20,18,330,0
2026-01-09,P012,West,W04,330,14,18,326,0
2026-01-10,P012,West,W04,326,18,21,323,0
2026-01-11,P012,West,W04,323,15,16,322,0
2026-01-12,P012,West,W04,322,14,14,322,0
2026-01-13,P012,West,W04,322,16,20,318,0
2026-01-14,P012,West,W04,318,13,21,310,0
2026-01-15,P012,West,W04,310,19,22,307,0
2026-01-16,P012,West,W04,307,17,16,308,0
2026-01-17,P012,West,W04,308,19,23,304,0
2026-01-18,P012,West,W04,304,20,15,309,0
2026-01-19,P012,West,W04,309,13,21,301,0
2026-01-20,P012,West,W04,301,3,15,289,0
2026-01-21,P012,West,W04,289,16,13,292,0
2026-01-22,P012,West,W04,292,10,18,284,0
2026-01-23,P012,West,W04,284,12,17,279,0
2026-01-24,P012,West,W04,279,13,16,276,0
2026-01-25,P012,West,W04,276,20,18,278,0
2026-01-26,P012,West,W04,278,19,19,278,0
2026-01-27,P012,West,W04,278,20,13,285,0
2026-01-28,P012,West,W04,285,20,25,280,0
2026-01-29,P012,West,W04,280,10,20,270,0
2026-01-30,P012,West,W04,270,14,18,266,0
2026-01-31,P012,West,W04,266,14,9,271,0
2026-02-01,P012,West,W04,271,19,15,275,0
2026-02-02,P012,West,W04,275,14,16,273,0
2026-02-03,P012,West,W04,273,21,19,275,0
2026-02-04,P012,West,W04,275,10,13,272,0
2026-02-05,P012,West,W04,272,21,21,272,0
2026-02-06,P012,West,W04,272,14,11,275,0
2026-02-07,P012,West,W04,275,14,20,269,0
2026-02-08,P012,West,W04,269,17,13,273,0
2026-02-09,P012,West,W04,273,13,20,266,0
2026-02-10,P012,West,W04,266,15,18,263,0
2026-02-11,P012,West,W04,263,10,18,255,0
2026-02-12,P012,West,W04,255,9,17,247,0
2026-02-13,P012,West,W04,247,18,19,246,0
2026-02-14,P012,West,W04,246,19,15,250,0
2026-02-15,P012,West,W04,250,13,17,246,0
2026-02-16,P012,West,W04,246,18,12,252,0
2026-02-17,P012,West,W04,252,15,13,254,0
2026-02-18,P012,West,W04,254,11,22,243,0
2026-02-19,P012,West,W04,243,19,20,242,0
2026-02-20,P012,West,W04,242,2,18,226,0
2026-02-21,P012,West,W04,226,3,18,211,0
2026-02-22,P012,West,W04,211,5,15,201,0
2026-02-23,P012,West,W04,201,7,17,191,0
2026-02-24,P012,West,W04,191,4,11,184,0
2026-02-25,P012,West,W04,184,2,13,173,0
2026-02-26,P012,West,W04,173,3,17,159,0
2026-02-27,P012,West,W04,159,1,12,148,0
2026-02-28,P012,West,W04,148,4,15,137,0
2026-03-01,P012,West,W04,137,10,18,129,0
2026-03-02,P012,West,W04,129,11,12,128,0
2026-03-03,P012,West,W04,128,13,20,121,0
2026-03-04,P012,West,W04,121,8,13,116,0
2026-03-05,P012,West,W04,116,11,17,110,0
2026-03-06,P012,West,W04,110,16,17,109,0
2026-03-07,P012,West,W04,109,15,15,109,0
2026-03-08,P012,West,W04,109,11,15,105,0
2026-03-09,P012,West,W04,105,16,25,96,0
2026-03-10,P012,West,W04,96,12,30,78,0
2026-03-11,P012,West,W04,78,13,12,79,0
2026-03-12,P012,West,W04,79,15,14,80,0
2026-03-13,P012,West,W04,80,18,22,76,0
2026-03-14,P012,West,W04,76,19,16,79,0
2026-03-15,P012,West,W04,79,19,7,91,0
2026-03-16,P012,West,W04,91,21,18,94,0
2026-03-17,P012,West,W04,94,6,14,86,0
2026-03-18,P012,West,W04,86,8,22,72,0
2026-03-19,P012,West,W04,72,18,15,75,0
2026-03-20,P012,West,W04,75,12,18,69,0
2026-03-21,P012,West,W04,69,17,21,65,0
2026-03-22,P012,West,W04,65,16,15,66,0
2026-03-23,P012,West,W04,66,16,15,67,0
2026-03-24,P012,West,W04,67,18,28,57,0
2026-03-25,P012,West,W04,57,28,18,67,0
2026-03-26,P012,West,W04,67,26,24,69,0
2026-03-27,P012,West,W04,69,15,11,73,0
2026-03-28,P012,West,W04,73,14,26,61,0
2026-03-29,P012,West,W04,61,13,14,60,0
2026-03-30,P012,West,W04,60,18,15,63,0
2026-03-31,P012,West,W04,63,16,11,68,0
2026-04-01,P012,West,W04,68,11,12,67,0
2026-04-02,P012,West,W04,67,15,15,67,0
2026-04-03,P012,West,W04,67,13,19,61,0
2026-04-04,P012,West,W04,61,20,22,59,0
2026-04-05,P012,West,W04,59,20,23,56,0
2026-04-06,P012,West,W04,56,20,16,60,0
2026-04-07,P012,West,W04,60,8,21,47,0
2026-04-08,P012,West,W04,47,16,15,48,0
2026-04-09,P012,West,W04,48,19,26,41,0
2026-04-10,P012,West,W04,41,19,19,41,0
2026-04-11,P012,West,W04,41,11,19,33,0
2026-04-12,P012,West,W04,33,16,15,34,0
2026-04-13,P012,West,W04,34,16,22,28,0
2026-04-14,P012,West,W04,28,14,28,14,0
2026-04-15,P012,West,W04,14,17,24,7,0
2026-04-16,P012,West,W04,7,18,17,8,0
2026-04-17,P012,West,W04,8,11,19,0,13
2026-04-18,P012,West,W04,0,15,14,1,0
2026-04-19,P012,West,W04,1,12,13,0,4
2026-04-20,P012,West,W04,0,16,16,0,0
2026-04-21,P012,West,W04,0,13,13,0,14
2026-04-22,P012,West,W04,0,9,9,0,15
2026-04-23,P012,West,W04,0,16,16,0,15
2026-04-24,P012,West,W04,0,23,16,7,0
2026-04-25,P012,West,W04,7,12,19,0,6
2026-04-26,P012,West,W04,0,7,7,0,13
2026-04-27,P012,West,W04,0,14,14,0,15
2026-04-28,P012,West,W04,0,11,11,0,13
2026-04-29,P012,West,W04,0,10,10,0,4
2026-04-30,P012,West,W04,0,22,18,4,0
2026-05-01,P012,West,W04,4,16,20,0,8
2026-05-02,P012,West,W04,0,17,17,0,13
2026-05-03,P012,West,W04,0,16,16,0,0
2026-05-04,P012,West,W04,0,12,12,0,15
2026-05-05,P012,West,W04,0,13,13,0,11
2026-05-06,P012,West,W04,0,18,18,0,0
2026-05-07,P012,West,W04,0,8,8,0,11
2026-05-08,P012,West,W04,0,10,10,0,8
2026-05-09,P012,West,W04,0,11,11,0,8
2026-05-10,P012,West,W04,0,26,26,0,8
2026-05-11,P012,West,W04,0,25,12,13,0
2026-05-12,P012,West,W04,13,19,19,13,0
2026-05-13,P012,West,W04,13,18,14,17,0
2026-05-14,P012,West,W04,17,22,23,16,0
2026-05-15,P012,West,W04,16,16,26,6,0
2026-05-16,P012,West,W04,6,14,18,2,0
2026-05-17,P012,West,W04,2,13,15,0,6
2026-05-18,P012,West,W04,0,19,19,0,0
2026-05-19,P012,West,W04,0,20,20,0,9
2026-05-20,P012,West,W04,0,20,20,0,13
2026-05-21,P012,West,W04,0,18,17,1,0
2026-05-22,P012,West,W04,1,22,18,5,0
2026-05-23,P012,West,W04,5,14,19,0,8
2026-05-24,P012,West,W04,0,12,12,0,8
2026-05-25,P012,West,W04,0,11,11,0,11
2026-05-26,P012,West,W04,0,9,9,0,6
2026-05-27,P012,West,W04,0,17,17,0,14
2026-05-28,P012,West,W04,0,14,14,0,6
2026-05-29,P012,West,W04,0,13,13,0,6
2026-05-30,P012,West,W04,0,9,9,0,15
2026-05-31,P012,West,W04,0,17,17,0,4
2026-06-01,P012,West,W04,0,9,9,0,14
2026-06-02,P012,West,W04,0,21,12,9,0
2026-06-03,P012,West,W04,9,14,23,0,15
2026-06-04,P012,West,W04,0,10,10,0,6
2026-06-05,P012,West,W04,0,20,20,0,12
2026-06-06,P012,West,W04,0,15,15,0,0
2026-06-07,P012,West,W04,0,18,16,2,0
2026-06-08,P012,West,W04,2,12,14,0,0
2026-06-09,P012,West,W04,0,17,17,0,14
2026-06-10,P012,West,W04,0,14,14,0,9
2026-06-11,P012,West,W04,0,14,14,0,14
2026-06-12,P012,West,W04,0,14,14,0,15
2026-06-13,P012,West,W04,0,13,13,0,13
2026-06-14,P012,West,W04,0,16,16,0,10
2026-06-15,P012,West,W04,0,7,7,0,5
2026-06-16,P012,West,W04,0,14,14,0,14
2026-06-17,P012,West,W04,0,29,21,8,0
2026-06-18,P012,West,W04,8,12,20,0,8
2026-06-19,P012,West,W04,0,14,14,0,14
2026-06-20,P012,West,W04,0,14,14,0,14
2026-06-21,P012,West,W04,0,11,11,0,14
2026-06-22,P012,West,W04,0,17,17,0,14
2026-06-23,P012,West,W04,0,17,17,0,6
2026-06-24,P012,West,W04,0,18,18,0,12
2026-06-25,P012,West,W04,0,13,13,0,9
2026-06-26,P012,West,W04,0,19,18,1,0
2026-06-27,P012,West,W04,1,12,13,0,0
2026-06-28,P012,West,W04,0,15,14,1,0
2026-06-29,P012,West,W04,1,8,9,0,6
2026-06-30,P012,West,W04,0,15,15,0,13
2026-01-01,P013,North,W01,546,8,14,540,0
2026-01-02,P013,North,W01,540,20,16,544,0
2026-01-03,P013,North,W01,544,14,16,542,0
2026-01-04,P013,North,W01,542,17,16,543,0
2026-01-05,P013,North,W01,543,16,16,543,0
2026-01-06,P013,North,W01,543,17,14,546,0
2026-01-07,P013,North,W01,546,14,14,546,0
2026-01-08,P013,North,W01,546,17,11,552,0
2026-01-09,P013,North,W01,552,12,13,551,0
2026-01-10,P013,North,W01,551,18,17,552,0
2026-01-11,P013,North,W01,552,16,18,550,0
2026-01-12,P013,North,W01,550,12,22,540,0
2026-01-13,P013,North,W01,540,10,18,532,0
2026-01-14,P013,North,W01,532,20,21,531,0
2026-01-15,P013,North,W01,531,17,13,535,0
2026-01-16,P013,North,W01,535,15,27,523,0
2026-01-17,P013,North,W01,523,11,18,516,0
2026-01-18,P013,North,W01,516,21,20,517,0
2026-01-19,P013,North,W01,517,13,17,513,0
2026-01-20,P013,North,W01,513,22,13,522,0
2026-01-21,P013,North,W01,522,16,10,528,0
2026-01-22,P013,North,W01,528,17,20,525,0
2026-01-23,P013,North,W01,525,9,14,520,0
2026-01-24,P013,North,W01,520,16,19,517,0
2026-01-25,P013,North,W01,517,11,19,509,0
2026-01-26,P013,North,W01,509,12,20,501,0
2026-01-27,P013,North,W01,501,14,23,492,0
2026-01-28,P013,North,W01,492,17,11,498,0
2026-01-29,P013,North,W01,498,14,17,495,0
2026-01-30,P013,North,W01,495,13,26,482,0
2026-01-31,P013,North,W01,482,15,20,477,0
2026-02-01,P013,North,W01,477,16,17,476,0
2026-02-02,P013,North,W01,476,11,24,463,0
2026-02-03,P013,North,W01,463,13,14,462,0
2026-02-04,P013,North,W01,462,21,19,464,0
2026-02-05,P013,North,W01,464,16,19,461,0
2026-02-06,P013,North,W01,461,22,13,470,0
2026-02-07,P013,North,W01,470,5,27,448,0
2026-02-08,P013,North,W01,448,12,20,440,0
2026-02-09,P013,North,W01,440,16,15,441,0
2026-02-10,P013,North,W01,441,19,18,442,0
2026-02-11,P013,North,W01,442,14,24,432,0
2026-02-12,P013,North,W01,432,14,17,429,0
2026-02-13,P013,North,W01,429,18,15,432,0
2026-02-14,P013,North,W01,432,11,14,429,0
2026-02-15,P013,North,W01,429,19,17,431,0
2026-02-16,P013,North,W01,431,12,14,429,0
2026-02-17,P013,North,W01,429,19,27,421,0
2026-02-18,P013,North,W01,421,13,20,414,0
2026-02-19,P013,North,W01,414,15,21,408,0
2026-02-20,P013,North,W01,408,7,23,392,0
2026-02-21,P013,North,W01,392,6,14,384,0
2026-02-22,P013,North,W01,384,1,15,370,0
2026-02-23,P013,North,W01,370,3,22,351,0
2026-02-24,P013,North,W01,351,2,15,338,0
2026-02-25,P013,North,W01,338,7,22,323,0
2026-02-26,P013,North,W01,323,3,11,315,0
2026-02-27,P013,North,W01,315,0,19,296,0
2026-02-28,P013,North,W01,296,2,10,288,0
2026-03-01,P013,North,W01,288,12,15,285,0
2026-03-02,P013,North,W01,285,19,14,290,0
2026-03-03,P013,North,W01,290,9,22,277,0
2026-03-04,P013,North,W01,277,13,17,273,0
2026-03-05,P013,North,W01,273,20,19,274,0
2026-03-06,P013,North,W01,274,8,17,265,0
2026-03-07,P013,North,W01,265,13,22,256,0
2026-03-08,P013,North,W01,256,16,26,246,0
2026-03-09,P013,North,W01,246,15,26,235,0
2026-03-10,P013,North,W01,235,18,18,235,0
2026-03-11,P013,North,W01,235,14,17,232,0
2026-03-12,P013,North,W01,232,13,18,227,0
2026-03-13,P013,North,W01,227,8,9,226,0
2026-03-14,P013,North,W01,226,16,17,225,0
2026-03-15,P013,North,W01,225,24,13,236,0
2026-03-16,P013,North,W01,236,15,11,240,0
2026-03-17,P013,North,W01,240,17,16,241,0
2026-03-18,P013,North,W01,241,15,18,238,0
2026-03-19,P013,North,W01,238,13,20,231,0
2026-03-20,P013,North,W01,231,18,22,227,0
2026-03-21,P013,North,W01,227,16,14,229,0
2026-03-22,P013,North,W01,229,10,20,219,0
2026-03-23,P013,North,W01,219,9,18,210,0
2026-03-24,P013,North,W01,210,16,13,213,0
2026-03-25,P013,North,W01,213,15,19,209,0
2026-03-26,P013,North,W01,209,16,11,214,0
2026-03-27,P013,North,W01,214,19,13,220,0
2026-03-28,P013,North,W01,220,13,19,214,0
2026-03-29,P013,North,W01,214,21,24,211,0
2026-03-30,P013,North,W01,211,19,24,206,0
2026-03-31,P013,North,W01,206,16,20,202,0
2026-04-01,P013,North,W01,202,18,14,206,0
2026-04-02,P013,North,W01,206,12,26,192,0
2026-04-03,P013,North,W01,192,13,15,190,0
2026-04-04,P013,North,W01,190,10,20,180,0
2026-04-05,P013,North,W01,180,16,16,180,0
2026-04-06,P013,North,W01,180,10,18,172,0
2026-04-07,P013,North,W01,172,16,20,168,0
2026-04-08,P013,North,W01,168,13,21,160,0
2026-04-09,P013,North,W01,160,13,20,153,0
2026-04-10,P013,North,W01,153,13,22,144,0
2026-04-11,P013,North,W01,144,14,15,143,0
2026-04-12,P013,North,W01,143,12,20,135,0
2026-04-13,P013,North,W01,135,14,14,135,0
2026-04-14,P013,North,W01,135,16,20,131,0
2026-04-15,P013,North,W01,131,11,21,121,0
2026-04-16,P013,North,W01,121,17,12,126,0
2026-04-17,P013,North,W01,126,12,20,118,0
2026-04-18,P013,North,W01,118,12,13,117,0
2026-04-19,P013,North,W01,117,14,21,110,0
2026-04-20,P013,North,W01,110,18,23,105,0
2026-04-21,P013,North,W01,105,15,14,106,0
2026-04-22,P013,North,W01,106,21,15,112,0
2026-04-23,P013,North,W01,112,14,14,112,0
2026-04-24,P013,North,W01,112,14,14,112,0
2026-04-25,P013,North,W01,112,11,26,97,0
2026-04-26,P013,North,W01,97,14,17,94,0
2026-04-27,P013,North,W01,94,12,17,89,0
2026-04-28,P013,North,W01,89,14,14,89,0
2026-04-29,P013,North,W01,89,23,21,91,0
2026-04-30,P013,North,W01,91,17,15,93,0
2026-05-01,P013,North,W01,93,15,26,82,0
2026-05-02,P013,North,W01,82,9,18,73,0
2026-05-03,P013,North,W01,73,18,19,72,0
2026-05-04,P013,North,W01,72,18,20,70,0
2026-05-05,P013,North,W01,70,13,24,59,0
2026-05-06,P013,North,W01,59,19,18,60,0
2026-05-07,P013,North,W01,60,14,15,59,0
2026-05-08,P013,North,W01,59,10,16,53,0
2026-05-09,P013,North,W01,53,13,21,45,0
2026-05-10,P013,North,W01,45,18,18,45,0
2026-05-11,P013,North,W01,45,19,25,39,0
2026-05-12,P013,North,W01,39,12,18,33,0
2026-05-13,P013,North,W01,33,16,26,23,0
2026-05-14,P013,North,W01,23,20,14,29,0
2026-05-15,P013,North,W01,29,15,26,18,0
2026-05-16,P013,North,W01,18,26,18,26,0
2026-05-17,P013,North,W01,26,18,16,28,0
2026-05-18,P013,North,W01,28,16,27,17,0
2026-05-19,P013,North,W01,17,10,17,10,0
2026-05-20,P013,North,W01,10,15,24,1,0
2026-05-21,P013,North,W01,1,20,13,8,0
2026-05-22,P013,North,W01,8,15,23,0,9
2026-05-23,P013,North,W01,0,20,18,2,0
2026-05-24,P013,North,W01,2,11,13,0,13
2026-05-25,P013,North,W01,0,21,16,5,0
2026-05-26,P013,North,W01,5,20,21,4,0
2026-05-27,P013,North,W01,4,13,17,0,6
2026-05-28,P013,North,W01,0,13,13,0,5
2026-05-29,P013,North,W01,0,9,9,0,12
2026-05-30,P013,North,W01,0,13,13,0,7
2026-05-31,P013,North,W01,0,9,9,0,7
2026-06-01,P013,North,W01,0,21,18,3,0
2026-06-02,P013,North,W01,3,6,9,0,5
2026-06-03,P013,North,W01,0,15,12,3,0
2026-06-04,P013,North,W01,3,14,17,0,12
2026-06-05,P013,North,W01,0,11,11,0,13
2026-06-06,P013,North,W01,0,19,19,0,8
2026-06-07,P013,North,W01,0,20,13,7,0
2026-06-08,P013,North,W01,7,9,16,0,13
2026-06-09,P013,North,W01,0,10,10,0,8
2026-06-10,P013,North,W01,0,10,10,0,5
2026-06-11,P013,North,W01,0,12,12,0,13
2026-06-12,P013,North,W01,0,15,15,0,5
2026-06-13,P013,North,W01,0,14,14,0,13
2026-06-14,P013,North,W01,0,14,14,0,13
2026-06-15,P013,North,W01,0,14,14,0,12
2026-06-16,P013,North,W01,0,22,15,7,0
2026-06-17,P013,North,W01,7,15,17,5,0
2026-06-18,P013,North,W01,5,12,17,0,10
2026-06-19,P013,North,W01,0,19,19,0,6
2026-06-20,P013,North,W01,0,15,15,0,8
2026-06-21,P013,North,W01,0,10,10,0,9
2026-06-22,P013,North,W01,0,15,15,0,8
2026-06-23,P013,North,W01,0,23,20,3,0
2026-06-24,P013,North,W01,3,17,14,6,0
2026-06-25,P013,North,W01,6,6,12,0,0
2026-06-26,P013,North,W01,0,18,18,0,9
2026-06-27,P013,North,W01,0,17,17,0,7
2026-06-28,P013,North,W01,0,10,10,0,13
2026-06-29,P013,North,W01,0,20,19,1,0
2026-06-30,P013,North,W01,1,12,13,0,7
2026-01-01,P013,South,W02,450,11,13,448,0
2026-01-02,P013,South,W02,448,13,19,442,0
2026-01-03,P013,South,W02,442,15,19,438,0
2026-01-04,P013,South,W02,438,13,22,429,0
2026-01-05,P013,South,W02,429,17,18,428,0
2026-01-06,P013,South,W02,428,15,19,424,0
2026-01-07,P013,South,W02,424,14,18,420,0
2026-01-08,P013,South,W02,420,12,21,411,0
2026-01-09,P013,South,W02,411,11,22,400,0
2026-01-10,P013,South,W02,400,23,19,404,0
2026-01-11,P013,South,W02,404,13,14,403,0
2026-01-12,P013,South,W02,403,22,15,410,0
2026-01-13,P013,South,W02,410,11,21,400,0
2026-01-14,P013,South,W02,400,18,9,409,0
2026-01-15,P013,South,W02,409,18,20,407,0
2026-01-16,P013,South,W02,407,18,22,403,0
2026-01-17,P013,South,W02,403,21,17,407,0
2026-01-18,P013,South,W02,407,14,22,399,0
2026-01-19,P013,South,W02,399,11,27,383,0
2026-01-20,P013,South,W02,383,13,18,378,0
2026-01-21,P013,South,W02,378,14,15,377,0
2026-01-22,P013,South,W02,377,22,17,382,0
2026-01-23,P013,South,W02,382,25,20,387,0
2026-01-24,P013,South,W02,387,17,24,380,0
2026-01-25,P013,South,W02,380,17,25,372,0
2026-01-26,P013,South,W02,372,15,21,366,0
2026-01-27,P013,South,W02,366,17,14,369,0
2026-01-28,P013,South,W02,369,20,15,374,0
2026-01-29,P013,South,W02,374,17,19,372,0
2026-01-30,P013,South,W02,372,10,16,366,0
2026-01-31,P013,South,W02,366,19,16,369,0
2026-02-01,P013,South,W02,369,19,26,362,0
2026-02-02,P013,South,W02,362,18,26,354,0
2026-02-03,P013,South,W02,354,14,21,347,0
2026-02-04,P013,South,W02,347,12,15,344,0
2026-02-05,P013,South,W02,344,11,12,343,0
2026-02-06,P013,South,W02,343,13,14,342,0
2026-02-07,P013,South,W02,342,17,26,333,0
2026-02-08,P013,South,W02,333,12,19,326,0
2026-02-09,P013,South,W02,326,15,17,324,0
2026-02-10,P013,South,W02,324,13,22,315,0
2026-02-11,P013,South,W02,315,20,18,317,0
2026-02-12,P013,South,W02,317,14,21,310,0
2026-02-13,P013,South,W02,310,6,12,304,0
2026-02-14,P013,South,W02,304,13,19,298,0
2026-02-15,P013,South,W02,298,17,18,297,0
2026-02-16,P013,South,W02,297,11,16,292,0
2026-02-17,P013,South,W02,292,19,18,293,0
2026-02-18,P013,South,W02,293,9,21,281,0
2026-02-19,P013,South,W02,281,15,14,282,0
2026-02-20,P013,South,W02,282,4,23,263,0
2026-02-21,P013,South,W02,263,3,16,250,0
2026-02-22,P013,South,W02,250,1,14,237,0
2026-02-23,P013,South,W02,237,2,15,224,0
2026-02-24,P013,South,W02,224,4,11,217,0
2026-02-25,P013,South,W02,217,0,15,202,0
2026-02-26,P013,South,W02,202,3,9,196,0
2026-02-27,P013,South,W02,196,1,21,176,0
2026-02-28,P013,South,W02,176,3,17,162,0
2026-03-01,P013,South,W02,162,14,15,161,0
2026-03-02,P013,South,W02,161,10,14,157,0
2026-03-03,P013,South,W02,157,24,16,165,0
2026-03-04,P013,South,W02,165,16,22,159,0
2026-03-05,P013,South,W02,159,20,24,155,0
2026-03-06,P013,South,W02,155,24,25,154,0
2026-03-07,P013,South,W02,154,15,26,143,0
2026-03-08,P013,South,W02,143,13,19,137,0
2026-03-09,P013,South,W02,137,13,15,135,0
2026-03-10,P013,South,W02,135,16,9,142,0
2026-03-11,P013,South,W02,142,16,14,144,0
2026-03-12,P013,South,W02,144,19,26,137,0
2026-03-13,P013,South,W02,137,16,20,133,0
2026-03-14,P013,South,W02,133,17,13,137,0
2026-03-15,P013,South,W02,137,9,18,128,0
2026-03-16,P013,South,W02,128,16,13,131,0
2026-03-17,P013,South,W02,131,13,16,128,0
2026-03-18,P013,South,W02,128,16,23,121,0
2026-03-19,P013,South,W02,121,19,14,126,0
2026-03-20,P013,South,W02,126,11,19,118,0
2026-03-21,P013,South,W02,118,18,22,114,0
2026-03-22,P013,South,W02,114,8,17,105,0
2026-03-23,P013,South,W02,105,20,21,104,0
2026-03-24,P013,South,W02,104,14,16,102,0
2026-03-25,P013,South,W02,102,10,21,91,0
2026-03-26,P013,South,W02,91,14,22,83,0
2026-03-27,P013,South,W02,83,11,14,80,0
2026-03-28,P013,South,W02,80,13,21,72,0
2026-03-29,P013,South,W02,72,18,27,63,0
2026-03-30,P013,South,W02,63,8,23,48,0
2026-03-31,P013,South,W02,48,12,19,41,0
2026-04-01,P013,South,W02,41,11,20,32,0
2026-04-02,P013,South,W02,32,14,20,26,0
2026-04-03,P013,South,W02,26,19,16,29,0
2026-04-04,P013,South,W02,29,12,19,22,0
2026-04-05,P013,South,W02,22,12,17,17,0
2026-04-06,P013,South,W02,17,13,16,14,0
2026-04-07,P013,South,W02,14,14,19,9,0
2026-04-08,P013,South,W02,9,15,15,9,0
2026-04-09,P013,South,W02,9,15,20,4,0
2026-04-10,P013,South,W02,4,18,20,2,0
2026-04-11,P013,South,W02,2,19,17,4,0
2026-04-12,P013,South,W02,4,16,20,0,12
2026-04-13,P013,South,W02,0,20,11,9,0
2026-04-14,P013,South,W02,9,16,11,14,0
2026-04-15,P013,South,W02,14,11,10,15,0
2026-04-16,P013,South,W02,15,11,18,8,0
2026-04-17,P013,South,W02,8,17,15,10,0
2026-04-18,P013,South,W02,10,15,14,11,0
2026-04-19,P013,South,W02,11,14,17,8,0
2026-04-20,P013,South,W02,8,10,18,0,0
2026-04-21,P013,South,W02,0,18,15,3,0
2026-04-22,P013,South,W02,3,15,18,0,0
2026-04-23,P013,South,W02,0,19,18,1,0
2026-04-24,P013,South,W02,1,11,12,0,11
2026-04-25,P013,South,W02,0,21,16,5,0
2026-04-26,P013,South,W02,5,12,17,0,8
2026-04-27,P013,South,W02,0,9,9,0,4
2026-04-28,P013,South,W02,0,11,11,0,10
2026-04-29,P013,South,W02,0,17,17,0,0
2026-04-30,P013,South,W02,0,17,13,4,0
2026-05-01,P013,South,W02,4,22,23,3,0
2026-05-02,P013,South,W02,3,13,16,0,0
2026-05-03,P013,South,W02,0,12,12,0,6
2026-05-04,P013,South,W02,0,15,15,0,15
2026-05-05,P013,South,W02,0,15,15,0,9
2026-05-06,P013,South,W02,0,21,17,4,0
2026-05-07,P013,South,W02,4,16,20,0,4
2026-05-08,P013,South,W02,0,14,14,0,7
2026-05-09,P013,South,W02,0,16,16,0,6
2026-05-10,P013,South,W02,0,19,19,0,11
2026-05-11,P013,South,W02,0,19,16,3,0
2026-05-12,P013,South,W02,3,15,15,3,0
2026-05-13,P013,South,W02,3,16,15,4,0
2026-05-14,P013,South,W02,4,18,17,5,0
2026-05-15,P013,South,W02,5,19,23,1,0
2026-05-16,P013,South,W02,1,22,23,0,15
2026-05-17,P013,South,W02,0,18,18,0,6
2026-05-18,P013,South,W02,0,18,15,3,0
2026-05-19,P013,South,W02,3,19,18,4,0
2026-05-20,P013,South,W02,4,6,10,0,13
2026-05-21,P013,South,W02,0,17,17,0,5
2026-05-22,P013,South,W02,0,14,12,2,0
2026-05-23,P013,South,W02,2,14,16,0,0
2026-05-24,P013,South,W02,0,14,14,0,7
2026-05-25,P013,South,W02,0,13,13,0,15
2026-05-26,P013,South,W02,0,17,17,0,0
2026-05-27,P013,South,W02,0,6,6,0,9
2026-05-28,P013,South,W02,0,17,17,0,7
2026-05-29,P013,South,W02,0,15,15,0,7
2026-05-30,P013,South,W02,0,11,11,0,15
2026-05-31,P013,South,W02,0,11,11,0,4
2026-06-01,P013,South,W02,0,17,17,0,5
2026-06-02,P013,South,W02,0,11,11,0,4
2026-06-03,P013,South,W02,0,10,10,0,14
2026-06-04,P013,South,W02,0,15,15,0,13
2026-06-05,P013,South,W02,0,11,11,0,5
2026-06-06,P013,South,W02,0,17,17,0,13
2026-06-07,P013,South,W02,0,28,26,2,0
2026-06-08,P013,South,W02,2,10,12,0,13
2026-06-09,P013,South,W02,0,9,9,0,13
2026-06-10,P013,South,W02,0,14,14,0,0
2026-06-11,P013,South,W02,0,12,12,0,5
2026-06-12,P013,South,W02,0,8,8,0,5
2026-06-13,P013,South,W02,0,10,10,0,10
2026-06-14,P013,South,W02,0,16,16,0,11
2026-06-15,P013,South,W02,0,15,15,0,10
2026-06-16,P013,South,W02,0,15,15,0,10
2026-06-17,P013,South,W02,0,16,16,0,11
2026-06-18,P013,South,W02,0,10,10,0,8
2026-06-19,P013,South,W02,0,12,12,0,11
2026-06-20,P013,South,W02,0,26,23,3,0
2026-06-21,P013,South,W02,3,16,19,0,15
2026-06-22,P013,South,W02,0,19,19,0,0
2026-06-23,P013,South,W02,0,16,16,0,8
2026-06-24,P013,South,W02,0,14,14,0,5
2026-06-25,P013,South,W02,0,13,13,0,7
2026-06-26,P013,South,W02,0,20,20,0,8
2026-06-27,P013,South,W02,0,13,13,0,15
2026-06-28,P013,South,W02,0,12,12,0,10
2026-06-29,P013,South,W02,0,13,13,0,14
2026-06-30,P013,South,W02,0,13,13,0,9
2026-01-01,P013,East,W03,599,13,22,590,0
2026-01-02,P013,East,W03,590,15,14,591,0
2026-01-03,P013,East,W03,591,13,16,588,0
2026-01-04,P013,East,W03,588,11,12,587,0
2026-01-05,P013,East,W03,587,19,17,589,0
2026-01-06,P013,East,W03,589,17,16,590,0
2026-01-07,P013,East,W03,590,15,14,591,0
2026-01-08,P013,East,W03,591,10,21,580,0
2026-01-09,P013,East,W03,580,14,24,570,0
2026-01-10,P013,East,W03,570,17,16,571,0
2026-01-11,P013,East,W03,571,14,12,573,0
2026-01-12,P013,East,W03,573,12,21,564,0
2026-01-13,P013,East,W03,564,18,17,565,0
2026-01-14,P013,East,W03,565,16,19,562,0
2026-01-15,P013,East,W03,562,14,18,558,0
2026-01-16,P013,East,W03,558,11,17,552,0
2026-01-17,P013,East,W03,552,21,16,557,0
2026-01-18,P013,East,W03,557,15,9,563,0
2026-01-19,P013,East,W03,563,12,15,560,0
2026-01-20,P013,East,W03,560,15,18,557,0
2026-01-21,P013,East,W03,557,8,17,548,0
2026-01-22,P013,East,W03,548,20,13,555,0
2026-01-23,P013,East,W03,555,20,20,555,0
2026-01-24,P013,East,W03,555,12,15,552,0
2026-01-25,P013,East,W03,552,11,19,544,0
2026-01-26,P013,East,W03,544,23,19,548,0
2026-01-27,P013,East,W03,548,13,20,541,0
2026-01-28,P013,East,W03,541,19,23,537,0
2026-01-29,P013,East,W03,537,19,12,544,0
2026-01-30,P013,East,W03,544,14,23,535,0
2026-01-31,P013,East,W03,535,18,27,526,0
2026-02-01,P013,East,W03,526,19,18,527,0
2026-02-02,P013,East,W03,527,21,19,529,0
2026-02-03,P013,East,W03,529,18,17,530,0
2026-02-04,P013,East,W03,530,14,28,516,0
2026-02-05,P013,East,W03,516,13,23,506,0
2026-02-06,P013,East,W03,506,14,18,502,0
2026-02-07,P013,East,W03,502,16,15,503,0
2026-02-08,P013,East,W03,503,15,20,498,0
2026-02-09,P013,East,W03,498,13,23,488,0
2026-02-10,P013,East,W03,488,12,16,484,0
2026-02-11,P013,East,W03,484,14,13,485,0
2026-02-12,P013,East,W03,485,12,16,481,0
2026-02-13,P013,East,W03,481,20,15,486,0
2026-02-14,P013,East,W03,486,23,15,494,0
2026-02-15,P013,East,W03,494,15,16,493,0
2026-02-16,P013,East,W03,493,15,12,496,0
2026-02-17,P013,East,W03,496,19,19,496,0
2026-02-18,P013,East,W03,496,16,14,498,0
2026-02-19,P013,East,W03,498,16,24,490,0
2026-02-20,P013,East,W03,490,5,16,479,0
2026-02-21,P013,East,W03,479,5,17,467,0
2026-02-22,P013,East,W03,467,3,12,458,0
2026-02-23,P013,East,W03,458,4,16,446,0
2026-02-24,P013,East,W03,446,3,20,429,0
2026-02-25,P013,East,W03,429,2,13,418,0
2026-02-26,P013,East,W03,418,5,20,403,0
2026-02-27,P013,East,W03,403,4,11,396,0
2026-02-28,P013,East,W03,396,7,18,385,0
2026-03-01,P013,East,W03,385,22,15,392,0
2026-03-02,P013,East,W03,392,20,11,401,0
2026-03-03,P013,East,W03,401,17,10,408,0
2026-03-04,P013,East,W03,408,19,17,410,0
2026-03-05,P013,East,W03,410,13,19,404,0
2026-03-06,P013,East,W03,404,19,33,390,0
2026-03-07,P013,East,W03,390,24,11,403,0
2026-03-08,P013,East,W03,403,11,9,405,0
2026-03-09,P013,East,W03,405,15,11,409,0
2026-03-10,P013,East,W03,409,14,13,410,0
2026-03-11,P013,East,W03,410,15,19,406,0
2026-03-12,P013,East,W03,406,11,18,399,0
2026-03-13,P013,East,W03,399,8,17,390,0
2026-03-14,P013,East,W03,390,13,17,386,0
2026-03-15,P013,East,W03,386,18,17,387,0
2026-03-16,P013,East,W03,387,19,22,384,0
2026-03-17,P013,East,W03,384,12,20,376,0
2026-03-18,P013,East,W03,376,14,21,369,0
2026-03-19,P013,East,W03,369,17,21,365,0
2026-03-20,P013,East,W03,365,18,23,360,0
2026-03-21,P013,East,W03,360,12,15,357,0
2026-03-22,P013,East,W03,357,11,20,348,0
2026-03-23,P013,East,W03,348,17,22,343,0
2026-03-24,P013,East,W03,343,14,18,339,0
2026-03-25,P013,East,W03,339,18,11,346,0
2026-03-26,P013,East,W03,346,16,17,345,0
2026-03-27,P013,East,W03,345,16,21,340,0
2026-03-28,P013,East,W03,340,7,24,323,0
2026-03-29,P013,East,W03,323,12,25,310,0
2026-03-30,P013,East,W03,310,14,21,303,0
2026-03-31,P013,East,W03,303,15,17,301,0
2026-04-01,P013,East,W03,301,14,13,302,0
2026-04-02,P013,East,W03,302,16,19,299,0
2026-04-03,P013,East,W03,299,9,15,293,0
2026-04-04,P013,East,W03,293,18,18,293,0
2026-04-05,P013,East,W03,293,15,17,291,0
2026-04-06,P013,East,W03,291,20,19,292,0
2026-04-07,P013,East,W03,292,20,20,292,0
2026-04-08,P013,East,W03,292,10,20,282,0
2026-04-09,P013,East,W03,282,10,24,268,0
2026-04-10,P013,East,W03,268,10,16,262,0
2026-04-11,P013,East,W03,262,18,16,264,0
2026-04-12,P013,East,W03,264,11,14,261,0
2026-04-13,P013,East,W03,261,19,23,257,0
2026-04-14,P013,East,W03,257,17,19,255,0
2026-04-15,P013,East,W03,255,13,18,250,0
2026-04-16,P013,East,W03,250,23,21,252,0
2026-04-17,P013,East,W03,252,9,17,244,0
2026-04-18,P013,East,W03,244,11,22,233,0
2026-04-19,P013,East,W03,233,25,21,237,0
2026-04-20,P013,East,W03,237,10,24,223,0
2026-04-21,P013,East,W03,223,13,10,226,0
2026-04-22,P013,East,W03,226,14,14,226,0
2026-04-23,P013,East,W03,226,21,16,231,0
2026-04-24,P013,East,W03,231,24,18,237,0
2026-04-25,P013,East,W03,237,11,16,232,0
2026-04-26,P013,East,W03,232,13,21,224,0
2026-04-27,P013,East,W03,224,19,15,228,0
2026-04-28,P013,East,W03,228,21,26,223,0
2026-04-29,P013,East,W03,223,12,25,210,0
2026-04-30,P013,East,W03,210,10,20,200,0
2026-05-01,P013,East,W03,200,16,16,200,0
2026-05-02,P013,East,W03,200,15,18,197,0
2026-05-03,P013,East,W03,197,14,18,193,0
2026-05-04,P013,East,W03,193,11,23,181,0
2026-05-05,P013,East,W03,181,9,23,167,0
2026-05-06,P013,East,W03,167,14,22,159,0
2026-05-07,P013,East,W03,159,16,13,162,0
2026-05-08,P013,East,W03,162,21,17,166,0
2026-05-09,P013,East,W03,166,5,20,151,0
2026-05-10,P013,East,W03,151,12,15,148,0
2026-05-11,P013,East,W03,148,12,24,136,0
2026-05-12,P013,East,W03,136,12,22,126,0
2026-05-13,P013,East,W03,126,14,21,119,0
2026-05-14,P013,East,W03,119,20,18,121,0
2026-05-15,P013,East,W03,121,10,23,108,0
2026-05-16,P013,East,W03,108,10,18,100,0
2026-05-17,P013,East,W03,100,17,21,96,0
2026-05-18,P013,East,W03,96,13,13,96,0
2026-05-19,P013,East,W03,96,10,30,76,0
2026-05-20,P013,East,W03,76,15,23,68,0
2026-05-21,P013,East,W03,68,7,27,48,0
2026-05-22,P013,East,W03,48,13,15,46,0
2026-05-23,P013,East,W03,46,9,25,30,0
2026-05-24,P013,East,W03,30,15,18,27,0
2026-05-25,P013,East,W03,27,8,16,19,0
2026-05-26,P013,East,W03,19,19,15,23,0
2026-05-27,P013,East,W03,23,19,33,9,0
2026-05-28,P013,East,W03,9,14,20,3,0
2026-05-29,P013,East,W03,3,14,17,0,11
2026-05-30,P013,East,W03,0,12,12,0,8
2026-05-31,P013,East,W03,0,12,12,0,10
2026-06-01,P013,East,W03,0,22,22,0,9
2026-06-02,P013,East,W03,0,14,14,0,10
2026-06-03,P013,East,W03,0,19,19,0,6
2026-06-04,P013,East,W03,0,11,11,0,9
2026-06-05,P013,East,W03,0,22,14,8,0
2026-06-06,P013,East,W03,8,19,26,1,0
2026-06-07,P013,East,W03,1,17,16,2,0
2026-06-08,P013,East,W03,2,15,17,0,0
2026-06-09,P013,East,W03,0,22,22,0,10
2026-06-10,P013,East,W03,0,15,15,0,10
2026-06-11,P013,East,W03,0,14,14,0,14
2026-06-12,P013,East,W03,0,10,10,0,7
2026-06-13,P013,East,W03,0,18,18,0,12
2026-06-14,P013,East,W03,0,20,20,0,0
2026-06-15,P013,East,W03,0,18,18,0,9
2026-06-16,P013,East,W03,0,17,17,0,6
2026-06-17,P013,East,W03,0,19,18,1,0
2026-06-18,P013,East,W03,1,13,14,0,5
2026-06-19,P013,East,W03,0,21,21,0,13
2026-06-20,P013,East,W03,0,9,9,0,8
2026-06-21,P013,East,W03,0,9,9,0,13
2026-06-22,P013,East,W03,0,9,9,0,4
2026-06-23,P013,East,W03,0,11,11,0,15
2026-06-24,P013,East,W03,0,12,9,3,0
2026-06-25,P013,East,W03,3,15,18,0,13
2026-06-26,P013,East,W03,0,17,14,3,0
2026-06-27,P013,East,W03,3,7,10,0,13
2026-06-28,P013,East,W03,0,9,9,0,4
2026-06-29,P013,East,W03,0,18,16,2,0
2026-06-30,P013,East,W03,2,11,13,0,13
2026-01-01,P013,West,W04,378,12,17,373,0
2026-01-02,P013,West,W04,373,15,21,367,0
2026-01-03,P013,West,W04,367,15,12,370,0
2026-01-04,P013,West,W04,370,16,21,365,0
2026-01-05,P013,West,W04,365,15,17,363,0
2026-01-06,P013,West,W04,363,15,17,361,0
2026-01-07,P013,West,W04,361,8,21,348,0
2026-01-08,P013,West,W04,348,17,16,349,0
2026-01-09,P013,West,W04,349,15,17,347,0
2026-01-10,P013,West,W04,347,11,20,338,0
2026-01-11,P013,West,W04,338,15,18,335,0
2026-01-12,P013,West,W04,335,12,19,328,0
2026-01-13,P013,West,W04,328,17,13,332,0
2026-01-14,P013,West,W04,332,8,24,316,0
2026-01-15,P013,West,W04,316,11,13,314,0
2026-01-16,P013,West,W04,314,21,16,319,0
2026-01-17,P013,West,W04,319,16,20,315,0
2026-01-18,P013,West,W04,315,17,21,311,0
2026-01-19,P013,West,W04,311,15,23,303,0
2026-01-20,P013,West,W04,303,18,15,306,0
2026-01-21,P013,West,W04,306,9,11,304,0
2026-01-22,P013,West,W04,304,18,12,310,0
2026-01-23,P013,West,W04,310,15,19,306,0
2026-01-24,P013,West,W04,306,12,19,299,0
2026-01-25,P013,West,W04,299,28,17,310,0
2026-01-26,P013,West,W04,310,20,19,311,0
2026-01-27,P013,West,W04,311,14,19,306,0
2026-01-28,P013,West,W04,306,14,9,311,0
2026-01-29,P013,West,W04,311,14,18,307,0
2026-01-30,P013,West,W04,307,20,14,313,0
2026-01-31,P013,West,W04,313,22,13,322,0
2026-02-01,P013,West,W04,322,10,18,314,0
2026-02-02,P013,West,W04,314,18,15,317,0
2026-02-03,P013,West,W04,317,14,16,315,0
2026-02-04,P013,West,W04,315,16,20,311,0
2026-02-05,P013,West,W04,311,18,8,321,0
2026-02-06,P013,West,W04,321,15,18,318,0
2026-02-07,P013,West,W04,318,13,16,315,0
2026-02-08,P013,West,W04,315,18,18,315,0
2026-02-09,P013,West,W04,315,17,17,315,0
2026-02-10,P013,West,W04,315,14,22,307,0
2026-02-11,P013,West,W04,307,13,13,307,0
2026-02-12,P013,West,W04,307,8,16,299,0
2026-02-13,P013,West,W04,299,10,17,292,0
2026-02-14,P013,West,W04,292,13,11,294,0
2026-02-15,P013,West,W04,294,14,21,287,0
2026-02-16,P013,West,W04,287,19,15,291,0
2026-02-17,P013,West,W04,291,15,14,292,0
2026-02-18,P013,West,W04,292,19,22,289,0
2026-02-19,P013,West,W04,289,11,23,277,0
2026-02-20,P013,West,W04,277,3,16,264,0
2026-02-21,P013,West,W04,264,3,19,248,0
2026-02-22,P013,West,W04,248,3,14,237,0
2026-02-23,P013,West,W04,237,3,13,227,0
2026-02-24,P013,West,W04,227,3,17,213,0
2026-02-25,P013,West,W04,213,2,14,201,0
2026-02-26,P013,West,W04,201,3,21,183,0
2026-02-27,P013,West,W04,183,4,11,176,0
2026-02-28,P013,West,W04,176,2,20,158,0
2026-03-01,P013,West,W04,158,17,21,154,0
2026-03-02,P013,West,W04,154,20,18,156,0
2026-03-03,P013,West,W04,156,14,17,153,0
2026-03-04,P013,West,W04,153,16,17,152,0
2026-03-05,P013,West,W04,152,19,16,155,0
2026-03-06,P013,West,W04,155,18,10,163,0
2026-03-07,P013,West,W04,163,12,20,155,0
2026-03-08,P013,West,W04,155,19,18,156,0
2026-03-09,P013,West,W04,156,10,23,143,0
2026-03-10,P013,West,W04,143,10,19,134,0
2026-03-11,P013,West,W04,134,15,22,127,0
2026-03-12,P013,West,W04,127,13,18,122,0
2026-03-13,P013,West,W04,122,20,14,128,0
2026-03-14,P013,West,W04,128,16,14,130,0
2026-03-15,P013,West,W04,130,21,13,138,0
2026-03-16,P013,West,W04,138,13,20,131,0
2026-03-17,P013,West,W04,131,13,14,130,0
2026-03-18,P013,West,W04,130,22,18,134,0
2026-03-19,P013,West,W04,134,19,12,141,0
2026-03-20,P013,West,W04,141,21,18,144,0
2026-03-21,P013,West,W04,144,19,16,147,0
2026-03-22,P013,West,W04,147,16,11,152,0
2026-03-23,P013,West,W04,152,16,22,146,0
2026-03-24,P013,West,W04,146,13,11,148,0
2026-03-25,P013,West,W04,148,9,14,143,0
2026-03-26,P013,West,W04,143,13,27,129,0
2026-03-27,P013,West,W04,129,17,26,120,0
2026-03-28,P013,West,W04,120,18,19,119,0
2026-03-29,P013,West,W04,119,14,21,112,0
2026-03-30,P013,West,W04,112,19,35,96,0
2026-03-31,P013,West,W04,96,17,11,102,0
2026-04-01,P013,West,W04,102,12,20,94,0
2026-04-02,P013,West,W04,94,16,20,90,0
2026-04-03,P013,West,W04,90,15,20,85,0
2026-04-04,P013,West,W04,85,16,19,82,0
2026-04-05,P013,West,W04,82,9,25,66,0
2026-04-06,P013,West,W04,66,22,16,72,0
2026-04-07,P013,West,W04,72,19,21,70,0
2026-04-08,P013,West,W04,70,12,12,70,0
2026-04-09,P013,West,W04,70,13,18,65,0
2026-04-10,P013,West,W04,65,16,14,67,0
2026-04-11,P013,West,W04,67,17,23,61,0
2026-04-12,P013,West,W04,61,13,22,52,0
2026-04-13,P013,West,W04,52,23,14,61,0
2026-04-14,P013,West,W04,61,20,24,57,0
2026-04-15,P013,West,W04,57,14,24,47,0
2026-04-16,P013,West,W04,47,20,24,43,0
2026-04-17,P013,West,W04,43,17,5,55,0
2026-04-18,P013,West,W04,55,16,21,50,0
2026-04-19,P013,West,W04,50,12,15,47,0
2026-04-20,P013,West,W04,47,22,27,42,0
2026-04-21,P013,West,W04,42,11,19,34,0
2026-04-22,P013,West,W04,34,12,6,40,0
2026-04-23,P013,West,W04,40,14,13,41,0
2026-04-24,P013,West,W04,41,17,21,37,0
2026-04-25,P013,West,W04,37,8,18,27,0
2026-04-26,P013,West,W04,27,10,18,19,0
2026-04-27,P013,West,W04,19,11,11,19,0
2026-04-28,P013,West,W04,19,19,17,21,0
2026-04-29,P013,West,W04,21,12,18,15,0
2026-04-30,P013,West,W04,15,10,12,13,0
2026-05-01,P013,West,W04,13,19,16,16,0
2026-05-02,P013,West,W04,16,14,20,10,0
2026-05-03,P013,West,W04,10,12,19,3,0
2026-05-04,P013,West,W04,3,15,13,5,0
2026-05-05,P013,West,W04,5,17,22,0,8
2026-05-06,P013,West,W04,0,12,12,0,11
2026-05-07,P013,West,W04,0,18,18,0,13
2026-05-08,P013,West,W04,0,12,12,0,0
2026-05-09,P013,West,W04,0,14,14,0,4
2026-05-10,P013,West,W04,0,12,12,0,13
2026-05-11,P013,West,W04,0,9,9,0,9
2026-05-12,P013,West,W04,0,8,8,0,10
2026-05-13,P013,West,W04,0,18,18,0,8
2026-05-14,P013,West,W04,0,13,13,0,5
2026-05-15,P013,West,W04,0,8,8,0,8
2026-05-16,P013,West,W04,0,12,12,0,5
2026-05-17,P013,West,W04,0,15,15,0,14
2026-05-18,P013,West,W04,0,19,19,0,5
2026-05-19,P013,West,W04,0,12,12,0,13
2026-05-20,P013,West,W04,0,13,13,0,13
2026-05-21,P013,West,W04,0,14,14,0,4
2026-05-22,P013,West,W04,0,16,16,0,6
2026-05-23,P013,West,W04,0,17,16,1,0
2026-05-24,P013,West,W04,1,13,14,0,15
2026-05-25,P013,West,W04,0,10,10,0,10
2026-05-26,P013,West,W04,0,10,10,0,7
2026-05-27,P013,West,W04,0,19,19,0,14
2026-05-28,P013,West,W04,0,25,11,14,0
2026-05-29,P013,West,W04,14,8,22,0,9
2026-05-30,P013,West,W04,0,15,15,0,13
2026-05-31,P013,West,W04,0,16,16,0,12
2026-06-01,P013,West,W04,0,22,15,7,0
2026-06-02,P013,West,W04,7,18,21,4,0
2026-06-03,P013,West,W04,4,19,22,1,0
2026-06-04,P013,West,W04,1,17,18,0,12
2026-06-05,P013,West,W04,0,14,14,0,15
2026-06-06,P013,West,W04,0,22,22,0,11
2026-06-07,P013,West,W04,0,8,8,0,10
2026-06-08,P013,West,W04,0,13,13,0,14
2026-06-09,P013,West,W04,0,10,10,0,13
2026-06-10,P013,West,W04,0,15,15,0,5
2026-06-11,P013,West,W04,0,19,17,2,0
2026-06-12,P013,West,W04,2,13,14,1,0
2026-06-13,P013,West,W04,1,10,11,0,13
2026-06-14,P013,West,W04,0,15,12,3,0
2026-06-15,P013,West,W04,3,14,17,0,8
2026-06-16,P013,West,W04,0,13,13,0,12
2026-06-17,P013,West,W04,0,21,13,8,0
2026-06-18,P013,West,W04,8,15,23,0,8
2026-06-19,P013,West,W04,0,12,12,0,5
2026-06-20,P013,West,W04,0,16,13,3,0
2026-06-21,P013,West,W04,3,18,19,2,0
2026-06-22,P013,West,W04,2,20,13,9,0
2026-06-23,P013,West,W04,9,10,19,0,7
2026-06-24,P013,West,W04,0,13,13,0,5
2026-06-25,P013,West,W04,0,13,13,0,5
2026-06-26,P013,West,W04,0,11,11,0,11
2026-06-27,P013,West,W04,0,13,13,0,7
2026-06-28,P013,West,W04,0,14,14,0,9
2026-06-29,P013,West,W04,0,23,17,6,0
2026-06-30,P013,West,W04,6,16,22,0,4
2026-01-01,P014,North,W01,617,17,22,612,0
2026-01-02,P014,North,W01,612,17,11,618,0
2026-01-03,P014,North,W01,618,22,22,618,0
2026-01-04,P014,North,W01,618,19,12,625,0
2026-01-05,P014,North,W01,625,20,16,629,0
2026-01-06,P014,North,W01,629,11,16,624,0
2026-01-07,P014,North,W01,624,18,17,625,0
2026-01-08,P014,North,W01,625,19,19,625,0
2026-01-09,P014,North,W01,625,18,25,618,0
2026-01-10,P014,North,W01,618,15,19,614,0
2026-01-11,P014,North,W01,614,7,16,605,0
2026-01-12,P014,North,W01,605,17,13,609,0
2026-01-13,P014,North,W01,609,13,20,602,0
2026-01-14,P014,North,W01,602,22,18,606,0
2026-01-15,P014,North,W01,606,15,20,601,0
2026-01-16,P014,North,W01,601,14,14,601,0
2026-01-17,P014,North,W01,601,17,17,601,0
2026-01-18,P014,North,W01,601,13,16,598,0
2026-01-19,P014,North,W01,598,21,17,602,0
2026-01-20,P014,North,W01,602,13,20,595,0
2026-01-21,P014,North,W01,595,20,17,598,0
2026-01-22,P014,North,W01,598,13,20,591,0
2026-01-23,P014,North,W01,591,9,23,577,0
2026-01-24,P014,North,W01,577,11,14,574,0
2026-01-25,P014,North,W01,574,18,14,578,0
2026-01-26,P014,North,W01,578,19,17,580,0
2026-01-27,P014,North,W01,580,22,12,590,0
2026-01-28,P014,North,W01,590,19,15,594,0
2026-01-29,P014,North,W01,594,15,21,588,0
2026-01-30,P014,North,W01,588,15,23,580,0
2026-01-31,P014,North,W01,580,10,19,571,0
2026-02-01,P014,North,W01,571,12,13,570,0
2026-02-02,P014,North,W01,570,13,18,565,0
2026-02-03,P014,North,W01,565,24,15,574,0
2026-02-04,P014,North,W01,574,15,18,571,0
2026-02-05,P014,North,W01,571,24,19,576,0
2026-02-06,P014,North,W01,576,16,18,574,0
2026-02-07,P014,North,W01,574,17,16,575,0
2026-02-08,P014,North,W01,575,15,14,576,0
2026-02-09,P014,North,W01,576,16,15,577,0
2026-02-10,P014,North,W01,577,13,26,564,0
2026-02-11,P014,North,W01,564,14,15,563,0
2026-02-12,P014,North,W01,563,16,20,559,0
2026-02-13,P014,North,W01,559,11,14,556,0
2026-02-14,P014,North,W01,556,13,21,548,0
2026-02-15,P014,North,W01,548,16,20,544,0
2026-02-16,P014,North,W01,544,15,14,545,0
2026-02-17,P014,North,W01,545,19,21,543,0
2026-02-18,P014,North,W01,543,18,17,544,0
2026-02-19,P014,North,W01,544,15,26,533,0
2026-02-20,P014,North,W01,533,4,22,515,0
2026-02-21,P014,North,W01,515,4,9,510,0
2026-02-22,P014,North,W01,510,1,12,499,0
2026-02-23,P014,North,W01,499,4,19,484,0
2026-02-24,P014,North,W01,484,6,19,471,0
2026-02-25,P014,North,W01,471,5,18,458,0
2026-02-26,P014,North,W01,458,2,19,441,0
2026-02-27,P014,North,W01,441,1,14,428,0
2026-02-28,P014,North,W01,428,3,22,409,0
2026-03-01,P014,North,W01,409,11,19,401,0
2026-03-02,P014,North,W01,401,16,22,395,0
2026-03-03,P014,North,W01,395,15,21,389,0
2026-03-04,P014,North,W01,389,12,17,384,0
2026-03-05,P014,North,W01,384,13,20,377,0
2026-03-06,P014,North,W01,377,14,18,373,0
2026-03-07,P014,North,W01,373,17,24,366,0
2026-03-08,P014,North,W01,366,15,15,366,0
2026-03-09,P014,North,W01,366,8,19,355,0
2026-03-10,P014,North,W01,355,12,20,347,0
2026-03-11,P014,North,W01,347,15,15,347,0
2026-03-12,P014,North,W01,347,9,14,342,0
2026-03-13,P014,North,W01,342,16,14,344,0
2026-03-14,P014,North,W01,344,20,18,346,0
2026-03-15,P014,North,W01,346,17,20,343,0
2026-03-16,P014,North,W01,343,12,17,338,0
2026-03-17,P014,North,W01,338,17,18,337,0
2026-03-18,P014,North,W01,337,14,23,328,0
2026-03-19,P014,North,W01,328,13,14,327,0
2026-03-20,P014,North,W01,327,11,25,313,0
2026-03-21,P014,North,W01,313,19,18,314,0
2026-03-22,P014,North,W01,314,20,14,320,0
2026-03-23,P014,North,W01,320,16,13,323,0
2026-03-24,P014,North,W01,323,20,16,327,0
2026-03-25,P014,North,W01,327,9,14,322,0
2026-03-26,P014,North,W01,322,11,13,320,0
2026-03-27,P014,North,W01,320,18,18,320,0
2026-03-28,P014,North,W01,320,9,15,314,0
2026-03-29,P014,North,W01,314,8,24,298,0
2026-03-30,P014,North,W01,298,14,18,294,0
2026-03-31,P014,North,W01,294,17,28,283,0
2026-04-01,P014,North,W01,283,13,14,282,0
2026-04-02,P014,North,W01,282,19,22,279,0
2026-04-03,P014,North,W01,279,15,14,280,0
2026-04-04,P014,North,W01,280,17,19,278,0
2026-04-05,P014,North,W01,278,17,28,267,0
2026-04-06,P014,North,W01,267,15,24,258,0
2026-04-07,P014,North,W01,258,11,21,248,0
2026-04-08,P014,North,W01,248,11,20,239,0
2026-04-09,P014,North,W01,239,13,16,236,0
2026-04-10,P014,North,W01,236,13,12,237,0
2026-04-11,P014,North,W01,237,14,15,236,0
2026-04-12,P014,North,W01,236,16,17,235,0
2026-04-13,P014,North,W01,235,2,21,216,0
2026-04-14,P014,North,W01,216,13,15,214,0
2026-04-15,P014,North,W01,214,16,15,215,0
2026-04-16,P014,North,W01,215,18,16,217,0
2026-04-17,P014,North,W01,217,17,17,217,0
2026-04-18,P014,North,W01,217,14,25,206,0
2026-04-19,P014,North,W01,206,11,11,206,0
2026-04-20,P014,North,W01,206,10,13,203,0
2026-04-21,P014,North,W01,203,13,16,200,0
2026-04-22,P014,North,W01,200,13,27,186,0
2026-04-23,P014,North,W01,186,22,14,194,0
2026-04-24,P014,North,W01,194,12,20,186,0
2026-04-25,P014,North,W01,186,19,16,189,0
2026-04-26,P014,North,W01,189,17,23,183,0
2026-04-27,P014,North,W01,183,16,22,177,0
2026-04-28,P014,North,W01,177,12,25,164,0
2026-04-29,P014,North,W01,164,16,27,153,0
2026-04-30,P014,North,W01,153,9,19,143,0
2026-05-01,P014,North,W01,143,15,16,142,0
2026-05-02,P014,North,W01,142,16,15,143,0
2026-05-03,P014,North,W01,143,13,15,141,0
2026-05-04,P014,North,W01,141,21,20,142,0
2026-05-05,P014,North,W01,142,16,17,141,0
2026-05-06,P014,North,W01,141,12,17,136,0
2026-05-07,P014,North,W01,136,16,17,135,0
2026-05-08,P014,North,W01,135,12,13,134,0
2026-05-09,P014,North,W01,134,22,16,140,0
2026-05-10,P014,North,W01,140,15,26,129,0
2026-05-11,P014,North,W01,129,10,15,124,0
2026-05-12,P014,North,W01,124,14,13,125,0
2026-05-13,P014,North,W01,125,16,19,122,0
2026-05-14,P014,North,W01,122,24,18,128,0
2026-05-15,P014,North,W01,128,12,19,121,0
2026-05-16,P014,North,W01,121,15,16,120,0
2026-05-17,P014,North,W01,120,12,25,107,0
2026-05-18,P014,North,W01,107,12,14,105,0
2026-05-19,P014,North,W01,105,18,28,95,0
2026-05-20,P014,North,W01,95,17,19,93,0
2026-05-21,P014,North,W01,93,16,19,90,0
2026-05-22,P014,North,W01,90,17,24,83,0
2026-05-23,P014,North,W01,83,15,21,77,0
2026-05-24,P014,North,W01,77,25,19,83,0
2026-05-25,P014,North,W01,83,13,26,70,0
2026-05-26,P014,North,W01,70,15,18,67,0
2026-05-27,P014,North,W01,67,17,17,67,0
2026-05-28,P014,North,W01,67,22,22,67,0
2026-05-29,P014,North,W01,67,8,21,54,0
2026-05-30,P014,North,W01,54,15,21,48,0
2026-05-31,P014,North,W01,48,18,18,48,0
2026-06-01,P014,North,W01,48,11,16,43,0
2026-06-02,P014,North,W01,43,14,20,37,0
2026-06-03,P014,North,W01,37,9,13,33,0
2026-06-04,P014,North,W01,33,15,13,35,0
2026-06-05,P014,North,W01,35,15,16,34,0
2026-06-06,P014,North,W01,34,18,17,35,0
2026-06-07,P014,North,W01,35,11,16,30,0
2026-06-08,P014,North,W01,30,14,18,26,0
2026-06-09,P014,North,W01,26,12,19,19,0
2026-06-10,P014,North,W01,19,11,18,12,0
2026-06-11,P014,North,W01,12,12,24,0,15
2026-06-12,P014,North,W01,0,11,11,0,5
2026-06-13,P014,North,W01,0,13,13,0,9
2026-06-14,P014,North,W01,0,11,11,0,10
2026-06-15,P014,North,W01,0,18,18,0,13
2026-06-16,P014,North,W01,0,13,13,0,15
2026-06-17,P014,North,W01,0,16,16,0,11
2026-06-18,P014,North,W01,0,16,16,0,15
2026-06-19,P014,North,W01,0,15,15,0,8
2026-06-20,P014,North,W01,0,19,19,0,12
2026-06-21,P014,North,W01,0,17,17,0,14
2026-06-22,P014,North,W01,0,21,21,0,6
2026-06-23,P014,North,W01,0,14,14,0,7
2026-06-24,P014,North,W01,0,21,20,1,0
2026-06-25,P014,North,W01,1,14,15,0,5
2026-06-26,P014,North,W01,0,15,15,0,5
2026-06-27,P014,North,W01,0,18,18,0,11
2026-06-28,P014,North,W01,0,13,13,0,0
2026-06-29,P014,North,W01,0,12,12,0,4
2026-06-30,P014,North,W01,0,13,13,0,4
2026-01-01,P014,South,W02,622,16,16,622,0
2026-01-02,P014,South,W02,622,14,16,620,0
2026-01-03,P014,South,W02,620,14,22,612,0
2026-01-04,P014,South,W02,612,16,18,610,0
2026-01-05,P014,South,W02,610,11,21,600,0
2026-01-06,P014,South,W02,600,23,16,607,0
2026-01-07,P014,South,W02,607,15,13,609,0
2026-01-08,P014,South,W02,609,18,14,613,0
2026-01-09,P014,South,W02,613,12,18,607,0
2026-01-10,P014,South,W02,607,15,11,611,0
2026-01-11,P014,South,W02,611,20,20,611,0
2026-01-12,P014,South,W02,611,7,20,598,0
2026-01-13,P014,South,W02,598,10,18,590,0
2026-01-14,P014,South,W02,590,16,22,584,0
2026-01-15,P014,South,W02,584,16,15,585,0
2026-01-16,P014,South,W02,585,16,16,585,0
2026-01-17,P014,South,W02,585,15,10,590,0
2026-01-18,P014,South,W02,590,16,18,588,0
2026-01-19,P014,South,W02,588,14,15,587,0
2026-01-20,P014,South,W02,587,5,16,576,0
2026-01-21,P014,South,W02,576,9,13,572,0
2026-01-22,P014,South,W02,572,20,17,575,0
2026-01-23,P014,South,W02,575,16,19,572,0
2026-01-24,P014,South,W02,572,11,17,566,0
2026-01-25,P014,South,W02,566,16,13,569,0
2026-01-26,P014,South,W02,569,12,19,562,0
2026-01-27,P014,South,W02,562,14,23,553,0
2026-01-28,P014,South,W02,553,20,22,551,0
2026-01-29,P014,South,W02,551,11,16,546,0
2026-01-30,P014,South,W02,546,15,15,546,0
2026-01-31,P014,South,W02,546,10,21,535,0
2026-02-01,P014,South,W02,535,20,23,532,0
2026-02-02,P014,South,W02,532,14,23,523,0
2026-02-03,P014,South,W02,523,14,20,517,0
2026-02-04,P014,South,W02,517,18,18,517,0
2026-02-05,P014,South,W02,517,13,27,503,0
2026-02-06,P014,South,W02,503,19,14,508,0
2026-02-07,P014,South,W02,508,15,11,512,0
2026-02-08,P014,South,W02,512,10,20,502,0
2026-02-09,P014,South,W02,502,13,11,504,0
2026-02-10,P014,South,W02,504,24,17,511,0
2026-02-11,P014,South,W02,511,21,21,511,0
2026-02-12,P014,South,W02,511,14,16,509,0
2026-02-13,P014,South,W02,509,23,20,512,0
2026-02-14,P014,South,W02,512,13,23,502,0
2026-02-15,P014,South,W02,502,13,19,496,0
2026-02-16,P014,South,W02,496,10,13,493,0
2026-02-17,P014,South,W02,493,23,16,500,0
2026-02-18,P014,South,W02,500,19,24,495,0
2026-02-19,P014,South,W02,495,17,11,501,0
2026-02-20,P014,South,W02,501,3,27,477,0
2026-02-21,P014,South,W02,477,3,15,465,0
2026-02-22,P014,South,W02,465,3,18,450,0
2026-02-23,P014,South,W02,450,2,15,437,0
2026-02-24,P014,South,W02,437,3,17,423,0
2026-02-25,P014,South,W02,423,3,21,405,0
2026-02-26,P014,South,W02,405,2,18,389,0
2026-02-27,P014,South,W02,389,5,19,375,0
2026-02-28,P014,South,W02,375,2,23,354,0
2026-03-01,P014,South,W02,354,14,29,339,0
2026-03-02,P014,South,W02,339,9,16,332,0
2026-03-03,P014,South,W02,332,16,20,328,0
2026-03-04,P014,South,W02,328,15,18,325,0
2026-03-05,P014,South,W02,325,13,20,318,0
2026-03-06,P014,South,W02,318,11,17,312,0
2026-03-07,P014,South,W02,312,12,20,304,0
2026-03-08,P014,South,W02,304,15,10,309,0
2026-03-09,P014,South,W02,309,19,15,313,0
2026-03-10,P014,South,W02,313,13,25,301,0
2026-03-11,P014,South,W02,301,14,14,301,0
2026-03-12,P014,South,W02,301,21,24,298,0
2026-03-13,P014,South,W02,298,19,22,295,0
2026-03-14,P014,South,W02,295,14,22,287,0
2026-03-15,P014,South,W02,287,19,20,286,0
2026-03-16,P014,South,W02,286,13,25,274,0
2026-03-17,P014,South,W02,274,14,10,278,0
2026-03-18,P014,South,W02,278,7,16,269,0
2026-03-19,P014,South,W02,269,15,22,262,0
2026-03-20,P014,South,W02,262,20,21,261,0
2026-03-21,P014,South,W02,261,18,23,256,0
2026-03-22,P014,South,W02,256,10,15,251,0
2026-03-23,P014,South,W02,251,16,18,249,0
2026-03-24,P014,South,W02,249,11,17,243,0
2026-03-25,P014,South,W02,243,17,14,246,0
2026-03-26,P014,South,W02,246,14,17,243,0
2026-03-27,P014,South,W02,243,10,28,225,0
2026-03-28,P014,South,W02,225,9,22,212,0
2026-03-29,P014,South,W02,212,19,14,217,0
2026-03-30,P014,South,W02,217,15,21,211,0
2026-03-31,P014,South,W02,211,12,24,199,0
2026-04-01,P014,South,W02,199,13,11,201,0
2026-04-02,P014,South,W02,201,12,17,196,0
2026-04-03,P014,South,W02,196,21,18,199,0
2026-04-04,P014,South,W02,199,13,21,191,0
2026-04-05,P014,South,W02,191,12,15,188,0
2026-04-06,P014,South,W02,188,23,20,191,0
2026-04-07,P014,South,W02,191,14,14,191,0
2026-04-08,P014,South,W02,191,15,15,191,0
2026-04-09,P014,South,W02,191,14,19,186,0
2026-04-10,P014,South,W02,186,17,14,189,0
2026-04-11,P014,South,W02,189,14,16,187,0
2026-04-12,P014,South,W02,187,14,26,175,0
2026-04-13,P014,South,W02,175,19,23,171,0
2026-04-14,P014,South,W02,171,15,15,171,0
2026-04-15,P014,South,W02,171,18,14,175,0
2026-04-16,P014,South,W02,175,18,19,174,0
2026-04-17,P014,South,W02,174,11,15,170,0
2026-04-18,P014,South,W02,170,14,19,165,0
2026-04-19,P014,South,W02,165,17,24,158,0
2026-04-20,P014,South,W02,158,12,27,143,0
2026-04-21,P014,South,W02,143,14,17,140,0
2026-04-22,P014,South,W02,140,13,17,136,0
2026-04-23,P014,South,W02,136,13,18,131,0
2026-04-24,P014,South,W02,131,17,13,135,0
2026-04-25,P014,South,W02,135,11,16,130,0
2026-04-26,P014,South,W02,130,10,24,116,0
2026-04-27,P014,South,W02,116,15,14,117,0
2026-04-28,P014,South,W02,117,12,19,110,0
2026-04-29,P014,South,W02,110,17,16,111,0
2026-04-30,P014,South,W02,111,11,24,98,0
2026-05-01,P014,South,W02,98,12,20,90,0
2026-05-02,P014,South,W02,90,6,19,77,0
2026-05-03,P014,South,W02,77,14,19,72,0
2026-05-04,P014,South,W02,72,17,19,70,0
2026-05-05,P014,South,W02,70,8,18,60,0
2026-05-06,P014,South,W02,60,18,15,63,0
2026-05-07,P014,South,W02,63,14,21,56,0
2026-05-08,P014,South,W02,56,19,18,57,0
2026-05-09,P014,South,W02,57,16,21,52,0
2026-05-10,P014,South,W02,52,11,29,34,0
2026-05-11,P014,South,W02,34,19,20,33,0
2026-05-12,P014,South,W02,33,17,20,30,0
2026-05-13,P014,South,W02,30,13,18,25,0
2026-05-14,P014,South,W02,25,21,14,32,0
2026-05-15,P014,South,W02,32,23,13,42,0
2026-05-16,P014,South,W02,42,14,19,37,0
2026-05-17,P014,South,W02,37,11,18,30,0
2026-05-18,P014,South,W02,30,15,26,19,0
2026-05-19,P014,South,W02,19,23,19,23,0
2026-05-20,P014,South,W02,23,17,18,22,0
2026-05-21,P014,South,W02,22,12,24,10,0
2026-05-22,P014,South,W02,10,6,16,0,5
2026-05-23,P014,South,W02,0,16,11,5,0
2026-05-24,P014,South,W02,5,19,22,2,0
2026-05-25,P014,South,W02,2,16,18,0,7
2026-05-26,P014,South,W02,0,12,12,0,11
2026-05-27,P014,South,W02,0,19,18,1,0
2026-05-28,P014,South,W02,1,13,14,0,15
2026-05-29,P014,South,W02,0,23,22,1,0
2026-05-30,P014,South,W02,1,17,18,0,7
2026-05-31,P014,South,W02,0,18,18,0,14
2026-06-01,P014,South,W02,0,12,12,0,13
2026-06-02,P014,South,W02,0,11,11,0,11
2026-06-03,P014,South,W02,0,14,12,2,0
2026-06-04,P014,South,W02,2,21,18,5,0
2026-06-05,P014,South,W02,5,5,10,0,15
2026-06-06,P014,South,W02,0,10,10,0,13
2026-06-07,P014,South,W02,0,15,15,0,12
2026-06-08,P014,South,W02,0,15,15,0,11
2026-06-09,P014,South,W02,0,12,12,0,11
2026-06-10,P014,South,W02,0,17,17,0,14
2026-06-11,P014,South,W02,0,12,12,0,0
2026-06-12,P014,South,W02,0,16,16,0,15
2026-06-13,P014,South,W02,0,18,18,0,4
2026-06-14,P014,South,W02,0,13,13,0,12
2026-06-15,P014,South,W02,0,16,16,0,5
2026-06-16,P014,South,W02,0,13,13,0,11
2026-06-17,P014,South,W02,0,17,17,0,6
2026-06-18,P014,South,W02,0,10,10,0,5
2026-06-19,P014,South,W02,0,12,12,0,7
2026-06-20,P014,South,W02,0,13,13,0,6
2026-06-21,P014,South,W02,0,14,14,0,6
2026-06-22,P014,South,W02,0,11,11,0,10
2026-06-23,P014,South,W02,0,14,14,0,7
2026-06-24,P014,South,W02,0,17,17,0,15
2026-06-25,P014,South,W02,0,16,14,2,0
2026-06-26,P014,South,W02,2,16,18,0,7
2026-06-27,P014,South,W02,0,24,21,3,0
2026-06-28,P014,South,W02,3,22,20,5,0
2026-06-29,P014,South,W02,5,17,22,0,10
2026-06-30,P014,South,W02,0,15,15,0,9
2026-01-01,P014,East,W03,406,19,16,409,0
2026-01-02,P014,East,W03,409,16,23,402,0
2026-01-03,P014,East,W03,402,7,19,390,0
2026-01-04,P014,East,W03,390,12,23,379,0
2026-01-05,P014,East,W03,379,23,25,377,0
2026-01-06,P014,East,W03,377,13,18,372,0
2026-01-07,P014,East,W03,372,17,20,369,0
2026-01-08,P014,East,W03,369,17,19,367,0
2026-01-09,P014,East,W03,367,17,18,366,0
2026-01-10,P014,East,W03,366,14,10,370,0
2026-01-11,P014,East,W03,370,8,17,361,0
2026-01-12,P014,East,W03,361,16,27,350,0
2026-01-13,P014,East,W03,350,19,18,351,0
2026-01-14,P014,East,W03,351,8,23,336,0
2026-01-15,P014,East,W03,336,12,24,324,0
2026-01-16,P014,East,W03,324,19,24,319,0
2026-01-17,P014,East,W03,319,13,19,313,0
2026-01-18,P014,East,W03,313,18,19,312,0
2026-01-19,P014,East,W03,312,19,19,312,0
2026-01-20,P014,East,W03,312,14,20,306,0
2026-01-21,P014,East,W03,306,19,16,309,0
2026-01-22,P014,East,W03,309,10,21,298,0
2026-01-23,P014,East,W03,298,9,17,290,0
2026-01-24,P014,East,W03,290,15,17,288,0
2026-01-25,P014,East,W03,288,20,15,293,0
2026-01-26,P014,East,W03,293,17,19,291,0
2026-01-27,P014,East,W03,291,17,20,288,0
2026-01-28,P014,East,W03,288,17,16,289,0
2026-01-29,P014,East,W03,289,17,22,284,0
2026-01-30,P014,East,W03,284,12,19,277,0
2026-01-31,P014,East,W03,277,15,18,274,0
2026-02-01,P014,East,W03,274,13,13,274,0
2026-02-02,P014,East,W03,274,13,22,265,0
2026-02-03,P014,East,W03,265,13,14,264,0
2026-02-04,P014,East,W03,264,15,12,267,0
2026-02-05,P014,East,W03,267,11,17,261,0
2026-02-06,P014,East,W03,261,8,19,250,0
2026-02-07,P014,East,W03,250,13,14,249,0
2026-02-08,P014,East,W03,249,16,17,248,0
2026-02-09,P014,East,W03,248,11,12,247,0
2026-02-10,P014,East,W03,247,20,25,242,0
2026-02-11,P014,East,W03,242,16,20,238,0
2026-02-12,P014,East,W03,238,8,17,229,0
2026-02-13,P014,East,W03,229,11,15,225,0
2026-02-14,P014,East,W03,225,16,23,218,0
2026-02-15,P014,East,W03,218,13,18,213,0
2026-02-16,P014,East,W03,213,8,24,197,0
2026-02-17,P014,East,W03,197,8,18,187,0
2026-02-18,P014,East,W03,187,9,18,178,0
2026-02-19,P014,East,W03,178,12,18,172,0
2026-02-20,P014,East,W03,172,2,16,158,0
2026-02-21,P014,East,W03,158,4,24,138,0
2026-02-22,P014,East,W03,138,2,16,124,0
2026-02-23,P014,East,W03,124,4,18,110,0
2026-02-24,P014,East,W03,110,4,17,97,0
2026-02-25,P014,East,W03,97,3,12,88,0
2026-02-26,P014,East,W03,88,4,18,74,0
2026-02-27,P014,East,W03,74,4,25,53,0
2026-02-28,P014,East,W03,53,4,20,37,0
2026-03-01,P014,East,W03,37,13,20,30,0
2026-03-02,P014,East,W03,30,9,15,24,0
2026-03-03,P014,East,W03,24,8,10,22,0
2026-03-04,P014,East,W03,22,16,22,16,0
2026-03-05,P014,East,W03,16,16,21,11,0
2026-03-06,P014,East,W03,11,14,17,8,0
2026-03-07,P014,East,W03,8,13,11,10,0
2026-03-08,P014,East,W03,10,15,16,9,0
2026-03-09,P014,East,W03,9,21,12,18,0
2026-03-10,P014,East,W03,18,11,20,9,0
2026-03-11,P014,East,W03,9,19,18,10,0
2026-03-12,P014,East,W03,10,14,18,6,0
2026-03-13,P014,East,W03,6,11,17,0,0
2026-03-14,P014,East,W03,0,20,20,0,8
2026-03-15,P014,East,W03,0,11,11,0,12
2026-03-16,P014,East,W03,0,15,15,0,15
2026-03-17,P014,East,W03,0,14,10,4,0
2026-03-18,P014,East,W03,4,10,9,5,0
2026-03-19,P014,East,W03,5,15,20,0,14
2026-03-20,P014,East,W03,0,9,9,0,5
2026-03-21,P014,East,W03,0,11,11,0,8
2026-03-22,P014,East,W03,0,9,9,0,13
2026-03-23,P014,East,W03,0,17,17,0,7
2026-03-24,P014,East,W03,0,14,14,0,15
2026-03-25,P014,East,W03,0,15,15,0,15
2026-03-26,P014,East,W03,0,15,15,0,8
2026-03-27,P014,East,W03,0,15,13,2,0
2026-03-28,P014,East,W03,2,17,19,0,0
2026-03-29,P014,East,W03,0,10,10,0,12
2026-03-30,P014,East,W03,0,10,10,0,9
2026-03-31,P014,East,W03,0,9,9,0,10
2026-04-01,P014,East,W03,0,16,16,0,14
2026-04-02,P014,East,W03,0,23,18,5,0
2026-04-03,P014,East,W03,5,19,21,3,0
2026-04-04,P014,East,W03,3,21,22,2,0
2026-04-05,P014,East,W03,2,16,12,6,0
2026-04-06,P014,East,W03,6,20,16,10,0
2026-04-07,P014,East,W03,10,15,16,9,0
2026-04-08,P014,East,W03,9,11,20,0,4
2026-04-09,P014,East,W03,0,19,14,5,0
2026-04-10,P014,East,W03,5,18,19,4,0
2026-04-11,P014,East,W03,4,15,19,0,11
2026-04-12,P014,East,W03,0,18,18,0,14
2026-04-13,P014,East,W03,0,14,10,4,0
2026-04-14,P014,East,W03,4,11,14,1,0
2026-04-15,P014,East,W03,1,19,17,3,0
2026-04-16,P014,East,W03,3,15,15,3,0
2026-04-17,P014,East,W03,3,18,17,4,0
2026-04-18,P014,East,W03,4,16,16,4,0
2026-04-19,P014,East,W03,4,10,14,0,12
2026-04-20,P014,East,W03,0,16,16,0,7
2026-04-21,P014,East,W03,0,9,9,0,7
2026-04-22,P014,East,W03,0,21,11,10,0
2026-04-23,P014,East,W03,10,15,15,10,0
2026-04-24,P014,East,W03,10,18,17,11,0
2026-04-25,P014,East,W03,11,15,20,6,0
2026-04-26,P014,East,W03,6,13,19,0,0
2026-04-27,P014,East,W03,0,17,17,0,11
2026-04-28,P014,East,W03,0,16,11,5,0
2026-04-29,P014,East,W03,5,10,15,0,10
2026-04-30,P014,East,W03,0,14,14,0,12
2026-05-01,P014,East,W03,0,6,6,0,4
2026-05-02,P014,East,W03,0,11,11,0,5
2026-05-03,P014,East,W03,0,12,12,0,11
2026-05-04,P014,East,W03,0,17,17,0,7
2026-05-05,P014,East,W03,0,15,15,0,15
2026-05-06,P014,East,W03,0,9,9,0,8
2026-05-07,P014,East,W03,0,18,18,0,13
2026-05-08,P014,East,W03,0,19,18,1,0
2026-05-09,P014,East,W03,1,17,18,0,6
2026-05-10,P014,East,W03,0,27,14,13,0
2026-05-11,P014,East,W03,13,23,19,17,0
2026-05-12,P014,East,W03,17,10,16,11,0
2026-05-13,P014,East,W03,11,19,23,7,0
2026-05-14,P014,East,W03,7,15,19,3,0
2026-05-15,P014,East,W03,3,15,18,0,6
2026-05-16,P014,East,W03,0,11,11,0,14
2026-05-17,P014,East,W03,0,13,13,0,14
2026-05-18,P014,East,W03,0,14,14,0,8
2026-05-19,P014,East,W03,0,14,14,0,6
2026-05-20,P014,East,W03,0,22,20,2,0
2026-05-21,P014,East,W03,2,16,18,0,14
2026-05-22,P014,East,W03,0,9,9,0,13
2026-05-23,P014,East,W03,0,11,11,0,10
2026-05-24,P014,East,W03,0,18,18,0,0
2026-05-25,P014,East,W03,0,11,11,0,9
2026-05-26,P014,East,W03,0,14,14,0,14
2026-05-27,P014,East,W03,0,14,14,0,15
2026-05-28,P014,East,W03,0,19,15,4,0
2026-05-29,P014,East,W03,4,22,24,2,0
2026-05-30,P014,East,W03,2,17,14,5,0
2026-05-31,P014,East,W03,5,11,16,0,0
2026-06-01,P014,East,W03,0,17,17,0,13
2026-06-02,P014,East,W03,0,12,12,0,5
2026-06-03,P014,East,W03,0,12,12,0,10
2026-06-04,P014,East,W03,0,16,16,0,8
2026-06-05,P014,East,W03,0,15,15,0,14
2026-06-06,P014,East,W03,0,23,23,0,6
2026-06-07,P014,East,W03,0,13,13,0,10
2026-06-08,P014,East,W03,0,13,13,0,4
2026-06-09,P014,East,W03,0,13,13,0,13
2026-06-10,P014,East,W03,0,15,15,0,10
2026-06-11,P014,East,W03,0,12,12,0,13
2026-06-12,P014,East,W03,0,8,8,0,5
2026-06-13,P014,East,W03,0,11,11,0,15
2026-06-14,P014,East,W03,0,24,16,8,0
2026-06-15,P014,East,W03,8,17,17,8,0
2026-06-16,P014,East,W03,8,15,23,0,8
2026-06-17,P014,East,W03,0,15,15,0,11
2026-06-18,P014,East,W03,0,15,15,0,15
2026-06-19,P014,East,W03,0,22,18,4,0
2026-06-20,P014,East,W03,4,13,11,6,0
2026-06-21,P014,East,W03,6,12,18,0,13
2026-06-22,P014,East,W03,0,11,11,0,4
2026-06-23,P014,East,W03,0,19,19,0,14
2026-06-24,P014,East,W03,0,14,14,0,6
2026-06-25,P014,East,W03,0,11,11,0,15
2026-06-26,P014,East,W03,0,23,19,4,0
2026-06-27,P014,East,W03,4,12,16,0,6
2026-06-28,P014,East,W03,0,17,17,0,11
2026-06-29,P014,East,W03,0,14,14,0,4
2026-06-30,P014,East,W03,0,12,12,0,12
2026-01-01,P014,West,W04,688,21,21,688,0
2026-01-02,P014,West,W04,688,15,17,686,0
2026-01-03,P014,West,W04,686,18,19,685,0
2026-01-04,P014,West,W04,685,14,16,683,0
2026-01-05,P014,West,W04,683,14,15,682,0
2026-01-06,P014,West,W04,682,13,16,679,0
2026-01-07,P014,West,W04,679,17,29,667,0
2026-01-08,P014,West,W04,667,14,19,662,0
2026-01-09,P014,West,W04,662,19,24,657,0
2026-01-10,P014,West,W04,657,19,16,660,0
2026-01-11,P014,West,W04,660,14,21,653,0
2026-01-12,P014,West,W04,653,16,21,648,0
2026-01-13,P014,West,W04,648,23,20,651,0
2026-01-14,P014,West,W04,651,20,24,647,0
2026-01-15,P014,West,W04,647,3,8,642,0
2026-01-16,P014,West,W04,642,12,24,630,0
2026-01-17,P014,West,W04,630,19,20,629,0
2026-01-18,P014,West,W04,629,9,22,616,0
2026-01-19,P014,West,W04,616,15,24,607,0
2026-01-20,P014,West,W04,607,16,23,600,0
2026-01-21,P014,West,W04,600,24,18,606,0
2026-01-22,P014,West,W04,606,21,19,608,0
2026-01-23,P014,West,W04,608,14,17,605,0
2026-01-24,P014,West,W04,605,10,15,600,0
2026-01-25,P014,West,W04,600,19,17,602,0
2026-01-26,P014,West,W04,602,13,17,598,0
2026-01-27,P014,West,W04,598,18,17,599,0
2026-01-28,P014,West,W04,599,23,18,604,0
2026-01-29,P014,West,W04,604,19,26,597,0
2026-01-30,P014,West,W04,597,15,10,602,0
2026-01-31,P014,West,W04,602,18,20,600,0
2026-02-01,P014,West,W04,600,13,13,600,0
2026-02-02,P014,West,W04,600,12,20,592,0
2026-02-03,P014,West,W04,592,15,20,587,0
2026-02-04,P014,West,W04,587,22,14,595,0
2026-02-05,P014,West,W04,595,17,19,593,0
2026-02-06,P014,West,W04,593,12,15,590,0
2026-02-07,P014,West,W04,590,10,15,585,0
2026-02-08,P014,West,W04,585,12,12,585,0
2026-02-09,P014,West,W04,585,6,19,572,0
2026-02-10,P014,West,W04,572,13,17,568,0
2026-02-11,P014,West,W04,568,16,20,564,0
2026-02-12,P014,West,W04,564,13,18,559,0
2026-02-13,P014,West,W04,559,12,24,547,0
2026-02-14,P014,West,W04,547,12,20,539,0
2026-02-15,P014,West,W04,539,6,19,526,0
2026-02-16,P014,West,W04,526,12,9,529,0
2026-02-17,P014,West,W04,529,14,21,522,0
2026-02-18,P014,West,W04,522,15,18,519,0
2026-02-19,P014,West,W04,519,15,12,522,0
2026-02-20,P014,West,W04,522,2,12,512,0
2026-02-21,P014,West,W04,512,4,20,496,0
2026-02-22,P014,West,W04,496,4,24,476,0
2026-02-23,P014,West,W04,476,2,13,465,0
2026-02-24,P014,West,W04,465,1,25,441,0
2026-02-25,P014,West,W04,441,4,23,422,0
2026-02-26,P014,West,W04,422,2,23,401,0
2026-02-27,P014,West,W04,401,5,10,396,0
2026-02-28,P014,West,W04,396,1,15,382,0
2026-03-01,P014,West,W04,382,12,9,385,0
2026-03-02,P014,West,W04,385,11,19,377,0
2026-03-03,P014,West,W04,377,19,15,381,0
2026-03-04,P014,West,W04,381,12,17,376,0
2026-03-05,P014,West,W04,376,15,17,374,0
2026-03-06,P014,West,W04,374,15,16,373,0
2026-03-07,P014,West,W04,373,13,16,370,0
2026-03-08,P014,West,W04,370,12,23,359,0
2026-03-09,P014,West,W04,359,14,32,341,0
2026-03-10,P014,West,W04,341,7,20,328,0
2026-03-11,P014,West,W04,328,12,17,323,0
2026-03-12,P014,West,W04,323,20,14,329,0
2026-03-13,P014,West,W04,329,15,13,331,0
2026-03-14,P014,West,W04,331,9,19,321,0
2026-03-15,P014,West,W04,321,14,16,319,0
2026-03-16,P014,West,W04,319,20,17,322,0
2026-03-17,P014,West,W04,322,9,18,313,0
2026-03-18,P014,West,W04,313,11,8,316,0
2026-03-19,P014,West,W04,316,20,20,316,0
2026-03-20,P014,West,W04,316,13,19,310,0
2026-03-21,P014,West,W04,310,15,13,312,0
2026-03-22,P014,West,W04,312,9,21,300,0
2026-03-23,P014,West,W04,300,11,17,294,0
2026-03-24,P014,West,W04,294,14,20,288,0
2026-03-25,P014,West,W04,288,16,22,282,0
2026-03-26,P014,West,W04,282,13,14,281,0
2026-03-27,P014,West,W04,281,9,18,272,0
2026-03-28,P014,West,W04,272,18,12,278,0
2026-03-29,P014,West,W04,278,12,14,276,0
2026-03-30,P014,West,W04,276,15,15,276,0
2026-03-31,P014,West,W04,276,14,22,268,0
2026-04-01,P014,West,W04,268,20,16,272,0
2026-04-02,P014,West,W04,272,14,17,269,0
2026-04-03,P014,West,W04,269,17,15,271,0
2026-04-04,P014,West,W04,271,13,16,268,0
2026-04-05,P014,West,W04,268,18,16,270,0
2026-04-06,P014,West,W04,270,13,16,267,0
2026-04-07,P014,West,W04,267,10,17,260,0
2026-04-08,P014,West,W04,260,13,12,261,0
2026-04-09,P014,West,W04,261,15,15,261,0
2026-04-10,P014,West,W04,261,14,22,253,0
2026-04-11,P014,West,W04,253,16,23,246,0
2026-04-12,P014,West,W04,246,17,15,248,0
2026-04-13,P014,West,W04,248,15,16,247,0
2026-04-14,P014,West,W04,247,19,21,245,0
2026-04-15,P014,West,W04,245,15,15,245,0
2026-04-16,P014,West,W04,245,12,18,239,0
2026-04-17,P014,West,W04,239,15,18,236,0
2026-04-18,P014,West,W04,236,17,14,239,0
2026-04-19,P014,West,W04,239,17,12,244,0
2026-04-20,P014,West,W04,244,13,24,233,0
2026-04-21,P014,West,W04,233,15,16,232,0
2026-04-22,P014,West,W04,232,15,21,226,0
2026-04-23,P014,West,W04,226,15,13,228,0
2026-04-24,P014,West,W04,228,18,17,229,0
2026-04-25,P014,West,W04,229,25,19,235,0
2026-04-26,P014,West,W04,235,19,10,244,0
2026-04-27,P014,West,W04,244,22,16,250,0
2026-04-28,P014,West,W04,250,14,13,251,0
2026-04-29,P014,West,W04,251,12,15,248,0
2026-04-30,P014,West,W04,248,18,16,250,0
2026-05-01,P014,West,W04,250,19,25,244,0
2026-05-02,P014,West,W04,244,15,16,243,0
2026-05-03,P014,West,W04,243,17,14,246,0
2026-05-04,P014,West,W04,246,16,20,242,0
2026-05-05,P014,West,W04,242,14,27,229,0
2026-05-06,P014,West,W04,229,16,25,220,0
2026-05-07,P014,West,W04,220,12,13,219,0
2026-05-08,P014,West,W04,219,8,16,211,0
2026-05-09,P014,West,W04,211,13,29,195,0
2026-05-10,P014,West,W04,195,11,20,186,0
2026-05-11,P014,West,W04,186,15,20,181,0
2026-05-12,P014,West,W04,181,16,12,185,0
2026-05-13,P014,West,W04,185,12,26,171,0
2026-05-14,P014,West,W04,171,17,29,159,0
2026-05-15,P014,West,W04,159,12,17,154,0
2026-05-16,P014,West,W04,154,12,23,143,0
2026-05-17,P014,West,W04,143,18,25,136,0
2026-05-18,P014,West,W04,136,12,17,131,0
2026-05-19,P014,West,W04,131,19,19,131,0
2026-05-20,P014,West,W04,131,16,30,117,0
2026-05-21,P014,West,W04,117,12,17,112,0
2026-05-22,P014,West,W04,112,20,18,114,0
2026-05-23,P014,West,W04,114,11,22,103,0
2026-05-24,P014,West,W04,103,16,21,98,0
2026-05-25,P014,West,W04,98,14,15,97,0
2026-05-26,P014,West,W04,97,17,20,94,0
2026-05-27,P014,West,W04,94,14,24,84,0
2026-05-28,P014,West,W04,84,18,18,84,0
2026-05-29,P014,West,W04,84,19,15,88,0
2026-05-30,P014,West,W04,88,12,17,83,0
2026-05-31,P014,West,W04,83,10,17,76,0
2026-06-01,P014,West,W04,76,19,18,77,0
2026-06-02,P014,West,W04,77,10,20,67,0
2026-06-03,P014,West,W04,67,14,21,60,0
2026-06-04,P014,West,W04,60,16,18,58,0
2026-06-05,P014,West,W04,58,10,19,49,0
2026-06-06,P014,West,W04,49,13,9,53,0
2026-06-07,P014,West,W04,53,16,22,47,0
2026-06-08,P014,West,W04,47,16,19,44,0
2026-06-09,P014,West,W04,44,20,21,43,0
2026-06-10,P014,West,W04,43,21,17,47,0
2026-06-11,P014,West,W04,47,17,14,50,0
2026-06-12,P014,West,W04,50,10,19,41,0
2026-06-13,P014,West,W04,41,15,18,38,0
2026-06-14,P014,West,W04,38,11,24,25,0
2026-06-15,P014,West,W04,25,12,14,23,0
2026-06-16,P014,West,W04,23,17,21,19,0
2026-06-17,P014,West,W04,19,9,22,6,0
2026-06-18,P014,West,W04,6,12,14,4,0
2026-06-19,P014,West,W04,4,11,15,0,0
2026-06-20,P014,West,W04,0,16,16,0,9
2026-06-21,P014,West,W04,0,17,17,0,11
2026-06-22,P014,West,W04,0,15,15,0,7
2026-06-23,P014,West,W04,0,16,16,0,11
2026-06-24,P014,West,W04,0,12,12,0,8
2026-06-25,P014,West,W04,0,18,18,0,4
2026-06-26,P014,West,W04,0,16,16,0,13
2026-06-27,P014,West,W04,0,20,20,0,15
2026-06-28,P014,West,W04,0,23,18,5,0
2026-06-29,P014,West,W04,5,18,16,7,0
2026-06-30,P014,West,W04,7,16,23,0,6
2026-01-01,P015,North,W01,517,15,19,513,0
2026-01-02,P015,North,W01,513,15,16,512,0
2026-01-03,P015,North,W01,512,16,25,503,0
2026-01-04,P015,North,W01,503,18,18,503,0
2026-01-05,P015,North,W01,503,19,18,504,0
2026-01-06,P015,North,W01,504,22,20,506,0
2026-01-07,P015,North,W01,506,13,29,490,0
2026-01-08,P015,North,W01,490,20,15,495,0
2026-01-09,P015,North,W01,495,18,15,498,0
2026-01-10,P015,North,W01,498,18,29,487,0
2026-01-11,P015,North,W01,487,24,20,491,0
2026-01-12,P015,North,W01,491,11,28,474,0
2026-01-13,P015,North,W01,474,14,23,465,0
2026-01-14,P015,North,W01,465,18,17,466,0
2026-01-15,P015,North,W01,466,18,17,467,0
2026-01-16,P015,North,W01,467,19,24,462,0
2026-01-17,P015,North,W01,462,11,23,450,0
2026-01-18,P015,North,W01,450,21,18,453,0
2026-01-19,P015,North,W01,453,14,15,452,0
2026-01-20,P015,North,W01,452,16,19,449,0
2026-01-21,P015,North,W01,449,12,15,446,0
2026-01-22,P015,North,W01,446,17,21,442,0
2026-01-23,P015,North,W01,442,12,24,430,0
2026-01-24,P015,North,W01,430,13,20,423,0
2026-01-25,P015,North,W01,423,11,19,415,0
2026-01-26,P015,North,W01,415,16,26,405,0
2026-01-27,P015,North,W01,405,14,23,396,0
2026-01-28,P015,North,W01,396,18,25,389,0
2026-01-29,P015,North,W01,389,16,20,385,0
2026-01-30,P015,North,W01,385,13,28,370,0
2026-01-31,P015,North,W01,370,13,13,370,0
2026-02-01,P015,North,W01,370,20,18,372,0
2026-02-02,P015,North,W01,372,19,25,366,0
2026-02-03,P015,North,W01,366,11,16,361,0
2026-02-04,P015,North,W01,361,18,14,365,0
2026-02-05,P015,North,W01,365,9,11,363,0
2026-02-06,P015,North,W01,363,14,20,357,0
2026-02-07,P015,North,W01,357,10,17,350,0
2026-02-08,P015,North,W01,350,6,21,335,0
2026-02-09,P015,North,W01,335,23,18,340,0
2026-02-10,P015,North,W01,340,17,15,342,0
2026-02-11,P015,North,W01,342,12,19,335,0
2026-02-12,P015,North,W01,335,11,23,323,0
2026-02-13,P015,North,W01,323,17,11,329,0
2026-02-14,P015,North,W01,329,12,11,330,0
2026-02-15,P015,North,W01,330,15,15,330,0
2026-02-16,P015,North,W01,330,13,14,329,0
2026-02-17,P015,North,W01,329,15,18,326,0
2026-02-18,P015,North,W01,326,5,22,309,0
2026-02-19,P015,North,W01,309,10,13,306,0
2026-02-20,P015,North,W01,306,2,20,288,0
2026-02-21,P015,North,W01,288,4,22,270,0
2026-02-22,P015,North,W01,270,1,12,259,0
2026-02-23,P015,North,W01,259,2,16,245,0
2026-02-24,P015,North,W01,245,1,8,238,0
2026-02-25,P015,North,W01,238,4,13,229,0
2026-02-26,P015,North,W01,229,3,27,205,0
2026-02-27,P015,North,W01,205,7,21,191,0
2026-02-28,P015,North,W01,191,0,13,178,0
2026-03-01,P015,North,W01,178,15,24,169,0
2026-03-02,P015,North,W01,169,20,18,171,0
2026-03-03,P015,North,W01,171,10,19,162,0
2026-03-04,P015,North,W01,162,14,15,161,0
2026-03-05,P015,North,W01,161,15,18,158,0
2026-03-06,P015,North,W01,158,16,18,156,0
2026-03-07,P015,North,W01,156,23,15,164,0
2026-03-08,P015,North,W01,164,11,16,159,0
2026-03-09,P015,North,W01,159,8,16,151,0
2026-03-10,P015,North,W01,151,8,15,144,0
2026-03-11,P015,North,W01,144,13,9,148,0
2026-03-12,P015,North,W01,148,16,16,148,0
2026-03-13,P015,North,W01,148,18,9,157,0
2026-03-14,P015,North,W01,157,7,16,148,0
2026-03-15,P015,North,W01,148,11,16,143,0
2026-03-16,P015,North,W01,143,7,16,134,0
2026-03-17,P015,North,W01,134,14,27,121,0
2026-03-18,P015,North,W01,121,16,14,123,0
2026-03-19,P015,North,W01,123,15,13,125,0
2026-03-20,P015,North,W01,125,16,18,123,0
2026-03-21,P015,North,W01,123,18,16,125,0
2026-03-22,P015,North,W01,125,7,16,116,0
2026-03-23,P015,North,W01,116,11,12,115,0
2026-03-24,P015,North,W01,115,10,13,112,0
2026-03-25,P015,North,W01,112,15,26,101,0
2026-03-26,P015,North,W01,101,18,15,104,0
2026-03-27,P015,North,W01,104,12,16,100,0
2026-03-28,P015,North,W01,100,11,19,92,0
2026-03-29,P015,North,W01,92,14,16,90,0
2026-03-30,P015,North,W01,90,18,17,91,0
2026-03-31,P015,North,W01,91,20,16,95,0
2026-04-01,P015,North,W01,95,16,11,100,0
2026-04-02,P015,North,W01,100,14,14,100,0
2026-04-03,P015,North,W01,100,11,14,97,0
2026-04-04,P015,North,W01,97,17,24,90,0
2026-04-05,P015,North,W01,90,15,26,79,0
2026-04-06,P015,North,W01,79,15,14,80,0
2026-04-07,P015,North,W01,80,14,16,78,0
2026-04-08,P015,North,W01,78,21,15,84,0
2026-04-09,P015,North,W01,84,13,15,82,0
2026-04-10,P015,North,W01,82,17,22,77,0
2026-04-11,P015,North,W01,77,13,18,72,0
2026-04-12,P015,North,W01,72,12,16,68,0
2026-04-13,P015,North,W01,68,13,24,57,0
2026-04-14,P015,North,W01,57,20,24,53,0
2026-04-15,P015,North,W01,53,10,13,50,0
2026-04-16,P015,North,W01,50,14,18,46,0
2026-04-17,P015,North,W01,46,7,15,38,0
2026-04-18,P015,North,W01,38,20,16,42,0
2026-04-19,P015,North,W01,42,16,21,37,0
2026-04-20,P015,North,W01,37,16,21,32,0
2026-04-21,P015,North,W01,32,16,18,30,0
2026-04-22,P015,North,W01,30,19,18,31,0
2026-04-23,P015,North,W01,31,21,13,39,0
2026-04-24,P015,North,W01,39,21,11,49,0
2026-04-25,P015,North,W01,49,14,8,55,0
2026-04-26,P015,North,W01,55,14,18,51,0
2026-04-27,P015,North,W01,51,13,18,46,0
2026-04-28,P015,North,W01,46,9,25,30,0
2026-04-29,P015,North,W01,30,14,18,26,0
2026-04-30,P015,North,W01,26,14,21,19,0
2026-05-01,P015,North,W01,19,12,12,19,0
2026-05-02,P015,North,W01,19,7,20,6,0
2026-05-03,P015,North,W01,6,13,19,0,11
2026-05-04,P015,North,W01,0,17,17,0,8
2026-05-05,P015,North,W01,0,15,15,0,12
2026-05-06,P015,North,W01,0,19,19,0,5
2026-05-07,P015,North,W01,0,15,15,0,9
2026-05-08,P015,North,W01,0,15,14,1,0
2026-05-09,P015,North,W01,1,15,16,0,14
2026-05-10,P015,North,W01,0,13,12,1,0
2026-05-11,P015,North,W01,1,19,18,2,0
2026-05-12,P015,North,W01,2,7,9,0,6
2026-05-13,P015,North,W01,0,13,13,0,13
2026-05-14,P015,North,W01,0,8,8,0,7
2026-05-15,P015,North,W01,0,16,16,0,14
2026-05-16,P015,North,W01,0,13,13,0,13
2026-05-17,P015,North,W01,0,15,15,0,9
2026-05-18,P015,North,W01,0,17,17,0,5
2026-05-19,P015,North,W01,0,18,18,0,14
2026-05-20,P015,North,W01,0,23,16,7,0
2026-05-21,P015,North,W01,7,15,22,0,13
2026-05-22,P015,North,W01,0,20,20,0,7
2026-05-23,P015,North,W01,0,12,12,0,13
2026-05-24,P015,North,W01,0,11,11,0,15
2026-05-25,P015,North,W01,0,16,15,1,0
2026-05-26,P015,North,W01,1,13,14,0,8
2026-05-27,P015,North,W01,0,11,11,0,14
2026-05-28,P015,North,W01,0,7,7,0,8
2026-05-29,P015,North,W01,0,16,16,0,15
2026-05-30,P015,North,W01,0,17,17,0,0
2026-05-31,P015,North,W01,0,21,17,4,0
2026-06-01,P015,North,W01,4,19,17,6,0
2026-06-02,P015,North,W01,6,15,11,10,0
2026-06-03,P015,North,W01,10,14,13,11,0
2026-06-04,P015,North,W01,11,11,22,0,5
2026-06-05,P015,North,W01,0,10,10,0,11
2026-06-06,P015,North,W01,0,13,13,0,12
2026-06-07,P015,North,W01,0,19,19,0,4
2026-06-08,P015,North,W01,0,14,14,0,10
2026-06-09,P015,North,W01,0,19,16,3,0
2026-06-10,P015,North,W01,3,11,14,0,6
2026-06-11,P015,North,W01,0,18,16,2,0
2026-06-12,P015,North,W01,2,26,20,8,0
2026-06-13,P015,North,W01,8,16,21,3,0
2026-06-14,P015,North,W01,3,9,12,0,4
2026-06-15,P015,North,W01,0,13,13,0,7
2026-06-16,P015,North,W01,0,15,15,0,10
2026-06-17,P015,North,W01,0,15,15,0,15
2026-06-18,P015,North,W01,0,13,13,0,12
2026-06-19,P015,North,W01,0,12,12,0,6
2026-06-20,P015,North,W01,0,12,12,0,9
2026-06-21,P015,North,W01,0,13,13,0,6
2026-06-22,P015,North,W01,0,13,13,0,10
2026-06-23,P015,North,W01,0,11,11,0,0
2026-06-24,P015,North,W01,0,18,18,0,7
2026-06-25,P015,North,W01,0,16,16,0,4
2026-06-26,P015,North,W01,0,14,12,2,0
2026-06-27,P015,North,W01,2,18,20,0,12
2026-06-28,P015,North,W01,0,18,18,0,12
2026-06-29,P015,North,W01,0,16,16,0,0
2026-06-30,P015,North,W01,0,20,20,0,5
2026-01-01,P015,South,W02,297,19,18,298,0
2026-01-02,P015,South,W02,298,17,14,301,0
2026-01-03,P015,South,W02,301,15,23,293,0
2026-01-04,P015,South,W02,293,17,25,285,0
2026-01-05,P015,South,W02,285,21,27,279,0
2026-01-06,P015,South,W02,279,16,15,280,0
2026-01-07,P015,South,W02,280,18,21,277,0
2026-01-08,P015,South,W02,277,18,21,274,0
2026-01-09,P015,South,W02,274,17,22,269,0
2026-01-10,P015,South,W02,269,14,14,269,0
2026-01-11,P015,South,W02,269,12,13,268,0
2026-01-12,P015,South,W02,268,13,11,270,0
2026-01-13,P015,South,W02,270,15,16,269,0
2026-01-14,P015,South,W02,269,18,17,270,0
2026-01-15,P015,South,W02,270,14,16,268,0
2026-01-16,P015,South,W02,268,17,16,269,0
2026-01-17,P015,South,W02,269,12,18,263,0
2026-01-18,P015,South,W02,263,14,12,265,0
2026-01-19,P015,South,W02,265,14,20,259,0
2026-01-20,P015,South,W02,259,14,21,252,0
2026-01-21,P015,South,W02,252,15,22,245,0
2026-01-22,P015,South,W02,245,17,15,247,0
2026-01-23,P015,South,W02,247,17,17,247,0
2026-01-24,P015,South,W02,247,11,20,238,0
2026-01-25,P015,South,W02,238,12,18,232,0
2026-01-26,P015,South,W02,232,20,23,229,0
2026-01-27,P015,South,W02,229,11,12,228,0
2026-01-28,P015,South,W02,228,21,17,232,0
2026-01-29,P015,South,W02,232,15,15,232,0
2026-01-30,P015,South,W02,232,15,20,227,0
2026-01-31,P015,South,W02,227,17,11,233,0
2026-02-01,P015,South,W02,233,11,15,229,0
2026-02-02,P015,South,W02,229,13,14,228,0
2026-02-03,P015,South,W02,228,17,15,230,0
2026-02-04,P015,South,W02,230,10,19,221,0
2026-02-05,P015,South,W02,221,14,15,220,0
2026-02-06,P015,South,W02,220,13,13,220,0
2026-02-07,P015,South,W02,220,14,16,218,0
2026-02-08,P015,South,W02,218,14,26,206,0
2026-02-09,P015,South,W02,206,21,18,209,0
2026-02-10,P015,South,W02,209,14,16,207,0
2026-02-11,P015,South,W02,207,18,16,209,0
2026-02-12,P015,South,W02,209,15,24,200,0
2026-02-13,P015,South,W02,200,17,20,197,0
2026-02-14,P015,South,W02,197,9,15,191,0
2026-02-15,P015,South,W02,191,13,17,187,0
2026-02-16,P015,South,W02,187,13,20,180,0
2026-02-17,P015,South,W02,180,11,20,171,0
2026-02-18,P015,South,W02,171,8,15,164,0
2026-02-19,P015,South,W02,164,16,18,162,0
2026-02-20,P015,South,W02,162,4,18,148,0
2026-02-21,P015,South,W02,148,2,12,138,0
2026-02-22,P015,South,W02,138,4,17,125,0
2026-02-23,P015,South,W02,125,2,19,108,0
2026-02-24,P015,South,W02,108,2,14,96,0
2026-02-25,P015,South,W02,96,2,26,72,0
2026-02-26,P015,South,W02,72,6,13,65,0
2026-02-27,P015,South,W02,65,4,13,56,0
2026-02-28,P015,South,W02,56,5,13,48,0
2026-03-01,P015,South,W02,48,10,13,45,0
2026-03-02,P015,South,W02,45,25,17,53,0
2026-03-03,P015,South,W02,53,19,12,60,0
2026-03-04,P015,South,W02,60,11,15,56,0
2026-03-05,P015,South,W02,56,17,15,58,0
2026-03-06,P015,South,W02,58,13,22,49,0
2026-03-07,P015,South,W02,49,10,15,44,0
2026-03-08,P015,South,W02,44,13,18,39,0
2026-03-09,P015,South,W02,39,21,15,45,0
2026-03-10,P015,South,W02,45,14,23,36,0
2026-03-11,P015,South,W02,36,15,25,26,0
2026-03-12,P015,South,W02,26,15,14,27,0
2026-03-13,P015,South,W02,27,11,12,26,0
2026-03-14,P015,South,W02,26,15,18,23,0
2026-03-15,P015,South,W02,23,16,23,16,0
2026-03-16,P015,South,W02,16,19,17,18,0
2026-03-17,P015,South,W02,18,14,15,17,0
2026-03-18,P015,South,W02,17,12,21,8,0
2026-03-19,P015,South,W02,8,16,18,6,0
2026-03-20,P015,South,W02,6,10,16,0,9
2026-03-21,P015,South,W02,0,12,12,0,5
2026-03-22,P015,South,W02,0,10,10,0,14
2026-03-23,P015,South,W02,0,11,10,1,0
2026-03-24,P015,South,W02,1,23,20,4,0
2026-03-25,P015,South,W02,4,8,12,0,10
2026-03-26,P015,South,W02,0,14,14,0,8
2026-03-27,P015,South,W02,0,17,17,0,7
2026-03-28,P015,South,W02,0,17,17,0,10
2026-03-29,P015,South,W02,0,21,21,0,0
2026-03-30,P015,South,W02,0,20,20,0,5
2026-03-31,P015,South,W02,0,10,10,0,4
2026-04-01,P015,South,W02,0,8,8,0,9
2026-04-02,P015,South,W02,0,16,16,0,7
2026-04-03,P015,South,W02,0,19,19,0,8
2026-04-04,P015,South,W02,0,11,11,0,8
2026-04-05,P015,South,W02,0,15,10,5,0
2026-04-06,P015,South,W02,5,16,21,0,7
2026-04-07,P015,South,W02,0,13,13,0,4
2026-04-08,P015,South,W02,0,22,22,0,15
2026-04-09,P015,South,W02,0,17,16,1,0
2026-04-10,P015,South,W02,1,16,15,2,0
2026-04-11,P015,South,W02,2,15,17,0,0
2026-04-12,P015,South,W02,0,18,18,0,6
2026-04-13,P015,South,W02,0,15,15,0,6
2026-04-14,P015,South,W02,0,9,9,0,11
2026-04-15,P015,South,W02,0,15,15,0,7
2026-04-16,P015,South,W02,0,11,11,0,9
2026-04-17,P015,South,W02,0,13,13,0,6
2026-04-18,P015,South,W02,0,10,10,0,5
2026-04-19,P015,South,W02,0,17,17,0,0
2026-04-20,P015,South,W02,0,22,22,0,0
2026-04-21,P015,South,W02,0,21,12,9,0
2026-04-22,P015,South,W02,9,13,17,5,0
2026-04-23,P015,South,W02,5,13,18,0,9
2026-04-24,P015,South,W02,0,19,19,0,0
2026-04-25,P015,South,W02,0,7,7,0,9
2026-04-26,P015,South,W02,0,15,15,0,7
2026-04-27,P015,South,W02,0,15,15,0,5
2026-04-28,P015,South,W02,0,9,9,0,10
2026-04-29,P015,South,W02,0,21,14,7,0
2026-04-30,P015,South,W02,7,17,20,4,0
2026-05-01,P015,South,W02,4,12,16,0,9
2026-05-02,P015,South,W02,0,11,11,0,0
2026-05-03,P015,South,W02,0,15,14,1,0
2026-05-04,P015,South,W02,1,19,18,2,0
2026-05-05,P015,South,W02,2,21,20,3,0
2026-05-06,P015,South,W02,3,20,19,4,0
2026-05-07,P015,South,W02,4,11,14,1,0
2026-05-08,P015,South,W02,1,13,14,0,10
2026-05-09,P015,South,W02,0,12,12,0,9
2026-05-10,P015,South,W02,0,14,14,0,10
2026-05-11,P015,South,W02,0,13,13,0,15
2026-05-12,P015,South,W02,0,15,15,0,7
2026-05-13,P015,South,W02,0,18,18,0,9
2026-05-14,P015,South,W02,0,12,12,0,11
2026-05-15,P015,South,W02,0,13,13,0,5
2026-05-16,P015,South,W02,0,19,17,2,0
2026-05-17,P015,South,W02,2,13,15,0,13
2026-05-18,P015,South,W02,0,16,16,0,10
2026-05-19,P015,South,W02,0,21,19,2,0
2026-05-20,P015,South,W02,2,12,14,0,8
2026-05-21,P015,South,W02,0,16,16,0,4
2026-05-22,P015,South,W02,0,15,15,0,7
2026-05-23,P015,South,W02,0,14,14,0,12
2026-05-24,P015,South,W02,0,6,6,0,14
2026-05-25,P015,South,W02,0,14,14,0,15
2026-05-26,P015,South,W02,0,9,9,0,11
2026-05-27,P015,South,W02,0,10,10,0,12
2026-05-28,P015,South,W02,0,15,15,0,14
2026-05-29,P015,South,W02,0,14,14,0,8
2026-05-30,P015,South,W02,0,11,11,0,7
2026-05-31,P015,South,W02,0,15,15,0,6
2026-06-01,P015,South,W02,0,13,13,0,10
2026-06-02,P015,South,W02,0,15,15,0,0
2026-06-03,P015,South,W02,0,14,14,0,10
2026-06-04,P015,South,W02,0,22,19,3,0
2026-06-05,P015,South,W02,3,13,16,0,10
2026-06-06,P015,South,W02,0,20,20,0,5
2026-06-07,P015,South,W02,0,17,15,2,0
2026-06-08,P015,South,W02,2,16,18,0,10
2026-06-09,P015,South,W02,0,20,20,0,12
2026-06-10,P015,South,W02,0,10,10,0,14
2026-06-11,P015,South,W02,0,18,17,1,0
2026-06-12,P015,South,W02,1,17,13,5,0
2026-06-13,P015,South,W02,5,9,14,0,9
2026-06-14,P015,South,W02,0,18,17,1,0
2026-06-15,P015,South,W02,1,11,12,0,10
2026-06-16,P015,South,W02,0,18,17,1,0
2026-06-17,P015,South,W02,1,18,19,0,11
2026-06-18,P015,South,W02,0,14,14,0,11
2026-06-19,P015,South,W02,0,18,18,0,11
2026-06-20,P015,South,W02,0,17,17,0,10
2026-06-21,P015,South,W02,0,21,19,2,0
2026-06-22,P015,South,W02,2,7,9,0,4
2026-06-23,P015,South,W02,0,10,10,0,10
2026-06-24,P015,South,W02,0,9,9,0,13
2026-06-25,P015,South,W02,0,16,16,0,9
2026-06-26,P015,South,W02,0,19,19,0,6
2026-06-27,P015,South,W02,0,14,14,0,5
2026-06-28,P015,South,W02,0,14,14,0,14
2026-06-29,P015,South,W02,0,11,11,0,15
2026-06-30,P015,South,W02,0,16,16,0,12
2026-01-01,P015,East,W03,423,17,13,427,0
2026-01-02,P015,East,W03,427,18,19,426,0
2026-01-03,P015,East,W03,426,10,18,418,0
2026-01-04,P015,East,W03,418,8,16,410,0
2026-01-05,P015,East,W03,410,15,16,409,0
2026-01-06,P015,East,W03,409,14,13,410,0
2026-01-07,P015,East,W03,410,18,13,415,0
2026-01-08,P015,East,W03,415,16,15,416,0
2026-01-09,P015,East,W03,416,7,27,396,0
2026-01-10,P015,East,W03,396,14,19,391,0
2026-01-11,P015,East,W03,391,15,25,381,0
2026-01-12,P015,East,W03,381,15,16,380,0
2026-01-13,P015,East,W03,380,14,21,373,0
2026-01-14,P015,East,W03,373,17,27,363,0
2026-01-15,P015,East,W03,363,11,14,360,0
2026-01-16,P015,East,W03,360,18,11,367,0
2026-01-17,P015,East,W03,367,23,16,374,0
2026-01-18,P015,East,W03,374,12,13,373,0
2026-01-19,P015,East,W03,373,10,15,368,0
2026-01-20,P015,East,W03,368,14,19,363,0
2026-01-21,P015,East,W03,363,14,25,352,0
2026-01-22,P015,East,W03,352,20,11,361,0
2026-01-23,P015,East,W03,361,12,22,351,0
2026-01-24,P015,East,W03,351,13,17,347,0
2026-01-25,P015,East,W03,347,13,24,336,0
2026-01-26,P015,East,W03,336,17,16,337,0
2026-01-27,P015,East,W03,337,9,12,334,0
2026-01-28,P015,East,W03,334,12,19,327,0
2026-01-29,P015,East,W03,327,22,27,322,0
2026-01-30,P015,East,W03,322,12,18,316,0
2026-01-31,P015,East,W03,316,16,19,313,0
2026-02-01,P015,East,W03,313,12,15,310,0
2026-02-02,P015,East,W03,310,13,17,306,0
2026-02-03,P015,East,W03,306,17,23,300,0
2026-02-04,P015,East,W03,300,17,13,304,0
2026-02-05,P015,East,W03,304,20,16,308,0
2026-02-06,P015,East,W03,308,24,18,314,0
2026-02-07,P015,East,W03,314,16,22,308,0
2026-02-08,P015,East,W03,308,14,13,309,0
2026-02-09,P015,East,W03,309,18,29,298,0
2026-02-10,P015,East,W03,298,14,18,294,0
2026-02-11,P015,East,W03,294,16,24,286,0
2026-02-12,P015,East,W03,286,13,16,283,0
2026-02-13,P015,East,W03,283,13,25,271,0
2026-02-14,P015,East,W03,271,20,18,273,0
2026-02-15,P015,East,W03,273,9,20,262,0
2026-02-16,P015,East,W03,262,21,20,263,0
2026-02-17,P015,East,W03,263,17,14,266,0
2026-02-18,P015,East,W03,266,10,23,253,0
2026-02-19,P015,East,W03,253,18,29,242,0
2026-02-20,P015,East,W03,242,1,15,228,0
2026-02-21,P015,East,W03,228,2,16,214,0
2026-02-22,P015,East,W03,214,2,19,197,0
2026-02-23,P015,East,W03,197,4,7,194,0
2026-02-24,P015,East,W03,194,2,12,184,0
2026-02-25,P015,East,W03,184,2,15,171,0
2026-02-26,P015,East,W03,171,3,24,150,0
2026-02-27,P015,East,W03,150,3,15,138,0
2026-02-28,P015,East,W03,138,2,28,112,0
2026-03-01,P015,East,W03,112,22,25,109,0
2026-03-02,P015,East,W03,109,13,16,106,0
2026-03-03,P015,East,W03,106,18,24,100,0
2026-03-04,P015,East,W03,100,19,13,106,0
2026-03-05,P015,East,W03,106,12,18,100,0
2026-03-06,P015,East,W03,100,14,21,93,0
2026-03-07,P015,East,W03,93,13,21,85,0
2026-03-08,P015,East,W03,85,25,18,92,0
2026-03-09,P015,East,W03,92,12,20,84,0
2026-03-10,P015,East,W03,84,22,22,84,0
2026-03-11,P015,East,W03,84,17,15,86,0
2026-03-12,P015,East,W03,86,14,14,86,0
2026-03-13,P015,East,W03,86,13,20,79,0
2026-03-14,P015,East,W03,79,24,10,93,0
2026-03-15,P015,East,W03,93,12,13,92,0
2026-03-16,P015,East,W03,92,14,27,79,0
2026-03-17,P015,East,W03,79,12,16,75,0
2026-03-18,P015,East,W03,75,14,23,66,0
2026-03-19,P015,East,W03,66,16,26,56,0
2026-03-20,P015,East,W03,56,15,21,50,0
2026-03-21,P015,East,W03,50,11,26,35,0
2026-03-22,P015,East,W03,35,21,22,34,0
2026-03-23,P015,East,W03,34,16,19,31,0
2026-03-24,P015,East,W03,31,11,15,27,0
2026-03-25,P015,East,W03,27,11,24,14,0
2026-03-26,P015,East,W03,14,24,16,22,0
2026-03-27,P015,East,W03,22,18,21,19,0
2026-03-28,P015,East,W03,19,22,20,21,0
2026-03-29,P015,East,W03,21,18,16,23,0
2026-03-30,P015,East,W03,23,22,17,28,0
2026-03-31,P015,East,W03,28,20,17,31,0
2026-04-01,P015,East,W03,31,15,19,27,0
2026-04-02,P015,East,W03,27,20,19,28,0
2026-04-03,P015,East,W03,28,20,27,21,0
2026-04-04,P015,East,W03,21,15,26,10,0
2026-04-05,P015,East,W03,10,14,16,8,0
2026-04-06,P015,East,W03,8,19,21,6,0
2026-04-07,P015,East,W03,6,14,20,0,5
2026-04-08,P015,East,W03,0,16,16,0,0
2026-04-09,P015,East,W03,0,20,17,3,0
2026-04-10,P015,East,W03,3,12,15,0,0
2026-04-11,P015,East,W03,0,10,10,0,15
2026-04-12,P015,East,W03,0,13,13,0,4
2026-04-13,P015,East,W03,0,11,11,0,5
2026-04-14,P015,East,W03,0,23,10,13,0
2026-04-15,P015,East,W03,13,13,22,4,0
2026-04-16,P015,East,W03,4,13,11,6,0
2026-04-17,P015,East,W03,6,12,17,1,0
2026-04-18,P015,East,W03,1,18,19,0,0
2026-04-19,P015,East,W03,0,11,11,0,7
2026-04-20,P015,East,W03,0,13,13,0,13
2026-04-21,P015,East,W03,0,21,21,0,8
2026-04-22,P015,East,W03,0,18,18,0,4
2026-04-23,P015,East,W03,0,19,14,5,0
2026-04-24,P015,East,W03,5,18,20,3,0
2026-04-25,P015,East,W03,3,20,12,11,0
2026-04-26,P015,East,W03,11,15,18,8,0
2026-04-27,P015,East,W03,8,17,18,7,0
2026-04-28,P015,East,W03,7,15,12,10,0
2026-04-29,P015,East,W03,10,20,18,12,0
2026-04-30,P015,East,W03,12,19,14,17,0
2026-05-01,P015,East,W03,17,13,23,7,0
2026-05-02,P015,East,W03,7,23,19,11,0
2026-05-03,P015,East,W03,11,21,22,10,0
2026-05-04,P015,East,W03,10,19,24,5,0
2026-05-05,P015,East,W03,5,18,20,3,0
2026-05-06,P015,East,W03,3,20,23,0,14
2026-05-07,P015,East,W03,0,18,18,0,9
2026-05-08,P015,East,W03,0,24,11,13,0
2026-05-09,P015,East,W03,13,17,14,16,0
2026-05-10,P015,East,W03,16,14,25,5,0
2026-05-11,P015,East,W03,5,24,13,16,0
2026-05-12,P015,East,W03,16,18,21,13,0
2026-05-13,P015,East,W03,13,20,22,11,0
2026-05-14,P015,East,W03,11,18,23,6,0
2026-05-15,P015,East,W03,6,10,16,0,8
2026-05-16,P015,East,W03,0,10,10,0,14
2026-05-17,P015,East,W03,0,18,18,0,4
2026-05-18,P015,East,W03,0,16,16,0,10
2026-05-19,P015,East,W03,0,17,17,0,9
2026-05-20,P015,East,W03,0,12,12,0,5
2026-05-21,P015,East,W03,0,19,17,2,0
2026-05-22,P015,East,W03,2,10,12,0,4
2026-05-23,P015,East,W03,0,12,12,0,13
2026-05-24,P015,East,W03,0,12,9,3,0
2026-05-25,P015,East,W03,3,13,16,0,0
2026-05-26,P015,East,W03,0,20,16,4,0
2026-05-27,P015,East,W03,4,21,16,9,0
2026-05-28,P015,East,W03,9,18,22,5,0
2026-05-29,P015,East,W03,5,12,17,0,5
2026-05-30,P015,East,W03,0,12,12,0,11
2026-05-31,P015,East,W03,0,18,18,0,15
2026-06-01,P015,East,W03,0,19,15,4,0
2026-06-02,P015,East,W03,4,11,15,0,13
2026-06-03,P015,East,W03,0,18,13,5,0
2026-06-04,P015,East,W03,5,20,18,7,0
2026-06-05,P015,East,W03,7,10,17,0,0
2026-06-06,P015,East,W03,0,12,12,0,6
2026-06-07,P015,East,W03,0,14,14,0,15
2026-06-08,P015,East,W03,0,13,13,0,15
2026-06-09,P015,East,W03,0,17,17,0,11
2026-06-10,P015,East,W03,0,21,21,0,11
2026-06-11,P015,East,W03,0,14,10,4,0
2026-06-12,P015,East,W03,4,14,13,5,0
2026-06-13,P015,East,W03,5,11,16,0,6
2026-06-14,P015,East,W03,0,7,7,0,7
2026-06-15,P015,East,W03,0,17,17,0,7
2026-06-16,P015,East,W03,0,20,20,0,5
2026-06-17,P015,East,W03,0,11,11,0,9
2026-06-18,P015,East,W03,0,10,10,0,11
2026-06-19,P015,East,W03,0,9,9,0,4
2026-06-20,P015,East,W03,0,15,15,0,0
2026-06-21,P015,East,W03,0,15,15,0,11
2026-06-22,P015,East,W03,0,20,16,4,0
2026-06-23,P015,East,W03,4,14,18,0,9
2026-06-24,P015,East,W03,0,20,20,0,6
2026-06-25,P015,East,W03,0,13,13,0,7
2026-06-26,P015,East,W03,0,15,15,0,7
2026-06-27,P015,East,W03,0,6,6,0,13
2026-06-28,P015,East,W03,0,14,14,0,6
2026-06-29,P015,East,W03,0,14,14,0,11
2026-06-30,P015,East,W03,0,14,14,0,10
2026-01-01,P015,West,W04,380,18,23,375,0
2026-01-02,P015,West,W04,375,7,16,366,0
2026-01-03,P015,West,W04,366,14,16,364,0
2026-01-04,P015,West,W04,364,19,16,367,0
2026-01-05,P015,West,W04,367,7,15,359,0
2026-01-06,P015,West,W04,359,14,13,360,0
2026-01-07,P015,West,W04,360,9,19,350,0
2026-01-08,P015,West,W04,350,13,16,347,0
2026-01-09,P015,West,W04,347,16,20,343,0
2026-01-10,P015,West,W04,343,11,10,344,0
2026-01-11,P015,West,W04,344,13,17,340,0
2026-01-12,P015,West,W04,340,13,24,329,0
2026-01-13,P015,West,W04,329,11,22,318,0
2026-01-14,P015,West,W04,318,11,17,312,0
2026-01-15,P015,West,W04,312,15,20,307,0
2026-01-16,P015,West,W04,307,19,14,312,0
2026-01-17,P015,West,W04,312,14,19,307,0
2026-01-18,P015,West,W04,307,13,21,299,0
2026-01-19,P015,West,W04,299,18,15,302,0
2026-01-20,P015,West,W04,302,18,16,304,0
2026-01-21,P015,West,W04,304,17,18,303,0
2026-01-22,P015,West,W04,303,11,12,302,0
2026-01-23,P015,West,W04,302,12,18,296,0
2026-01-24,P015,West,W04,296,12,15,293,0
2026-01-25,P015,West,W04,293,13,22,284,0
2026-01-26,P015,West,W04,284,11,23,272,0
2026-01-27,P015,West,W04,272,9,19,262,0
2026-01-28,P015,West,W04,262,18,22,258,0
2026-01-29,P015,West,W04,258,23,23,258,0
2026-01-30,P015,West,W04,258,14,15,257,0
2026-01-31,P015,West,W04,257,13,15,255,0
2026-02-01,P015,West,W04,255,16,12,259,0
2026-02-02,P015,West,W04,259,12,19,252,0
2026-02-03,P015,West,W04,252,12,18,246,0
2026-02-04,P015,West,W04,246,29,16,259,0
2026-02-05,P015,West,W04,259,23,19,263,0
2026-02-06,P015,West,W04,263,14,14,263,0
2026-02-07,P015,West,W04,263,12,11,264,0
2026-02-08,P015,West,W04,264,21,16,269,0
2026-02-09,P015,West,W04,269,18,18,269,0
2026-02-10,P015,West,W04,269,9,18,260,0
2026-02-11,P015,West,W04,260,11,22,249,0
2026-02-12,P015,West,W04,249,19,17,251,0
2026-02-13,P015,West,W04,251,16,18,249,0
2026-02-14,P015,West,W04,249,13,18,244,0
2026-02-15,P015,West,W04,244,13,14,243,0
2026-02-16,P015,West,W04,243,17,12,248,0
2026-02-17,P015,West,W04,248,16,10,254,0
2026-02-18,P015,West,W04,254,12,19,247,0
2026-02-19,P015,West,W04,247,20,26,241,0
2026-02-20,P015,West,W04,241,2,18,225,0
2026-02-21,P015,West,W04,225,2,15,212,0
2026-02-22,P015,West,W04,212,2,12,202,0
2026-02-23,P015,West,W04,202,4,19,187,0
2026-02-24,P015,West,W04,187,3,23,167,0
2026-02-25,P015,West,W04,167,1,16,152,0
2026-02-26,P015,West,W04,152,6,10,148,0
2026-02-27,P015,West,W04,148,3,28,123,0
2026-02-28,P015,West,W04,123,4,12,115,0
2026-03-01,P015,West,W04,115,16,16,115,0
2026-03-02,P015,West,W04,115,8,18,105,0
2026-03-03,P015,West,W04,105,8,23,90,0
2026-03-04,P015,West,W04,90,10,15,85,0
2026-03-05,P015,West,W04,85,14,17,82,0
2026-03-06,P015,West,W04,82,7,18,71,0
2026-03-07,P015,West,W04,71,17,14,74,0
2026-03-08,P015,West,W04,74,15,19,70,0
2026-03-09,P015,West,W04,70,21,23,68,0
2026-03-10,P015,West,W04,68,17,17,68,0
2026-03-11,P015,West,W04,68,21,13,76,0
2026-03-12,P015,West,W04,76,14,19,71,0
2026-03-13,P015,West,W04,71,14,18,67,0
2026-03-14,P015,West,W04,67,14,21,60,0
2026-03-15,P015,West,W04,60,19,20,59,0
2026-03-16,P015,West,W04,59,14,23,50,0
2026-03-17,P015,West,W04,50,20,19,51,0
2026-03-18,P015,West,W04,51,15,13,53,0
2026-03-19,P015,West,W04,53,13,16,50,0
2026-03-20,P015,West,W04,50,9,12,47,0
2026-03-21,P015,West,W04,47,17,24,40,0
2026-03-22,P015,West,W04,40,12,18,34,0
2026-03-23,P015,West,W04,34,15,22,27,0
2026-03-24,P015,West,W04,27,12,15,24,0
2026-03-25,P015,West,W04,24,19,16,27,0
2026-03-26,P015,West,W04,27,14,14,27,0
2026-03-27,P015,West,W04,27,17,15,29,0
2026-03-28,P015,West,W04,29,16,15,30,0
2026-03-29,P015,West,W04,30,16,9,37,0
2026-03-30,P015,West,W04,37,15,11,41,0
2026-03-31,P015,West,W04,41,18,18,41,0
2026-04-01,P015,West,W04,41,13,14,40,0
2026-04-02,P015,West,W04,40,13,14,39,0
2026-04-03,P015,West,W04,39,15,16,38,0
2026-04-04,P015,West,W04,38,23,18,43,0
2026-04-05,P015,West,W04,43,9,19,33,0
2026-04-06,P015,West,W04,33,12,22,23,0
2026-04-07,P015,West,W04,23,17,21,19,0
2026-04-08,P015,West,W04,19,18,26,11,0
2026-04-09,P015,West,W04,11,15,18,8,0
2026-04-10,P015,West,W04,8,9,15,2,0
2026-04-11,P015,West,W04,2,14,8,8,0
2026-04-12,P015,West,W04,8,17,14,11,0
2026-04-13,P015,West,W04,11,18,22,7,0
2026-04-14,P015,West,W04,7,21,23,5,0
2026-04-15,P015,West,W04,5,19,20,4,0
2026-04-16,P015,West,W04,4,10,13,1,0
2026-04-17,P015,West,W04,1,14,15,0,5
2026-04-18,P015,West,W04,0,22,20,2,0
2026-04-19,P015,West,W04,2,13,15,0,15
2026-04-20,P015,West,W04,0,15,15,0,14
2026-04-21,P015,West,W04,0,16,16,0,13
2026-04-22,P015,West,W04,0,14,13,1,0
2026-04-23,P015,West,W04,1,14,15,0,13
2026-04-24,P015,West,W04,0,15,15,0,9
2026-04-25,P015,West,W04,0,20,19,1,0
2026-04-26,P015,West,W04,1,11,12,0,10
2026-04-27,P015,West,W04,0,12,12,0,14
2026-04-28,P015,West,W04,0,13,12,1,0
2026-04-29,P015,West,W04,1,16,17,0,0
2026-04-30,P015,West,W04,0,15,12,3,0
2026-05-01,P015,West,W04,3,21,15,9,0
2026-05-02,P015,West,W04,9,17,19,7,0
2026-05-03,P015,West,W04,7,23,17,13,0
2026-05-04,P015,West,W04,13,17,19,11,0
2026-05-05,P015,West,W04,11,22,18,15,0
2026-05-06,P015,West,W04,15,8,23,0,8
2026-05-07,P015,West,W04,0,14,14,0,0
2026-05-08,P015,West,W04,0,16,16,0,12
2026-05-09,P015,West,W04,0,12,12,0,11
2026-05-10,P015,West,W04,0,14,13,1,0
2026-05-11,P015,West,W04,1,17,18,0,13
2026-05-12,P015,West,W04,0,10,10,0,12
2026-05-13,P015,West,W04,0,17,17,0,7
2026-05-14,P015,West,W04,0,14,12,2,0
2026-05-15,P015,West,W04,2,13,10,5,0
2026-05-16,P015,West,W04,5,12,15,2,0
2026-05-17,P015,West,W04,2,23,20,5,0
2026-05-18,P015,West,W04,5,22,12,15,0
2026-05-19,P015,West,W04,15,12,25,2,0
2026-05-20,P015,West,W04,2,13,15,0,8
2026-05-21,P015,West,W04,0,13,13,0,4
2026-05-22,P015,West,W04,0,19,9,10,0
2026-05-23,P015,West,W04,10,17,26,1,0
2026-05-24,P015,West,W04,1,20,21,0,8
2026-05-25,P015,West,W04,0,22,17,5,0
2026-05-26,P015,West,W04,5,13,11,7,0
2026-05-27,P015,West,W04,7,14,21,0,8
2026-05-28,P015,West,W04,0,21,21,0,4
2026-05-29,P015,West,W04,0,16,16,0,15
2026-05-30,P015,West,W04,0,19,16,3,0
2026-05-31,P015,West,W04,3,9,12,0,12
2026-06-01,P015,West,W04,0,8,8,0,12
2026-06-02,P015,West,W04,0,9,9,0,13
2026-06-03,P015,West,W04,0,18,18,0,13
2026-06-04,P015,West,W04,0,15,14,1,0
2026-06-05,P015,West,W04,1,14,15,0,15
2026-06-06,P015,West,W04,0,11,11,0,8
2026-06-07,P015,West,W04,0,17,15,2,0
2026-06-08,P015,West,W04,2,13,14,1,0
2026-06-09,P015,West,W04,1,14,15,0,15
2026-06-10,P015,West,W04,0,12,12,0,7
2026-06-11,P015,West,W04,0,18,18,0,0
2026-06-12,P015,West,W04,0,18,18,0,8
2026-06-13,P015,West,W04,0,10,10,0,6
2026-06-14,P015,West,W04,0,16,16,0,13
2026-06-15,P015,West,W04,0,12,12,0,8
2026-06-16,P015,West,W04,0,22,22,0,12
2026-06-17,P015,West,W04,0,15,15,0,15
2026-06-18,P015,West,W04,0,14,14,0,4
2026-06-19,P015,West,W04,0,17,15,2,0
2026-06-20,P015,West,W04,2,13,15,0,4
2026-06-21,P015,West,W04,0,15,15,0,9
2026-06-22,P015,West,W04,0,11,11,0,14
2026-06-23,P015,West,W04,0,17,17,0,4
2026-06-24,P015,West,W04,0,20,17,3,0
2026-06-25,P015,West,W04,3,9,12,0,4
2026-06-26,P015,West,W04,0,18,15,3,0
2026-06-27,P015,West,W04,3,20,22,1,0
2026-06-28,P015,West,W04,1,15,16,0,7
2026-06-29,P015,West,W04,0,14,14,0,11
2026-06-30,P015,West,W04,0,11,11,0,12
2026-01-01,P016,North,W01,663,15,22,656,0
2026-01-02,P016,North,W01,656,13,20,649,0
2026-01-03,P016,North,W01,649,15,13,651,0
2026-01-04,P016,North,W01,651,8,21,638,0
2026-01-05,P016,North,W01,638,19,16,641,0
2026-01-06,P016,North,W01,641,12,20,633,0
2026-01-07,P016,North,W01,633,8,27,614,0
2026-01-08,P016,North,W01,614,16,21,609,0
2026-01-09,P016,North,W01,609,16,16,609,0
2026-01-10,P016,North,W01,609,18,15,612,0
2026-01-11,P016,North,W01,612,18,19,611,0
2026-01-12,P016,North,W01,611,17,19,609,0
2026-01-13,P016,North,W01,609,11,17,603,0
2026-01-14,P016,North,W01,603,29,19,613,0
2026-01-15,P016,North,W01,613,15,17,611,0
2026-01-16,P016,North,W01,611,22,25,608,0
2026-01-17,P016,North,W01,608,9,11,606,0
2026-01-18,P016,North,W01,606,14,15,605,0
2026-01-19,P016,North,W01,605,17,24,598,0
2026-01-20,P016,North,W01,598,14,19,593,0
2026-01-21,P016,North,W01,593,13,20,586,0
2026-01-22,P016,North,W01,586,10,18,578,0
2026-01-23,P016,North,W01,578,11,18,571,0
2026-01-24,P016,North,W01,571,20,19,572,0
2026-01-25,P016,North,W01,572,26,19,579,0
2026-01-26,P016,North,W01,579,18,22,575,0
2026-01-27,P016,North,W01,575,14,15,574,0
2026-01-28,P016,North,W01,574,14,19,569,0
2026-01-29,P016,North,W01,569,21,23,567,0
2026-01-30,P016,North,W01,567,16,13,570,0
2026-01-31,P016,North,W01,570,12,15,567,0
2026-02-01,P016,North,W01,567,11,20,558,0
2026-02-02,P016,North,W01,558,10,22,546,0
2026-02-03,P016,North,W01,546,11,19,538,0
2026-02-04,P016,North,W01,538,16,20,534,0
2026-02-05,P016,North,W01,534,10,22,522,0
2026-02-06,P016,North,W01,522,10,14,518,0
2026-02-07,P016,North,W01,518,15,11,522,0
2026-02-08,P016,North,W01,522,20,26,516,0
2026-02-09,P016,North,W01,516,10,13,513,0
2026-02-10,P016,North,W01,513,19,25,507,0
2026-02-11,P016,North,W01,507,13,10,510,0
2026-02-12,P016,North,W01,510,15,23,502,0
2026-02-13,P016,North,W01,502,12,17,497,0
2026-02-14,P016,North,W01,497,26,20,503,0
2026-02-15,P016,North,W01,503,13,16,500,0
2026-02-16,P016,North,W01,500,15,22,493,0
2026-02-17,P016,North,W01,493,14,16,491,0
2026-02-18,P016,North,W01,491,14,15,490,0
2026-02-19,P016,North,W01,490,19,19,490,0
2026-02-20,P016,North,W01,490,3,20,473,0
2026-02-21,P016,North,W01,473,3,12,464,0
2026-02-22,P016,North,W01,464,5,15,454,0
2026-02-23,P016,North,W01,454,3,19,438,0
2026-02-24,P016,North,W01,438,1,18,421,0
2026-02-25,P016,North,W01,421,4,25,400,0
2026-02-26,P016,North,W01,400,4,15,389,0
2026-02-27,P016,North,W01,389,3,15,377,0
2026-02-28,P016,North,W01,377,3,25,355,0
2026-03-01,P016,North,W01,355,21,19,357,0
2026-03-02,P016,North,W01,357,18,15,360,0
2026-03-03,P016,North,W01,360,14,13,361,0
2026-03-04,P016,North,W01,361,25,10,376,0
2026-03-05,P016,North,W01,376,11,17,370,0
2026-03-06,P016,North,W01,370,16,20,366,0
2026-03-07,P016,North,W01,366,16,13,369,0
2026-03-08,P016,North,W01,369,21,22,368,0
2026-03-09,P016,North,W01,368,22,14,376,0
2026-03-10,P016,North,W01,376,21,24,373,0
2026-03-11,P016,North,W01,373,17,26,364,0
2026-03-12,P016,North,W01,364,16,14,366,0
2026-03-13,P016,North,W01,366,13,18,361,0
2026-03-14,P016,North,W01,361,18,17,362,0
2026-03-15,P016,North,W01,362,12,13,361,0
2026-03-16,P016,North,W01,361,12,24,349,0
2026-03-17,P016,North,W01,349,10,14,345,0
2026-03-18,P016,North,W01,345,14,15,344,0
2026-03-19,P016,North,W01,344,14,16,342,0
2026-03-20,P016,North,W01,342,13,15,340,0
2026-03-21,P016,North,W01,340,17,12,345,0
2026-03-22,P016,North,W01,345,16,17,344,0
2026-03-23,P016,North,W01,344,23,17,350,0
2026-03-24,P016,North,W01,350,12,12,350,0
2026-03-25,P016,North,W01,350,20,21,349,0
2026-03-26,P016,North,W01,349,15,24,340,0
2026-03-27,P016,North,W01,340,16,20,336,0
2026-03-28,P016,North,W01,336,18,21,333,0
2026-03-29,P016,North,W01,333,15,18,330,0
2026-03-30,P016,North,W01,330,17,15,332,0
2026-03-31,P016,North,W01,332,17,13,336,0
2026-04-01,P016,North,W01,336,22,24,334,0
2026-04-02,P016,North,W01,334,10,19,325,0
2026-04-03,P016,North,W01,325,13,17,321,0
2026-04-04,P016,North,W01,321,14,16,319,0
2026-04-05,P016,North,W01,319,14,20,313,0
2026-04-06,P016,North,W01,313,18,11,320,0
2026-04-07,P016,North,W01,320,19,20,319,0
2026-04-08,P016,North,W01,319,15,21,313,0
2026-04-09,P016,North,W01,313,16,17,312,0
2026-04-10,P016,North,W01,312,15,15,312,0
2026-04-11,P016,North,W01,312,18,15,315,0
2026-04-12,P016,North,W01,315,10,19,306,0
2026-04-13,P016,North,W01,306,15,15,306,0
2026-04-14,P016,North,W01,306,16,10,312,0
2026-04-15,P016,North,W01,312,19,18,313,0
2026-04-16,P016,North,W01,313,17,21,309,0
2026-04-17,P016,North,W01,309,14,18,305,0
2026-04-18,P016,North,W01,305,17,28,294,0
2026-04-19,P016,North,W01,294,9,12,291,0
2026-04-20,P016,North,W01,291,17,20,288,0
2026-04-21,P016,North,W01,288,12,24,276,0
2026-04-22,P016,North,W01,276,15,16,275,0
2026-04-23,P016,North,W01,275,9,19,265,0
2026-04-24,P016,North,W01,265,7,13,259,0
2026-04-25,P016,North,W01,259,17,17,259,0
2026-04-26,P016,North,W01,259,16,16,259,0
2026-04-27,P016,North,W01,259,15,11,263,0
2026-04-28,P016,North,W01,263,19,22,260,0
2026-04-29,P016,North,W01,260,16,16,260,0
2026-04-30,P016,North,W01,260,15,16,259,0
2026-05-01,P016,North,W01,259,9,25,243,0
2026-05-02,P016,North,W01,243,11,17,237,0
2026-05-03,P016,North,W01,237,14,23,228,0
2026-05-04,P016,North,W01,228,10,18,220,0
2026-05-05,P016,North,W01,220,20,10,230,0
2026-05-06,P016,North,W01,230,17,23,224,0
2026-05-07,P016,North,W01,224,21,24,221,0
2026-05-08,P016,North,W01,221,11,24,208,0
2026-05-09,P016,North,W01,208,12,22,198,0
2026-05-10,P016,North,W01,198,12,16,194,0
2026-05-11,P016,North,W01,194,18,22,190,0
2026-05-12,P016,North,W01,190,11,16,185,0
2026-05-13,P016,North,W01,185,14,24,175,0
2026-05-14,P016,North,W01,175,16,14,177,0
2026-05-15,P016,North,W01,177,20,17,180,0
2026-05-16,P016,North,W01,180,19,23,176,0
2026-05-17,P016,North,W01,176,7,19,164,0
2026-05-18,P016,North,W01,164,12,16,160,0
2026-05-19,P016,North,W01,160,9,16,153,0
2026-05-20,P016,North,W01,153,23,17,159,0
2026-05-21,P016,North,W01,159,10,12,157,0
2026-05-22,P016,North,W01,157,12,19,150,0
2026-05-23,P016,North,W01,150,15,18,147,0
2026-05-24,P016,North,W01,147,20,25,142,0
2026-05-25,P016,North,W01,142,12,18,136,0
2026-05-26,P016,North,W01,136,23,12,147,0
2026-05-27,P016,North,W01,147,18,19,146,0
2026-05-28,P016,North,W01,146,18,19,145,0
2026-05-29,P016,North,W01,145,14,20,139,0
2026-05-30,P016,North,W01,139,17,18,138,0
2026-05-31,P016,North,W01,138,17,26,129,0
2026-06-01,P016,North,W01,129,18,21,126,0
2026-06-02,P016,North,W01,126,8,15,119,0
2026-06-03,P016,North,W01,119,14,22,111,0
2026-06-04,P016,North,W01,111,18,19,110,0
2026-06-05,P016,North,W01,110,5,20,95,0
2026-06-06,P016,North,W01,95,11,15,91,0
2026-06-07,P016,North,W01,91,16,17,90,0
2026-06-08,P016,North,W01,90,19,26,83,0
2026-06-09,P016,North,W01,83,14,21,76,0
2026-06-10,P016,North,W01,76,23,15,84,0
2026-06-11,P016,North,W01,84,13,23,74,0
2026-06-12,P016,North,W01,74,16,19,71,0
2026-06-13,P016,North,W01,71,12,29,54,0
2026-06-14,P016,North,W01,54,16,20,50,0
2026-06-15,P016,North,W01,50,10,11,49,0
2026-06-16,P016,North,W01,49,15,23,41,0
2026-06-17,P016,North,W01,41,16,15,42,0
2026-06-18,P016,North,W01,42,10,22,30,0
2026-06-19,P016,North,W01,30,14,22,22,0
2026-06-20,P016,North,W01,22,15,21,16,0
2026-06-21,P016,North,W01,16,23,15,24,0
2026-06-22,P016,North,W01,24,18,19,23,0
2026-06-23,P016,North,W01,23,23,15,31,0
2026-06-24,P016,North,W01,31,13,17,27,0
2026-06-25,P016,North,W01,27,8,21,14,0
2026-06-26,P016,North,W01,14,12,21,5,0
2026-06-27,P016,North,W01,5,10,15,0,11
2026-06-28,P016,North,W01,0,13,13,0,8
2026-06-29,P016,North,W01,0,14,14,0,8
2026-06-30,P016,North,W01,0,5,5,0,9
2026-01-01,P016,South,W02,263,17,12,268,0
2026-01-02,P016,South,W02,268,15,16,267,0
2026-01-03,P016,South,W02,267,17,24,260,0
2026-01-04,P016,South,W02,260,19,21,258,0
2026-01-05,P016,South,W02,258,18,27,249,0
2026-01-06,P016,South,W02,249,11,17,243,0
2026-01-07,P016,South,W02,243,29,20,252,0
2026-01-08,P016,South,W02,252,11,16,247,0
2026-01-09,P016,South,W02,247,17,12,252,0
2026-01-10,P016,South,W02,252,14,19,247,0
2026-01-11,P016,South,W02,247,24,6,265,0
2026-01-12,P016,South,W02,265,12,21,256,0
2026-01-13,P016,South,W02,256,16,14,258,0
2026-01-14,P016,South,W02,258,11,22,247,0
2026-01-15,P016,South,W02,247,14,17,244,0
2026-01-16,P016,South,W02,244,13,23,234,0
2026-01-17,P016,South,W02,234,18,19,233,0
2026-01-18,P016,South,W02,233,18,9,242,0
2026-01-19,P016,South,W02,242,14,25,231,0
2026-01-20,P016,South,W02,231,16,8,239,0
2026-01-21,P016,South,W02,239,16,21,234,0
2026-01-22,P016,South,W02,234,17,18,233,0
2026-01-23,P016,South,W02,233,10,20,223,0
2026-01-24,P016,South,W02,223,23,23,223,0
2026-01-25,P016,South,W02,223,10,25,208,0
2026-01-26,P016,South,W02,208,15,26,197,0
2026-01-27,P016,South,W02,197,16,21,192,0
2026-01-28,P016,South,W02,192,12,21,183,0
2026-01-29,P016,South,W02,183,18,15,186,0
2026-01-30,P016,South,W02,186,21,23,184,0
2026-01-31,P016,South,W02,184,13,22,175,0
2026-02-01,P016,South,W02,175,16,21,170,0
2026-02-02,P016,South,W02,170,11,8,173,0
2026-02-03,P016,South,W02,173,17,19,171,0
2026-02-04,P016,South,W02,171,17,14,174,0
2026-02-05,P016,South,W02,174,10,11,173,0
2026-02-06,P016,South,W02,173,16,16,173,0
2026-02-07,P016,South,W02,173,14,27,160,0
2026-02-08,P016,South,W02,160,14,14,160,0
2026-02-09,P016,South,W02,160,17,18,159,0
2026-02-10,P016,South,W02,159,12,24,147,0
2026-02-11,P016,South,W02,147,14,16,145,0
2026-02-12,P016,South,W02,145,17,15,147,0
2026-02-13,P016,South,W02,147,17,22,142,0
2026-02-14,P016,South,W02,142,15,13,144,0
2026-02-15,P016,South,W02,144,16,18,142,0
2026-02-16,P016,South,W02,142,12,11,143,0
2026-02-17,P016,South,W02,143,17,24,136,0
2026-02-18,P016,South,W02,136,17,19,134,0
2026-02-19,P016,South,W02,134,15,17,132,0
2026-02-20,P016,South,W02,132,3,16,119,0
2026-02-21,P016,South,W02,119,1,15,105,0
2026-02-22,P016,South,W02,105,5,15,95,0
2026-02-23,P016,South,W02,95,3,21,77,0
2026-02-24,P016,South,W02,77,3,14,66,0
2026-02-25,P016,South,W02,66,2,15,53,0
2026-02-26,P016,South,W02,53,2,13,42,0
2026-02-27,P016,South,W02,42,1,23,20,0
2026-02-28,P016,South,W02,20,0,18,2,0
2026-03-01,P016,South,W02,2,13,15,0,0
2026-03-02,P016,South,W02,0,20,15,5,0
2026-03-03,P016,South,W02,5,21,17,9,0
2026-03-04,P016,South,W02,9,17,18,8,0
2026-03-05,P016,South,W02,8,6,14,0,6
2026-03-06,P016,South,W02,0,17,17,0,13
2026-03-07,P016,South,W02,0,17,17,0,9
2026-03-08,P016,South,W02,0,16,16,0,7
2026-03-09,P016,South,W02,0,13,13,0,8
2026-03-10,P016,South,W02,0,15,15,0,5
2026-03-11,P016,South,W02,0,20,10,10,0
2026-03-12,P016,South,W02,10,21,24,7,0
2026-03-13,P016,South,W02,7,14,13,8,0
2026-03-14,P016,South,W02,8,16,17,7,0
2026-03-15,P016,South,W02,7,12,17,2,0
2026-03-16,P016,South,W02,2,18,20,0,0
2026-03-17,P016,South,W02,0,13,13,0,8
2026-03-18,P016,South,W02,0,18,18,0,6
2026-03-19,P016,South,W02,0,12,12,0,12
2026-03-20,P016,South,W02,0,12,10,2,0
2026-03-21,P016,South,W02,2,14,16,0,11
2026-03-22,P016,South,W02,0,14,14,0,15
2026-03-23,P016,South,W02,0,16,16,0,0
2026-03-24,P016,South,W02,0,13,13,0,14
2026-03-25,P016,South,W02,0,17,15,2,0
2026-03-26,P016,South,W02,2,12,14,0,7
2026-03-27,P016,South,W02,0,11,11,0,14
2026-03-28,P016,South,W02,0,12,12,0,14
2026-03-29,P016,South,W02,0,23,19,4,0
2026-03-30,P016,South,W02,4,16,18,2,0
2026-03-31,P016,South,W02,2,12,12,2,0
2026-04-01,P016,South,W02,2,12,14,0,9
2026-04-02,P016,South,W02,0,22,21,1,0
2026-04-03,P016,South,W02,1,19,12,8,0
2026-04-04,P016,South,W02,8,19,19,8,0
2026-04-05,P016,South,W02,8,16,16,8,0
2026-04-06,P016,South,W02,8,18,13,13,0
2026-04-07,P016,South,W02,13,17,17,13,0
2026-04-08,P016,South,W02,13,15,23,5,0
2026-04-09,P016,South,W02,5,10,15,0,12
2026-04-10,P016,South,W02,0,17,14,3,0
2026-04-11,P016,South,W02,3,4,7,0,5
2026-04-12,P016,South,W02,0,20,19,1,0
2026-04-13,P016,South,W02,1,21,20,2,0
2026-04-14,P016,South,W02,2,10,12,0,4
2026-04-15,P016,South,W02,0,18,18,0,15
2026-04-16,P016,South,W02,0,12,12,0,7
2026-04-17,P016,South,W02,0,9,9,0,6
2026-04-18,P016,South,W02,0,19,19,0,11
2026-04-19,P016,South,W02,0,12,12,0,12
2026-04-20,P016,South,W02,0,8,8,0,4
2026-04-21,P016,South,W02,0,14,14,0,15
2026-04-22,P016,South,W02,0,21,19,2,0
2026-04-23,P016,South,W02,2,14,16,0,6
2026-04-24,P016,South,W02,0,20,15,5,0
2026-04-25,P016,South,W02,5,15,20,0,0
2026-04-26,P016,South,W02,0,13,13,0,14
2026-04-27,P016,South,W02,0,19,18,1,0
2026-04-28,P016,South,W02,1,14,15,0,11
2026-04-29,P016,South,W02,0,12,12,0,15
2026-04-30,P016,South,W02,0,13,13,0,9
2026-05-01,P016,South,W02,0,12,12,0,4
2026-05-02,P016,South,W02,0,15,15,0,12
2026-05-03,P016,South,W02,0,12,12,0,4
2026-05-04,P016,South,W02,0,14,14,0,12
2026-05-05,P016,South,W02,0,15,15,0,9
2026-05-06,P016,South,W02,0,28,19,9,0
2026-05-07,P016,South,W02,9,16,24,1,0
2026-05-08,P016,South,W02,1,18,14,5,0
2026-05-09,P016,South,W02,5,22,24,3,0
2026-05-10,P016,South,W02,3,12,15,0,9
2026-05-11,P016,South,W02,0,15,15,0,13
2026-05-12,P016,South,W02,0,15,15,0,13
2026-05-13,P016,South,W02,0,20,20,0,9
2026-05-14,P016,South,W02,0,19,17,2,0
2026-05-15,P016,South,W02,2,11,13,0,4
2026-05-16,P016,South,W02,0,12,12,0,15
2026-05-17,P016,South,W02,0,20,12,8,0
2026-05-18,P016,South,W02,8,12,13,7,0
2026-05-19,P016,South,W02,7,11,14,4,0
2026-05-20,P016,South,W02,4,16,20,0,8
2026-05-21,P016,South,W02,0,15,15,0,12
2026-05-22,P016,South,W02,0,12,12,0,0
2026-05-23,P016,South,W02,0,18,16,2,0
2026-05-24,P016,South,W02,2,9,11,0,0
2026-05-25,P016,South,W02,0,12,12,0,14
2026-05-26,P016,South,W02,0,12,12,0,0
2026-05-27,P016,South,W02,0,11,11,0,15
2026-05-28,P016,South,W02,0,21,16,5,0
2026-05-29,P016,South,W02,5,17,22,0,8
2026-05-30,P016,South,W02,0,16,13,3,0
2026-05-31,P016,South,W02,3,15,14,4,0
2026-06-01,P016,South,W02,4,13,17,0,12
2026-06-02,P016,South,W02,0,12,12,0,12
2026-06-03,P016,South,W02,0,19,18,1,0
2026-06-04,P016,South,W02,1,15,13,3,0
2026-06-05,P016,South,W02,3,10,12,1,0
2026-06-06,P016,South,W02,1,10,11,0,9
2026-06-07,P016,South,W02,0,19,13,6,0
2026-06-08,P016,South,W02,6,12,18,0,6
2026-06-09,P016,South,W02,0,18,18,0,0
2026-06-10,P016,South,W02,0,14,14,0,7
2026-06-11,P016,South,W02,0,18,11,7,0
2026-06-12,P016,South,W02,7,15,14,8,0
2026-06-13,P016,South,W02,8,15,22,1,0
2026-06-14,P016,South,W02,1,8,9,0,14
2026-06-15,P016,South,W02,0,11,11,0,12
2026-06-16,P016,South,W02,0,13,13,0,5
2026-06-17,P016,South,W02,0,23,22,1,0
2026-06-18,P016,South,W02,1,9,10,0,10
2026-06-19,P016,South,W02,0,18,18,0,4
2026-06-20,P016,South,W02,0,11,11,0,4
2026-06-21,P016,South,W02,0,15,15,0,5
2026-06-22,P016,South,W02,0,9,9,0,4
2026-06-23,P016,South,W02,0,10,10,0,8
2026-06-24,P016,South,W02,0,12,12,0,8
2026-06-25,P016,South,W02,0,14,14,0,7
2026-06-26,P016,South,W02,0,15,14,1,0
2026-06-27,P016,South,W02,1,10,11,0,8
2026-06-28,P016,South,W02,0,18,18,0,12
2026-06-29,P016,South,W02,0,20,14,6,0
2026-06-30,P016,South,W02,6,18,17,7,0
2026-01-01,P016,East,W03,255,20,21,254,0
2026-01-02,P016,East,W03,254,6,22,238,0
2026-01-03,P016,East,W03,238,15,23,230,0
2026-01-04,P016,East,W03,230,11,18,223,0
2026-01-05,P016,East,W03,223,14,19,218,0
2026-01-06,P016,East,W03,218,12,20,210,0
2026-01-07,P016,East,W03,210,12,20,202,0
2026-01-08,P016,East,W03,202,20,16,206,0
2026-01-09,P016,East,W03,206,18,18,206,0
2026-01-10,P016,East,W03,206,17,13,210,0
2026-01-11,P016,East,W03,210,13,19,204,0
2026-01-12,P016,East,W03,204,8,18,194,0
2026-01-13,P016,East,W03,194,26,16,204,0
2026-01-14,P016,East,W03,204,16,17,203,0
2026-01-15,P016,East,W03,203,9,16,196,0
2026-01-16,P016,East,W03,196,18,24,190,0
2026-01-17,P016,East,W03,190,13,22,181,0
2026-01-18,P016,East,W03,181,9,19,171,0
2026-01-19,P016,East,W03,171,11,20,162,0
2026-01-20,P016,East,W03,162,14,24,152,0
2026-01-21,P016,East,W03,152,18,16,154,0
2026-01-22,P016,East,W03,154,16,21,149,0
2026-01-23,P016,East,W03,149,8,20,137,0
2026-01-24,P016,East,W03,137,17,32,122,0
2026-01-25,P016,East,W03,122,16,20,118,0
2026-01-26,P016,East,W03,118,12,20,110,0
2026-01-27,P016,East,W03,110,17,18,109,0
2026-01-28,P016,East,W03,109,14,20,103,0
2026-01-29,P016,East,W03,103,18,20,101,0
2026-01-30,P016,East,W03,101,12,20,93,0
2026-01-31,P016,East,W03,93,13,19,87,0
2026-02-01,P016,East,W03,87,13,15,85,0
2026-02-02,P016,East,W03,85,13,28,70,0
2026-02-03,P016,East,W03,70,14,14,70,0
2026-02-04,P016,East,W03,70,14,13,71,0
2026-02-05,P016,East,W03,71,14,24,61,0
2026-02-06,P016,East,W03,61,25,17,69,0
2026-02-07,P016,East,W03,69,11,13,67,0
2026-02-08,P016,East,W03,67,18,17,68,0
2026-02-09,P016,East,W03,68,15,23,60,0
2026-02-10,P016,East,W03,60,9,21,48,0
2026-02-11,P016,East,W03,48,13,20,41,0
2026-02-12,P016,East,W03,41,9,17,33,0
2026-02-13,P016,East,W03,33,11,10,34,0
2026-02-14,P016,East,W03,34,10,16,28,0
2026-02-15,P016,East,W03,28,23,17,34,0
2026-02-16,P016,East,W03,34,8,23,19,0
2026-02-17,P016,East,W03,19,11,19,11,0
2026-02-18,P016,East,W03,11,11,10,12,0
2026-02-19,P016,East,W03,12,23,15,20,0
2026-02-20,P016,East,W03,20,7,15,12,0
2026-02-21,P016,East,W03,12,1,13,0,14
2026-02-22,P016,East,W03,0,1,1,0,7
2026-02-23,P016,East,W03,0,2,2,0,7
2026-02-24,P016,East,W03,0,5,5,0,4
2026-02-25,P016,East,W03,0,8,8,0,6
2026-02-26,P016,East,W03,0,3,3,0,12
2026-02-27,P016,East,W03,0,0,0,0,14
2026-02-28,P016,East,W03,0,2,2,0,11
2026-03-01,P016,East,W03,0,11,11,0,11
2026-03-02,P016,East,W03,0,21,20,1,0
2026-03-03,P016,East,W03,1,9,10,0,13
2026-03-04,P016,East,W03,0,13,13,0,15
2026-03-05,P016,East,W03,0,22,19,3,0
2026-03-06,P016,East,W03,3,17,20,0,11
2026-03-07,P016,East,W03,0,15,15,0,12
2026-03-08,P016,East,W03,0,20,16,4,0
2026-03-09,P016,East,W03,4,17,18,3,0
2026-03-10,P016,East,W03,3,8,11,0,10
2026-03-11,P016,East,W03,0,17,17,0,9
2026-03-12,P016,East,W03,0,17,17,0,4
2026-03-13,P016,East,W03,0,6,6,0,13
2026-03-14,P016,East,W03,0,19,16,3,0
2026-03-15,P016,East,W03,3,18,19,2,0
2026-03-16,P016,East,W03,2,12,14,0,15
2026-03-17,P016,East,W03,0,19,17,2,0
2026-03-18,P016,East,W03,2,16,18,0,4
2026-03-19,P016,East,W03,0,20,17,3,0
2026-03-20,P016,East,W03,3,15,18,0,0
2026-03-21,P016,East,W03,0,14,14,0,7
2026-03-22,P016,East,W03,0,19,19,0,6
2026-03-23,P016,East,W03,0,19,15,4,0
2026-03-24,P016,East,W03,4,13,13,4,0
2026-03-25,P016,East,W03,4,22,14,12,0
2026-03-26,P016,East,W03,12,14,17,9,0
2026-03-27,P016,East,W03,9,11,20,0,6
2026-03-28,P016,East,W03,0,10,10,0,10
2026-03-29,P016,East,W03,0,12,12,0,8
2026-03-30,P016,East,W03,0,10,10,0,5
2026-03-31,P016,East,W03,0,17,17,0,14
2026-04-01,P016,East,W03,0,12,11,1,0
2026-04-02,P016,East,W03,1,18,19,0,6
2026-04-03,P016,East,W03,0,15,15,0,5
2026-04-04,P016,East,W03,0,15,15,0,9
2026-04-05,P016,East,W03,0,17,17,0,10
2026-04-06,P016,East,W03,0,17,16,1,0
2026-04-07,P016,East,W03,1,9,10,0,7
2026-04-08,P016,East,W03,0,13,13,0,0
2026-04-09,P016,East,W03,0,12,12,0,9
2026-04-10,P016,East,W03,0,15,15,0,12
2026-04-11,P016,East,W03,0,10,10,0,9
2026-04-12,P016,East,W03,0,12,12,0,12
2026-04-13,P016,East,W03,0,23,14,9,0
2026-04-14,P016,East,W03,9,6,15,0,7
2026-04-15,P016,East,W03,0,15,15,0,0
2026-04-16,P016,East,W03,0,16,15,1,0
2026-04-17,P016,East,W03,1,11,12,0,12
2026-04-18,P016,East,W03,0,10,10,0,11
2026-04-19,P016,East,W03,0,11,11,0,14
2026-04-20,P016,East,W03,0,16,16,0,12
2026-04-21,P016,East,W03,0,15,11,4,0
2026-04-22,P016,East,W03,4,20,21,3,0
2026-04-23,P016,East,W03,3,25,14,14,0
2026-04-24,P016,East,W03,14,8,22,0,13
2026-04-25,P016,East,W03,0,12,12,0,11
2026-04-26,P016,East,W03,0,15,15,0,9
2026-04-27,P016,East,W03,0,18,13,5,0
2026-04-28,P016,East,W03,5,12,17,0,7
2026-04-29,P016,East,W03,0,15,15,0,9
2026-04-30,P016,East,W03,0,21,21,0,5
2026-05-01,P016,East,W03,0,14,14,0,6
2026-05-02,P016,East,W03,0,16,16,0,9
2026-05-03,P016,East,W03,0,10,10,0,4
2026-05-04,P016,East,W03,0,17,15,2,0
2026-05-05,P016,East,W03,2,19,20,1,0
2026-05-06,P016,East,W03,1,12,13,0,7
2026-05-07,P016,East,W03,0,17,17,0,6
2026-05-08,P016,East,W03,0,8,8,0,12
2026-05-09,P016,East,W03,0,17,17,0,9
2026-05-10,P016,East,W03,0,13,13,0,11
2026-05-11,P016,East,W03,0,9,9,0,13
2026-05-12,P016,East,W03,0,17,17,0,11
2026-05-13,P016,East,W03,0,21,16,5,0
2026-05-14,P016,East,W03,5,16,17,4,0
2026-05-15,P016,East,W03,4,16,20,0,12
2026-05-16,P016,East,W03,0,18,18,0,0
2026-05-17,P016,East,W03,0,19,19,0,11
2026-05-18,P016,East,W03,0,10,10,0,10
2026-05-19,P016,East,W03,0,20,15,5,0
2026-05-20,P016,East,W03,5,16,18,3,0
2026-05-21,P016,East,W03,3,22,22,3,0
2026-05-22,P016,East,W03,3,22,25,0,13
2026-05-23,P016,East,W03,0,18,18,0,14
2026-05-24,P016,East,W03,0,12,12,0,8
2026-05-25,P016,East,W03,0,13,13,0,10
2026-05-26,P016,East,W03,0,13,13,0,7
2026-05-27,P016,East,W03,0,9,9,0,9
2026-05-28,P016,East,W03,0,15,15,0,13
2026-05-29,P016,East,W03,0,11,11,0,6
2026-05-30,P016,East,W03,0,19,18,1,0
2026-05-31,P016,East,W03,1,13,14,0,5
2026-06-01,P016,East,W03,0,14,14,0,14
2026-06-02,P016,East,W03,0,11,11,0,6
2026-06-03,P016,East,W03,0,11,11,0,10
2026-06-04,P016,East,W03,0,14,14,0,12
2026-06-05,P016,East,W03,0,18,14,4,0
2026-06-06,P016,East,W03,4,17,14,7,0
2026-06-07,P016,East,W03,7,11,16,2,0
2026-06-08,P016,East,W03,2,12,14,0,10
2026-06-09,P016,East,W03,0,15,15,0,10
2026-06-10,P016,East,W03,0,14,14,0,11
2026-06-11,P016,East,W03,0,19,19,0,13
2026-06-12,P016,East,W03,0,13,13,0,8
2026-06-13,P016,East,W03,0,24,15,9,0
2026-06-14,P016,East,W03,9,15,23,1,0
2026-06-15,P016,East,W03,1,13,14,0,12
2026-06-16,P016,East,W03,0,10,10,0,7
2026-06-17,P016,East,W03,0,16,16,0,11
2026-06-18,P016,East,W03,0,16,14,2,0
2026-06-19,P016,East,W03,2,18,20,0,12
2026-06-20,P016,East,W03,0,12,12,0,4
2026-06-21,P016,East,W03,0,13,13,0,9
2026-06-22,P016,East,W03,0,14,14,0,8
2026-06-23,P016,East,W03,0,14,14,0,14
2026-06-24,P016,East,W03,0,16,16,0,12
2026-06-25,P016,East,W03,0,20,16,4,0
2026-06-26,P016,East,W03,4,13,17,0,12
2026-06-27,P016,East,W03,0,15,15,0,12
2026-06-28,P016,East,W03,0,14,14,0,15
2026-06-29,P016,East,W03,0,21,21,0,11
2026-06-30,P016,East,W03,0,21,15,6,0
2026-01-01,P016,West,W04,464,15,16,463,0
2026-01-02,P016,West,W04,463,10,19,454,0
2026-01-03,P016,West,W04,454,16,25,445,0
2026-01-04,P016,West,W04,445,14,22,437,0
2026-01-05,P016,West,W04,437,19,27,429,0
2026-01-06,P016,West,W04,429,12,23,418,0
2026-01-07,P016,West,W04,418,15,11,422,0
2026-01-08,P016,West,W04,422,20,17,425,0
2026-01-09,P016,West,W04,425,13,28,410,0
2026-01-10,P016,West,W04,410,12,15,407,0
2026-01-11,P016,West,W04,407,15,24,398,0
2026-01-12,P016,West,W04,398,9,11,396,0
2026-01-13,P016,West,W04,396,17,11,402,0
2026-01-14,P016,West,W04,402,18,18,402,0
2026-01-15,P016,West,W04,402,16,12,406,0
2026-01-16,P016,West,W04,406,12,21,397,0
2026-01-17,P016,West,W04,397,13,16,394,0
2026-01-18,P016,West,W04,394,20,18,396,0
2026-01-19,P016,West,W04,396,20,16,400,0
2026-01-20,P016,West,W04,400,16,13,403,0
2026-01-21,P016,West,W04,403,18,22,399,0
2026-01-22,P016,West,W04,399,19,18,400,0
2026-01-23,P016,West,W04,400,27,18,409,0
2026-01-24,P016,West,W04,409,12,22,399,0
2026-01-25,P016,West,W04,399,20,23,396,0
2026-01-26,P016,West,W04,396,18,28,386,0
2026-01-27,P016,West,W04,386,16,19,383,0
2026-01-28,P016,West,W04,383,17,19,381,0
2026-01-29,P016,West,W04,381,10,16,375,0
2026-01-30,P016,West,W04,375,15,22,368,0
2026-01-31,P016,West,W04,368,15,20,363,0
2026-02-01,P016,West,W04,363,15,12,366,0
2026-02-02,P016,West,W04,366,12,17,361,0
2026-02-03,P016,West,W04,361,11,16,356,0
2026-02-04,P016,West,W04,356,12,20,348,0
2026-02-05,P016,West,W04,348,13,21,340,0
2026-02-06,P016,West,W04,340,15,11,344,0
2026-02-07,P016,West,W04,344,12,25,331,0
2026-02-08,P016,West,W04,331,19,15,335,0
2026-02-09,P016,West,W04,335,14,16,333,0
2026-02-10,P016,West,W04,333,19,24,328,0
2026-02-11,P016,West,W04,328,13,20,321,0
2026-02-12,P016,West,W04,321,7,20,308,0
2026-02-13,P016,West,W04,308,15,19,304,0
2026-02-14,P016,West,W04,304,15,17,302,0
2026-02-15,P016,West,W04,302,16,23,295,0
2026-02-16,P016,West,W04,295,14,21,288,0
2026-02-17,P016,West,W04,288,25,18,295,0
2026-02-18,P016,West,W04,295,21,18,298,0
2026-02-19,P016,West,W04,298,11,22,287,0
2026-02-20,P016,West,W04,287,5,20,272,0
2026-02-21,P016,West,W04,272,0,15,257,0
2026-02-22,P016,West,W04,257,2,20,239,0
2026-02-23,P016,West,W04,239,0,19,220,0
2026-02-24,P016,West,W04,220,2,17,205,0
2026-02-25,P016,West,W04,205,4,15,194,0
2026-02-26,P016,West,W04,194,6,9,191,0
2026-02-27,P016,West,W04,191,5,17,179,0
2026-02-28,P016,West,W04,179,2,14,167,0
2026-03-01,P016,West,W04,167,23,14,176,0
2026-03-02,P016,West,W04,176,22,14,184,0
2026-03-03,P016,West,W04,184,11,13,182,0
2026-03-04,P016,West,W04,182,17,11,188,0
2026-03-05,P016,West,W04,188,20,23,185,0
2026-03-06,P016,West,W04,185,16,17,184,0
2026-03-07,P016,West,W04,184,10,22,172,0
2026-03-08,P016,West,W04,172,12,16,168,0
2026-03-09,P016,West,W04,168,12,17,163,0
2026-03-10,P016,West,W04,163,13,22,154,0
2026-03-11,P016,West,W04,154,14,21,147,0
2026-03-12,P016,West,W04,147,19,20,146,0
2026-03-13,P016,West,W04,146,13,13,146,0
2026-03-14,P016,West,W04,146,16,15,147,0
2026-03-15,P016,West,W04,147,11,25,133,0
2026-03-16,P016,West,W04,133,14,20,127,0
2026-03-17,P016,West,W04,127,15,14,128,0
2026-03-18,P016,West,W04,128,15,13,130,0
2026-03-19,P016,West,W04,130,13,26,117,0
2026-03-20,P016,West,W04,117,9,24,102,0
2026-03-21,P016,West,W04,102,11,18,95,0
2026-03-22,P016,West,W04,95,14,16,93,0
2026-03-23,P016,West,W04,93,10,24,79,0
2026-03-24,P016,West,W04,79,5,21,63,0
2026-03-25,P016,West,W04,63,7,12,58,0
2026-03-26,P016,West,W04,58,18,16,60,0
2026-03-27,P016,West,W04,60,16,19,57,0
2026-03-28,P016,West,W04,57,9,21,45,0
2026-03-29,P016,West,W04,45,13,13,45,0
2026-03-30,P016,West,W04,45,12,21,36,0
2026-03-31,P016,West,W04,36,10,15,31,0
2026-04-01,P016,West,W04,31,13,25,19,0
2026-04-02,P016,West,W04,19,18,18,19,0
2026-04-03,P016,West,W04,19,12,12,19,0
2026-04-04,P016,West,W04,19,18,24,13,0
2026-04-05,P016,West,W04,13,14,24,3,0
2026-04-06,P016,West,W04,3,17,20,0,14
2026-04-07,P016,West,W04,0,18,16,2,0
2026-04-08,P016,West,W04,2,16,18,0,15
2026-04-09,P016,West,W04,0,20,17,3,0
2026-04-10,P016,West,W04,3,16,19,0,13
2026-04-11,P016,West,W04,0,15,13,2,0
2026-04-12,P016,West,W04,2,12,14,0,8
2026-04-13,P016,West,W04,0,17,16,1,0
2026-04-14,P016,West,W04,1,18,17,2,0
2026-04-15,P016,West,W04,2,16,6,12,0
2026-04-16,P016,West,W04,12,12,13,11,0
2026-04-17,P016,West,W04,11,10,14,7,0
2026-04-18,P016,West,W04,7,18,21,4,0
2026-04-19,P016,West,W04,4,15,18,1,0
2026-04-20,P016,West,W04,1,13,14,0,7
2026-04-21,P016,West,W04,0,15,13,2,0
2026-04-22,P016,West,W04,2,7,9,0,15
2026-04-23,P016,West,W04,0,16,16,0,15
2026-04-24,P016,West,W04,0,17,17,0,8
2026-04-25,P016,West,W04,0,15,15,0,5
2026-04-26,P016,West,W04,0,19,17,2,0
2026-04-27,P016,West,W04,2,16,18,0,12
2026-04-28,P016,West,W04,0,29,19,10,0
2026-04-29,P016,West,W04,10,17,20,7,0
2026-04-30,P016,West,W04,7,13,20,0,0
2026-05-01,P016,West,W04,0,10,10,0,4
2026-05-02,P016,West,W04,0,19,19,0,11
2026-05-03,P016,West,W04,0,16,16,0,4
2026-05-04,P016,West,W04,0,18,18,0,10
2026-05-05,P016,West,W04,0,23,23,0,10
2026-05-06,P016,West,W04,0,18,17,1,0
2026-05-07,P016,West,W04,1,11,12,0,6
2026-05-08,P016,West,W04,0,14,14,0,14
2026-05-09,P016,West,W04,0,13,13,0,13
2026-05-10,P016,West,W04,0,19,19,0,6
2026-05-11,P016,West,W04,0,15,15,0,15
2026-05-12,P016,West,W04,0,25,18,7,0
2026-05-13,P016,West,W04,7,9,16,0,12
2026-05-14,P016,West,W04,0,15,15,0,7
2026-05-15,P016,West,W04,0,15,15,0,5
2026-05-16,P016,West,W04,0,15,15,0,13
2026-05-17,P016,West,W04,0,15,13,2,0
2026-05-18,P016,West,W04,2,17,18,1,0
2026-05-19,P016,West,W04,1,20,18,3,0
2026-05-20,P016,West,W04,3,20,22,1,0
2026-05-21,P016,West,W04,1,22,23,0,4
2026-05-22,P016,West,W04,0,18,13,5,0
2026-05-23,P016,West,W04,5,16,15,6,0
2026-05-24,P016,West,W04,6,9,15,0,10
2026-05-25,P016,West,W04,0,27,17,10,0
2026-05-26,P016,West,W04,10,12,17,5,0
2026-05-27,P016,West,W04,5,11,16,0,11
2026-05-28,P016,West,W04,0,13,13,0,10
2026-05-29,P016,West,W04,0,20,20,0,12
2026-05-30,P016,West,W04,0,19,17,2,0
2026-05-31,P016,West,W04,2,17,19,0,14
2026-06-01,P016,West,W04,0,16,16,0,0
2026-06-02,P016,West,W04,0,24,24,0,4
2026-06-03,P016,West,W04,0,5,5,0,14
2026-06-04,P016,West,W04,0,14,14,0,11
2026-06-05,P016,West,W04,0,23,19,4,0
2026-06-06,P016,West,W04,4,15,19,0,5
2026-06-07,P016,West,W04,0,11,11,0,7
2026-06-08,P016,West,W04,0,18,18,0,5
2026-06-09,P016,West,W04,0,15,15,0,8
2026-06-10,P016,West,W04,0,15,15,0,9
2026-06-11,P016,West,W04,0,16,16,0,14
2026-06-12,P016,West,W04,0,14,14,0,5
2026-06-13,P016,West,W04,0,26,18,8,0
2026-06-14,P016,West,W04,8,16,12,12,0
2026-06-15,P016,West,W04,12,13,20,5,0
2026-06-16,P016,West,W04,5,16,21,0,12
2026-06-17,P016,West,W04,0,19,19,0,15
2026-06-18,P016,West,W04,0,12,12,0,8
2026-06-19,P016,West,W04,0,11,11,0,7
2026-06-20,P016,West,W04,0,16,16,0,10
2026-06-21,P016,West,W04,0,15,15,0,9
2026-06-22,P016,West,W04,0,21,21,0,7
2026-06-23,P016,West,W04,0,20,18,2,0
2026-06-24,P016,West,W04,2,17,19,0,5
2026-06-25,P016,West,W04,0,14,14,0,8
2026-06-26,P016,West,W04,0,6,6,0,11
2026-06-27,P016,West,W04,0,15,15,0,12
2026-06-28,P016,West,W04,0,13,13,0,9
2026-06-29,P016,West,W04,0,9,9,0,4
2026-06-30,P016,West,W04,0,9,9,0,13
2026-01-01,P017,North,W01,298,14,23,289,0
2026-01-02,P017,North,W01,289,12,23,278,0
2026-01-03,P017,North,W01,278,14,14,278,0
2026-01-04,P017,North,W01,278,12,13,277,0
2026-01-05,P017,North,W01,277,17,14,280,0
2026-01-06,P017,North,W01,280,20,13,287,0
2026-01-07,P017,North,W01,287,13,20,280,0
2026-01-08,P017,North,W01,280,13,24,269,0
2026-01-09,P017,North,W01,269,24,22,271,0
2026-01-10,P017,North,W01,271,16,22,265,0
2026-01-11,P017,North,W01,265,14,20,259,0
2026-01-12,P017,North,W01,259,15,21,253,0
2026-01-13,P017,North,W01,253,11,19,245,0
2026-01-14,P017,North,W01,245,11,7,249,0
2026-01-15,P017,North,W01,249,12,21,240,0
2026-01-16,P017,North,W01,240,15,14,241,0
2026-01-17,P017,North,W01,241,22,26,237,0
2026-01-18,P017,North,W01,237,12,21,228,0
2026-01-19,P017,North,W01,228,20,22,226,0
2026-01-20,P017,North,W01,226,17,18,225,0
2026-01-21,P017,North,W01,225,13,17,221,0
2026-01-22,P017,North,W01,221,19,20,220,0
2026-01-23,P017,North,W01,220,15,12,223,0
2026-01-24,P017,North,W01,223,17,29,211,0
2026-01-25,P017,North,W01,211,12,18,205,0
2026-01-26,P017,North,W01,205,21,22,204,0
2026-01-27,P017,North,W01,204,17,23,198,0
2026-01-28,P017,North,W01,198,20,28,190,0
2026-01-29,P017,North,W01,190,9,21,178,0
2026-01-30,P017,North,W01,178,20,12,186,0
2026-01-31,P017,North,W01,186,20,22,184,0
2026-02-01,P017,North,W01,184,9,19,174,0
2026-02-02,P017,North,W01,174,21,18,177,0
2026-02-03,P017,North,W01,177,15,15,177,0
2026-02-04,P017,North,W01,177,14,19,172,0
2026-02-05,P017,North,W01,172,10,20,162,0
2026-02-06,P017,North,W01,162,10,22,150,0
2026-02-07,P017,North,W01,150,15,19,146,0
2026-02-08,P017,North,W01,146,15,12,149,0
2026-02-09,P017,North,W01,149,22,19,152,0
2026-02-10,P017,North,W01,152,14,7,159,0
2026-02-11,P017,North,W01,159,12,13,158,0
2026-02-12,P017,North,W01,158,21,24,155,0
2026-02-13,P017,North,W01,155,19,15,159,0
2026-02-14,P017,North,W01,159,16,14,161,0
2026-02-15,P017,North,W01,161,18,18,161,0
2026-02-16,P017,North,W01,161,15,20,156,0
2026-02-17,P017,North,W01,156,15,27,144,0
2026-02-18,P017,North,W01,144,16,22,138,0
2026-02-19,P017,North,W01,138,10,17,131,0
2026-02-20,P017,North,W01,131,1,16,116,0
2026-02-21,P017,North,W01,116,3,29,90,0
2026-02-22,P017,North,W01,90,2,20,72,0
2026-02-23,P017,North,W01,72,3,24,51,0
2026-02-24,P017,North,W01,51,3,20,34,0
2026-02-25,P017,North,W01,34,5,17,22,0
2026-02-26,P017,North,W01,22,2,16,8,0
2026-02-27,P017,North,W01,8,4,12,0,8
2026-02-28,P017,North,W01,0,2,2,0,4
2026-03-01,P017,North,W01,0,14,14,0,5
2026-03-02,P017,North,W01,0,13,13,0,11
2026-03-03,P017,North,W01,0,21,17,4,0
2026-03-04,P017,North,W01,4,19,20,3,0
2026-03-05,P017,North,W01,3,23,18,8,0
2026-03-06,P017,North,W01,8,18,11,15,0
2026-03-07,P017,North,W01,15,15,19,11,0
2026-03-08,P017,North,W01,11,15,15,11,0
2026-03-09,P017,North,W01,11,19,23,7,0
2026-03-10,P017,North,W01,7,18,25,0,0
2026-03-11,P017,North,W01,0,6,6,0,8
2026-03-12,P017,North,W01,0,13,9,4,0
2026-03-13,P017,North,W01,4,13,16,1,0
2026-03-14,P017,North,W01,1,19,20,0,6
2026-03-15,P017,North,W01,0,17,17,0,0
2026-03-16,P017,North,W01,0,25,17,8,0
2026-03-17,P017,North,W01,8,15,21,2,0
2026-03-18,P017,North,W01,2,14,16,0,7
2026-03-19,P017,North,W01,0,22,11,11,0
2026-03-20,P017,North,W01,11,12,21,2,0
2026-03-21,P017,North,W01,2,21,16,7,0
2026-03-22,P017,North,W01,7,15,16,6,0
2026-03-23,P017,North,W01,6,14,16,4,0
2026-03-24,P017,North,W01,4,14,14,4,0
2026-03-25,P017,North,W01,4,16,17,3,0
2026-03-26,P017,North,W01,3,11,14,0,13
2026-03-27,P017,North,W01,0,14,14,0,0
2026-03-28,P017,North,W01,0,21,19,2,0
2026-03-29,P017,North,W01,2,5,7,0,7
2026-03-30,P017,North,W01,0,15,15,0,13
2026-03-31,P017,North,W01,0,20,20,0,13
2026-04-01,P017,North,W01,0,22,16,6,0
2026-04-02,P017,North,W01,6,14,18,2,0
2026-04-03,P017,North,W01,2,15,12,5,0
2026-04-04,P017,North,W01,5,12,10,7,0
2026-04-05,P017,North,W01,7,14,15,6,0
2026-04-06,P017,North,W01,6,10,16,0,12
2026-04-07,P017,North,W01,0,17,17,0,14
2026-04-08,P017,North,W01,0,16,14,2,0
2026-04-09,P017,North,W01,2,11,13,0,4
2026-04-10,P017,North,W01,0,14,14,0,12
2026-04-11,P017,North,W01,0,15,14,1,0
2026-04-12,P017,North,W01,1,17,18,0,0
2026-04-13,P017,North,W01,0,14,12,2,0
2026-04-14,P017,North,W01,2,12,14,0,13
2026-04-15,P017,North,W01,0,14,12,2,0
2026-04-16,P017,North,W01,2,7,9,0,14
2026-04-17,P017,North,W01,0,13,13,0,12
2026-04-18,P017,North,W01,0,9,9,0,8
2026-04-19,P017,North,W01,0,17,17,0,14
2026-04-20,P017,North,W01,0,15,15,0,7
2026-04-21,P017,North,W01,0,19,19,0,14
2026-04-22,P017,North,W01,0,18,18,0,0
2026-04-23,P017,North,W01,0,17,17,0,9
2026-04-24,P017,North,W01,0,19,19,0,14
2026-04-25,P017,North,W01,0,10,10,0,14
2026-04-26,P017,North,W01,0,17,17,0,0
2026-04-27,P017,North,W01,0,13,13,0,15
2026-04-28,P017,North,W01,0,23,19,4,0
2026-04-29,P017,North,W01,4,15,14,5,0
2026-04-30,P017,North,W01,5,11,16,0,9
2026-05-01,P017,North,W01,0,14,14,0,14
2026-05-02,P017,North,W01,0,18,18,0,4
2026-05-03,P017,North,W01,0,11,11,0,15
2026-05-04,P017,North,W01,0,20,17,3,0
2026-05-05,P017,North,W01,3,18,21,0,11
2026-05-06,P017,North,W01,0,19,17,2,0
2026-05-07,P017,North,W01,2,19,15,6,0
2026-05-08,P017,North,W01,6,17,20,3,0
2026-05-09,P017,North,W01,3,16,19,0,6
2026-05-10,P017,North,W01,0,19,19,0,8
2026-05-11,P017,North,W01,0,17,17,0,15
2026-05-12,P017,North,W01,0,16,15,1,0
2026-05-13,P017,North,W01,1,17,18,0,12
2026-05-14,P017,North,W01,0,17,17,0,12
2026-05-15,P017,North,W01,0,18,16,2,0
2026-05-16,P017,North,W01,2,11,13,0,7
2026-05-17,P017,North,W01,0,14,14,0,13
2026-05-18,P017,North,W01,0,15,15,0,9
2026-05-19,P017,North,W01,0,10,10,0,10
2026-05-20,P017,North,W01,0,16,16,0,0
2026-05-21,P017,North,W01,0,9,9,0,5
2026-05-22,P017,North,W01,0,29,18,11,0
2026-05-23,P017,North,W01,11,19,22,8,0
2026-05-24,P017,North,W01,8,13,17,4,0
2026-05-25,P017,North,W01,4,13,16,1,0
2026-05-26,P017,North,W01,1,27,15,13,0
2026-05-27,P017,North,W01,13,11,20,4,0
2026-05-28,P017,North,W01,4,15,15,4,0
2026-05-29,P017,North,W01,4,13,17,0,15
2026-05-30,P017,North,W01,0,17,16,1,0
2026-05-31,P017,North,W01,1,9,10,0,6
2026-06-01,P017,North,W01,0,14,14,0,9
2026-06-02,P017,North,W01,0,15,13,2,0
2026-06-03,P017,North,W01,2,20,22,0,0
2026-06-04,P017,North,W01,0,12,12,0,11
2026-06-05,P017,North,W01,0,20,20,0,0
2026-06-06,P017,North,W01,0,9,9,0,5
2026-06-07,P017,North,W01,0,19,12,7,0
2026-06-08,P017,North,W01,7,17,24,0,12
2026-06-09,P017,North,W01,0,9,9,0,15
2026-06-10,P017,North,W01,0,13,13,0,6
2026-06-11,P017,North,W01,0,25,13,12,0
2026-06-12,P017,North,W01,12,22,22,12,0
2026-06-13,P017,North,W01,12,18,26,4,0
2026-06-14,P017,North,W01,4,18,13,9,0
2026-06-15,P017,North,W01,9,14,20,3,0
2026-06-16,P017,North,W01,3,16,19,0,5
2026-06-17,P017,North,W01,0,13,13,0,15
2026-06-18,P017,North,W01,0,15,14,1,0
2026-06-19,P017,North,W01,1,17,18,0,8
2026-06-20,P017,North,W01,0,11,11,0,12
2026-06-21,P017,North,W01,0,17,17,0,13
2026-06-22,P017,North,W01,0,14,14,0,13
2026-06-23,P017,North,W01,0,16,16,0,6
2026-06-24,P017,North,W01,0,10,10,0,11
2026-06-25,P017,North,W01,0,18,18,0,12
2026-06-26,P017,North,W01,0,9,8,1,0
2026-06-27,P017,North,W01,1,16,17,0,14
2026-06-28,P017,North,W01,0,19,18,1,0
2026-06-29,P017,North,W01,1,7,8,0,5
2026-06-30,P017,North,W01,0,15,15,0,9
2026-01-01,P017,South,W02,606,12,19,599,0
2026-01-02,P017,South,W02,599,19,20,598,0
2026-01-03,P017,South,W02,598,16,18,596,0
2026-01-04,P017,South,W02,596,14,15,595,0
2026-01-05,P017,South,W02,595,16,19,592,0
2026-01-06,P017,South,W02,592,8,22,578,0
2026-01-07,P017,South,W02,578,15,20,573,0
2026-01-08,P017,South,W02,573,11,15,569,0
2026-01-09,P017,South,W02,569,16,21,564,0
2026-01-10,P017,South,W02,564,14,12,566,0
2026-01-11,P017,South,W02,566,14,18,562,0
2026-01-12,P017,South,W02,562,19,17,564,0
2026-01-13,P017,South,W02,564,12,17,559,0
2026-01-14,P017,South,W02,559,15,14,560,0
2026-01-15,P017,South,W02,560,10,26,544,0
2026-01-16,P017,South,W02,544,13,15,542,0
2026-01-17,P017,South,W02,542,11,18,535,0
2026-01-18,P017,South,W02,535,15,32,518,0
2026-01-19,P017,South,W02,518,13,16,515,0
2026-01-20,P017,South,W02,515,20,13,522,0
2026-01-21,P017,South,W02,522,23,19,526,0
2026-01-22,P017,South,W02,526,11,26,511,0
2026-01-23,P017,South,W02,511,15,17,509,0
2026-01-24,P017,South,W02,509,23,20,512,0
2026-01-25,P017,South,W02,512,20,17,515,0
2026-01-26,P017,South,W02,515,13,11,517,0
2026-01-27,P017,South,W02,517,16,19,514,0
2026-01-28,P017,South,W02,514,19,20,513,0
2026-01-29,P017,South,W02,513,17,17,513,0
2026-01-30,P017,South,W02,513,14,20,507,0
2026-01-31,P017,South,W02,507,14,16,505,0
2026-02-01,P017,South,W02,505,16,16,505,0
2026-02-02,P017,South,W02,505,8,19,494,0
2026-02-03,P017,South,W02,494,10,10,494,0
2026-02-04,P017,South,W02,494,11,21,484,0
2026-02-05,P017,South,W02,484,10,11,483,0
2026-02-06,P017,South,W02,483,12,24,471,0
2026-02-07,P017,South,W02,471,18,22,467,0
2026-02-08,P017,South,W02,467,13,15,465,0
2026-02-09,P017,South,W02,465,13,19,459,0
2026-02-10,P017,South,W02,459,16,20,455,0
2026-02-11,P017,South,W02,455,16,27,444,0
2026-02-12,P017,South,W02,444,16,18,442,0
2026-02-13,P017,South,W02,442,11,22,431,0
2026-02-14,P017,South,W02,431,15,17,429,0
2026-02-15,P017,South,W02,429,20,16,433,0
2026-02-16,P017,South,W02,433,24,16,441,0
2026-02-17,P017,South,W02,441,17,24,434,0
2026-02-18,P017,South,W02,434,11,18,427,0
2026-02-19,P017,South,W02,427,16,21,422,0
2026-02-20,P017,South,W02,422,2,20,404,0
2026-02-21,P017,South,W02,404,1,25,380,0
2026-02-22,P017,South,W02,380,6,24,362,0
2026-02-23,P017,South,W02,362,3,19,346,0
2026-02-24,P017,South,W02,346,3,20,329,0
2026-02-25,P017,South,W02,329,4,21,312,0
2026-02-26,P017,South,W02,312,3,20,295,0
2026-02-27,P017,South,W02,295,3,20,278,0
2026-02-28,P017,South,W02,278,4,26,256,0
2026-03-01,P017,South,W02,256,24,18,262,0
2026-03-02,P017,South,W02,262,15,22,255,0
2026-03-03,P017,South,W02,255,16,19,252,0
2026-03-04,P017,South,W02,252,13,16,249,0
2026-03-05,P017,South,W02,249,17,14,252,0
2026-03-06,P017,South,W02,252,17,21,248,0
2026-03-07,P017,South,W02,248,13,10,251,0
2026-03-08,P017,South,W02,251,16,14,253,0
2026-03-09,P017,South,W02,253,14,13,254,0
2026-03-10,P017,South,W02,254,16,11,259,0
2026-03-11,P017,South,W02,259,10,17,252,0
2026-03-12,P017,South,W02,252,12,17,247,0
2026-03-13,P017,South,W02,247,15,19,243,0
2026-03-14,P017,South,W02,243,6,14,235,0
2026-03-15,P017,South,W02,235,13,16,232,0
2026-03-16,P017,South,W02,232,15,13,234,0
2026-03-17,P017,South,W02,234,12,18,228,0
2026-03-18,P017,South,W02,228,16,22,222,0
2026-03-19,P017,South,W02,222,19,13,228,0
2026-03-20,P017,South,W02,228,17,19,226,0
2026-03-21,P017,South,W02,226,12,18,220,0
2026-03-22,P017,South,W02,220,14,22,212,0
2026-03-23,P017,South,W02,212,17,20,209,0
2026-03-24,P017,South,W02,209,19,16,212,0
2026-03-25,P017,South,W02,212,13,25,200,0
2026-03-26,P017,South,W02,200,10,14,196,0
2026-03-27,P017,South,W02,196,14,22,188,0
2026-03-28,P017,South,W02,188,20,11,197,0
2026-03-29,P017,South,W02,197,14,20,191,0
2026-03-30,P017,South,W02,191,13,19,185,0
2026-03-31,P017,South,W02,185,14,20,179,0
2026-04-01,P017,South,W02,179,17,13,183,0
2026-04-02,P017,South,W02,183,11,23,171,0
2026-04-03,P017,South,W02,171,18,18,171,0
2026-04-04,P017,South,W02,171,19,20,170,0
2026-04-05,P017,South,W02,170,15,16,169,0
2026-04-06,P017,South,W02,169,15,19,165,0
2026-04-07,P017,South,W02,165,16,8,173,0
2026-04-08,P017,South,W02,173,26,22,177,0
2026-04-09,P017,South,W02,177,9,15,171,0
2026-04-10,P017,South,W02,171,14,26,159,0
2026-04-11,P017,South,W02,159,16,20,155,0
2026-04-12,P017,South,W02,155,20,18,157,0
2026-04-13,P017,South,W02,157,16,15,158,0
2026-04-14,P017,South,W02,158,16,14,160,0
2026-04-15,P017,South,W02,160,22,19,163,0
2026-04-16,P017,South,W02,163,12,16,159,0
2026-04-17,P017,South,W02,159,16,11,164,0
2026-04-18,P017,South,W02,164,19,12,171,0
2026-04-19,P017,South,W02,171,16,18,169,0
2026-04-20,P017,South,W02,169,20,22,167,0
2026-04-21,P017,South,W02,167,15,18,164,0
2026-04-22,P017,South,W02,164,19,19,164,0
2026-04-23,P017,South,W02,164,15,24,155,0
2026-04-24,P017,South,W02,155,17,14,158,0
2026-04-25,P017,South,W02,158,24,20,162,0
2026-04-26,P017,South,W02,162,7,17,152,0
2026-04-27,P017,South,W02,152,16,19,149,0
2026-04-28,P017,South,W02,149,10,9,150,0
2026-04-29,P017,South,W02,150,15,19,146,0
2026-04-30,P017,South,W02,146,15,10,151,0
2026-05-01,P017,South,W02,151,11,23,139,0
2026-05-02,P017,South,W02,139,13,20,132,0
2026-05-03,P017,South,W02,132,19,15,136,0
2026-05-04,P017,South,W02,136,11,15,132,0
2026-05-05,P017,South,W02,132,20,22,130,0
2026-05-06,P017,South,W02,130,16,18,128,0
2026-05-07,P017,South,W02,128,14,17,125,0
2026-05-08,P017,South,W02,125,18,22,121,0
2026-05-09,P017,South,W02,121,12,15,118,0
2026-05-10,P017,South,W02,118,12,18,112,0
2026-05-11,P017,South,W02,112,11,18,105,0
2026-05-12,P017,South,W02,105,12,26,91,0
2026-05-13,P017,South,W02,91,13,26,78,0
2026-05-14,P017,South,W02,78,14,18,74,0
2026-05-15,P017,South,W02,74,13,21,66,0
2026-05-16,P017,South,W02,66,15,16,65,0
2026-05-17,P017,South,W02,65,16,17,64,0
2026-05-18,P017,South,W02,64,18,15,67,0
2026-05-19,P017,South,W02,67,16,17,66,0
2026-05-20,P017,South,W02,66,10,19,57,0
2026-05-21,P017,South,W02,57,15,18,54,0
2026-05-22,P017,South,W02,54,22,31,45,0
2026-05-23,P017,South,W02,45,19,24,40,0
2026-05-24,P017,South,W02,40,16,21,35,0
2026-05-25,P017,South,W02,35,20,14,41,0
2026-05-26,P017,South,W02,41,15,17,39,0
2026-05-27,P017,South,W02,39,15,18,36,0
2026-05-28,P017,South,W02,36,13,21,28,0
2026-05-29,P017,South,W02,28,19,29,18,0
2026-05-30,P017,South,W02,18,20,15,23,0
2026-05-31,P017,South,W02,23,19,23,19,0
2026-06-01,P017,South,W02,19,11,21,9,0
2026-06-02,P017,South,W02,9,7,16,0,6
2026-06-03,P017,South,W02,0,16,16,0,8
2026-06-04,P017,South,W02,0,19,19,0,4
2026-06-05,P017,South,W02,0,16,16,0,5
2026-06-06,P017,South,W02,0,13,13,0,14
2026-06-07,P017,South,W02,0,19,19,0,13
2026-06-08,P017,South,W02,0,16,14,2,0
2026-06-09,P017,South,W02,2,11,13,0,15
2026-06-10,P017,South,W02,0,20,20,0,8
2026-06-11,P017,South,W02,0,15,15,0,6
2026-06-12,P017,South,W02,0,13,13,0,10
2026-06-13,P017,South,W02,0,12,12,0,10
2026-06-14,P017,South,W02,0,16,16,0,5
2026-06-15,P017,South,W02,0,17,16,1,0
2026-06-16,P017,South,W02,1,9,10,0,13
2026-06-17,P017,South,W02,0,21,21,0,0
2026-06-18,P017,South,W02,0,12,12,0,4
2026-06-19,P017,South,W02,0,16,16,0,10
2026-06-20,P017,South,W02,0,13,13,0,4
2026-06-21,P017,South,W02,0,15,15,0,7
2026-06-22,P017,South,W02,0,13,13,0,14
2026-06-23,P017,South,W02,0,16,16,0,5
2026-06-24,P017,South,W02,0,18,18,0,12
2026-06-25,P017,South,W02,0,11,11,0,14
2026-06-26,P017,South,W02,0,17,17,0,5
2026-06-27,P017,South,W02,0,22,19,3,0
2026-06-28,P017,South,W02,3,11,14,0,7
2026-06-29,P017,South,W02,0,10,10,0,4
2026-06-30,P017,South,W02,0,12,11,1,0
2026-01-01,P017,East,W03,676,11,7,680,0
2026-01-02,P017,East,W03,680,15,19,676,0
2026-01-03,P017,East,W03,676,14,19,671,0
2026-01-04,P017,East,W03,671,11,23,659,0
2026-01-05,P017,East,W03,659,24,16,667,0
2026-01-06,P017,East,W03,667,14,13,668,0
2026-01-07,P017,East,W03,668,11,18,661,0
2026-01-08,P017,East,W03,661,19,22,658,0
2026-01-09,P017,East,W03,658,18,21,655,0
2026-01-10,P017,East,W03,655,18,12,661,0
2026-01-11,P017,East,W03,661,21,16,666,0
2026-01-12,P017,East,W03,666,23,17,672,0
2026-01-13,P017,East,W03,672,16,20,668,0
2026-01-14,P017,East,W03,668,12,13,667,0
2026-01-15,P017,East,W03,667,16,29,654,0
2026-01-16,P017,East,W03,654,22,17,659,0
2026-01-17,P017,East,W03,659,15,22,652,0
2026-01-18,P017,East,W03,652,18,16,654,0
2026-01-19,P017,East,W03,654,16,21,649,0
2026-01-20,P017,East,W03,649,17,17,649,0
2026-01-21,P017,East,W03,649,13,23,639,0
2026-01-22,P017,East,W03,639,16,18,637,0
2026-01-23,P017,East,W03,637,15,21,631,0
2026-01-24,P017,East,W03,631,19,12,638,0
2026-01-25,P017,East,W03,638,16,26,628,0
2026-01-26,P017,East,W03,628,17,11,634,0
2026-01-27,P017,East,W03,634,22,13,643,0
2026-01-28,P017,East,W03,643,10,15,638,0
2026-01-29,P017,East,W03,638,18,15,641,0
2026-01-30,P017,East,W03,641,17,13,645,0
2026-01-31,P017,East,W03,645,11,18,638,0
2026-02-01,P017,East,W03,638,18,16,640,0
2026-02-02,P017,East,W03,640,13,15,638,0
2026-02-03,P017,East,W03,638,13,25,626,0
2026-02-04,P017,East,W03,626,13,17,622,0
2026-02-05,P017,East,W03,622,12,27,607,0
2026-02-06,P017,East,W03,607,16,6,617,0
2026-02-07,P017,East,W03,617,19,15,621,0
2026-02-08,P017,East,W03,621,22,28,615,0
2026-02-09,P017,East,W03,615,16,20,611,0
2026-02-10,P017,East,W03,611,17,15,613,0
2026-02-11,P017,East,W03,613,14,15,612,0
2026-02-12,P017,East,W03,612,15,18,609,0
2026-02-13,P017,East,W03,609,10,14,605,0
2026-02-14,P017,East,W03,605,16,17,604,0
2026-02-15,P017,East,W03,604,8,21,591,0
2026-02-16,P017,East,W03,591,12,15,588,0
2026-02-17,P017,East,W03,588,11,18,581,0
2026-02-18,P017,East,W03,581,16,16,581,0
2026-02-19,P017,East,W03,581,9,20,570,0
2026-02-20,P017,East,W03,570,2,20,552,0
2026-02-21,P017,East,W03,552,3,18,537,0
2026-02-22,P017,East,W03,537,7,15,529,0
2026-02-23,P017,East,W03,529,3,17,515,0
2026-02-24,P017,East,W03,515,4,13,506,0
2026-02-25,P017,East,W03,506,4,17,493,0
2026-02-26,P017,East,W03,493,0,13,480,0
2026-02-27,P017,East,W03,480,5,23,462,0
2026-02-28,P017,East,W03,462,4,20,446,0
2026-03-01,P017,East,W03,446,7,13,440,0
2026-03-02,P017,East,W03,440,10,26,424,0
2026-03-03,P017,East,W03,424,18,16,426,0
2026-03-04,P017,East,W03,426,15,21,420,0
2026-03-05,P017,East,W03,420,22,23,419,0
2026-03-06,P017,East,W03,419,19,18,420,0
2026-03-07,P017,East,W03,420,14,18,416,0
2026-03-08,P017,East,W03,416,12,14,414,0
2026-03-09,P017,East,W03,414,14,15,413,0
2026-03-10,P017,East,W03,413,13,26,400,0
2026-03-11,P017,East,W03,400,19,16,403,0
2026-03-12,P017,East,W03,403,14,16,401,0
2026-03-13,P017,East,W03,401,22,24,399,0
2026-03-14,P017,East,W03,399,12,18,393,0
2026-03-15,P017,East,W03,393,15,21,387,0
2026-03-16,P017,East,W03,387,20,18,389,0
2026-03-17,P017,East,W03,389,15,14,390,0
2026-03-18,P017,East,W03,390,20,26,384,0
2026-03-19,P017,East,W03,384,9,18,375,0
2026-03-20,P017,East,W03,375,16,19,372,0
2026-03-21,P017,East,W03,372,14,19,367,0
2026-03-22,P017,East,W03,367,12,18,361,0
2026-03-23,P017,East,W03,361,15,14,362,0
2026-03-24,P017,East,W03,362,13,19,356,0
2026-03-25,P017,East,W03,356,22,18,360,0
2026-03-26,P017,East,W03,360,12,17,355,0
2026-03-27,P017,East,W03,355,15,14,356,0
2026-03-28,P017,East,W03,356,20,20,356,0
2026-03-29,P017,East,W03,356,8,21,343,0
2026-03-30,P017,East,W03,343,11,16,338,0
2026-03-31,P017,East,W03,338,13,14,337,0
2026-04-01,P017,East,W03,337,20,14,343,0
2026-04-02,P017,East,W03,343,15,19,339,0
2026-04-03,P017,East,W03,339,13,19,333,0
2026-04-04,P017,East,W03,333,10,13,330,0
2026-04-05,P017,East,W03,330,17,13,334,0
2026-04-06,P017,East,W03,334,17,21,330,0
2026-04-07,P017,East,W03,330,11,17,324,0
2026-04-08,P017,East,W03,324,11,11,324,0
2026-04-09,P017,East,W03,324,14,24,314,0
2026-04-10,P017,East,W03,314,15,22,307,0
2026-04-11,P017,East,W03,307,12,11,308,0
2026-04-12,P017,East,W03,308,14,14,308,0
2026-04-13,P017,East,W03,308,17,15,310,0
2026-04-14,P017,East,W03,310,14,27,297,0
2026-04-15,P017,East,W03,297,22,20,299,0
2026-04-16,P017,East,W03,299,15,21,293,0
2026-04-17,P017,East,W03,293,14,16,291,0
2026-04-18,P017,East,W03,291,21,21,291,0
2026-04-19,P017,East,W03,291,12,14,289,0
2026-04-20,P017,East,W03,289,22,17,294,0
2026-04-21,P017,East,W03,294,17,21,290,0
2026-04-22,P017,East,W03,290,27,11,306,0
2026-04-23,P017,East,W03,306,12,9,309,0
2026-04-24,P017,East,W03,309,19,15,313,0
2026-04-25,P017,East,W03,313,16,15,314,0
2026-04-26,P017,East,W03,314,13,19,308,0
2026-04-27,P017,East,W03,308,20,17,311,0
2026-04-28,P017,East,W03,311,23,24,310,0
2026-04-29,P017,East,W03,310,12,18,304,0
2026-04-30,P017,East,W03,304,23,20,307,0
2026-05-01,P017,East,W03,307,8,19,296,0
2026-05-02,P017,East,W03,296,17,22,291,0
2026-05-03,P017,East,W03,291,14,19,286,0
2026-05-04,P017,East,W03,286,16,17,285,0
2026-05-05,P017,East,W03,285,19,18,286,0
2026-05-06,P017,East,W03,286,13,15,284,0
2026-05-07,P017,East,W03,284,19,27,276,0
2026-05-08,P017,East,W03,276,13,14,275,0
2026-05-09,P017,East,W03,275,15,25,265,0
2026-05-10,P017,East,W03,265,12,20,257,0
2026-05-11,P017,East,W03,257,17,16,258,0
2026-05-12,P017,East,W03,258,19,20,257,0
2026-05-13,P017,East,W03,257,19,13,263,0
2026-05-14,P017,East,W03,263,21,14,270,0
2026-05-15,P017,East,W03,270,20,16,274,0
2026-05-16,P017,East,W03,274,17,24,267,0
2026-05-17,P017,East,W03,267,18,26,259,0
2026-05-18,P017,East,W03,259,14,25,248,0
2026-05-19,P017,East,W03,248,17,19,246,0
2026-05-20,P017,East,W03,246,17,9,254,0
2026-05-21,P017,East,W03,254,10,20,244,0
2026-05-22,P017,East,W03,244,22,19,247,0
2026-05-23,P017,East,W03,247,13,24,236,0
2026-05-24,P017,East,W03,236,19,24,231,0
2026-05-25,P017,East,W03,231,19,17,233,0
2026-05-26,P017,East,W03,233,16,17,232,0
2026-05-27,P017,East,W03,232,22,18,236,0
2026-05-28,P017,East,W03,236,17,20,233,0
2026-05-29,P017,East,W03,233,24,21,236,0
2026-05-30,P017,East,W03,236,18,17,237,0
2026-05-31,P017,East,W03,237,13,11,239,0
2026-06-01,P017,East,W03,239,15,28,226,0
2026-06-02,P017,East,W03,226,15,21,220,0
2026-06-03,P017,East,W03,220,13,20,213,0
2026-06-04,P017,East,W03,213,19,20,212,0
2026-06-05,P017,East,W03,212,21,24,209,0
2026-06-06,P017,East,W03,209,15,21,203,0
2026-06-07,P017,East,W03,203,14,25,192,0
2026-06-08,P017,East,W03,192,12,21,183,0
2026-06-09,P017,East,W03,183,10,19,174,0
2026-06-10,P017,East,W03,174,15,15,174,0
2026-06-11,P017,East,W03,174,17,28,163,0
2026-06-12,P017,East,W03,163,10,24,149,0
2026-06-13,P017,East,W03,149,14,29,134,0
2026-06-14,P017,East,W03,134,18,21,131,0
2026-06-15,P017,East,W03,131,10,26,115,0
2026-06-16,P017,East,W03,115,12,10,117,0
2026-06-17,P017,East,W03,117,16,15,118,0
2026-06-18,P017,East,W03,118,14,13,119,0
2026-06-19,P017,East,W03,119,15,21,113,0
2026-06-20,P017,East,W03,113,14,18,109,0
2026-06-21,P017,East,W03,109,13,23,99,0
2026-06-22,P017,East,W03,99,11,12,98,0
2026-06-23,P017,East,W03,98,10,18,90,0
2026-06-24,P017,East,W03,90,12,27,75,0
2026-06-25,P017,East,W03,75,18,13,80,0
2026-06-26,P017,East,W03,80,15,29,66,0
2026-06-27,P017,East,W03,66,13,16,63,0
2026-06-28,P017,East,W03,63,15,14,64,0
2026-06-29,P017,East,W03,64,16,22,58,0
2026-06-30,P017,East,W03,58,12,15,55,0
2026-01-01,P017,West,W04,590,17,21,586,0
2026-01-02,P017,West,W04,586,19,18,587,0
2026-01-03,P017,West,W04,587,11,18,580,0
2026-01-04,P017,West,W04,580,13,19,574,0
2026-01-05,P017,West,W04,574,11,22,563,0
2026-01-06,P017,West,W04,563,16,20,559,0
2026-01-07,P017,West,W04,559,15,10,564,0
2026-01-08,P017,West,W04,564,9,16,557,0
2026-01-09,P017,West,W04,557,17,18,556,0
2026-01-10,P017,West,W04,556,10,15,551,0
2026-01-11,P017,West,W04,551,17,15,553,0
2026-01-12,P017,West,W04,553,13,21,545,0
2026-01-13,P017,West,W04,545,18,29,534,0
2026-01-14,P017,West,W04,534,17,20,531,0
2026-01-15,P017,West,W04,531,14,15,530,0
2026-01-16,P017,West,W04,530,15,19,526,0
2026-01-17,P017,West,W04,526,20,14,532,0
2026-01-18,P017,West,W04,532,18,19,531,0
2026-01-19,P017,West,W04,531,18,14,535,0
2026-01-20,P017,West,W04,535,12,17,530,0
2026-01-21,P017,West,W04,530,13,15,528,0
2026-01-22,P017,West,W04,528,14,24,518,0
2026-01-23,P017,West,W04,518,14,15,517,0
2026-01-24,P017,West,W04,517,11,12,516,0
2026-01-25,P017,West,W04,516,14,21,509,0
2026-01-26,P017,West,W04,509,12,19,502,0
2026-01-27,P017,West,W04,502,11,21,492,0
2026-01-28,P017,West,W04,492,11,14,489,0
2026-01-29,P017,West,W04,489,19,18,490,0
2026-01-30,P017,West,W04,490,14,18,486,0
2026-01-31,P017,West,W04,486,15,14,487,0
2026-02-01,P017,West,W04,487,17,24,480,0
2026-02-02,P017,West,W04,480,5,22,463,0
2026-02-03,P017,West,W04,463,12,24,451,0
2026-02-04,P017,West,W04,451,10,13,448,0
2026-02-05,P017,West,W04,448,13,21,440,0
2026-02-06,P017,West,W04,440,16,24,432,0
2026-02-07,P017,West,W04,432,14,18,428,0
2026-02-08,P017,West,W04,428,17,19,426,0
2026-02-09,P017,West,W04,426,14,13,427,0
2026-02-10,P017,West,W04,427,14,18,423,0
2026-02-11,P017,West,W04,423,16,18,421,0
2026-02-12,P017,West,W04,421,17,17,421,0
2026-02-13,P017,West,W04,421,9,16,414,0
2026-02-14,P017,West,W04,414,25,22,417,0
2026-02-15,P017,West,W04,417,19,16,420,0
2026-02-16,P017,West,W04,420,17,28,409,0
2026-02-17,P017,West,W04,409,13,14,408,0
2026-02-18,P017,West,W04,408,13,19,402,0
2026-02-19,P017,West,W04,402,11,13,400,0
2026-02-20,P017,West,W04,400,3,19,384,0
2026-02-21,P017,West,W04,384,2,22,364,0
2026-02-22,P017,West,W04,364,1,23,342,0
2026-02-23,P017,West,W04,342,4,20,326,0
2026-02-24,P017,West,W04,326,2,17,311,0
2026-02-25,P017,West,W04,311,1,18,294,0
2026-02-26,P017,West,W04,294,5,21,278,0
2026-02-27,P017,West,W04,278,1,14,265,0
2026-02-28,P017,West,W04,265,1,20,246,0
2026-03-01,P017,West,W04,246,14,17,243,0
2026-03-02,P017,West,W04,243,23,19,247,0
2026-03-03,P017,West,W04,247,11,22,236,0
2026-03-04,P017,West,W04,236,5,17,224,0
2026-03-05,P017,West,W04,224,18,19,223,0
2026-03-06,P017,West,W04,223,8,19,212,0
2026-03-07,P017,West,W04,212,16,13,215,0
2026-03-08,P017,West,W04,215,25,16,224,0
2026-03-09,P017,West,W04,224,25,16,233,0
2026-03-10,P017,West,W04,233,21,19,235,0
2026-03-11,P017,West,W04,235,16,17,234,0
2026-03-12,P017,West,W04,234,12,12,234,0
2026-03-13,P017,West,W04,234,17,14,237,0
2026-03-14,P017,West,W04,237,13,20,230,0
2026-03-15,P017,West,W04,230,17,20,227,0
2026-03-16,P017,West,W04,227,13,19,221,0
2026-03-17,P017,West,W04,221,19,15,225,0
2026-03-18,P017,West,W04,225,8,22,211,0
2026-03-19,P017,West,W04,211,9,18,202,0
2026-03-20,P017,West,W04,202,16,15,203,0
2026-03-21,P017,West,W04,203,12,29,186,0
2026-03-22,P017,West,W04,186,13,18,181,0
2026-03-23,P017,West,W04,181,19,16,184,0
2026-03-24,P017,West,W04,184,15,21,178,0
2026-03-25,P017,West,W04,178,17,26,169,0
2026-03-26,P017,West,W04,169,12,15,166,0
2026-03-27,P017,West,W04,166,16,13,169,0
2026-03-28,P017,West,W04,169,15,17,167,0
2026-03-29,P017,West,W04,167,13,12,168,0
2026-03-30,P017,West,W04,168,16,15,169,0
2026-03-31,P017,West,W04,169,11,14,166,0
2026-04-01,P017,West,W04,166,17,21,162,0
2026-04-02,P017,West,W04,162,17,15,164,0
2026-04-03,P017,West,W04,164,15,14,165,0
2026-04-04,P017,West,W04,165,19,18,166,0
2026-04-05,P017,West,W04,166,5,12,159,0
2026-04-06,P017,West,W04,159,16,15,160,0
2026-04-07,P017,West,W04,160,12,17,155,0
2026-04-08,P017,West,W04,155,12,22,145,0
2026-04-09,P017,West,W04,145,16,22,139,0
2026-04-10,P017,West,W04,139,14,24,129,0
2026-04-11,P017,West,W04,129,13,23,119,0
2026-04-12,P017,West,W04,119,20,15,124,0
2026-04-13,P017,West,W04,124,12,24,112,0
2026-04-14,P017,West,W04,112,19,11,120,0
2026-04-15,P017,West,W04,120,18,14,124,0
2026-04-16,P017,West,W04,124,10,24,110,0
2026-04-17,P017,West,W04,110,15,13,112,0
2026-04-18,P017,West,W04,112,18,20,110,0
2026-04-19,P017,West,W04,110,13,18,105,0
2026-04-20,P017,West,W04,105,15,17,103,0
2026-04-21,P017,West,W04,103,9,17,95,0
2026-04-22,P017,West,W04,95,17,21,91,0
2026-04-23,P017,West,W04,91,22,19,94,0
2026-04-24,P017,West,W04,94,12,17,89,0
2026-04-25,P017,West,W04,89,18,26,81,0
2026-04-26,P017,West,W04,81,13,13,81,0
2026-04-27,P017,West,W04,81,15,17,79,0
2026-04-28,P017,West,W04,79,17,19,77,0
2026-04-29,P017,West,W04,77,9,19,67,0
2026-04-30,P017,West,W04,67,14,22,59,0
2026-05-01,P017,West,W04,59,15,14,60,0
2026-05-02,P017,West,W04,60,11,31,40,0
2026-05-03,P017,West,W04,40,13,28,25,0
2026-05-04,P017,West,W04,25,18,23,20,0
2026-05-05,P017,West,W04,20,22,20,22,0
2026-05-06,P017,West,W04,22,14,27,9,0
2026-05-07,P017,West,W04,9,14,21,2,0
2026-05-08,P017,West,W04,2,13,15,0,0
2026-05-09,P017,West,W04,0,21,21,0,12
2026-05-10,P017,West,W04,0,15,15,0,15
2026-05-11,P017,West,W04,0,16,16,0,15
2026-05-12,P017,West,W04,0,17,14,3,0
2026-05-13,P017,West,W04,3,11,14,0,8
2026-05-14,P017,West,W04,0,18,18,0,14
2026-05-15,P017,West,W04,0,8,8,0,6
2026-05-16,P017,West,W04,0,15,15,0,0
2026-05-17,P017,West,W04,0,14,12,2,0
2026-05-18,P017,West,W04,2,15,17,0,15
2026-05-19,P017,West,W04,0,15,15,0,4
2026-05-20,P017,West,W04,0,11,11,0,13
2026-05-21,P017,West,W04,0,17,17,0,15
2026-05-22,P017,West,W04,0,13,13,0,12
2026-05-23,P017,West,W04,0,17,17,0,15
2026-05-24,P017,West,W04,0,12,12,0,7
2026-05-25,P017,West,W04,0,11,11,0,11
2026-05-26,P017,West,W04,0,22,22,0,4
2026-05-27,P017,West,W04,0,17,17,0,7
2026-05-28,P017,West,W04,0,26,25,1,0
2026-05-29,P017,West,W04,1,11,12,0,14
2026-05-30,P017,West,W04,0,23,17,6,0
2026-05-31,P017,West,W04,6,11,17,0,5
2026-06-01,P017,West,W04,0,17,17,0,9
2026-06-02,P017,West,W04,0,17,17,0,6
2026-06-03,P017,West,W04,0,16,16,0,5
2026-06-04,P017,West,W04,0,15,15,0,14
2026-06-05,P017,West,W04,0,12,12,0,4
2026-06-06,P017,West,W04,0,11,11,0,10
2026-06-07,P017,West,W04,0,18,16,2,0
2026-06-08,P017,West,W04,2,12,14,0,12
2026-06-09,P017,West,W04,0,9,9,0,5
2026-06-10,P017,West,W04,0,11,11,0,12
2026-06-11,P017,West,W04,0,23,17,6,0
2026-06-12,P017,West,W04,6,18,19,5,0
2026-06-13,P017,West,W04,5,11,16,0,12
2026-06-14,P017,West,W04,0,17,17,0,15
2026-06-15,P017,West,W04,0,14,14,0,6
2026-06-16,P017,West,W04,0,24,23,1,0
2026-06-17,P017,West,W04,1,10,11,0,4
2026-06-18,P017,West,W04,0,9,9,0,6
2026-06-19,P017,West,W04,0,16,16,0,10
2026-06-20,P017,West,W04,0,16,16,0,6
2026-06-21,P017,West,W04,0,13,13,0,4
2026-06-22,P017,West,W04,0,19,15,4,0
2026-06-23,P017,West,W04,4,15,19,0,9
2026-06-24,P017,West,W04,0,14,14,0,15
2026-06-25,P017,West,W04,0,7,7,0,11
2026-06-26,P017,West,W04,0,17,17,0,10
2026-06-27,P017,West,W04,0,17,16,1,0
2026-06-28,P017,West,W04,1,13,14,0,12
2026-06-29,P017,West,W04,0,15,14,1,0
2026-06-30,P017,West,W04,1,10,11,0,13
2026-01-01,P018,North,W01,318,20,19,319,0
2026-01-02,P018,North,W01,319,18,22,315,0
2026-01-03,P018,North,W01,315,13,14,314,0
2026-01-04,P018,North,W01,314,14,23,305,0
2026-01-05,P018,North,W01,305,20,23,302,0
2026-01-06,P018,North,W01,302,16,18,300,0
2026-01-07,P018,North,W01,300,14,19,295,0
2026-01-08,P018,North,W01,295,11,15,291,0
2026-01-09,P018,North,W01,291,17,15,293,0
2026-01-10,P018,North,W01,293,14,23,284,0
2026-01-11,P018,North,W01,284,21,19,286,0
2026-01-12,P018,North,W01,286,12,15,283,0
2026-01-13,P018,North,W01,283,11,19,275,0
2026-01-14,P018,North,W01,275,22,19,278,0
2026-01-15,P018,North,W01,278,10,15,273,0
2026-01-16,P018,North,W01,273,21,23,271,0
2026-01-17,P018,North,W01,271,18,13,276,0
2026-01-18,P018,North,W01,276,15,26,265,0
2026-01-19,P018,North,W01,265,18,16,267,0
2026-01-20,P018,North,W01,267,22,10,279,0
2026-01-21,P018,North,W01,279,18,19,278,0
2026-01-22,P018,North,W01,278,10,21,267,0
2026-01-23,P018,North,W01,267,18,16,269,0
2026-01-24,P018,North,W01,269,21,21,269,0
2026-01-25,P018,North,W01,269,15,13,271,0
2026-01-26,P018,North,W01,271,13,13,271,0
2026-01-27,P018,North,W01,271,17,15,273,0
2026-01-28,P018,North,W01,273,24,16,281,0
2026-01-29,P018,North,W01,281,17,16,282,0
2026-01-30,P018,North,W01,282,13,20,275,0
2026-01-31,P018,North,W01,275,15,11,279,0
2026-02-01,P018,North,W01,279,16,19,276,0
2026-02-02,P018,North,W01,276,20,13,283,0
2026-02-03,P018,North,W01,283,13,10,286,0
2026-02-04,P018,North,W01,286,12,18,280,0
2026-02-05,P018,North,W01,280,21,18,283,0
2026-02-06,P018,North,W01,283,19,20,282,0
2026-02-07,P018,North,W01,282,19,23,278,0
2026-02-08,P018,North,W01,278,12,16,274,0
2026-02-09,P018,North,W01,274,14,16,272,0
2026-02-10,P018,North,W01,272,11,15,268,0
2026-02-11,P018,North,W01,268,10,20,258,0
2026-02-12,P018,North,W01,258,15,20,253,0
2026-02-13,P018,North,W01,253,19,18,254,0
2026-02-14,P018,North,W01,254,9,19,244,0
2026-02-15,P018,North,W01,244,23,14,253,0
2026-02-16,P018,North,W01,253,17,10,260,0
2026-02-17,P018,North,W01,260,21,23,258,0
2026-02-18,P018,North,W01,258,6,10,254,0
2026-02-19,P018,North,W01,254,14,16,252,0
2026-02-20,P018,North,W01,252,0,20,232,0
2026-02-21,P018,North,W01,232,0,23,209,0
2026-02-22,P018,North,W01,209,2,14,197,0
2026-02-23,P018,North,W01,197,3,22,178,0
2026-02-24,P018,North,W01,178,1,12,167,0
2026-02-25,P018,North,W01,167,5,22,150,0
2026-02-26,P018,North,W01,150,1,19,132,0
2026-02-27,P018,North,W01,132,4,21,115,0
2026-02-28,P018,North,W01,115,7,21,101,0
2026-03-01,P018,North,W01,101,15,22,94,0
2026-03-02,P018,North,W01,94,16,15,95,0
2026-03-03,P018,North,W01,95,15,13,97,0
2026-03-04,P018,North,W01,97,25,15,107,0
2026-03-05,P018,North,W01,107,12,15,104,0
2026-03-06,P018,North,W01,104,12,16,100,0
2026-03-07,P018,North,W01,100,15,23,92,0
2026-03-08,P018,North,W01,92,18,21,89,0
2026-03-09,P018,North,W01,89,11,23,77,0
2026-03-10,P018,North,W01,77,12,25,64,0
2026-03-11,P018,North,W01,64,16,13,67,0
2026-03-12,P018,North,W01,67,14,13,68,0
2026-03-13,P018,North,W01,68,11,18,61,0
2026-03-14,P018,North,W01,61,13,10,64,0
2026-03-15,P018,North,W01,64,13,24,53,0
2026-03-16,P018,North,W01,53,21,18,56,0
2026-03-17,P018,North,W01,56,20,17,59,0
2026-03-18,P018,North,W01,59,17,21,55,0
2026-03-19,P018,North,W01,55,11,19,47,0
2026-03-20,P018,North,W01,47,18,18,47,0
2026-03-21,P018,North,W01,47,15,20,42,0
2026-03-22,P018,North,W01,42,10,18,34,0
2026-03-23,P018,North,W01,34,13,14,33,0
2026-03-24,P018,North,W01,33,10,13,30,0
2026-03-25,P018,North,W01,30,20,19,31,0
2026-03-26,P018,North,W01,31,18,26,23,0
2026-03-27,P018,North,W01,23,13,22,14,0
2026-03-28,P018,North,W01,14,16,27,3,0
2026-03-29,P018,North,W01,3,18,21,0,8
2026-03-30,P018,North,W01,0,16,16,0,14
2026-03-31,P018,North,W01,0,13,11,2,0
2026-04-01,P018,North,W01,2,15,17,0,0
2026-04-02,P018,North,W01,0,14,14,0,4
2026-04-03,P018,North,W01,0,19,11,8,0
2026-04-04,P018,North,W01,8,19,24,3,0
2026-04-05,P018,North,W01,3,14,13,4,0
2026-04-06,P018,North,W01,4,15,19,0,7
2026-04-07,P018,North,W01,0,12,12,0,12
2026-04-08,P018,North,W01,0,16,12,4,0
2026-04-09,P018,North,W01,4,12,14,2,0
2026-04-10,P018,North,W01,2,11,13,0,10
2026-04-11,P018,North,W01,0,19,17,2,0
2026-04-12,P018,North,W01,2,19,20,1,0
2026-04-13,P018,North,W01,1,11,12,0,5
2026-04-14,P018,North,W01,0,17,12,5,0
2026-04-15,P018,North,W01,5,16,21,0,10
2026-04-16,P018,North,W01,0,21,14,7,0
2026-04-17,P018,North,W01,7,6,13,0,5
2026-04-18,P018,North,W01,0,28,18,10,0
2026-04-19,P018,North,W01,10,26,8,28,0
2026-04-20,P018,North,W01,28,10,15,23,0
2026-04-21,P018,North,W01,23,17,15,25,0
2026-04-22,P018,North,W01,25,11,20,16,0
2026-04-23,P018,North,W01,16,18,22,12,0
2026-04-24,P018,North,W01,12,11,17,6,0
2026-04-25,P018,North,W01,6,7,13,0,10
2026-04-26,P018,North,W01,0,14,14,0,11
2026-04-27,P018,North,W01,0,11,10,1,0
2026-04-28,P018,North,W01,1,19,20,0,0
2026-04-29,P018,North,W01,0,13,13,0,0
2026-04-30,P018,North,W01,0,22,18,4,0
2026-05-01,P018,North,W01,4,11,15,0,14
2026-05-02,P018,North,W01,0,15,15,0,13
2026-05-03,P018,North,W01,0,16,16,0,5
2026-05-04,P018,North,W01,0,15,15,0,10
2026-05-05,P018,North,W01,0,17,17,0,8
2026-05-06,P018,North,W01,0,14,14,0,4
2026-05-07,P018,North,W01,0,14,8,6,0
2026-05-08,P018,North,W01,6,15,21,0,7
2026-05-09,P018,North,W01,0,16,16,0,7
2026-05-10,P018,North,W01,0,18,18,0,4
2026-05-11,P018,North,W01,0,10,10,0,8
2026-05-12,P018,North,W01,0,15,15,0,15
2026-05-13,P018,North,W01,0,9,9,0,7
2026-05-14,P018,North,W01,0,18,18,0,9
2026-05-15,P018,North,W01,0,13,13,0,7
2026-05-16,P018,North,W01,0,15,14,1,0
2026-05-17,P018,North,W01,1,11,12,0,9
2026-05-18,P018,North,W01,0,12,12,0,8
2026-05-19,P018,North,W01,0,13,13,0,12
2026-05-20,P018,North,W01,0,15,15,0,4
2026-05-21,P018,North,W01,0,11,11,0,11
2026-05-22,P018,North,W01,0,17,17,0,11
2026-05-23,P018,North,W01,0,10,10,0,11
2026-05-24,P018,North,W01,0,17,12,5,0
2026-05-25,P018,North,W01,5,13,17,1,0
2026-05-26,P018,North,W01,1,9,10,0,11
2026-05-27,P018,North,W01,0,14,14,0,12
2026-05-28,P018,North,W01,0,21,13,8,0
2026-05-29,P018,North,W01,8,14,11,11,0
2026-05-30,P018,North,W01,11,13,22,2,0
2026-05-31,P018,North,W01,2,22,22,2,0
2026-06-01,P018,North,W01,2,10,12,0,4
2026-06-02,P018,North,W01,0,16,16,0,4
2026-06-03,P018,North,W01,0,14,14,0,5
2026-06-04,P018,North,W01,0,21,19,2,0
2026-06-05,P018,North,W01,2,6,8,0,9
2026-06-06,P018,North,W01,0,10,10,0,7
2026-06-07,P018,North,W01,0,17,17,0,11
2026-06-08,P018,North,W01,0,14,9,5,0
2026-06-09,P018,North,W01,5,12,17,0,4
2026-06-10,P018,North,W01,0,26,13,13,0
2026-06-11,P018,North,W01,13,14,21,6,0
2026-06-12,P018,North,W01,6,25,13,18,0
2026-06-13,P018,North,W01,18,18,17,19,0
2026-06-14,P018,North,W01,19,18,21,16,0
2026-06-15,P018,North,W01,16,14,18,12,0
2026-06-16,P018,North,W01,12,18,29,1,0
2026-06-17,P018,North,W01,1,14,15,0,6
2026-06-18,P018,North,W01,0,21,21,0,6
2026-06-19,P018,North,W01,0,15,15,0,4
2026-06-20,P018,North,W01,0,19,15,4,0
2026-06-21,P018,North,W01,4,17,15,6,0
2026-06-22,P018,North,W01,6,19,10,15,0
2026-06-23,P018,North,W01,15,15,13,17,0
2026-06-24,P018,North,W01,17,12,23,6,0
2026-06-25,P018,North,W01,6,24,15,15,0
2026-06-26,P018,North,W01,15,10,16,9,0
2026-06-27,P018,North,W01,9,16,15,10,0
2026-06-28,P018,North,W01,10,16,20,6,0
2026-06-29,P018,North,W01,6,9,15,0,4
2026-06-30,P018,North,W01,0,20,20,0,0
2026-01-01,P018,South,W02,262,13,14,261,0
2026-01-02,P018,South,W02,261,15,21,255,0
2026-01-03,P018,South,W02,255,15,20,250,0
2026-01-04,P018,South,W02,250,17,16,251,0
2026-01-05,P018,South,W02,251,20,18,253,0
2026-01-06,P018,South,W02,253,13,15,251,0
2026-01-07,P018,South,W02,251,12,17,246,0
2026-01-08,P018,South,W02,246,13,17,242,0
2026-01-09,P018,South,W02,242,11,22,231,0
2026-01-10,P018,South,W02,231,19,18,232,0
2026-01-11,P018,South,W02,232,15,12,235,0
2026-01-12,P018,South,W02,235,13,18,230,0
2026-01-13,P018,South,W02,230,15,11,234,0
2026-01-14,P018,South,W02,234,11,21,224,0
2026-01-15,P018,South,W02,224,20,9,235,0
2026-01-16,P018,South,W02,235,13,22,226,0
2026-01-17,P018,South,W02,226,17,8,235,0
2026-01-18,P018,South,W02,235,9,32,212,0
2026-01-19,P018,South,W02,212,17,15,214,0
2026-01-20,P018,South,W02,214,17,20,211,0
2026-01-21,P018,South,W02,211,7,13,205,0
2026-01-22,P018,South,W02,205,6,15,196,0
2026-01-23,P018,South,W02,196,19,18,197,0
2026-01-24,P018,South,W02,197,9,18,188,0
2026-01-25,P018,South,W02,188,20,17,191,0
2026-01-26,P018,South,W02,191,9,20,180,0
2026-01-27,P018,South,W02,180,18,24,174,0
2026-01-28,P018,South,W02,174,16,17,173,0
2026-01-29,P018,South,W02,173,15,16,172,0
2026-01-30,P018,South,W02,172,22,16,178,0
2026-01-31,P018,South,W02,178,12,19,171,0
2026-02-01,P018,South,W02,171,13,23,161,0
2026-02-02,P018,South,W02,161,18,20,159,0
2026-02-03,P018,South,W02,159,18,18,159,0
2026-02-04,P018,South,W02,159,10,12,157,0
2026-02-05,P018,South,W02,157,14,21,150,0
2026-02-06,P018,South,W02,150,8,17,141,0
2026-02-07,P018,South,W02,141,12,18,135,0
2026-02-08,P018,South,W02,135,7,14,128,0
2026-02-09,P018,South,W02,128,19,14,133,0
2026-02-10,P018,South,W02,133,10,14,129,0
2026-02-11,P018,South,W02,129,13,17,125,0
2026-02-12,P018,South,W02,125,21,22,124,0
2026-02-13,P018,South,W02,124,13,16,121,0
2026-02-14,P018,South,W02,121,15,21,115,0
2026-02-15,P018,South,W02,115,10,13,112,0
2026-02-16,P018,South,W02,112,23,25,110,0
2026-02-17,P018,South,W02,110,16,28,98,0
2026-02-18,P018,South,W02,98,12,14,96,0
2026-02-19,P018,South,W02,96,9,14,91,0
2026-02-20,P018,South,W02,91,1,15,77,0
2026-02-21,P018,South,W02,77,2,25,54,0
2026-02-22,P018,South,W02,54,4,10,48,0
2026-02-23,P018,South,W02,48,3,20,31,0
2026-02-24,P018,South,W02,31,6,24,13,0
2026-02-25,P018,South,W02,13,4,17,0,0
2026-02-26,P018,South,W02,0,2,2,0,12
2026-02-27,P018,South,W02,0,2,2,0,7
2026-02-28,P018,South,W02,0,3,3,0,14
2026-03-01,P018,South,W02,0,16,16,0,6
2026-03-02,P018,South,W02,0,17,17,0,14
2026-03-03,P018,South,W02,0,11,11,0,6
2026-03-04,P018,South,W02,0,14,14,0,5
2026-03-05,P018,South,W02,0,15,15,0,7
2026-03-06,P018,South,W02,0,13,13,0,0
2026-03-07,P018,South,W02,0,12,12,0,14
2026-03-08,P018,South,W02,0,26,15,11,0
2026-03-09,P018,South,W02,11,20,19,12,0
2026-03-10,P018,South,W02,12,16,22,6,0
2026-03-11,P018,South,W02,6,19,10,15,0
2026-03-12,P018,South,W02,15,11,17,9,0
2026-03-13,P018,South,W02,9,18,21,6,0
2026-03-14,P018,South,W02,6,8,14,0,11
2026-03-15,P018,South,W02,0,20,20,0,5
2026-03-16,P018,South,W02,0,7,7,0,15
2026-03-17,P018,South,W02,0,10,10,0,4
2026-03-18,P018,South,W02,0,17,17,0,0
2026-03-19,P018,South,W02,0,14,14,0,8
2026-03-20,P018,South,W02,0,14,12,2,0
2026-03-21,P018,South,W02,2,14,16,0,9
2026-03-22,P018,South,W02,0,16,13,3,0
2026-03-23,P018,South,W02,3,19,13,9,0
2026-03-24,P018,South,W02,9,16,21,4,0
2026-03-25,P018,South,W02,4,10,14,0,10
2026-03-26,P018,South,W02,0,13,13,0,4
2026-03-27,P018,South,W02,0,17,15,2,0
2026-03-28,P018,South,W02,2,13,15,0,7
2026-03-29,P018,South,W02,0,23,18,5,0
2026-03-30,P018,South,W02,5,12,16,1,0
2026-03-31,P018,South,W02,1,12,13,0,4
2026-04-01,P018,South,W02,0,17,15,2,0
2026-04-02,P018,South,W02,2,8,10,0,4
2026-04-03,P018,South,W02,0,11,11,0,4
2026-04-04,P018,South,W02,0,13,13,0,12
2026-04-05,P018,South,W02,0,17,17,0,0
2026-04-06,P018,South,W02,0,17,17,0,10
2026-04-07,P018,South,W02,0,15,15,0,13
2026-04-08,P018,South,W02,0,10,10,0,9
2026-04-09,P018,South,W02,0,12,12,0,11
2026-04-10,P018,South,W02,0,15,15,0,0
2026-04-11,P018,South,W02,0,17,14,3,0
2026-04-12,P018,South,W02,3,12,13,2,0
2026-04-13,P018,South,W02,2,16,18,0,10
2026-04-14,P018,South,W02,0,16,16,0,4
2026-04-15,P018,South,W02,0,8,8,0,9
2026-04-16,P018,South,W02,0,16,16,0,15
2026-04-17,P018,South,W02,0,11,11,0,9
2026-04-18,P018,South,W02,0,14,14,0,12
2026-04-19,P018,South,W02,0,11,11,0,4
2026-04-20,P018,South,W02,0,15,15,0,7
2026-04-21,P018,South,W02,0,8,8,0,4
2026-04-22,P018,South,W02,0,11,11,0,7
2026-04-23,P018,South,W02,0,8,8,0,4
2026-04-24,P018,South,W02,0,22,22,0,8
2026-04-25,P018,South,W02,0,16,16,0,14
2026-04-26,P018,South,W02,0,12,12,0,11
2026-04-27,P018,South,W02,0,13,13,0,6
2026-04-28,P018,South,W02,0,14,7,7,0
2026-04-29,P018,South,W02,7,16,15,8,0
2026-04-30,P018,South,W02,8,13,16,5,0
2026-05-01,P018,South,W02,5,16,21,0,14
2026-05-02,P018,South,W02,0,17,15,2,0
2026-05-03,P018,South,W02,2,16,18,0,8
2026-05-04,P018,South,W02,0,13,13,0,9
2026-05-05,P018,South,W02,0,15,15,0,8
2026-05-06,P018,South,W02,0,12,12,0,11
2026-05-07,P018,South,W02,0,12,12,0,13
2026-05-08,P018,South,W02,0,10,10,0,11
2026-05-09,P018,South,W02,0,21,13,8,0
2026-05-10,P018,South,W02,8,18,22,4,0
2026-05-11,P018,South,W02,4,19,21,2,0
2026-05-12,P018,South,W02,2,16,18,0,6
2026-05-13,P018,South,W02,0,14,14,0,0
2026-05-14,P018,South,W02,0,10,10,0,15
2026-05-15,P018,South,W02,0,16,16,0,8
2026-05-16,P018,South,W02,0,12,12,0,7
2026-05-17,P018,South,W02,0,15,15,0,14
2026-05-18,P018,South,W02,0,15,15,0,0
2026-05-19,P018,South,W02,0,18,18,0,15
2026-05-20,P018,South,W02,0,18,18,0,12
2026-05-21,P018,South,W02,0,17,17,0,11
2026-05-22,P018,South,W02,0,15,15,0,6
2026-05-23,P018,South,W02,0,17,17,0,6
2026-05-24,P018,South,W02,0,15,15,0,14
2026-05-25,P018,South,W02,0,24,18,6,0
2026-05-26,P018,South,W02,6,13,19,0,6
2026-05-27,P018,South,W02,0,10,10,0,7
2026-05-28,P018,South,W02,0,12,12,0,13
2026-05-29,P018,South,W02,0,18,18,0,7
2026-05-30,P018,South,W02,0,16,16,0,9
2026-05-31,P018,South,W02,0,15,15,0,13
2026-06-01,P018,South,W02,0,16,16,0,11
2026-06-02,P018,South,W02,0,11,11,0,6
2026-06-03,P018,South,W02,0,10,10,0,7
2026-06-04,P018,South,W02,0,10,10,0,7
2026-06-05,P018,South,W02,0,14,14,0,4
2026-06-06,P018,South,W02,0,12,12,0,10
2026-06-07,P018,South,W02,0,14,14,0,4
2026-06-08,P018,South,W02,0,22,20,2,0
2026-06-09,P018,South,W02,2,13,12,3,0
2026-06-10,P018,South,W02,3,9,12,0,10
2026-06-11,P018,South,W02,0,14,14,0,8
2026-06-12,P018,South,W02,0,16,16,0,12
2026-06-13,P018,South,W02,0,9,9,0,12
2026-06-14,P018,South,W02,0,14,14,0,7
2026-06-15,P018,South,W02,0,18,16,2,0
2026-06-16,P018,South,W02,2,16,18,0,11
2026-06-17,P018,South,W02,0,19,17,2,0
2026-06-18,P018,South,W02,2,18,12,8,0
2026-06-19,P018,South,W02,8,15,19,4,0
2026-06-20,P018,South,W02,4,11,15,0,9
2026-06-21,P018,South,W02,0,13,13,0,8
2026-06-22,P018,South,W02,0,14,14,0,10
2026-06-23,P018,South,W02,0,15,15,0,10
2026-06-24,P018,South,W02,0,7,7,0,12
2026-06-25,P018,South,W02,0,18,18,0,12
2026-06-26,P018,South,W02,0,18,18,0,8
2026-06-27,P018,South,W02,0,18,18,0,9
2026-06-28,P018,South,W02,0,14,14,0,5
2026-06-29,P018,South,W02,0,15,15,0,6
2026-06-30,P018,South,W02,0,10,10,0,10
2026-01-01,P018,East,W03,295,15,23,287,0
2026-01-02,P018,East,W03,287,11,20,278,0
2026-01-03,P018,East,W03,278,11,13,276,0
2026-01-04,P018,East,W03,276,11,17,270,0
2026-01-05,P018,East,W03,270,20,11,279,0
2026-01-06,P018,East,W03,279,18,29,268,0
2026-01-07,P018,East,W03,268,10,17,261,0
2026-01-08,P018,East,W03,261,9,15,255,0
2026-01-09,P018,East,W03,255,16,10,261,0
2026-01-10,P018,East,W03,261,15,22,254,0
2026-01-11,P018,East,W03,254,20,25,249,0
2026-01-12,P018,East,W03,249,14,17,246,0
2026-01-13,P018,East,W03,246,12,21,237,0
2026-01-14,P018,East,W03,237,16,18,235,0
2026-01-15,P018,East,W03,235,12,7,240,0
2026-01-16,P018,East,W03,240,12,12,240,0
2026-01-17,P018,East,W03,240,15,14,241,0
2026-01-18,P018,East,W03,241,20,17,244,0
2026-01-19,P018,East,W03,244,18,18,244,0
2026-01-20,P018,East,W03,244,12,16,240,0
2026-01-21,P018,East,W03,240,14,23,231,0
2026-01-22,P018,East,W03,231,13,23,221,0
2026-01-23,P018,East,W03,221,14,17,218,0
2026-01-24,P018,East,W03,218,13,17,214,0
2026-01-25,P018,East,W03,214,8,15,207,0
2026-01-26,P018,East,W03,207,13,17,203,0
2026-01-27,P018,East,W03,203,20,21,202,0
2026-01-28,P018,East,W03,202,14,15,201,0
2026-01-29,P018,East,W03,201,21,15,207,0
2026-01-30,P018,East,W03,207,13,19,201,0
2026-01-31,P018,East,W03,201,21,18,204,0
2026-02-01,P018,East,W03,204,9,18,195,0
2026-02-02,P018,East,W03,195,16,17,194,0
2026-02-03,P018,East,W03,194,15,21,188,0
2026-02-04,P018,East,W03,188,16,23,181,0
2026-02-05,P018,East,W03,181,15,17,179,0
2026-02-06,P018,East,W03,179,22,17,184,0
2026-02-07,P018,East,W03,184,12,19,177,0
2026-02-08,P018,East,W03,177,20,18,179,0
2026-02-09,P018,East,W03,179,14,24,169,0
2026-02-10,P018,East,W03,169,21,20,170,0
2026-02-11,P018,East,W03,170,13,20,163,0
2026-02-12,P018,East,W03,163,16,16,163,0
2026-02-13,P018,East,W03,163,13,13,163,0
2026-02-14,P018,East,W03,163,18,18,163,0
2026-02-15,P018,East,W03,163,17,12,168,0
2026-02-16,P018,East,W03,168,12,16,164,0
2026-02-17,P018,East,W03,164,13,14,163,0
2026-02-18,P018,East,W03,163,10,12,161,0
2026-02-19,P018,East,W03,161,10,12,159,0
2026-02-20,P018,East,W03,159,4,21,142,0
2026-02-21,P018,East,W03,142,2,18,126,0
2026-02-22,P018,East,W03,126,1,17,110,0
2026-02-23,P018,East,W03,110,4,10,104,0
2026-02-24,P018,East,W03,104,3,16,91,0
2026-02-25,P018,East,W03,91,2,19,74,0
2026-02-26,P018,East,W03,74,5,25,54,0
2026-02-27,P018,East,W03,54,3,9,48,0
2026-02-28,P018,East,W03,48,2,24,26,0
2026-03-01,P018,East,W03,26,16,21,21,0
2026-03-02,P018,East,W03,21,18,21,18,0
2026-03-03,P018,East,W03,18,13,20,11,0
2026-03-04,P018,East,W03,11,17,22,6,0
2026-03-05,P018,East,W03,6,15,21,0,8
2026-03-06,P018,East,W03,0,20,18,2,0
2026-03-07,P018,East,W03,2,15,15,2,0
2026-03-08,P018,East,W03,2,14,16,0,0
2026-03-09,P018,East,W03,0,14,14,0,8
2026-03-10,P018,East,W03,0,17,17,0,11
2026-03-11,P018,East,W03,0,13,13,0,11
2026-03-12,P018,East,W03,0,14,14,0,12
2026-03-13,P018,East,W03,0,14,14,0,6
2026-03-14,P018,East,W03,0,9,9,0,14
2026-03-15,P018,East,W03,0,22,21,1,0
2026-03-16,P018,East,W03,1,14,15,0,5
2026-03-17,P018,East,W03,0,20,20,0,0
2026-03-18,P018,East,W03,0,20,14,6,0
2026-03-19,P018,East,W03,6,12,18,0,11
2026-03-20,P018,East,W03,0,14,14,0,10
2026-03-21,P018,East,W03,0,18,13,5,0
2026-03-22,P018,East,W03,5,18,15,8,0
2026-03-23,P018,East,W03,8,21,17,12,0
2026-03-24,P018,East,W03,12,15,20,7,0
2026-03-25,P018,East,W03,7,12,19,0,7
2026-03-26,P018,East,W03,0,11,11,0,6
2026-03-27,P018,East,W03,0,11,11,0,15
2026-03-28,P018,East,W03,0,13,13,0,6
2026-03-29,P018,East,W03,0,9,9,0,7
2026-03-30,P018,East,W03,0,15,15,0,15
2026-03-31,P018,East,W03,0,12,12,0,15
2026-04-01,P018,East,W03,0,12,12,0,6
2026-04-02,P018,East,W03,0,7,7,0,15
2026-04-03,P018,East,W03,0,10,10,0,8
2026-04-04,P018,East,W03,0,14,14,0,7
2026-04-05,P018,East,W03,0,12,5,7,0
2026-04-06,P018,East,W03,7,19,16,10,0
2026-04-07,P018,East,W03,10,12,17,5,0
2026-04-08,P018,East,W03,5,23,24,4,0
2026-04-09,P018,East,W03,4,17,15,6,0
2026-04-10,P018,East,W03,6,16,16,6,0
2026-04-11,P018,East,W03,6,17,18,5,0
2026-04-12,P018,East,W03,5,11,16,0,14
2026-04-13,P018,East,W03,0,9,9,0,5
2026-04-14,P018,East,W03,0,15,15,0,12
2026-04-15,P018,East,W03,0,17,17,0,10
2026-04-16,P018,East,W03,0,21,17,4,0
2026-04-17,P018,East,W03,4,18,12,10,0
2026-04-18,P018,East,W03,10,10,12,8,0
2026-04-19,P018,East,W03,8,14,22,0,0
2026-04-20,P018,East,W03,0,12,12,0,10
2026-04-21,P018,East,W03,0,19,13,6,0
2026-04-22,P018,East,W03,6,18,10,14,0
2026-04-23,P018,East,W03,14,12,20,6,0
2026-04-24,P018,East,W03,6,15,21,0,15
2026-04-25,P018,East,W03,0,16,16,0,8
2026-04-26,P018,East,W03,0,20,13,7,0
2026-04-27,P018,East,W03,7,19,20,6,0
2026-04-28,P018,East,W03,6,24,26,4,0
2026-04-29,P018,East,W03,4,14,13,5,0
2026-04-30,P018,East,W03,5,15,20,0,0
2026-05-01,P018,East,W03,0,17,11,6,0
2026-05-02,P018,East,W03,6,13,19,0,11
2026-05-03,P018,East,W03,0,18,18,0,15
2026-05-04,P018,East,W03,0,16,16,0,11
2026-05-05,P018,East,W03,0,30,23,7,0
2026-05-06,P018,East,W03,7,21,27,1,0
2026-05-07,P018,East,W03,1,19,20,0,15
2026-05-08,P018,East,W03,0,14,14,0,6
2026-05-09,P018,East,W03,0,13,13,0,11
2026-05-10,P018,East,W03,0,20,16,4,0
2026-05-11,P018,East,W03,4,6,10,0,5
2026-05-12,P018,East,W03,0,14,14,0,10
2026-05-13,P018,East,W03,0,13,13,0,11
2026-05-14,P018,East,W03,0,11,11,0,14
2026-05-15,P018,East,W03,0,9,9,0,6
2026-05-16,P018,East,W03,0,17,17,0,7
2026-05-17,P018,East,W03,0,8,8,0,13
2026-05-18,P018,East,W03,0,26,21,5,0
2026-05-19,P018,East,W03,5,14,14,5,0
2026-05-20,P018,East,W03,5,19,14,10,0
2026-05-21,P018,East,W03,10,15,19,6,0
2026-05-22,P018,East,W03,6,11,17,0,6
2026-05-23,P018,East,W03,0,16,16,0,7
2026-05-24,P018,East,W03,0,21,21,0,10
2026-05-25,P018,East,W03,0,20,15,5,0
2026-05-26,P018,East,W03,5,14,19,0,8
2026-05-27,P018,East,W03,0,18,18,0,14
2026-05-28,P018,East,W03,0,16,16,0,5
2026-05-29,P018,East,W03,0,14,14,0,15
2026-05-30,P018,East,W03,0,19,14,5,0
2026-05-31,P018,East,W03,5,15,18,2,0
2026-06-01,P018,East,W03,2,16,18,0,6
2026-06-02,P018,East,W03,0,11,11,0,4
2026-06-03,P018,East,W03,0,22,19,3,0
2026-06-04,P018,East,W03,3,20,18,5,0
2026-06-05,P018,East,W03,5,18,21,2,0
2026-06-06,P018,East,W03,2,18,18,2,0
2026-06-07,P018,East,W03,2,16,17,1,0
2026-06-08,P018,East,W03,1,14,15,0,14
2026-06-09,P018,East,W03,0,17,14,3,0
2026-06-10,P018,East,W03,3,14,17,0,8
2026-06-11,P018,East,W03,0,16,16,0,5
2026-06-12,P018,East,W03,0,21,20,1,0
2026-06-13,P018,East,W03,1,15,16,0,13
2026-06-14,P018,East,W03,0,18,17,1,0
2026-06-15,P018,East,W03,1,15,16,0,11
2026-06-16,P018,East,W03,0,10,10,0,13
2026-06-17,P018,East,W03,0,18,16,2,0
2026-06-18,P018,East,W03,2,10,12,0,4
2026-06-19,P018,East,W03,0,12,12,0,4
2026-06-20,P018,East,W03,0,23,13,10,0
2026-06-21,P018,East,W03,10,14,24,0,9
2026-06-22,P018,East,W03,0,15,15,0,12
2026-06-23,P018,East,W03,0,10,10,0,11
2026-06-24,P018,East,W03,0,15,15,0,8
2026-06-25,P018,East,W03,0,17,17,0,5
2026-06-26,P018,East,W03,0,19,17,2,0
2026-06-27,P018,East,W03,2,12,14,0,7
2026-06-28,P018,East,W03,0,13,13,0,5
2026-06-29,P018,East,W03,0,15,15,0,6
2026-06-30,P018,East,W03,0,19,19,0,8
2026-01-01,P018,West,W04,337,14,15,336,0
2026-01-02,P018,West,W04,336,14,14,336,0
2026-01-03,P018,West,W04,336,18,24,330,0
2026-01-04,P018,West,W04,330,15,20,325,0
2026-01-05,P018,West,W04,325,10,8,327,0
2026-01-06,P018,West,W04,327,20,20,327,0
2026-01-07,P018,West,W04,327,19,15,331,0
2026-01-08,P018,West,W04,331,15,18,328,0
2026-01-09,P018,West,W04,328,19,23,324,0
2026-01-10,P018,West,W04,324,13,19,318,0
2026-01-11,P018,West,W04,318,16,15,319,0
2026-01-12,P018,West,W04,319,13,10,322,0
2026-01-13,P018,West,W04,322,9,19,312,0
2026-01-14,P018,West,W04,312,16,15,313,0
2026-01-15,P018,West,W04,313,15,15,313,0
2026-01-16,P018,West,W04,313,14,23,304,0
2026-01-17,P018,West,W04,304,14,13,305,0
2026-01-18,P018,West,W04,305,20,21,304,0
2026-01-19,P018,West,W04,304,14,15,303,0
2026-01-20,P018,West,W04,303,17,18,302,0
2026-01-21,P018,West,W04,302,11,20,293,0
2026-01-22,P018,West,W04,293,12,24,281,0
2026-01-23,P018,West,W04,281,11,21,271,0
2026-01-24,P018,West,W04,271,23,16,278,0
2026-01-25,P018,West,W04,278,14,15,277,0
2026-01-26,P018,West,W04,277,20,13,284,0
2026-01-27,P018,West,W04,284,14,21,277,0
2026-01-28,P018,West,W04,277,12,19,270,0
2026-01-29,P018,West,W04,270,15,22,263,0
2026-01-30,P018,West,W04,263,7,24,246,0
2026-01-31,P018,West,W04,246,10,21,235,0
2026-02-01,P018,West,W04,235,12,18,229,0
2026-02-02,P018,West,W04,229,16,13,232,0
2026-02-03,P018,West,W04,232,19,14,237,0
2026-02-04,P018,West,W04,237,16,17,236,0
2026-02-05,P018,West,W04,236,13,18,231,0
2026-02-06,P018,West,W04,231,14,15,230,0
2026-02-07,P018,West,W04,230,12,16,226,0
2026-02-08,P018,West,W04,226,11,20,217,0
2026-02-09,P018,West,W04,217,15,15,217,0
2026-02-10,P018,West,W04,217,15,13,219,0
2026-02-11,P018,West,W04,219,11,18,212,0
2026-02-12,P018,West,W04,212,18,22,208,0
2026-02-13,P018,West,W04,208,20,16,212,0
2026-02-14,P018,West,W04,212,17,14,215,0
2026-02-15,P018,West,W04,215,16,18,213,0
2026-02-16,P018,West,W04,213,20,23,210,0
2026-02-17,P018,West,W04,210,20,24,206,0
2026-02-18,P018,West,W04,206,15,21,200,0
2026-02-19,P018,West,W04,200,22,20,202,0
2026-02-20,P018,West,W04,202,2,21,183,0
2026-02-21,P018,West,W04,183,4,13,174,0
2026-02-22,P018,West,W04,174,1,21,154,0
2026-02-23,P018,West,W04,154,2,19,137,0
2026-02-24,P018,West,W04,137,4,25,116,0
2026-02-25,P018,West,W04,116,4,12,108,0
2026-02-26,P018,West,W04,108,3,27,84,0
2026-02-27,P018,West,W04,84,1,20,65,0
2026-02-28,P018,West,W04,65,3,13,55,0
2026-03-01,P018,West,W04,55,7,20,42,0
2026-03-02,P018,West,W04,42,15,18,39,0
2026-03-03,P018,West,W04,39,24,18,45,0
2026-03-04,P018,West,W04,45,12,19,38,0
2026-03-05,P018,West,W04,38,15,17,36,0
2026-03-06,P018,West,W04,36,14,24,26,0
2026-03-07,P018,West,W04,26,21,18,29,0
2026-03-08,P018,West,W04,29,17,19,27,0
2026-03-09,P018,West,W04,27,14,20,21,0
2026-03-10,P018,West,W04,21,18,19,20,0
2026-03-11,P018,West,W04,20,13,21,12,0
2026-03-12,P018,West,W04,12,12,22,2,0
2026-03-13,P018,West,W04,2,13,15,0,5
2026-03-14,P018,West,W04,0,15,12,3,0
2026-03-15,P018,West,W04,3,11,13,1,0
2026-03-16,P018,West,W04,1,15,16,0,8
2026-03-17,P018,West,W04,0,11,11,0,15
2026-03-18,P018,West,W04,0,13,10,3,0
2026-03-19,P018,West,W04,3,15,13,5,0
2026-03-20,P018,West,W04,5,8,13,0,10
2026-03-21,P018,West,W04,0,12,12,0,0
2026-03-22,P018,West,W04,0,17,11,6,0
2026-03-23,P018,West,W04,6,13,14,5,0
2026-03-24,P018,West,W04,5,13,14,4,0
2026-03-25,P018,West,W04,4,8,12,0,5
2026-03-26,P018,West,W04,0,14,14,0,11
2026-03-27,P018,West,W04,0,18,14,4,0
2026-03-28,P018,West,W04,4,11,15,0,10
2026-03-29,P018,West,W04,0,16,16,0,9
2026-03-30,P018,West,W04,0,13,13,0,0
2026-03-31,P018,West,W04,0,15,15,0,12
2026-04-01,P018,West,W04,0,15,15,0,10
2026-04-02,P018,West,W04,0,7,7,0,15
2026-04-03,P018,West,W04,0,10,10,0,12
2026-04-04,P018,West,W04,0,21,21,0,0
2026-04-05,P018,West,W04,0,19,19,0,11
2026-04-06,P018,West,W04,0,18,18,0,13
2026-04-07,P018,West,W04,0,18,18,0,12
2026-04-08,P018,West,W04,0,16,14,2,0
2026-04-09,P018,West,W04,2,16,18,0,4
2026-04-10,P018,West,W04,0,13,13,0,6
2026-04-11,P018,West,W04,0,15,15,0,8
2026-04-12,P018,West,W04,0,14,14,0,14
2026-04-13,P018,West,W04,0,14,14,0,9
2026-04-14,P018,West,W04,0,13,13,0,8
2026-04-15,P018,West,W04,0,13,13,0,6
2026-04-16,P018,West,W04,0,16,15,1,0
2026-04-17,P018,West,W04,1,12,13,0,6
2026-04-18,P018,West,W04,0,15,15,0,5
2026-04-19,P018,West,W04,0,11,11,0,6
2026-04-20,P018,West,W04,0,15,15,0,14
2026-04-21,P018,West,W04,0,15,15,0,4
2026-04-22,P018,West,W04,0,13,13,0,14
2026-04-23,P018,West,W04,0,16,16,0,0
2026-04-24,P018,West,W04,0,15,15,0,5
2026-04-25,P018,West,W04,0,16,16,0,0
2026-04-26,P018,West,W04,0,15,15,0,11
2026-04-27,P018,West,W04,0,13,13,0,5
2026-04-28,P018,West,W04,0,15,15,0,0
2026-04-29,P018,West,W04,0,15,14,1,0
2026-04-30,P018,West,W04,1,19,20,0,13
2026-05-01,P018,West,W04,0,16,16,0,14
2026-05-02,P018,West,W04,0,18,14,4,0
2026-05-03,P018,West,W04,4,12,16,0,9
2026-05-04,P018,West,W04,0,22,21,1,0
2026-05-05,P018,West,W04,1,18,19,0,15
2026-05-06,P018,West,W04,0,14,14,0,7
2026-05-07,P018,West,W04,0,13,13,0,15
2026-05-08,P018,West,W04,0,16,16,0,15
2026-05-09,P018,West,W04,0,14,14,0,8
2026-05-10,P018,West,W04,0,22,22,0,13
2026-05-11,P018,West,W04,0,15,15,0,8
2026-05-12,P018,West,W04,0,24,23,1,0
2026-05-13,P018,West,W04,1,16,17,0,10
2026-05-14,P018,West,W04,0,18,18,0,6
2026-05-15,P018,West,W04,0,19,19,0,0
2026-05-16,P018,West,W04,0,15,15,0,14
2026-05-17,P018,West,W04,0,16,16,0,6
2026-05-18,P018,West,W04,0,21,21,0,5
2026-05-19,P018,West,W04,0,15,15,0,11
2026-05-20,P018,West,W04,0,13,13,0,9
2026-05-21,P018,West,W04,0,15,15,0,9
2026-05-22,P018,West,W04,0,16,16,0,5
2026-05-23,P018,West,W04,0,24,24,0,9
2026-05-24,P018,West,W04,0,17,17,0,4
2026-05-25,P018,West,W04,0,26,21,5,0
2026-05-26,P018,West,W04,5,18,23,0,12
2026-05-27,P018,West,W04,0,14,14,0,10
2026-05-28,P018,West,W04,0,20,17,3,0
2026-05-29,P018,West,W04,3,17,15,5,0
2026-05-30,P018,West,W04,5,17,22,0,0
2026-05-31,P018,West,W04,0,19,19,0,6
2026-06-01,P018,West,W04,0,16,16,0,12
2026-06-02,P018,West,W04,0,21,16,5,0
2026-06-03,P018,West,W04,5,18,23,0,12
2026-06-04,P018,West,W04,0,17,16,1,0
2026-06-05,P018,West,W04,1,13,14,0,5
2026-06-06,P018,West,W04,0,18,18,0,14
2026-06-07,P018,West,W04,0,16,16,0,14
2026-06-08,P018,West,W04,0,11,11,0,15
2026-06-09,P018,West,W04,0,22,22,0,12
2026-06-10,P018,West,W04,0,11,11,0,5
2026-06-11,P018,West,W04,0,21,14,7,0
2026-06-12,P018,West,W04,7,18,20,5,0
2026-06-13,P018,West,W04,5,13,18,0,11
2026-06-14,P018,West,W04,0,13,13,0,14
2026-06-15,P018,West,W04,0,12,12,0,6
2026-06-16,P018,West,W04,0,9,9,0,14
2026-06-17,P018,West,W04,0,20,20,0,6
2026-06-18,P018,West,W04,0,17,17,0,8
2026-06-19,P018,West,W04,0,13,13,0,13
2026-06-20,P018,West,W04,0,14,14,0,7
2026-06-21,P018,West,W04,0,17,17,0,10
2026-06-22,P018,West,W04,0,10,10,0,7
2026-06-23,P018,West,W04,0,11,11,0,5
2026-06-24,P018,West,W04,0,17,17,0,10
2026-06-25,P018,West,W04,0,13,13,0,6
2026-06-26,P018,West,W04,0,14,12,2,0
2026-06-27,P018,West,W04,2,15,17,0,8
2026-06-28,P018,West,W04,0,15,15,0,4
2026-06-29,P018,West,W04,0,18,18,0,8
2026-06-30,P018,West,W04,0,16,16,0,10
2026-01-01,P019,North,W01,442,12,18,436,0
2026-01-02,P019,North,W01,436,13,18,431,0
2026-01-03,P019,North,W01,431,19,26,424,0
2026-01-04,P019,North,W01,424,18,21,421,0
2026-01-05,P019,North,W01,421,10,9,422,0
2026-01-06,P019,North,W01,422,18,21,419,0
2026-01-07,P019,North,W01,419,13,21,411,0
2026-01-08,P019,North,W01,411,25,22,414,0
2026-01-09,P019,North,W01,414,11,19,406,0
2026-01-10,P019,North,W01,406,15,13,408,0
2026-01-11,P019,North,W01,408,17,14,411,0
2026-01-12,P019,North,W01,411,18,16,413,0
2026-01-13,P019,North,W01,413,17,16,414,0
2026-01-14,P019,North,W01,414,15,17,412,0
2026-01-15,P019,North,W01,412,12,17,407,0
2026-01-16,P019,North,W01,407,19,19,407,0
2026-01-17,P019,North,W01,407,17,20,404,0
2026-01-18,P019,North,W01,404,19,12,411,0
2026-01-19,P019,North,W01,411,12,20,403,0
2026-01-20,P019,North,W01,403,20,12,411,0
2026-01-21,P019,North,W01,411,18,24,405,0
2026-01-22,P019,North,W01,405,11,22,394,0
2026-01-23,P019,North,W01,394,13,25,382,0
2026-01-24,P019,North,W01,382,16,25,373,0
2026-01-25,P019,North,W01,373,16,22,367,0
2026-01-26,P019,North,W01,367,11,27,351,0
2026-01-27,P019,North,W01,351,14,15,350,0
2026-01-28,P019,North,W01,350,7,16,341,0
2026-01-29,P019,North,W01,341,22,15,348,0
2026-01-30,P019,North,W01,348,15,20,343,0
2026-01-31,P019,North,W01,343,15,10,348,0
2026-02-01,P019,North,W01,348,19,15,352,0
2026-02-02,P019,North,W01,352,9,11,350,0
2026-02-03,P019,North,W01,350,10,21,339,0
2026-02-04,P019,North,W01,339,13,19,333,0
2026-02-05,P019,North,W01,333,17,16,334,0
2026-02-06,P019,North,W01,334,12,20,326,0
2026-02-07,P019,North,W01,326,12,20,318,0
2026-02-08,P019,North,W01,318,22,15,325,0
2026-02-09,P019,North,W01,325,16,22,319,0
2026-02-10,P019,North,W01,319,18,12,325,0
2026-02-11,P019,North,W01,325,16,18,323,0
2026-02-12,P019,North,W01,323,15,19,319,0
2026-02-13,P019,North,W01,319,17,11,325,0
2026-02-14,P019,North,W01,325,16,15,326,0
2026-02-15,P019,North,W01,326,19,20,325,0
2026-02-16,P019,North,W01,325,11,22,314,0
2026-02-17,P019,North,W01,314,21,19,316,0
2026-02-18,P019,North,W01,316,10,19,307,0
2026-02-19,P019,North,W01,307,11,14,304,0
2026-02-20,P019,North,W01,304,2,13,293,0
2026-02-21,P019,North,W01,293,7,26,274,0
2026-02-22,P019,North,W01,274,2,14,262,0
2026-02-23,P019,North,W01,262,1,15,248,0
2026-02-24,P019,North,W01,248,4,19,233,0
2026-02-25,P019,North,W01,233,4,18,219,0
2026-02-26,P019,North,W01,219,2,22,199,0
2026-02-27,P019,North,W01,199,3,16,186,0
2026-02-28,P019,North,W01,186,5,20,171,0
2026-03-01,P019,North,W01,171,15,18,168,0
2026-03-02,P019,North,W01,168,14,16,166,0
2026-03-03,P019,North,W01,166,17,19,164,0
2026-03-04,P019,North,W01,164,17,27,154,0
2026-03-05,P019,North,W01,154,10,20,144,0
2026-03-06,P019,North,W01,144,13,18,139,0
2026-03-07,P019,North,W01,139,13,18,134,0
2026-03-08,P019,North,W01,134,18,16,136,0
2026-03-09,P019,North,W01,136,10,14,132,0
2026-03-10,P019,North,W01,132,16,15,133,0
2026-03-11,P019,North,W01,133,10,14,129,0
2026-03-12,P019,North,W01,129,18,16,131,0
2026-03-13,P019,North,W01,131,11,16,126,0
2026-03-14,P019,North,W01,126,8,19,115,0
2026-03-15,P019,North,W01,115,16,10,121,0
2026-03-16,P019,North,W01,121,9,20,110,0
2026-03-17,P019,North,W01,110,13,23,100,0
2026-03-18,P019,North,W01,100,17,24,93,0
2026-03-19,P019,North,W01,93,18,18,93,0
2026-03-20,P019,North,W01,93,12,18,87,0
2026-03-21,P019,North,W01,87,16,9,94,0
2026-03-22,P019,North,W01,94,11,13,92,0
2026-03-23,P019,North,W01,92,12,11,93,0
2026-03-24,P019,North,W01,93,21,19,95,0
2026-03-25,P019,North,W01,95,17,25,87,0
2026-03-26,P019,North,W01,87,10,26,71,0
2026-03-27,P019,North,W01,71,14,16,69,0
2026-03-28,P019,North,W01,69,15,20,64,0
2026-03-29,P019,North,W01,64,10,16,58,0
2026-03-30,P019,North,W01,58,17,19,56,0
2026-03-31,P019,North,W01,56,16,13,59,0
2026-04-01,P019,North,W01,59,22,17,64,0
2026-04-02,P019,North,W01,64,8,6,66,0
2026-04-03,P019,North,W01,66,15,22,59,0
2026-04-04,P019,North,W01,59,12,17,54,0
2026-04-05,P019,North,W01,54,16,25,45,0
2026-04-06,P019,North,W01,45,13,16,42,0
2026-04-07,P019,North,W01,42,10,19,33,0
2026-04-08,P019,North,W01,33,17,22,28,0
2026-04-09,P019,North,W01,28,9,15,22,0
2026-04-10,P019,North,W01,22,18,16,24,0
2026-04-11,P019,North,W01,24,19,10,33,0
2026-04-12,P019,North,W01,33,13,15,31,0
2026-04-13,P019,North,W01,31,18,20,29,0
2026-04-14,P019,North,W01,29,11,20,20,0
2026-04-15,P019,North,W01,20,10,28,2,0
2026-04-16,P019,North,W01,2,21,15,8,0
2026-04-17,P019,North,W01,8,19,15,12,0
2026-04-18,P019,North,W01,12,13,11,14,0
2026-04-19,P019,North,W01,14,22,18,18,0
2026-04-20,P019,North,W01,18,12,26,4,0
2026-04-21,P019,North,W01,4,11,15,0,8
2026-04-22,P019,North,W01,0,15,15,0,0
2026-04-23,P019,North,W01,0,17,17,0,5
2026-04-24,P019,North,W01,0,21,18,3,0
2026-04-25,P019,North,W01,3,19,21,1,0
2026-04-26,P019,North,W01,1,10,11,0,14
2026-04-27,P019,North,W01,0,13,13,0,4
2026-04-28,P019,North,W01,0,15,15,0,12
2026-04-29,P019,North,W01,0,14,14,0,6
2026-04-30,P019,North,W01,0,11,11,0,12
2026-05-01,P019,North,W01,0,14,14,0,12
2026-05-02,P019,North,W01,0,9,9,0,6
2026-05-03,P019,North,W01,0,14,14,0,7
2026-05-04,P019,North,W01,0,17,17,0,15
2026-05-05,P019,North,W01,0,22,22,0,8
2026-05-06,P019,North,W01,0,16,15,1,0
2026-05-07,P019,North,W01,1,15,16,0,0
2026-05-08,P019,North,W01,0,13,13,0,12
2026-05-09,P019,North,W01,0,17,15,2,0
2026-05-10,P019,North,W01,2,19,15,6,0
2026-05-11,P019,North,W01,6,13,19,0,8
2026-05-12,P019,North,W01,0,11,11,0,14
2026-05-13,P019,North,W01,0,17,17,0,13
2026-05-14,P019,North,W01,0,9,9,0,5
2026-05-15,P019,North,W01,0,20,20,0,9
2026-05-16,P019,North,W01,0,21,18,3,0
2026-05-17,P019,North,W01,3,14,15,2,0
2026-05-18,P019,North,W01,2,18,16,4,0
2026-05-19,P019,North,W01,4,15,19,0,10
2026-05-20,P019,North,W01,0,19,18,1,0
2026-05-21,P019,North,W01,1,16,17,0,14
2026-05-22,P019,North,W01,0,11,11,0,6
2026-05-23,P019,North,W01,0,5,5,0,9
2026-05-24,P019,North,W01,0,10,8,2,0
2026-05-25,P019,North,W01,2,16,18,0,4
2026-05-26,P019,North,W01,0,11,11,0,7
2026-05-27,P019,North,W01,0,11,11,0,9
2026-05-28,P019,North,W01,0,19,10,9,0
2026-05-29,P019,North,W01,9,16,25,0,5
2026-05-30,P019,North,W01,0,14,14,0,15
2026-05-31,P019,North,W01,0,14,14,0,5
2026-06-01,P019,North,W01,0,13,13,0,8
2026-06-02,P019,North,W01,0,17,16,1,0
2026-06-03,P019,North,W01,1,14,15,0,10
2026-06-04,P019,North,W01,0,17,17,0,0
2026-06-05,P019,North,W01,0,24,22,2,0
2026-06-06,P019,North,W01,2,14,14,2,0
2026-06-07,P019,North,W01,2,18,18,2,0
2026-06-08,P019,North,W01,2,13,15,0,7
2026-06-09,P019,North,W01,0,9,9,0,8
2026-06-10,P019,North,W01,0,12,12,0,9
2026-06-11,P019,North,W01,0,10,10,0,6
2026-06-12,P019,North,W01,0,22,22,0,6
2026-06-13,P019,North,W01,0,15,15,0,6
2026-06-14,P019,North,W01,0,20,16,4,0
2026-06-15,P019,North,W01,4,19,23,0,14
2026-06-16,P019,North,W01,0,13,13,0,10
2026-06-17,P019,North,W01,0,18,18,0,5
2026-06-18,P019,North,W01,0,12,12,0,9
2026-06-19,P019,North,W01,0,19,19,0,13
2026-06-20,P019,North,W01,0,25,25,0,0
2026-06-21,P019,North,W01,0,14,14,0,8
2026-06-22,P019,North,W01,0,19,14,5,0
2026-06-23,P019,North,W01,5,18,21,2,0
2026-06-24,P019,North,W01,2,12,14,0,0
2026-06-25,P019,North,W01,0,15,15,0,10
2026-06-26,P019,North,W01,0,19,19,0,4
2026-06-27,P019,North,W01,0,11,11,0,7
2026-06-28,P019,North,W01,0,19,19,0,11
2026-06-29,P019,North,W01,0,13,13,0,12
2026-06-30,P019,North,W01,0,18,18,0,9
2026-01-01,P019,South,W02,515,9,10,514,0
2026-01-02,P019,South,W02,514,14,27,501,0
2026-01-03,P019,South,W02,501,13,15,499,0
2026-01-04,P019,South,W02,499,16,19,496,0
2026-01-05,P019,South,W02,496,16,20,492,0
2026-01-06,P019,South,W02,492,20,18,494,0
2026-01-07,P019,South,W02,494,11,22,483,0
2026-01-08,P019,South,W02,483,16,26,473,0
2026-01-09,P019,South,W02,473,14,21,466,0
2026-01-10,P019,South,W02,466,12,19,459,0
2026-01-11,P019,South,W02,459,18,16,461,0
2026-01-12,P019,South,W02,461,16,18,459,0
2026-01-13,P019,South,W02,459,16,22,453,0
2026-01-14,P019,South,W02,453,13,21,445,0
2026-01-15,P019,South,W02,445,20,26,439,0
2026-01-16,P019,South,W02,439,6,14,431,0
2026-01-17,P019,South,W02,431,17,29,419,0
2026-01-18,P019,South,W02,419,14,10,423,0
2026-01-19,P019,South,W02,423,9,22,410,0
2026-01-20,P019,South,W02,410,21,17,414,0
2026-01-21,P019,South,W02,414,15,13,416,0
2026-01-22,P019,South,W02,416,16,19,413,0
2026-01-23,P019,South,W02,413,19,21,411,0
2026-01-24,P019,South,W02,411,12,14,409,0
2026-01-25,P019,South,W02,409,6,13,402,0
2026-01-26,P019,South,W02,402,20,17,405,0
2026-01-27,P019,South,W02,405,18,22,401,0
2026-01-28,P019,South,W02,401,13,23,391,0
2026-01-29,P019,South,W02,391,19,13,397,0
2026-01-30,P019,South,W02,397,18,18,397,0
2026-01-31,P019,South,W02,397,22,19,400,0
2026-02-01,P019,South,W02,400,21,29,392,0
2026-02-02,P019,South,W02,392,16,16,392,0
2026-02-03,P019,South,W02,392,15,13,394,0
2026-02-04,P019,South,W02,394,13,15,392,0
2026-02-05,P019,South,W02,392,14,18,388,0
2026-02-06,P019,South,W02,388,21,11,398,0
2026-02-07,P019,South,W02,398,15,17,396,0
2026-02-08,P019,South,W02,396,15,17,394,0
2026-02-09,P019,South,W02,394,15,25,384,0
2026-02-10,P019,South,W02,384,13,19,378,0
2026-02-11,P019,South,W02,378,15,14,379,0
2026-02-12,P019,South,W02,379,12,22,369,0
2026-02-13,P019,South,W02,369,11,12,368,0
2026-02-14,P019,South,W02,368,12,22,358,0
2026-02-15,P019,South,W02,358,10,18,350,0
2026-02-16,P019,South,W02,350,19,14,355,0
2026-02-17,P019,South,W02,355,17,20,352,0
2026-02-18,P019,South,W02,352,9,15,346,0
2026-02-19,P019,South,W02,346,20,14,352,0
2026-02-20,P019,South,W02,352,1,12,341,0
2026-02-21,P019,South,W02,341,2,18,325,0
2026-02-22,P019,South,W02,325,2,20,307,0
2026-02-23,P019,South,W02,307,4,19,292,0
2026-02-24,P019,South,W02,292,3,23,272,0
2026-02-25,P019,South,W02,272,1,22,251,0
2026-02-26,P019,South,W02,251,2,20,233,0
2026-02-27,P019,South,W02,233,3,21,215,0
2026-02-28,P019,South,W02,215,2,21,196,0
2026-03-01,P019,South,W02,196,13,20,189,0
2026-03-02,P019,South,W02,189,17,18,188,0
2026-03-03,P019,South,W02,188,16,13,191,0
2026-03-04,P019,South,W02,191,19,16,194,0
2026-03-05,P019,South,W02,194,14,22,186,0
2026-03-06,P019,South,W02,186,24,23,187,0
2026-03-07,P019,South,W02,187,20,23,184,0
2026-03-08,P019,South,W02,184,15,20,179,0
2026-03-09,P019,South,W02,179,6,17,168,0
2026-03-10,P019,South,W02,168,18,14,172,0
2026-03-11,P019,South,W02,172,17,11,178,0
2026-03-12,P019,South,W02,178,20,20,178,0
2026-03-13,P019,South,W02,178,17,22,173,0
2026-03-14,P019,South,W02,173,11,27,157,0
2026-03-15,P019,South,W02,157,20,11,166,0
2026-03-16,P019,South,W02,166,15,16,165,0
2026-03-17,P019,South,W02,165,16,11,170,0
2026-03-18,P019,South,W02,170,12,17,165,0
2026-03-19,P019,South,W02,165,18,22,161,0
2026-03-20,P019,South,W02,161,17,28,150,0
2026-03-21,P019,South,W02,150,10,22,138,0
2026-03-22,P019,South,W02,138,14,18,134,0
2026-03-23,P019,South,W02,134,19,17,136,0
2026-03-24,P019,South,W02,136,14,18,132,0
2026-03-25,P019,South,W02,132,9,22,119,0
2026-03-26,P019,South,W02,119,13,15,117,0
2026-03-27,P019,South,W02,117,10,25,102,0
2026-03-28,P019,South,W02,102,10,27,85,0
2026-03-29,P019,South,W02,85,11,23,73,0
2026-03-30,P019,South,W02,73,20,27,66,0
2026-03-31,P019,South,W02,66,15,19,62,0
2026-04-01,P019,South,W02,62,20,22,60,0
2026-04-02,P019,South,W02,60,21,13,68,0
2026-04-03,P019,South,W02,68,12,18,62,0
2026-04-04,P019,South,W02,62,16,15,63,0
2026-04-05,P019,South,W02,63,17,21,59,0
2026-04-06,P019,South,W02,59,12,15,56,0
2026-04-07,P019,South,W02,56,14,14,56,0
2026-04-08,P019,South,W02,56,14,19,51,0
2026-04-09,P019,South,W02,51,10,13,48,0
2026-04-10,P019,South,W02,48,12,13,47,0
2026-04-11,P019,South,W02,47,17,25,39,0
2026-04-12,P019,South,W02,39,14,13,40,0
2026-04-13,P019,South,W02,40,10,11,39,0
2026-04-14,P019,South,W02,39,13,16,36,0
2026-04-15,P019,South,W02,36,18,19,35,0
2026-04-16,P019,South,W02,35,17,27,25,0
2026-04-17,P019,South,W02,25,10,15,20,0
2026-04-18,P019,South,W02,20,16,13,23,0
2026-04-19,P019,South,W02,23,14,20,17,0
2026-04-20,P019,South,W02,17,13,20,10,0
2026-04-21,P019,South,W02,10,14,22,2,0
2026-04-22,P019,South,W02,2,16,11,7,0
2026-04-23,P019,South,W02,7,22,8,21,0
2026-04-24,P019,South,W02,21,12,16,17,0
2026-04-25,P019,South,W02,17,22,17,22,0
2026-04-26,P019,South,W02,22,10,29,3,0
2026-04-27,P019,South,W02,3,15,18,0,12
2026-04-28,P019,South,W02,0,20,19,1,0
2026-04-29,P019,South,W02,1,15,16,0,10
2026-04-30,P019,South,W02,0,6,6,0,6
2026-05-01,P019,South,W02,0,18,17,1,0
2026-05-02,P019,South,W02,1,9,10,0,4
2026-05-03,P019,South,W02,0,16,16,0,9
2026-05-04,P019,South,W02,0,12,12,0,10
2026-05-05,P019,South,W02,0,12,12,0,14
2026-05-06,P019,South,W02,0,15,15,0,14
2026-05-07,P019,South,W02,0,11,11,0,4
2026-05-08,P019,South,W02,0,22,22,0,0
2026-05-09,P019,South,W02,0,17,17,0,14
2026-05-10,P019,South,W02,0,14,14,0,7
2026-05-11,P019,South,W02,0,10,10,0,4
2026-05-12,P019,South,W02,0,16,13,3,0
2026-05-13,P019,South,W02,3,13,16,0,15
2026-05-14,P019,South,W02,0,17,15,2,0
2026-05-15,P019,South,W02,2,19,20,1,0
2026-05-16,P019,South,W02,1,17,18,0,8
2026-05-17,P019,South,W02,0,14,14,0,13
2026-05-18,P019,South,W02,0,17,11,6,0
2026-05-19,P019,South,W02,6,13,19,0,8
2026-05-20,P019,South,W02,0,11,11,0,15
2026-05-21,P019,South,W02,0,14,14,0,11
2026-05-22,P019,South,W02,0,17,13,4,0
2026-05-23,P019,South,W02,4,13,17,0,15
2026-05-24,P019,South,W02,0,15,15,0,15
2026-05-25,P019,South,W02,0,13,13,0,12
2026-05-26,P019,South,W02,0,14,14,0,5
2026-05-27,P019,South,W02,0,9,9,0,11
2026-05-28,P019,South,W02,0,15,15,0,5
2026-05-29,P019,South,W02,0,13,13,0,5
2026-05-30,P019,South,W02,0,13,13,0,15
2026-05-31,P019,South,W02,0,14,14,0,12
2026-06-01,P019,South,W02,0,15,15,0,14
2026-06-02,P019,South,W02,0,6,6,0,15
2026-06-03,P019,South,W02,0,15,15,0,4
2026-06-04,P019,South,W02,0,15,15,0,14
2026-06-05,P019,South,W02,0,24,15,9,0
2026-06-06,P019,South,W02,9,16,18,7,0
2026-06-07,P019,South,W02,7,20,20,7,0
2026-06-08,P019,South,W02,7,18,22,3,0
2026-06-09,P019,South,W02,3,8,11,0,11
2026-06-10,P019,South,W02,0,12,9,3,0
2026-06-11,P019,South,W02,3,22,13,12,0
2026-06-12,P019,South,W02,12,14,26,0,13
2026-06-13,P019,South,W02,0,15,15,0,4
2026-06-14,P019,South,W02,0,15,15,0,8
2026-06-15,P019,South,W02,0,14,14,0,0
2026-06-16,P019,South,W02,0,15,15,0,10
2026-06-17,P019,South,W02,0,11,10,1,0
2026-06-18,P019,South,W02,1,21,18,4,0
2026-06-19,P019,South,W02,4,19,23,0,10
2026-06-20,P019,South,W02,0,7,7,0,4
2026-06-21,P019,South,W02,0,14,14,0,5
2026-06-22,P019,South,W02,0,14,14,0,8
2026-06-23,P019,South,W02,0,19,16,3,0
2026-06-24,P019,South,W02,3,21,16,8,0
2026-06-25,P019,South,W02,8,11,19,0,9
2026-06-26,P019,South,W02,0,13,13,0,10
2026-06-27,P019,South,W02,0,12,12,0,7
2026-06-28,P019,South,W02,0,17,17,0,12
2026-06-29,P019,South,W02,0,15,14,1,0
2026-06-30,P019,South,W02,1,21,19,3,0
2026-01-01,P019,East,W03,285,22,21,286,0
2026-01-02,P019,East,W03,286,17,19,284,0
2026-01-03,P019,East,W03,284,15,21,278,0
2026-01-04,P019,East,W03,278,17,20,275,0
2026-01-05,P019,East,W03,275,8,15,268,0
2026-01-06,P019,East,W03,268,15,18,265,0
2026-01-07,P019,East,W03,265,18,18,265,0
2026-01-08,P019,East,W03,265,17,12,270,0
2026-01-09,P019,East,W03,270,16,19,267,0
2026-01-10,P019,East,W03,267,16,21,262,0
2026-01-11,P019,East,W03,262,15,18,259,0
2026-01-12,P019,East,W03,259,17,26,250,0
2026-01-13,P019,East,W03,250,18,14,254,0
2026-01-14,P019,East,W03,254,13,15,252,0
2026-01-15,P019,East,W03,252,20,22,250,0
2026-01-16,P019,East,W03,250,16,15,251,0
2026-01-17,P019,East,W03,251,16,17,250,0
2026-01-18,P019,East,W03,250,22,16,256,0
2026-01-19,P019,East,W03,256,15,12,259,0
2026-01-20,P019,East,W03,259,7,22,244,0
2026-01-21,P019,East,W03,244,11,24,231,0
2026-01-22,P019,East,W03,231,16,23,224,0
2026-01-23,P019,East,W03,224,22,19,227,0
2026-01-24,P019,East,W03,227,15,14,228,0
2026-01-25,P019,East,W03,228,17,16,229,0
2026-01-26,P019,East,W03,229,15,12,232,0
2026-01-27,P019,East,W03,232,17,16,233,0
2026-01-28,P019,East,W03,233,16,20,229,0
2026-01-29,P019,East,W03,229,12,19,222,0
2026-01-30,P019,East,W03,222,11,16,217,0
2026-01-31,P019,East,W03,217,19,23,213,0
2026-02-01,P019,East,W03,213,17,18,212,0
2026-02-02,P019,East,W03,212,15,21,206,0
2026-02-03,P019,East,W03,206,16,14,208,0
2026-02-04,P019,East,W03,208,14,29,193,0
2026-02-05,P019,East,W03,193,17,31,179,0
2026-02-06,P019,East,W03,179,19,22,176,0
2026-02-07,P019,East,W03,176,12,17,171,0
2026-02-08,P019,East,W03,171,16,12,175,0
2026-02-09,P019,East,W03,175,19,25,169,0
2026-02-10,P019,East,W03,169,6,15,160,0
2026-02-11,P019,East,W03,160,11,27,144,0
2026-02-12,P019,East,W03,144,20,21,143,0
2026-02-13,P019,East,W03,143,14,12,145,0
2026-02-14,P019,East,W03,145,25,22,148,0
2026-02-15,P019,East,W03,148,16,17,147,0
2026-02-16,P019,East,W03,147,24,20,151,0
2026-02-17,P019,East,W03,151,20,13,158,0
2026-02-18,P019,East,W03,158,14,27,145,0
2026-02-19,P019,East,W03,145,13,15,143,0
2026-02-20,P019,East,W03,143,3,16,130,0
2026-02-21,P019,East,W03,130,1,12,119,0
2026-02-22,P019,East,W03,119,2,18,103,0
2026-02-23,P019,East,W03,103,2,14,91,0
2026-02-24,P019,East,W03,91,5,25,71,0
2026-02-25,P019,East,W03,71,2,20,53,0
2026-02-26,P019,East,W03,53,2,15,40,0
2026-02-27,P019,East,W03,40,5,20,25,0
2026-02-28,P019,East,W03,25,3,20,8,0
2026-03-01,P019,East,W03,8,12,17,3,0
2026-03-02,P019,East,W03,3,11,10,4,0
2026-03-03,P019,East,W03,4,10,13,1,0
2026-03-04,P019,East,W03,1,19,18,2,0
2026-03-05,P019,East,W03,2,16,18,0,15
2026-03-06,P019,East,W03,0,13,13,0,11
2026-03-07,P019,East,W03,0,8,8,0,12
2026-03-08,P019,East,W03,0,12,12,0,4
2026-03-09,P019,East,W03,0,11,11,0,14
2026-03-10,P019,East,W03,0,15,14,1,0
2026-03-11,P019,East,W03,1,17,13,5,0
2026-03-12,P019,East,W03,5,15,20,0,0
2026-03-13,P019,East,W03,0,13,13,0,11
2026-03-14,P019,East,W03,0,15,15,0,11
2026-03-15,P019,East,W03,0,20,13,7,0
2026-03-16,P019,East,W03,7,17,16,8,0
2026-03-17,P019,East,W03,8,19,18,9,0
2026-03-18,P019,East,W03,9,11,18,2,0
2026-03-19,P019,East,W03,2,18,15,5,0
2026-03-20,P019,East,W03,5,11,16,0,9
2026-03-21,P019,East,W03,0,15,15,0,9
2026-03-22,P019,East,W03,0,14,14,0,10
2026-03-23,P019,East,W03,0,15,15,0,9
2026-03-24,P019,East,W03,0,18,18,0,4
2026-03-25,P019,East,W03,0,13,13,0,15
2026-03-26,P019,East,W03,0,16,16,0,10
2026-03-27,P019,East,W03,0,9,9,0,5
2026-03-28,P019,East,W03,0,22,16,6,0
2026-03-29,P019,East,W03,6,16,17,5,0
2026-03-30,P019,East,W03,5,16,19,2,0
2026-03-31,P019,East,W03,2,17,13,6,0
2026-04-01,P019,East,W03,6,17,19,4,0
2026-04-02,P019,East,W03,4,14,10,8,0
2026-04-03,P019,East,W03,8,10,18,0,5
2026-04-04,P019,East,W03,0,17,17,0,13
2026-04-05,P019,East,W03,0,10,10,0,0
2026-04-06,P019,East,W03,0,12,12,0,9
2026-04-07,P019,East,W03,0,22,13,9,0
2026-04-08,P019,East,W03,9,12,12,9,0
2026-04-09,P019,East,W03,9,14,15,8,0
2026-04-10,P019,East,W03,8,18,21,5,0
2026-04-11,P019,East,W03,5,19,24,0,0
2026-04-12,P019,East,W03,0,12,12,0,5
2026-04-13,P019,East,W03,0,15,15,0,8
2026-04-14,P019,East,W03,0,22,22,0,0
2026-04-15,P019,East,W03,0,13,13,0,12
2026-04-16,P019,East,W03,0,22,16,6,0
2026-04-17,P019,East,W03,6,29,24,11,0
2026-04-18,P019,East,W03,11,16,20,7,0
2026-04-19,P019,East,W03,7,16,13,10,0
2026-04-20,P019,East,W03,10,22,12,20,0
2026-04-21,P019,East,W03,20,12,17,15,0
2026-04-22,P019,East,W03,15,16,23,8,0
2026-04-23,P019,East,W03,8,24,15,17,0
2026-04-24,P019,East,W03,17,10,14,13,0
2026-04-25,P019,East,W03,13,10,17,6,0
2026-04-26,P019,East,W03,6,19,20,5,0
2026-04-27,P019,East,W03,5,14,14,5,0
2026-04-28,P019,East,W03,5,22,11,16,0
2026-04-29,P019,East,W03,16,18,20,14,0
2026-04-30,P019,East,W03,14,14,12,16,0
2026-05-01,P019,East,W03,16,15,15,16,0
2026-05-02,P019,East,W03,16,23,17,22,0
2026-05-03,P019,East,W03,22,14,18,18,0
2026-05-04,P019,East,W03,18,15,25,8,0
2026-05-05,P019,East,W03,8,14,22,0,15
2026-05-06,P019,East,W03,0,13,13,0,15
2026-05-07,P019,East,W03,0,14,14,0,7
2026-05-08,P019,East,W03,0,14,14,0,7
2026-05-09,P019,East,W03,0,18,13,5,0
2026-05-10,P019,East,W03,5,11,16,0,12
2026-05-11,P019,East,W03,0,15,15,0,6
2026-05-12,P019,East,W03,0,17,16,1,0
2026-05-13,P019,East,W03,1,21,22,0,0
2026-05-14,P019,East,W03,0,15,15,0,10
2026-05-15,P019,East,W03,0,13,13,0,15
2026-05-16,P019,East,W03,0,18,12,6,0
2026-05-17,P019,East,W03,6,16,21,1,0
2026-05-18,P019,East,W03,1,14,15,0,0
2026-05-19,P019,East,W03,0,14,14,0,0
2026-05-20,P019,East,W03,0,16,16,0,13
2026-05-21,P019,East,W03,0,14,14,0,11
2026-05-22,P019,East,W03,0,10,10,0,6
2026-05-23,P019,East,W03,0,13,13,0,8
2026-05-24,P019,East,W03,0,15,15,0,15
2026-05-25,P019,East,W03,0,15,15,0,4
2026-05-26,P019,East,W03,0,15,15,0,8
2026-05-27,P019,East,W03,0,14,14,0,7
2026-05-28,P019,East,W03,0,14,14,0,13
2026-05-29,P019,East,W03,0,15,15,0,7
2026-05-30,P019,East,W03,0,15,15,0,9
2026-05-31,P019,East,W03,0,15,15,0,15
2026-06-01,P019,East,W03,0,12,12,0,12
2026-06-02,P019,East,W03,0,12,12,0,15
2026-06-03,P019,East,W03,0,14,14,0,6
2026-06-04,P019,East,W03,0,13,13,0,14
2026-06-05,P019,East,W03,0,11,11,0,8
2026-06-06,P019,East,W03,0,7,7,0,9
2026-06-07,P019,East,W03,0,19,18,1,0
2026-06-08,P019,East,W03,1,13,14,0,14
2026-06-09,P019,East,W03,0,16,16,0,12
2026-06-10,P019,East,W03,0,16,16,0,0
2026-06-11,P019,East,W03,0,18,18,0,11
2026-06-12,P019,East,W03,0,17,17,0,8
2026-06-13,P019,East,W03,0,16,16,0,10
2026-06-14,P019,East,W03,0,12,12,0,12
2026-06-15,P019,East,W03,0,22,22,0,13
2026-06-16,P019,East,W03,0,18,15,3,0
2026-06-17,P019,East,W03,3,9,12,0,4
2026-06-18,P019,East,W03,0,12,12,0,5
2026-06-19,P019,East,W03,0,18,18,0,5
2026-06-20,P019,East,W03,0,13,13,0,10
2026-06-21,P019,East,W03,0,8,8,0,7
2026-06-22,P019,East,W03,0,12,12,0,9
2026-06-23,P019,East,W03,0,19,13,6,0
2026-06-24,P019,East,W03,6,10,16,0,12
2026-06-25,P019,East,W03,0,16,16,0,10
2026-06-26,P019,East,W03,0,24,21,3,0
2026-06-27,P019,East,W03,3,7,10,0,10
2026-06-28,P019,East,W03,0,10,10,0,14
2026-06-29,P019,East,W03,0,19,19,0,7
2026-06-30,P019,East,W03,0,16,16,0,11
2026-01-01,P019,West,W04,440,11,19,432,0
2026-01-02,P019,West,W04,432,16,14,434,0
2026-01-03,P019,West,W04,434,16,17,433,0
2026-01-04,P019,West,W04,433,19,25,427,0
2026-01-05,P019,West,W04,427,9,17,419,0
2026-01-06,P019,West,W04,419,13,18,414,0
2026-01-07,P019,West,W04,414,16,15,415,0
2026-01-08,P019,West,W04,415,15,19,411,0
2026-01-09,P019,West,W04,411,20,16,415,0
2026-01-10,P019,West,W04,415,24,16,423,0
2026-01-11,P019,West,W04,423,12,18,417,0
2026-01-12,P019,West,W04,417,16,15,418,0
2026-01-13,P019,West,W04,418,16,17,417,0
2026-01-14,P019,West,W04,417,7,13,411,0
2026-01-15,P019,West,W04,411,8,23,396,0
2026-01-16,P019,West,W04,396,18,28,386,0
2026-01-17,P019,West,W04,386,14,20,380,0
2026-01-18,P019,West,W04,380,16,12,384,0
2026-01-19,P019,West,W04,384,14,13,385,0
2026-01-20,P019,West,W04,385,13,13,385,0
2026-01-21,P019,West,W04,385,16,23,378,0
2026-01-22,P019,West,W04,378,14,21,371,0
2026-01-23,P019,West,W04,371,13,23,361,0
2026-01-24,P019,West,W04,361,14,17,358,0
2026-01-25,P019,West,W04,358,12,14,356,0
2026-01-26,P019,West,W04,356,15,26,345,0
2026-01-27,P019,West,W04,345,16,10,351,0
2026-01-28,P019,West,W04,351,16,17,350,0
2026-01-29,P019,West,W04,350,17,12,355,0
2026-01-30,P019,West,W04,355,16,32,339,0
2026-01-31,P019,West,W04,339,19,11,347,0
2026-02-01,P019,West,W04,347,17,11,353,0
2026-02-02,P019,West,W04,353,15,16,352,0
2026-02-03,P019,West,W04,352,8,13,347,0
2026-02-04,P019,West,W04,347,13,23,337,0
2026-02-05,P019,West,W04,337,14,20,331,0
2026-02-06,P019,West,W04,331,18,16,333,0
2026-02-07,P019,West,W04,333,17,16,334,0
2026-02-08,P019,West,W04,334,12,17,329,0
2026-02-09,P019,West,W04,329,14,15,328,0
2026-02-10,P019,West,W04,328,14,22,320,0
2026-02-11,P019,West,W04,320,10,15,315,0
2026-02-12,P019,West,W04,315,17,23,309,0
2026-02-13,P019,West,W04,309,16,16,309,0
2026-02-14,P019,West,W04,309,18,21,306,0
2026-02-15,P019,West,W04,306,14,16,304,0
2026-02-16,P019,West,W04,304,27,16,315,0
2026-02-17,P019,West,W04,315,8,22,301,0
2026-02-18,P019,West,W04,301,8,24,285,0
2026-02-19,P019,West,W04,285,17,12,290,0
2026-02-20,P019,West,W04,290,3,18,275,0
2026-02-21,P019,West,W04,275,5,11,269,0
2026-02-22,P019,West,W04,269,0,15,254,0
2026-02-23,P019,West,W04,254,3,24,233,0
2026-02-24,P019,West,W04,233,7,14,226,0
2026-02-25,P019,West,W04,226,3,24,205,0
2026-02-26,P019,West,W04,205,3,10,198,0
2026-02-27,P019,West,W04,198,1,21,178,0
2026-02-28,P019,West,W04,178,4,19,163,0
2026-03-01,P019,West,W04,163,14,18,159,0
2026-03-02,P019,West,W04,159,16,20,155,0
2026-03-03,P019,West,W04,155,16,21,150,0
2026-03-04,P019,West,W04,150,16,26,140,0
2026-03-05,P019,West,W04,140,24,22,142,0
2026-03-06,P019,West,W04,142,11,17,136,0
2026-03-07,P019,West,W04,136,20,24,132,0
2026-03-08,P019,West,W04,132,18,22,128,0
2026-03-09,P019,West,W04,128,12,16,124,0
2026-03-10,P019,West,W04,124,19,16,127,0
2026-03-11,P019,West,W04,127,17,15,129,0
2026-03-12,P019,West,W04,129,8,20,117,0
2026-03-13,P019,West,W04,117,20,20,117,0
2026-03-14,P019,West,W04,117,15,15,117,0
2026-03-15,P019,West,W04,117,16,17,116,0
2026-03-16,P019,West,W04,116,16,15,117,0
2026-03-17,P019,West,W04,117,16,21,112,0
2026-03-18,P019,West,W04,112,19,20,111,0
2026-03-19,P019,West,W04,111,16,21,106,0
2026-03-20,P019,West,W04,106,11,19,98,0
2026-03-21,P019,West,W04,98,19,15,102,0
2026-03-22,P019,West,W04,102,20,15,107,0
2026-03-23,P019,West,W04,107,18,13,112,0
2026-03-24,P019,West,W04,112,12,17,107,0
2026-03-25,P019,West,W04,107,11,26,92,0
2026-03-26,P019,West,W04,92,13,15,90,0
2026-03-27,P019,West,W04,90,24,18,96,0
2026-03-28,P019,West,W04,96,17,20,93,0
2026-03-29,P019,West,W04,93,17,21,89,0
2026-03-30,P019,West,W04,89,20,21,88,0
2026-03-31,P019,West,W04,88,16,19,85,0
2026-04-01,P019,West,W04,85,19,24,80,0
2026-04-02,P019,West,W04,80,14,24,70,0
2026-04-03,P019,West,W04,70,13,20,63,0
2026-04-04,P019,West,W04,63,11,21,53,0
2026-04-05,P019,West,W04,53,21,20,54,0
2026-04-06,P019,West,W04,54,16,16,54,0
2026-04-07,P019,West,W04,54,12,9,57,0
2026-04-08,P019,West,W04,57,11,14,54,0
2026-04-09,P019,West,W04,54,17,16,55,0
2026-04-10,P019,West,W04,55,22,20,57,0
2026-04-11,P019,West,W04,57,20,24,53,0
2026-04-12,P019,West,W04,53,17,19,51,0
2026-04-13,P019,West,W04,51,18,16,53,0
2026-04-14,P019,West,W04,53,18,19,52,0
2026-04-15,P019,West,W04,52,11,19,44,0
2026-04-16,P019,West,W04,44,21,19,46,0
2026-04-17,P019,West,W04,46,9,15,40,0
2026-04-18,P019,West,W04,40,13,11,42,0
2026-04-19,P019,West,W04,42,15,18,39,0
2026-04-20,P019,West,W04,39,17,12,44,0
2026-04-21,P019,West,W04,44,12,20,36,0
2026-04-22,P019,West,W04,36,13,11,38,0
2026-04-23,P019,West,W04,38,15,20,33,0
2026-04-24,P019,West,W04,33,12,18,27,0
2026-04-25,P019,West,W04,27,13,17,23,0
2026-04-26,P019,West,W04,23,17,18,22,0
2026-04-27,P019,West,W04,22,13,9,26,0
2026-04-28,P019,West,W04,26,18,11,33,0
2026-04-29,P019,West,W04,33,15,12,36,0
2026-04-30,P019,West,W04,36,17,20,33,0
2026-05-01,P019,West,W04,33,14,24,23,0
2026-05-02,P019,West,W04,23,23,18,28,0
2026-05-03,P019,West,W04,28,15,23,20,0
2026-05-04,P019,West,W04,20,19,25,14,0
2026-05-05,P019,West,W04,14,17,17,14,0
2026-05-06,P019,West,W04,14,9,23,0,5
2026-05-07,P019,West,W04,0,18,15,3,0
2026-05-08,P019,West,W04,3,16,19,0,5
2026-05-09,P019,West,W04,0,24,16,8,0
2026-05-10,P019,West,W04,8,18,17,9,0
2026-05-11,P019,West,W04,9,18,27,0,0
2026-05-12,P019,West,W04,0,21,19,2,0
2026-05-13,P019,West,W04,2,9,11,0,5
2026-05-14,P019,West,W04,0,12,12,0,6
2026-05-15,P019,West,W04,0,21,21,0,0
2026-05-16,P019,West,W04,0,14,14,0,15
2026-05-17,P019,West,W04,0,8,8,0,8
2026-05-18,P019,West,W04,0,8,8,0,4
2026-05-19,P019,West,W04,0,11,11,0,15
2026-05-20,P019,West,W04,0,13,13,0,9
2026-05-21,P019,West,W04,0,21,19,2,0
2026-05-22,P019,West,W04,2,16,18,0,10
2026-05-23,P019,West,W04,0,16,16,0,5
2026-05-24,P019,West,W04,0,12,12,0,11
2026-05-25,P019,West,W04,0,12,12,0,14
2026-05-26,P019,West,W04,0,14,14,0,15
2026-05-27,P019,West,W04,0,16,16,0,5
2026-05-28,P019,West,W04,0,12,12,0,4
2026-05-29,P019,West,W04,0,20,17,3,0
2026-05-30,P019,West,W04,3,8,11,0,15
2026-05-31,P019,West,W04,0,16,16,0,8
2026-06-01,P019,West,W04,0,11,11,0,10
2026-06-02,P019,West,W04,0,11,11,0,13
2026-06-03,P019,West,W04,0,9,9,0,7
2026-06-04,P019,West,W04,0,19,19,0,11
2026-06-05,P019,West,W04,0,18,18,0,11
2026-06-06,P019,West,W04,0,17,17,0,11
2026-06-07,P019,West,W04,0,14,13,1,0
2026-06-08,P019,West,W04,1,19,15,5,0
2026-06-09,P019,West,W04,5,19,22,2,0
2026-06-10,P019,West,W04,2,22,17,7,0
2026-06-11,P019,West,W04,7,18,15,10,0
2026-06-12,P019,West,W04,10,16,14,12,0
2026-06-13,P019,West,W04,12,13,18,7,0
2026-06-14,P019,West,W04,7,23,13,17,0
2026-06-15,P019,West,W04,17,18,11,24,0
2026-06-16,P019,West,W04,24,15,18,21,0
2026-06-17,P019,West,W04,21,13,17,17,0
2026-06-18,P019,West,W04,17,12,24,5,0
2026-06-19,P019,West,W04,5,16,20,1,0
2026-06-20,P019,West,W04,1,14,15,0,15
2026-06-21,P019,West,W04,0,21,15,6,0
2026-06-22,P019,West,W04,6,11,17,0,12
2026-06-23,P019,West,W04,0,24,22,2,0
2026-06-24,P019,West,W04,2,14,16,0,15
2026-06-25,P019,West,W04,0,18,18,0,8
2026-06-26,P019,West,W04,0,21,21,0,14
2026-06-27,P019,West,W04,0,19,19,0,4
2026-06-28,P019,West,W04,0,17,17,0,7
2026-06-29,P019,West,W04,0,9,9,0,11
2026-06-30,P019,West,W04,0,12,12,0,5
2026-01-01,P020,North,W01,543,20,20,543,0
2026-01-02,P020,North,W01,543,14,23,534,0
2026-01-03,P020,North,W01,534,15,18,531,0
2026-01-04,P020,North,W01,531,15,18,528,0
2026-01-05,P020,North,W01,528,17,18,527,0
2026-01-06,P020,North,W01,527,9,16,520,0
2026-01-07,P020,North,W01,520,14,21,513,0
2026-01-08,P020,North,W01,513,13,21,505,0
2026-01-09,P020,North,W01,505,14,21,498,0
2026-01-10,P020,North,W01,498,18,21,495,0
2026-01-11,P020,North,W01,495,13,19,489,0
2026-01-12,P020,North,W01,489,15,20,484,0
2026-01-13,P020,North,W01,484,8,23,469,0
2026-01-14,P020,North,W01,469,15,19,465,0
2026-01-15,P020,North,W01,465,10,21,454,0
2026-01-16,P020,North,W01,454,15,17,452,0
2026-01-17,P020,North,W01,452,12,25,439,0
2026-01-18,P020,North,W01,439,17,15,441,0
2026-01-19,P020,North,W01,441,12,17,436,0
2026-01-20,P020,North,W01,436,15,21,430,0
2026-01-21,P020,North,W01,430,17,23,424,0
2026-01-22,P020,North,W01,424,17,15,426,0
2026-01-23,P020,North,W01,426,17,16,427,0
2026-01-24,P020,North,W01,427,13,14,426,0
2026-01-25,P020,North,W01,426,17,21,422,0
2026-01-26,P020,North,W01,422,18,21,419,0
2026-01-27,P020,North,W01,419,13,26,406,0
2026-01-28,P020,North,W01,406,8,20,394,0
2026-01-29,P020,North,W01,394,14,16,392,0
2026-01-30,P020,North,W01,392,14,11,395,0
2026-01-31,P020,North,W01,395,17,17,395,0
2026-02-01,P020,North,W01,395,13,22,386,0
2026-02-02,P020,North,W01,386,14,19,381,0
2026-02-03,P020,North,W01,381,14,18,377,0
2026-02-04,P020,North,W01,377,15,19,373,0
2026-02-05,P020,North,W01,373,20,17,376,0
2026-02-06,P020,North,W01,376,13,21,368,0
2026-02-07,P020,North,W01,368,6,10,364,0
2026-02-08,P020,North,W01,364,15,15,364,0
2026-02-09,P020,North,W01,364,11,26,349,0
2026-02-10,P020,North,W01,349,14,23,340,0
2026-02-11,P020,North,W01,340,19,29,330,0
2026-02-12,P020,North,W01,330,13,19,324,0
2026-02-13,P020,North,W01,324,11,15,320,0
2026-02-14,P020,North,W01,320,15,15,320,0
2026-02-15,P020,North,W01,320,10,21,309,0
2026-02-16,P020,North,W01,309,11,35,285,0
2026-02-17,P020,North,W01,285,13,20,278,0
2026-02-18,P020,North,W01,278,19,23,274,0
2026-02-19,P020,North,W01,274,17,23,268,0
2026-02-20,P020,North,W01,268,3,19,252,0
2026-02-21,P020,North,W01,252,4,15,241,0
2026-02-22,P020,North,W01,241,6,20,227,0
2026-02-23,P020,North,W01,227,3,22,208,0
2026-02-24,P020,North,W01,208,5,20,193,0
2026-02-25,P020,North,W01,193,5,17,181,0
2026-02-26,P020,North,W01,181,2,16,167,0
2026-02-27,P020,North,W01,167,5,17,155,0
2026-02-28,P020,North,W01,155,3,22,136,0
2026-03-01,P020,North,W01,136,18,16,138,0
2026-03-02,P020,North,W01,138,15,14,139,0
2026-03-03,P020,North,W01,139,15,15,139,0
2026-03-04,P020,North,W01,139,10,23,126,0
2026-03-05,P020,North,W01,126,23,21,128,0
2026-03-06,P020,North,W01,128,13,24,117,0
2026-03-07,P020,North,W01,117,14,18,113,0
2026-03-08,P020,North,W01,113,21,16,118,0
2026-03-09,P020,North,W01,118,15,24,109,0
2026-03-10,P020,North,W01,109,20,11,118,0
2026-03-11,P020,North,W01,118,16,18,116,0
2026-03-12,P020,North,W01,116,17,12,121,0
2026-03-13,P020,North,W01,121,15,20,116,0
2026-03-14,P020,North,W01,116,17,20,113,0
2026-03-15,P020,North,W01,113,16,17,112,0
2026-03-16,P020,North,W01,112,27,16,123,0
2026-03-17,P020,North,W01,123,11,16,118,0
2026-03-18,P020,North,W01,118,17,16,119,0
2026-03-19,P020,North,W01,119,16,22,113,0
2026-03-20,P020,North,W01,113,12,16,109,0
2026-03-21,P020,North,W01,109,15,17,107,0
2026-03-22,P020,North,W01,107,14,14,107,0
2026-03-23,P020,North,W01,107,11,22,96,0
2026-03-24,P020,North,W01,96,19,12,103,0
2026-03-25,P020,North,W01,103,14,13,104,0
2026-03-26,P020,North,W01,104,14,12,106,0
2026-03-27,P020,North,W01,106,12,15,103,0
2026-03-28,P020,North,W01,103,9,18,94,0
2026-03-29,P020,North,W01,94,15,20,89,0
2026-03-30,P020,North,W01,89,15,12,92,0
2026-03-31,P020,North,W01,92,13,17,88,0
2026-04-01,P020,North,W01,88,13,19,82,0
2026-04-02,P020,North,W01,82,15,17,80,0
2026-04-03,P020,North,W01,80,12,20,72,0
2026-04-04,P020,North,W01,72,5,16,61,0
2026-04-05,P020,North,W01,61,10,21,50,0
2026-04-06,P020,North,W01,50,16,13,53,0
2026-04-07,P020,North,W01,53,12,20,45,0
2026-04-08,P020,North,W01,45,16,14,47,0
2026-04-09,P020,North,W01,47,22,20,49,0
2026-04-10,P020,North,W01,49,22,29,42,0
2026-04-11,P020,North,W01,42,14,6,50,0
2026-04-12,P020,North,W01,50,8,22,36,0
2026-04-13,P020,North,W01,36,17,10,43,0
2026-04-14,P020,North,W01,43,15,11,47,0
2026-04-15,P020,North,W01,47,10,13,44,0
2026-04-16,P020,North,W01,44,20,14,50,0
2026-04-17,P020,North,W01,50,15,11,54,0
2026-04-18,P020,North,W01,54,16,13,57,0
2026-04-19,P020,North,W01,57,22,18,61,0
2026-04-20,P020,North,W01,61,14,18,57,0
2026-04-21,P020,North,W01,57,16,23,50,0
2026-04-22,P020,North,W01,50,17,14,53,0
2026-04-23,P020,North,W01,53,19,21,51,0
2026-04-24,P020,North,W01,51,13,18,46,0
2026-04-25,P020,North,W01,46,12,21,37,0
2026-04-26,P020,North,W01,37,5,19,23,0
2026-04-27,P020,North,W01,23,19,22,20,0
2026-04-28,P020,North,W01,20,17,17,20,0
2026-04-29,P020,North,W01,20,9,17,12,0
2026-04-30,P020,North,W01,12,14,21,5,0
2026-05-01,P020,North,W01,5,20,19,6,0
2026-05-02,P020,North,W01,6,20,22,4,0
2026-05-03,P020,North,W01,4,11,15,0,12
2026-05-04,P020,North,W01,0,14,14,0,13
2026-05-05,P020,North,W01,0,12,12,0,0
2026-05-06,P020,North,W01,0,13,13,0,7
2026-05-07,P020,North,W01,0,11,11,0,5
2026-05-08,P020,North,W01,0,13,13,0,13
2026-05-09,P020,North,W01,0,15,15,0,12
2026-05-10,P020,North,W01,0,15,15,0,9
2026-05-11,P020,North,W01,0,12,12,0,7
2026-05-12,P020,North,W01,0,15,15,0,5
2026-05-13,P020,North,W01,0,13,13,0,4
2026-05-14,P020,North,W01,0,12,12,0,7
2026-05-15,P020,North,W01,0,15,13,2,0
2026-05-16,P020,North,W01,2,11,13,0,14
2026-05-17,P020,North,W01,0,13,13,0,5
2026-05-18,P020,North,W01,0,15,13,2,0
2026-05-19,P020,North,W01,2,14,15,1,0
2026-05-20,P020,North,W01,1,13,14,0,9
2026-05-21,P020,North,W01,0,14,14,0,9
2026-05-22,P020,North,W01,0,15,15,0,6
2026-05-23,P020,North,W01,0,14,14,0,7
2026-05-24,P020,North,W01,0,18,17,1,0
2026-05-25,P020,North,W01,1,18,18,1,0
2026-05-26,P020,North,W01,1,13,14,0,11
2026-05-27,P020,North,W01,0,10,10,0,13
2026-05-28,P020,North,W01,0,20,18,2,0
2026-05-29,P020,North,W01,2,17,19,0,7
2026-05-30,P020,North,W01,0,12,12,0,13
2026-05-31,P020,North,W01,0,17,9,8,0
2026-06-01,P020,North,W01,8,15,16,7,0
2026-06-02,P020,North,W01,7,16,15,8,0
2026-06-03,P020,North,W01,8,14,22,0,12
2026-06-04,P020,North,W01,0,20,17,3,0
2026-06-05,P020,North,W01,3,10,13,0,8
2026-06-06,P020,North,W01,0,16,16,0,15
2026-06-07,P020,North,W01,0,19,17,2,0
2026-06-08,P020,North,W01,2,10,12,0,10
2026-06-09,P020,North,W01,0,18,18,0,0
2026-06-10,P020,North,W01,0,16,16,0,4
2026-06-11,P020,North,W01,0,14,14,0,15
2026-06-12,P020,North,W01,0,11,11,0,7
2026-06-13,P020,North,W01,0,18,16,2,0
2026-06-14,P020,North,W01,2,19,21,0,8
2026-06-15,P020,North,W01,0,13,13,0,8
2026-06-16,P020,North,W01,0,21,13,8,0
2026-06-17,P020,North,W01,8,12,15,5,0
2026-06-18,P020,North,W01,5,14,13,6,0
2026-06-19,P020,North,W01,6,6,12,0,9
2026-06-20,P020,North,W01,0,25,24,1,0
2026-06-21,P020,North,W01,1,14,14,1,0
2026-06-22,P020,North,W01,1,19,20,0,15
2026-06-23,P020,North,W01,0,15,15,0,12
2026-06-24,P020,North,W01,0,20,20,0,8
2026-06-25,P020,North,W01,0,19,10,9,0
2026-06-26,P020,North,W01,9,18,21,6,0
2026-06-27,P020,North,W01,6,18,24,0,4
2026-06-28,P020,North,W01,0,10,10,0,12
2026-06-29,P020,North,W01,0,10,10,0,7
2026-06-30,P020,North,W01,0,23,22,1,0
2026-01-01,P020,South,W02,652,10,24,638,0
2026-01-02,P020,South,W02,638,11,18,631,0
2026-01-03,P020,South,W02,631,10,15,626,0
2026-01-04,P020,South,W02,626,12,18,620,0
2026-01-05,P020,South,W02,620,16,15,621,0
2026-01-06,P020,South,W02,621,15,15,621,0
2026-01-07,P020,South,W02,621,24,23,622,0
2026-01-08,P020,South,W02,622,13,15,620,0
2026-01-09,P020,South,W02,620,14,20,614,0
2026-01-10,P020,South,W02,614,13,24,603,0
2026-01-11,P020,South,W02,603,14,22,595,0
2026-01-12,P020,South,W02,595,16,25,586,0
2026-01-13,P020,South,W02,586,18,18,586,0
2026-01-14,P020,South,W02,586,18,17,587,0
2026-01-15,P020,South,W02,587,27,15,599,0
2026-01-16,P020,South,W02,599,14,22,591,0
2026-01-17,P020,South,W02,591,15,16,590,0
2026-01-18,P020,South,W02,590,17,12,595,0
2026-01-19,P020,South,W02,595,16,18,593,0
2026-01-20,P020,South,W02,593,18,19,592,0
2026-01-21,P020,South,W02,592,15,16,591,0
2026-01-22,P020,South,W02,591,14,25,580,0
2026-01-23,P020,South,W02,580,13,27,566,0
2026-01-24,P020,South,W02,566,20,18,568,0
2026-01-25,P020,South,W02,568,11,18,561,0
2026-01-26,P020,South,W02,561,13,28,546,0
2026-01-27,P020,South,W02,546,19,18,547,0
2026-01-28,P020,South,W02,547,17,15,549,0
2026-01-29,P020,South,W02,549,20,19,550,0
2026-01-30,P020,South,W02,550,16,22,544,0
2026-01-31,P020,South,W02,544,19,17,546,0
2026-02-01,P020,South,W02,546,18,20,544,0
2026-02-02,P020,South,W02,544,15,21,538,0
2026-02-03,P020,South,W02,538,12,23,527,0
2026-02-04,P020,South,W02,527,20,20,527,0
2026-02-05,P020,South,W02,527,17,22,522,0
2026-02-06,P020,South,W02,522,13,18,517,0
2026-02-07,P020,South,W02,517,13,24,506,0
2026-02-08,P020,South,W02,506,10,11,505,0
2026-02-09,P020,South,W02,505,21,16,510,0
2026-02-10,P020,South,W02,510,15,11,514,0
2026-02-11,P020,South,W02,514,14,23,505,0
2026-02-12,P020,South,W02,505,19,19,505,0
2026-02-13,P020,South,W02,505,16,22,499,0
2026-02-14,P020,South,W02,499,17,18,498,0
2026-02-15,P020,South,W02,498,20,19,499,0
2026-02-16,P020,South,W02,499,18,24,493,0
2026-02-17,P020,South,W02,493,14,17,490,0
2026-02-18,P020,South,W02,490,14,12,492,0
2026-02-19,P020,South,W02,492,11,19,484,0
2026-02-20,P020,South,W02,484,1,24,461,0
2026-02-21,P020,South,W02,461,0,20,441,0
2026-02-22,P020,South,W02,441,1,19,423,0
2026-02-23,P020,South,W02,423,2,21,404,0
2026-02-24,P020,South,W02,404,5,21,388,0
2026-02-25,P020,South,W02,388,2,17,373,0
2026-02-26,P020,South,W02,373,3,23,353,0
2026-02-27,P020,South,W02,353,0,19,334,0
2026-02-28,P020,South,W02,334,3,9,328,0
2026-03-01,P020,South,W02,328,18,21,325,0
2026-03-02,P020,South,W02,325,12,21,316,0
2026-03-03,P020,South,W02,316,16,11,321,0
2026-03-04,P020,South,W02,321,14,24,311,0
2026-03-05,P020,South,W02,311,13,17,307,0
2026-03-06,P020,South,W02,307,23,19,311,0
2026-03-07,P020,South,W02,311,18,18,311,0
2026-03-08,P020,South,W02,311,16,20,307,0
2026-03-09,P020,South,W02,307,11,23,295,0
2026-03-10,P020,South,W02,295,12,13,294,0
2026-03-11,P020,South,W02,294,15,17,292,0
2026-03-12,P020,South,W02,292,16,14,294,0
2026-03-13,P020,South,W02,294,9,13,290,0
2026-03-14,P020,South,W02,290,21,11,300,0
2026-03-15,P020,South,W02,300,27,10,317,0
2026-03-16,P020,South,W02,317,18,18,317,0
2026-03-17,P020,South,W02,317,15,15,317,0
2026-03-18,P020,South,W02,317,11,20,308,0
2026-03-19,P020,South,W02,308,16,21,303,0
2026-03-20,P020,South,W02,303,17,15,305,0
2026-03-21,P020,South,W02,305,11,20,296,0
2026-03-22,P020,South,W02,296,13,21,288,0
2026-03-23,P020,South,W02,288,11,13,286,0
2026-03-24,P020,South,W02,286,15,20,281,0
2026-03-25,P020,South,W02,281,6,17,270,0
2026-03-26,P020,South,W02,270,22,15,277,0
2026-03-27,P020,South,W02,277,15,28,264,0
2026-03-28,P020,South,W02,264,17,19,262,0
2026-03-29,P020,South,W02,262,14,20,256,0
2026-03-30,P020,South,W02,256,18,17,257,0
2026-03-31,P020,South,W02,257,13,18,252,0
2026-04-01,P020,South,W02,252,14,13,253,0
2026-04-02,P020,South,W02,253,17,30,240,0
2026-04-03,P020,South,W02,240,14,15,239,0
2026-04-04,P020,South,W02,239,22,18,243,0
2026-04-05,P020,South,W02,243,15,22,236,0
2026-04-06,P020,South,W02,236,16,21,231,0
2026-04-07,P020,South,W02,231,15,13,233,0
2026-04-08,P020,South,W02,233,11,21,223,0
2026-04-09,P020,South,W02,223,20,15,228,0
2026-04-10,P020,South,W02,228,7,16,219,0
2026-04-11,P020,South,W02,219,18,18,219,0
2026-04-12,P020,South,W02,219,10,9,220,0
2026-04-13,P020,South,W02,220,21,12,229,0
2026-04-14,P020,South,W02,229,14,16,227,0
2026-04-15,P020,South,W02,227,19,21,225,0
2026-04-16,P020,South,W02,225,17,27,215,0
2026-04-17,P020,South,W02,215,14,22,207,0
2026-04-18,P020,South,W02,207,17,15,209,0
2026-04-19,P020,South,W02,209,15,10,214,0
2026-04-20,P020,South,W02,214,13,19,208,0
2026-04-21,P020,South,W02,208,16,18,206,0
2026-04-22,P020,South,W02,206,11,14,203,0
2026-04-23,P020,South,W02,203,17,21,199,0
2026-04-24,P020,South,W02,199,17,15,201,0
2026-04-25,P020,South,W02,201,9,19,191,0
2026-04-26,P020,South,W02,191,15,15,191,0
2026-04-27,P020,South,W02,191,16,18,189,0
2026-04-28,P020,South,W02,189,13,19,183,0
2026-04-29,P020,South,W02,183,14,17,180,0
2026-04-30,P020,South,W02,180,16,23,173,0
2026-05-01,P020,South,W02,173,12,17,168,0
2026-05-02,P020,South,W02,168,12,30,150,0
2026-05-03,P020,South,W02,150,12,24,138,0
2026-05-04,P020,South,W02,138,20,20,138,0
2026-05-05,P020,South,W02,138,20,18,140,0
2026-05-06,P020,South,W02,140,17,25,132,0
2026-05-07,P020,South,W02,132,15,16,131,0
2026-05-08,P020,South,W02,131,12,16,127,0
2026-05-09,P020,South,W02,127,17,32,112,0
2026-05-10,P020,South,W02,112,13,18,107,0
2026-05-11,P020,South,W02,107,15,26,96,0
2026-05-12,P020,South,W02,96,23,16,103,0
2026-05-13,P020,South,W02,103,15,20,98,0
2026-05-14,P020,South,W02,98,12,22,88,0
2026-05-15,P020,South,W02,88,14,17,85,0
2026-05-16,P020,South,W02,85,13,26,72,0
2026-05-17,P020,South,W02,72,15,15,72,0
2026-05-18,P020,South,W02,72,16,22,66,0
2026-05-19,P020,South,W02,66,11,25,52,0
2026-05-20,P020,South,W02,52,14,21,45,0
2026-05-21,P020,South,W02,45,11,15,41,0
2026-05-22,P020,South,W02,41,21,14,48,0
2026-05-23,P020,South,W02,48,16,22,42,0
2026-05-24,P020,South,W02,42,19,20,41,0
2026-05-25,P020,South,W02,41,15,19,37,0
2026-05-26,P020,South,W02,37,22,20,39,0
2026-05-27,P020,South,W02,39,15,22,32,0
2026-05-28,P020,South,W02,32,15,24,23,0
2026-05-29,P020,South,W02,23,12,24,11,0
2026-05-30,P020,South,W02,11,15,26,0,4
2026-05-31,P020,South,W02,0,19,19,0,12
2026-06-01,P020,South,W02,0,17,17,0,5
2026-06-02,P020,South,W02,0,14,14,0,5
2026-06-03,P020,South,W02,0,11,11,0,6
2026-06-04,P020,South,W02,0,6,6,0,5
2026-06-05,P020,South,W02,0,13,13,0,13
2026-06-06,P020,South,W02,0,14,14,0,5
2026-06-07,P020,South,W02,0,15,15,0,13
2026-06-08,P020,South,W02,0,14,14,0,8
2026-06-09,P020,South,W02,0,10,10,0,15
2026-06-10,P020,South,W02,0,13,13,0,4
2026-06-11,P020,South,W02,0,15,15,0,13
2026-06-12,P020,South,W02,0,20,19,1,0
2026-06-13,P020,South,W02,1,23,18,6,0
2026-06-14,P020,South,W02,6,12,18,0,12
2026-06-15,P020,South,W02,0,16,16,0,14
2026-06-16,P020,South,W02,0,9,9,0,11
2026-06-17,P020,South,W02,0,13,13,0,13
2026-06-18,P020,South,W02,0,12,12,0,13
2026-06-19,P020,South,W02,0,21,21,0,10
2026-06-20,P020,South,W02,0,17,17,0,10
2026-06-21,P020,South,W02,0,18,18,0,11
2026-06-22,P020,South,W02,0,12,12,0,13
2026-06-23,P020,South,W02,0,9,9,0,7
2026-06-24,P020,South,W02,0,14,14,0,15
2026-06-25,P020,South,W02,0,15,15,0,14
2026-06-26,P020,South,W02,0,17,17,0,15
2026-06-27,P020,South,W02,0,11,11,0,8
2026-06-28,P020,South,W02,0,18,15,3,0
2026-06-29,P020,South,W02,3,15,16,2,0
2026-06-30,P020,South,W02,2,12,14,0,11
2026-01-01,P020,East,W03,500,14,23,491,0
2026-01-02,P020,East,W03,491,11,21,481,0
2026-01-03,P020,East,W03,481,16,20,477,0
2026-01-04,P020,East,W03,477,14,17,474,0
2026-01-05,P020,East,W03,474,19,13,480,0
2026-01-06,P020,East,W03,480,15,21,474,0
2026-01-07,P020,East,W03,474,15,22,467,0
2026-01-08,P020,East,W03,467,13,17,463,0
2026-01-09,P020,East,W03,463,16,19,460,0
2026-01-10,P020,East,W03,460,17,20,457,0
2026-01-11,P020,East,W03,457,10,18,449,0
2026-01-12,P020,East,W03,449,13,18,444,0
2026-01-13,P020,East,W03,444,10,21,433,0
2026-01-14,P020,East,W03,433,12,12,433,0
2026-01-15,P020,East,W03,433,12,17,428,0
2026-01-16,P020,East,W03,428,9,18,419,0
2026-01-17,P020,East,W03,419,15,20,414,0
2026-01-18,P020,East,W03,414,13,15,412,0
2026-01-19,P020,East,W03,412,17,21,408,0
2026-01-20,P020,East,W03,408,13,17,404,0
2026-01-21,P020,East,W03,404,15,19,400,0
2026-01-22,P020,East,W03,400,19,19,400,0
2026-01-23,P020,East,W03,400,15,23,392,0
2026-01-24,P020,East,W03,392,14,18,388,0
2026-01-25,P020,East,W03,388,14,20,382,0
2026-01-26,P020,East,W03,382,11,26,367,0
2026-01-27,P020,East,W03,367,14,27,354,0
2026-01-28,P020,East,W03,354,19,25,348,0
2026-01-29,P020,East,W03,348,11,28,331,0
2026-01-30,P020,East,W03,331,12,12,331,0
2026-01-31,P020,East,W03,331,15,23,323,0
2026-02-01,P020,East,W03,323,13,20,316,0
2026-02-02,P020,East,W03,316,7,19,304,0
2026-02-03,P020,East,W03,304,14,12,306,0
2026-02-04,P020,East,W03,306,21,20,307,0
2026-02-05,P020,East,W03,307,15,13,309,0
2026-02-06,P020,East,W03,309,15,22,302,0
2026-02-07,P020,East,W03,302,9,14,297,0
2026-02-08,P020,East,W03,297,17,17,297,0
2026-02-09,P020,East,W03,297,14,18,293,0
2026-02-10,P020,East,W03,293,11,14,290,0
2026-02-11,P020,East,W03,290,15,13,292,0
2026-02-12,P020,East,W03,292,9,16,285,0
2026-02-13,P020,East,W03,285,9,21,273,0
2026-02-14,P020,East,W03,273,15,8,280,0
2026-02-15,P020,East,W03,280,16,18,278,0
2026-02-16,P020,East,W03,278,15,20,273,0
2026-02-17,P020,East,W03,273,18,17,274,0
2026-02-18,P020,East,W03,274,11,13,272,0
2026-02-19,P020,East,W03,272,18,20,270,0
2026-02-20,P020,East,W03,270,5,25,250,0
2026-02-21,P020,East,W03,250,3,16,237,0
2026-02-22,P020,East,W03,237,7,16,228,0
2026-02-23,P020,East,W03,228,3,11,220,0
2026-02-24,P020,East,W03,220,10,17,213,0
2026-02-25,P020,East,W03,213,2,21,194,0
2026-02-26,P020,East,W03,194,3,17,180,0
2026-02-27,P020,East,W03,180,7,14,173,0
2026-02-28,P020,East,W03,173,3,15,161,0
2026-03-01,P020,East,W03,161,10,15,156,0
2026-03-02,P020,East,W03,156,14,18,152,0
2026-03-03,P020,East,W03,152,13,17,148,0
2026-03-04,P020,East,W03,148,14,19,143,0
2026-03-05,P020,East,W03,143,14,16,141,0
2026-03-06,P020,East,W03,141,10,13,138,0
2026-03-07,P020,East,W03,138,17,8,147,0
2026-03-08,P020,East,W03,147,16,23,140,0
2026-03-09,P020,East,W03,140,19,20,139,0
2026-03-10,P020,East,W03,139,18,21,136,0
2026-03-11,P020,East,W03,136,26,20,142,0
2026-03-12,P020,East,W03,142,14,12,144,0
2026-03-13,P020,East,W03,144,11,13,142,0
2026-03-14,P020,East,W03,142,14,25,131,0
2026-03-15,P020,East,W03,131,21,12,140,0
2026-03-16,P020,East,W03,140,15,26,129,0
2026-03-17,P020,East,W03,129,15,17,127,0
2026-03-18,P020,East,W03,127,14,20,121,0
2026-03-19,P020,East,W03,121,16,17,120,0
2026-03-20,P020,East,W03,120,16,15,121,0
2026-03-21,P020,East,W03,121,13,11,123,0
2026-03-22,P020,East,W03,123,15,12,126,0
2026-03-23,P020,East,W03,126,16,18,124,0
2026-03-24,P020,East,W03,124,21,24,121,0
2026-03-25,P020,East,W03,121,11,19,113,0
2026-03-26,P020,East,W03,113,17,20,110,0
2026-03-27,P020,East,W03,110,20,16,114,0
2026-03-28,P020,East,W03,114,11,18,107,0
2026-03-29,P020,East,W03,107,17,13,111,0
2026-03-30,P020,East,W03,111,17,21,107,0
2026-03-31,P020,East,W03,107,15,21,101,0
2026-04-01,P020,East,W03,101,14,18,97,0
2026-04-02,P020,East,W03,97,13,17,93,0
2026-04-03,P020,East,W03,93,14,11,96,0
2026-04-04,P020,East,W03,96,10,21,85,0
2026-04-05,P020,East,W03,85,16,16,85,0
2026-04-06,P020,East,W03,85,19,17,87,0
2026-04-07,P020,East,W03,87,15,15,87,0
2026-04-08,P020,East,W03,87,15,18,84,0
2026-04-09,P020,East,W03,84,14,19,79,0
2026-04-10,P020,East,W03,79,14,19,74,0
2026-04-11,P020,East,W03,74,13,24,63,0
2026-04-12,P020,East,W03,63,14,18,59,0
2026-04-13,P020,East,W03,59,13,18,54,0
2026-04-14,P020,East,W03,54,19,18,55,0
2026-04-15,P020,East,W03,55,17,17,55,0
2026-04-16,P020,East,W03,55,11,19,47,0
2026-04-17,P020,East,W03,47,12,21,38,0
2026-04-18,P020,East,W03,38,16,16,38,0
2026-04-19,P020,East,W03,38,9,12,35,0
2026-04-20,P020,East,W03,35,8,21,22,0
2026-04-21,P020,East,W03,22,11,11,22,0
2026-04-22,P020,East,W03,22,12,21,13,0
2026-04-23,P020,East,W03,13,11,17,7,0
2026-04-24,P020,East,W03,7,16,13,10,0
2026-04-25,P020,East,W03,10,13,18,5,0
2026-04-26,P020,East,W03,5,14,7,12,0
2026-04-27,P020,East,W03,12,10,22,0,6
2026-04-28,P020,East,W03,0,20,16,4,0
2026-04-29,P020,East,W03,4,13,17,0,0
2026-04-30,P020,East,W03,0,23,17,6,0
2026-05-01,P020,East,W03,6,18,13,11,0
2026-05-02,P020,East,W03,11,10,21,0,0
2026-05-03,P020,East,W03,0,9,9,0,15
2026-05-04,P020,East,W03,0,9,9,0,11
2026-05-05,P020,East,W03,0,17,17,0,6
2026-05-06,P020,East,W03,0,7,7,0,8
2026-05-07,P020,East,W03,0,18,18,0,12
2026-05-08,P020,East,W03,0,18,18,0,9
2026-05-09,P020,East,W03,0,14,14,0,11
2026-05-10,P020,East,W03,0,20,20,0,8
2026-05-11,P020,East,W03,0,17,17,0,14
2026-05-12,P020,East,W03,0,17,17,0,0
2026-05-13,P020,East,W03,0,6,6,0,13
2026-05-14,P020,East,W03,0,16,15,1,0
2026-05-15,P020,East,W03,1,19,20,0,0
2026-05-16,P020,East,W03,0,10,10,0,12
2026-05-17,P020,East,W03,0,19,19,0,0
2026-05-18,P020,East,W03,0,11,11,0,14
2026-05-19,P020,East,W03,0,26,14,12,0
2026-05-20,P020,East,W03,12,11,21,2,0
2026-05-21,P020,East,W03,2,10,12,0,15
2026-05-22,P020,East,W03,0,8,8,0,8
2026-05-23,P020,East,W03,0,18,18,0,9
2026-05-24,P020,East,W03,0,12,12,0,0
2026-05-25,P020,East,W03,0,17,17,0,10
2026-05-26,P020,East,W03,0,13,13,0,10
2026-05-27,P020,East,W03,0,11,11,0,13
2026-05-28,P020,East,W03,0,23,23,0,0
2026-05-29,P020,East,W03,0,21,21,0,0
2026-05-30,P020,East,W03,0,12,12,0,9
2026-05-31,P020,East,W03,0,18,18,0,4
2026-06-01,P020,East,W03,0,12,12,0,5
2026-06-02,P020,East,W03,0,10,10,0,10
2026-06-03,P020,East,W03,0,18,18,0,7
2026-06-04,P020,East,W03,0,15,15,0,12
2026-06-05,P020,East,W03,0,17,17,0,10
2026-06-06,P020,East,W03,0,16,16,0,11
2026-06-07,P020,East,W03,0,12,12,0,9
2026-06-08,P020,East,W03,0,11,11,0,14
2026-06-09,P020,East,W03,0,11,11,0,12
2026-06-10,P020,East,W03,0,13,13,0,7
2026-06-11,P020,East,W03,0,21,20,1,0
2026-06-12,P020,East,W03,1,13,14,0,10
2026-06-13,P020,East,W03,0,10,10,0,13
2026-06-14,P020,East,W03,0,14,14,0,5
2026-06-15,P020,East,W03,0,14,14,0,10
2026-06-16,P020,East,W03,0,8,8,0,12
2026-06-17,P020,East,W03,0,11,11,0,4
2026-06-18,P020,East,W03,0,10,10,0,5
2026-06-19,P020,East,W03,0,11,11,0,7
2026-06-20,P020,East,W03,0,15,15,0,8
2026-06-21,P020,East,W03,0,12,12,0,11
2026-06-22,P020,East,W03,0,21,17,4,0
2026-06-23,P020,East,W03,4,19,19,4,0
2026-06-24,P020,East,W03,4,12,16,0,4
2026-06-25,P020,East,W03,0,19,19,0,10
2026-06-26,P020,East,W03,0,17,17,0,10
2026-06-27,P020,East,W03,0,10,10,0,11
2026-06-28,P020,East,W03,0,16,16,0,14
2026-06-29,P020,East,W03,0,17,11,6,0
2026-06-30,P020,East,W03,6,13,18,1,0
2026-01-01,P020,West,W04,552,18,13,557,0
2026-01-02,P020,West,W04,557,10,17,550,0
2026-01-03,P020,West,W04,550,19,13,556,0
2026-01-04,P020,West,W04,556,12,21,547,0
2026-01-05,P020,West,W04,547,8,24,531,0
2026-01-06,P020,West,W04,531,18,25,524,0
2026-01-07,P020,West,W04,524,13,18,519,0
2026-01-08,P020,West,W04,519,14,19,514,0
2026-01-09,P020,West,W04,514,18,18,514,0
2026-01-10,P020,West,W04,514,17,19,512,0
2026-01-11,P020,West,W04,512,19,21,510,0
2026-01-12,P020,West,W04,510,12,12,510,0
2026-01-13,P020,West,W04,510,20,17,513,0
2026-01-14,P020,West,W04,513,13,13,513,0
2026-01-15,P020,West,W04,513,21,16,518,0
2026-01-16,P020,West,W04,518,14,15,517,0
2026-01-17,P020,West,W04,517,16,14,519,0
2026-01-18,P020,West,W04,519,22,21,520,0
2026-01-19,P020,West,W04,520,16,13,523,0
2026-01-20,P020,West,W04,523,22,17,528,0
2026-01-21,P020,West,W04,528,10,19,519,0
2026-01-22,P020,West,W04,519,11,22,508,0
2026-01-23,P020,West,W04,508,17,20,505,0
2026-01-24,P020,West,W04,505,12,22,495,0
2026-01-25,P020,West,W04,495,15,17,493,0
2026-01-26,P020,West,W04,493,7,13,487,0
2026-01-27,P020,West,W04,487,17,14,490,0
2026-01-28,P020,West,W04,490,12,16,486,0
2026-01-29,P020,West,W04,486,12,10,488,0
2026-01-30,P020,West,W04,488,13,18,483,0
2026-01-31,P020,West,W04,483,10,18,475,0
2026-02-01,P020,West,W04,475,16,12,479,0
2026-02-02,P020,West,W04,479,15,20,474,0
2026-02-03,P020,West,W04,474,9,25,458,0
2026-02-04,P020,West,W04,458,16,23,451,0
2026-02-05,P020,West,W04,451,16,19,448,0
2026-02-06,P020,West,W04,448,11,15,444,0
2026-02-07,P020,West,W04,444,13,16,441,0
2026-02-08,P020,West,W04,441,18,20,439,0
2026-02-09,P020,West,W04,439,13,11,441,0
2026-02-10,P020,West,W04,441,26,14,453,0
2026-02-11,P020,West,W04,453,15,20,448,0
2026-02-12,P020,West,W04,448,14,18,444,0
2026-02-13,P020,West,W04,444,21,10,455,0
2026-02-14,P020,West,W04,455,21,18,458,0
2026-02-15,P020,West,W04,458,20,24,454,0
2026-02-16,P020,West,W04,454,13,22,445,0
2026-02-17,P020,West,W04,445,17,20,442,0
2026-02-18,P020,West,W04,442,17,16,443,0
2026-02-19,P020,West,W04,443,13,12,444,0
2026-02-20,P020,West,W04,444,2,20,426,0
2026-02-21,P020,West,W04,426,0,17,409,0
2026-02-22,P020,West,W04,409,4,22,391,0
2026-02-23,P020,West,W04,391,1,23,369,0
2026-02-24,P020,West,W04,369,7,24,352,0
2026-02-25,P020,West,W04,352,4,29,327,0
2026-02-26,P020,West,W04,327,0,23,304,0
2026-02-27,P020,West,W04,304,1,18,287,0
2026-02-28,P020,West,W04,287,6,15,278,0
2026-03-01,P020,West,W04,278,19,27,270,0
2026-03-02,P020,West,W04,270,14,16,268,0
2026-03-03,P020,West,W04,268,21,12,277,0
2026-03-04,P020,West,W04,277,15,13,279,0
2026-03-05,P020,West,W04,279,13,25,267,0
2026-03-06,P020,West,W04,267,14,17,264,0
2026-03-07,P020,West,W04,264,13,17,260,0
2026-03-08,P020,West,W04,260,17,17,260,0
2026-03-09,P020,West,W04,260,12,18,254,0
2026-03-10,P020,West,W04,254,12,18,248,0
2026-03-11,P020,West,W04,248,14,21,241,0
2026-03-12,P020,West,W04,241,12,19,234,0
2026-03-13,P020,West,W04,234,18,20,232,0
2026-03-14,P020,West,W04,232,16,17,231,0
2026-03-15,P020,West,W04,231,15,21,225,0
2026-03-16,P020,West,W04,225,14,21,218,0
2026-03-17,P020,West,W04,218,10,14,214,0
2026-03-18,P020,West,W04,214,10,14,210,0
2026-03-19,P020,West,W04,210,12,22,200,0
2026-03-20,P020,West,W04,200,10,23,187,0
2026-03-21,P020,West,W04,187,12,14,185,0
2026-03-22,P020,West,W04,185,13,21,177,0
2026-03-23,P020,West,W04,177,16,12,181,0
2026-03-24,P020,West,W04,181,14,18,177,0
2026-03-25,P020,West,W04,177,10,19,168,0
2026-03-26,P020,West,W04,168,13,14,167,0
2026-03-27,P020,West,W04,167,16,12,171,0
2026-03-28,P020,West,W04,171,21,12,180,0
2026-03-29,P020,West,W04,180,15,18,177,0
2026-03-30,P020,West,W04,177,15,20,172,0
2026-03-31,P020,West,W04,172,19,12,179,0
2026-04-01,P020,West,W04,179,12,11,180,0
2026-04-02,P020,West,W04,180,15,19,176,0
2026-04-03,P020,West,W04,176,17,17,176,0
2026-04-04,P020,West,W04,176,12,14,174,0
2026-04-05,P020,West,W04,174,20,16,178,0
2026-04-06,P020,West,W04,178,20,16,182,0
2026-04-07,P020,West,W04,182,21,16,187,0
2026-04-08,P020,West,W04,187,17,18,186,0
2026-04-09,P020,West,W04,186,8,21,173,0
2026-04-10,P020,West,W04,173,19,21,171,0
2026-04-11,P020,West,W04,171,8,17,162,0
2026-04-12,P020,West,W04,162,11,15,158,0
2026-04-13,P020,West,W04,158,25,15,168,0
2026-04-14,P020,West,W04,168,16,12,172,0
2026-04-15,P020,West,W04,172,19,19,172,0
2026-04-16,P020,West,W04,172,19,22,169,0
2026-04-17,P020,West,W04,169,21,24,166,0
2026-04-18,P020,West,W04,166,16,11,171,0
2026-04-19,P020,West,W04,171,17,20,168,0
2026-04-20,P020,West,W04,168,16,19,165,0
2026-04-21,P020,West,W04,165,15,20,160,0
2026-04-22,P020,West,W04,160,13,16,157,0
2026-04-23,P020,West,W04,157,18,13,162,0
2026-04-24,P020,West,W04,162,20,20,162,0
2026-04-25,P020,West,W04,162,13,22,153,0
2026-04-26,P020,West,W04,153,12,25,140,0
2026-04-27,P020,West,W04,140,15,21,134,0
2026-04-28,P020,West,W04,134,19,14,139,0
2026-04-29,P020,West,W04,139,15,15,139,0
2026-04-30,P020,West,W04,139,20,14,145,0
2026-05-01,P020,West,W04,145,18,19,144,0
2026-05-02,P020,West,W04,144,18,15,147,0
2026-05-03,P020,West,W04,147,16,28,135,0
2026-05-04,P020,West,W04,135,18,19,134,0
2026-05-05,P020,West,W04,134,13,19,128,0
2026-05-06,P020,West,W04,128,14,17,125,0
2026-05-07,P020,West,W04,125,13,11,127,0
2026-05-08,P020,West,W04,127,10,20,117,0
2026-05-09,P020,West,W04,117,16,18,115,0
2026-05-10,P020,West,W04,115,12,28,99,0
2026-05-11,P020,West,W04,99,12,12,99,0
2026-05-12,P020,West,W04,99,14,23,90,0
2026-05-13,P020,West,W04,90,14,17,87,0
2026-05-14,P020,West,W04,87,17,21,83,0
2026-05-15,P020,West,W04,83,14,28,69,0
2026-05-16,P020,West,W04,69,15,20,64,0
2026-05-17,P020,West,W04,64,19,20,63,0
2026-05-18,P020,West,W04,63,16,19,60,0
2026-05-19,P020,West,W04,60,15,17,58,0
2026-05-20,P020,West,W04,58,14,19,53,0
2026-05-21,P020,West,W04,53,14,26,41,0
2026-05-22,P020,West,W04,41,19,29,31,0
2026-05-23,P020,West,W04,31,20,22,29,0
2026-05-24,P020,West,W04,29,19,28,20,0
2026-05-25,P020,West,W04,20,13,20,13,0
2026-05-26,P020,West,W04,13,15,11,17,0
2026-05-27,P020,West,W04,17,18,24,11,0
2026-05-28,P020,West,W04,11,12,13,10,0
2026-05-29,P020,West,W04,10,15,18,7,0
2026-05-30,P020,West,W04,7,16,18,5,0
2026-05-31,P020,West,W04,5,16,21,0,5
2026-06-01,P020,West,W04,0,14,14,0,12
2026-06-02,P020,West,W04,0,10,10,0,5
2026-06-03,P020,West,W04,0,17,17,0,14
2026-06-04,P020,West,W04,0,22,20,2,0
2026-06-05,P020,West,W04,2,10,12,0,15
2026-06-06,P020,West,W04,0,15,15,0,6
2026-06-07,P020,West,W04,0,10,10,0,12
2026-06-08,P020,West,W04,0,13,13,0,8
2026-06-09,P020,West,W04,0,18,18,0,6
2026-06-10,P020,West,W04,0,17,15,2,0
2026-06-11,P020,West,W04,2,17,19,0,5
2026-06-12,P020,West,W04,0,11,11,0,14
2026-06-13,P020,West,W04,0,10,10,0,10
2026-06-14,P020,West,W04,0,9,9,0,7
2026-06-15,P020,West,W04,0,12,12,0,8
2026-06-16,P020,West,W04,0,14,14,0,5
2026-06-17,P020,West,W04,0,13,12,1,0
2026-06-18,P020,West,W04,1,20,18,3,0
2026-06-19,P020,West,W04,3,16,19,0,0
2026-06-20,P020,West,W04,0,11,11,0,13
2026-06-21,P020,West,W04,0,17,17,0,0
2026-06-22,P020,West,W04,0,23,18,5,0
2026-06-23,P020,West,W04,5,13,14,4,0
2026-06-24,P020,West,W04,4,12,16,0,6
2026-06-25,P020,West,W04,0,15,15,0,12
2026-06-26,P020,West,W04,0,12,12,0,15
2026-06-27,P020,West,W04,0,16,16,0,13
2026-06-28,P020,West,W04,0,13,13,0,8
2026-06-29,P020,West,W04,0,12,12,0,5
2026-06-30,P020,West,W04,0,9,9,0,7
2026-01-01,P021,North,W01,286,15,23,278,0
2026-01-02,P021,North,W01,278,15,18,275,0
2026-01-03,P021,North,W01,275,13,14,274,0
2026-01-04,P021,North,W01,274,18,17,275,0
2026-01-05,P021,North,W01,275,14,15,274,0
2026-01-06,P021,North,W01,274,18,12,280,0
2026-01-07,P021,North,W01,280,15,12,283,0
2026-01-08,P021,North,W01,283,17,18,282,0
2026-01-09,P021,North,W01,282,9,19,272,0
2026-01-10,P021,North,W01,272,13,20,265,0
2026-01-11,P021,North,W01,265,18,13,270,0
2026-01-12,P021,North,W01,270,18,15,273,0
2026-01-13,P021,North,W01,273,8,18,263,0
2026-01-14,P021,North,W01,263,12,15,260,0
2026-01-15,P021,North,W01,260,19,23,256,0
2026-01-16,P021,North,W01,256,11,19,248,0
2026-01-17,P021,North,W01,248,17,24,241,0
2026-01-18,P021,North,W01,241,14,21,234,0
2026-01-19,P021,North,W01,234,16,15,235,0
2026-01-20,P021,North,W01,235,12,23,224,0
2026-01-21,P021,North,W01,224,12,24,212,0
2026-01-22,P021,North,W01,212,15,22,205,0
2026-01-23,P021,North,W01,205,11,20,196,0
2026-01-24,P021,North,W01,196,17,21,192,0
2026-01-25,P021,North,W01,192,16,8,200,0
2026-01-26,P021,North,W01,200,14,16,198,0
2026-01-27,P021,North,W01,198,14,10,202,0
2026-01-28,P021,North,W01,202,22,14,210,0
2026-01-29,P021,North,W01,210,12,26,196,0
2026-01-30,P021,North,W01,196,23,18,201,0
2026-01-31,P021,North,W01,201,12,16,197,0
2026-02-01,P021,North,W01,197,19,20,196,0
2026-02-02,P021,North,W01,196,17,19,194,0
2026-02-03,P021,North,W01,194,16,15,195,0
2026-02-04,P021,North,W01,195,20,18,197,0
2026-02-05,P021,North,W01,197,12,18,191,0
2026-02-06,P021,North,W01,191,17,21,187,0
2026-02-07,P021,North,W01,187,17,20,184,0
2026-02-08,P021,North,W01,184,19,21,182,0
2026-02-09,P021,North,W01,182,15,15,182,0
2026-02-10,P021,North,W01,182,20,17,185,0
2026-02-11,P021,North,W01,185,14,22,177,0
2026-02-12,P021,North,W01,177,18,17,178,0
2026-02-13,P021,North,W01,178,10,15,173,0
2026-02-14,P021,North,W01,173,11,22,162,0
2026-02-15,P021,North,W01,162,12,15,159,0
2026-02-16,P021,North,W01,159,15,19,155,0
2026-02-17,P021,North,W01,155,19,20,154,0
2026-02-18,P021,North,W01,154,19,19,154,0
2026-02-19,P021,North,W01,154,12,18,148,0
2026-02-20,P021,North,W01,148,1,16,133,0
2026-02-21,P021,North,W01,133,4,9,128,0
2026-02-22,P021,North,W01,128,5,15,118,0
2026-02-23,P021,North,W01,118,2,15,105,0
2026-02-24,P021,North,W01,105,0,15,90,0
2026-02-25,P021,North,W01,90,4,26,68,0
2026-02-26,P021,North,W01,68,0,21,47,0
2026-02-27,P021,North,W01,47,2,18,31,0
2026-02-28,P021,North,W01,31,4,18,17,0
2026-03-01,P021,North,W01,17,25,10,32,0
2026-03-02,P021,North,W01,32,14,14,32,0
2026-03-03,P021,North,W01,32,12,16,28,0
2026-03-04,P021,North,W01,28,13,14,27,0
2026-03-05,P021,North,W01,27,17,25,19,0
2026-03-06,P021,North,W01,19,13,11,21,0
2026-03-07,P021,North,W01,21,11,18,14,0
2026-03-08,P021,North,W01,14,25,14,25,0
2026-03-09,P021,North,W01,25,13,23,15,0
2026-03-10,P021,North,W01,15,15,19,11,0
2026-03-11,P021,North,W01,11,7,16,2,0
2026-03-12,P021,North,W01,2,18,20,0,0
2026-03-13,P021,North,W01,0,14,14,0,4
2026-03-14,P021,North,W01,0,20,20,0,11
2026-03-15,P021,North,W01,0,16,16,0,0
2026-03-16,P021,North,W01,0,14,14,0,8
2026-03-17,P021,North,W01,0,15,15,0,0
2026-03-18,P021,North,W01,0,13,13,0,0
2026-03-19,P021,North,W01,0,20,17,3,0
2026-03-20,P021,North,W01,3,11,14,0,13
2026-03-21,P021,North,W01,0,8,8,0,9
2026-03-22,P021,North,W01,0,12,12,0,13
2026-03-23,P021,North,W01,0,21,12,9,0
2026-03-24,P021,North,W01,9,12,19,2,0
2026-03-25,P021,North,W01,2,19,19,2,0
2026-03-26,P021,North,W01,2,14,12,4,0
2026-03-27,P021,North,W01,4,9,13,0,11
2026-03-28,P021,North,W01,0,19,14,5,0
2026-03-29,P021,North,W01,5,15,13,7,0
2026-03-30,P021,North,W01,7,17,20,4,0
2026-03-31,P021,North,W01,4,16,19,1,0
2026-04-01,P021,North,W01,1,10,11,0,11
2026-04-02,P021,North,W01,0,22,13,9,0
2026-04-03,P021,North,W01,9,17,22,4,0
2026-04-04,P021,North,W01,4,15,19,0,7
2026-04-05,P021,North,W01,0,11,11,0,14
2026-04-06,P021,North,W01,0,9,9,0,11
2026-04-07,P021,North,W01,0,13,13,0,12
2026-04-08,P021,North,W01,0,18,17,1,0
2026-04-09,P021,North,W01,1,18,19,0,15
2026-04-10,P021,North,W01,0,9,9,0,7
2026-04-11,P021,North,W01,0,16,14,2,0
2026-04-12,P021,North,W01,2,13,15,0,9
2026-04-13,P021,North,W01,0,18,17,1,0
2026-04-14,P021,North,W01,1,16,14,3,0
2026-04-15,P021,North,W01,3,18,21,0,10
2026-04-16,P021,North,W01,0,16,16,0,9
2026-04-17,P021,North,W01,0,18,18,0,11
2026-04-18,P021,North,W01,0,18,11,7,0
2026-04-19,P021,North,W01,7,14,20,1,0
2026-04-20,P021,North,W01,1,14,15,0,7
2026-04-21,P021,North,W01,0,18,17,1,0
2026-04-22,P021,North,W01,1,18,19,0,13
2026-04-23,P021,North,W01,0,22,22,0,10
2026-04-24,P021,North,W01,0,16,13,3,0
2026-04-25,P021,North,W01,3,14,13,4,0
2026-04-26,P021,North,W01,4,20,7,17,0
2026-04-27,P021,North,W01,17,7,16,8,0
2026-04-28,P021,North,W01,8,14,22,0,0
2026-04-29,P021,North,W01,0,17,17,0,0
2026-04-30,P021,North,W01,0,12,12,0,11
2026-05-01,P021,North,W01,0,14,13,1,0
2026-05-02,P021,North,W01,1,13,14,0,13
2026-05-03,P021,North,W01,0,14,14,0,5
2026-05-04,P021,North,W01,0,11,11,0,10
2026-05-05,P021,North,W01,0,8,8,0,6
2026-05-06,P021,North,W01,0,9,9,0,13
2026-05-07,P021,North,W01,0,15,15,0,14
2026-05-08,P021,North,W01,0,11,11,0,15
2026-05-09,P021,North,W01,0,12,11,1,0
2026-05-10,P021,North,W01,1,15,16,0,6
2026-05-11,P021,North,W01,0,10,10,0,9
2026-05-12,P021,North,W01,0,16,16,0,8
2026-05-13,P021,North,W01,0,11,11,0,7
2026-05-14,P021,North,W01,0,20,20,0,12
2026-05-15,P021,North,W01,0,20,20,0,0
2026-05-16,P021,North,W01,0,21,20,1,0
2026-05-17,P021,North,W01,1,16,17,0,7
2026-05-18,P021,North,W01,0,7,7,0,5
2026-05-19,P021,North,W01,0,21,21,0,7
2026-05-20,P021,North,W01,0,14,14,0,15
2026-05-21,P021,North,W01,0,14,14,0,13
2026-05-22,P021,North,W01,0,19,16,3,0
2026-05-23,P021,North,W01,3,17,17,3,0
2026-05-24,P021,North,W01,3,15,18,0,13
2026-05-25,P021,North,W01,0,14,14,0,11
2026-05-26,P021,North,W01,0,13,13,0,7
2026-05-27,P021,North,W01,0,19,19,0,8
2026-05-28,P021,North,W01,0,19,16,3,0
2026-05-29,P021,North,W01,3,16,19,0,10
2026-05-30,P021,North,W01,0,14,14,0,5
2026-05-31,P021,North,W01,0,16,16,0,14
2026-06-01,P021,North,W01,0,11,11,0,6
2026-06-02,P021,North,W01,0,12,12,0,11
2026-06-03,P021,North,W01,0,18,18,0,13
2026-06-04,P021,North,W01,0,19,19,0,5
2026-06-05,P021,North,W01,0,12,12,0,10
2026-06-06,P021,North,W01,0,16,16,0,10
2026-06-07,P021,North,W01,0,15,15,0,7
2026-06-08,P021,North,W01,0,16,16,0,8
2026-06-09,P021,North,W01,0,12,12,0,10
2026-06-10,P021,North,W01,0,14,14,0,15
2026-06-11,P021,North,W01,0,17,17,0,7
2026-06-12,P021,North,W01,0,14,14,0,10
2026-06-13,P021,North,W01,0,12,12,0,13
2026-06-14,P021,North,W01,0,17,17,0,8
2026-06-15,P021,North,W01,0,19,19,0,8
2026-06-16,P021,North,W01,0,14,14,0,6
2026-06-17,P021,North,W01,0,15,15,0,6
2026-06-18,P021,North,W01,0,12,12,0,10
2026-06-19,P021,North,W01,0,11,11,0,4
2026-06-20,P021,North,W01,0,13,13,0,7
2026-06-21,P021,North,W01,0,16,16,0,11
2026-06-22,P021,North,W01,0,19,19,0,4
2026-06-23,P021,North,W01,0,20,20,0,14
2026-06-24,P021,North,W01,0,10,10,0,12
2026-06-25,P021,North,W01,0,15,15,0,7
2026-06-26,P021,North,W01,0,13,13,0,11
2026-06-27,P021,North,W01,0,12,12,0,13
2026-06-28,P021,North,W01,0,19,19,0,6
2026-06-29,P021,North,W01,0,11,11,0,8
2026-06-30,P021,North,W01,0,19,19,0,4
2026-01-01,P021,South,W02,479,11,13,477,0
2026-01-02,P021,South,W02,477,15,14,478,0
2026-01-03,P021,South,W02,478,15,21,472,0
2026-01-04,P021,South,W02,472,11,24,459,0
2026-01-05,P021,South,W02,459,17,22,454,0
2026-01-06,P021,South,W02,454,15,12,457,0
2026-01-07,P021,South,W02,457,18,17,458,0
2026-01-08,P021,South,W02,458,8,18,448,0
2026-01-09,P021,South,W02,448,20,18,450,0
2026-01-10,P021,South,W02,450,26,14,462,0
2026-01-11,P021,South,W02,462,19,17,464,0
2026-01-12,P021,South,W02,464,14,17,461,0
2026-01-13,P021,South,W02,461,11,10,462,0
2026-01-14,P021,South,W02,462,19,12,469,0
2026-01-15,P021,South,W02,469,18,15,472,0
2026-01-16,P021,South,W02,472,14,12,474,0
2026-01-17,P021,South,W02,474,8,15,467,0
2026-01-18,P021,South,W02,467,14,18,463,0
2026-01-19,P021,South,W02,463,17,21,459,0
2026-01-20,P021,South,W02,459,10,22,447,0
2026-01-21,P021,South,W02,447,12,19,440,0
2026-01-22,P021,South,W02,440,14,25,429,0
2026-01-23,P021,South,W02,429,17,13,433,0
2026-01-24,P021,South,W02,433,13,22,424,0
2026-01-25,P021,South,W02,424,14,20,418,0
2026-01-26,P021,South,W02,418,12,12,418,0
2026-01-27,P021,South,W02,418,9,18,409,0
2026-01-28,P021,South,W02,409,10,13,406,0
2026-01-29,P021,South,W02,406,11,18,399,0
2026-01-30,P021,South,W02,399,11,24,386,0
2026-01-31,P021,South,W02,386,11,16,381,0
2026-02-01,P021,South,W02,381,18,24,375,0
2026-02-02,P021,South,W02,375,15,23,367,0
2026-02-03,P021,South,W02,367,22,18,371,0
2026-02-04,P021,South,W02,371,6,20,357,0
2026-02-05,P021,South,W02,357,21,20,358,0
2026-02-06,P021,South,W02,358,9,20,347,0
2026-02-07,P021,South,W02,347,10,16,341,0
2026-02-08,P021,South,W02,341,9,17,333,0
2026-02-09,P021,South,W02,333,19,13,339,0
2026-02-10,P021,South,W02,339,12,11,340,0
2026-02-11,P021,South,W02,340,15,14,341,0
2026-02-12,P021,South,W02,341,24,13,352,0
2026-02-13,P021,South,W02,352,13,28,337,0
2026-02-14,P021,South,W02,337,14,11,340,0
2026-02-15,P021,South,W02,340,7,15,332,0
2026-02-16,P021,South,W02,332,13,19,326,0
2026-02-17,P021,South,W02,326,21,11,336,0
2026-02-18,P021,South,W02,336,14,22,328,0
2026-02-19,P021,South,W02,328,8,17,319,0
2026-02-20,P021,South,W02,319,5,11,313,0
2026-02-21,P021,South,W02,313,2,13,302,0
2026-02-22,P021,South,W02,302,3,17,288,0
2026-02-23,P021,South,W02,288,3,16,275,0
2026-02-24,P021,South,W02,275,3,17,261,0
2026-02-25,P021,South,W02,261,0,26,235,0
2026-02-26,P021,South,W02,235,3,19,219,0
2026-02-27,P021,South,W02,219,5,17,207,0
2026-02-28,P021,South,W02,207,2,29,180,0
2026-03-01,P021,South,W02,180,15,15,180,0
2026-03-02,P021,South,W02,180,25,17,188,0
2026-03-03,P021,South,W02,188,13,16,185,0
2026-03-04,P021,South,W02,185,20,24,181,0
2026-03-05,P021,South,W02,181,19,20,180,0
2026-03-06,P021,South,W02,180,8,20,168,0
2026-03-07,P021,South,W02,168,17,26,159,0
2026-03-08,P021,South,W02,159,15,11,163,0
2026-03-09,P021,South,W02,163,20,14,169,0
2026-03-10,P021,South,W02,169,11,24,156,0
2026-03-11,P021,South,W02,156,17,12,161,0
2026-03-12,P021,South,W02,161,13,15,159,0
2026-03-13,P021,South,W02,159,14,15,158,0
2026-03-14,P021,South,W02,158,13,21,150,0
2026-03-15,P021,South,W02,150,22,20,152,0
2026-03-16,P021,South,W02,152,11,14,149,0
2026-03-17,P021,South,W02,149,12,24,137,0
2026-03-18,P021,South,W02,137,10,21,126,0
2026-03-19,P021,South,W02,126,14,27,113,0
2026-03-20,P021,South,W02,113,12,18,107,0
2026-03-21,P021,South,W02,107,19,21,105,0
2026-03-22,P021,South,W02,105,10,17,98,0
2026-03-23,P021,South,W02,98,15,16,97,0
2026-03-24,P021,South,W02,97,16,17,96,0
2026-03-25,P021,South,W02,96,16,18,94,0
2026-03-26,P021,South,W02,94,15,12,97,0
2026-03-27,P021,South,W02,97,18,12,103,0
2026-03-28,P021,South,W02,103,16,21,98,0
2026-03-29,P021,South,W02,98,10,17,91,0
2026-03-30,P021,South,W02,91,15,20,86,0
2026-03-31,P021,South,W02,86,22,21,87,0
2026-04-01,P021,South,W02,87,18,17,88,0
2026-04-02,P021,South,W02,88,14,20,82,0
2026-04-03,P021,South,W02,82,13,16,79,0
2026-04-04,P021,South,W02,79,7,9,77,0
2026-04-05,P021,South,W02,77,14,17,74,0
2026-04-06,P021,South,W02,74,13,24,63,0
2026-04-07,P021,South,W02,63,14,23,54,0
2026-04-08,P021,South,W02,54,18,15,57,0
2026-04-09,P021,South,W02,57,19,14,62,0
2026-04-10,P021,South,W02,62,7,18,51,0
2026-04-11,P021,South,W02,51,22,15,58,0
2026-04-12,P021,South,W02,58,10,14,54,0
2026-04-13,P021,South,W02,54,18,12,60,0
2026-04-14,P021,South,W02,60,6,24,42,0
2026-04-15,P021,South,W02,42,17,22,37,0
2026-04-16,P021,South,W02,37,22,21,38,0
2026-04-17,P021,South,W02,38,17,16,39,0
2026-04-18,P021,South,W02,39,12,27,24,0
2026-04-19,P021,South,W02,24,12,14,22,0
2026-04-20,P021,South,W02,22,13,23,12,0
2026-04-21,P021,South,W02,12,10,20,2,0
2026-04-22,P021,South,W02,2,18,16,4,0
2026-04-23,P021,South,W02,4,13,17,0,8
2026-04-24,P021,South,W02,0,11,11,0,9
2026-04-25,P021,South,W02,0,15,15,0,4
2026-04-26,P021,South,W02,0,16,16,0,0
2026-04-27,P021,South,W02,0,8,8,0,9
2026-04-28,P021,South,W02,0,23,23,0,12
2026-04-29,P021,South,W02,0,21,18,3,0
2026-04-30,P021,South,W02,3,16,15,4,0
2026-05-01,P021,South,W02,4,16,11,9,0
2026-05-02,P021,South,W02,9,18,24,3,0
2026-05-03,P021,South,W02,3,14,17,0,9
2026-05-04,P021,South,W02,0,16,16,0,5
2026-05-05,P021,South,W02,0,9,9,0,14
2026-05-06,P021,South,W02,0,12,12,0,9
2026-05-07,P021,South,W02,0,11,11,0,12
2026-05-08,P021,South,W02,0,24,23,1,0
2026-05-09,P021,South,W02,1,16,17,0,13
2026-05-10,P021,South,W02,0,13,12,1,0
2026-05-11,P021,South,W02,1,12,13,0,10
2026-05-12,P021,South,W02,0,15,15,0,14
2026-05-13,P021,South,W02,0,13,13,0,15
2026-05-14,P021,South,W02,0,12,12,0,4
2026-05-15,P021,South,W02,0,15,15,0,9
2026-05-16,P021,South,W02,0,14,13,1,0
2026-05-17,P021,South,W02,1,18,15,4,0
2026-05-18,P021,South,W02,4,21,14,11,0
2026-05-19,P021,South,W02,11,18,24,5,0
2026-05-20,P021,South,W02,5,11,16,0,4
2026-05-21,P021,South,W02,0,21,20,1,0
2026-05-22,P021,South,W02,1,15,16,0,11
2026-05-23,P021,South,W02,0,16,15,1,0
2026-05-24,P021,South,W02,1,23,11,13,0
2026-05-25,P021,South,W02,13,13,19,7,0
2026-05-26,P021,South,W02,7,14,17,4,0
2026-05-27,P021,South,W02,4,16,20,0,13
2026-05-28,P021,South,W02,0,20,20,0,5
2026-05-29,P021,South,W02,0,14,14,0,13
2026-05-30,P021,South,W02,0,14,13,1,0
2026-05-31,P021,South,W02,1,15,16,0,0
2026-06-01,P021,South,W02,0,14,14,0,10
2026-06-02,P021,South,W02,0,14,14,0,13
2026-06-03,P021,South,W02,0,12,12,0,11
2026-06-04,P021,South,W02,0,17,17,0,6
2026-06-05,P021,South,W02,0,14,14,0,6
2026-06-06,P021,South,W02,0,22,13,9,0
2026-06-07,P021,South,W02,9,12,14,7,0
2026-06-08,P021,South,W02,7,17,11,13,0
2026-06-09,P021,South,W02,13,15,17,11,0
2026-06-10,P021,South,W02,11,7,18,0,0
2026-06-11,P021,South,W02,0,12,12,0,12
2026-06-12,P021,South,W02,0,17,10,7,0
2026-06-13,P021,South,W02,7,15,18,4,0
2026-06-14,P021,South,W02,4,17,17,4,0
2026-06-15,P021,South,W02,4,20,19,5,0
2026-06-16,P021,South,W02,5,17,22,0,7
2026-06-17,P021,South,W02,0,16,16,0,4
2026-06-18,P021,South,W02,0,13,13,0,5
2026-06-19,P021,South,W02,0,13,13,0,13
2026-06-20,P021,South,W02,0,16,16,0,5
2026-06-21,P021,South,W02,0,17,17,0,9
2026-06-22,P021,South,W02,0,15,15,0,5
2026-06-23,P021,South,W02,0,20,19,1,0
2026-06-24,P021,South,W02,1,14,15,0,4
2026-06-25,P021,South,W02,0,8,8,0,9
2026-06-26,P021,South,W02,0,17,17,0,15
2026-06-27,P021,South,W02,0,18,18,0,5
2026-06-28,P021,South,W02,0,16,16,0,13
2026-06-29,P021,South,W02,0,18,18,0,5
2026-06-30,P021,South,W02,0,14,14,0,6
2026-01-01,P021,East,W03,515,20,14,521,0
2026-01-02,P021,East,W03,521,15,21,515,0
2026-01-03,P021,East,W03,515,18,11,522,0
2026-01-04,P021,East,W03,522,16,19,519,0
2026-01-05,P021,East,W03,519,10,18,511,0
2026-01-06,P021,East,W03,511,10,25,496,0
2026-01-07,P021,East,W03,496,17,21,492,0
2026-01-08,P021,East,W03,492,21,13,500,0
2026-01-09,P021,East,W03,500,12,22,490,0
2026-01-10,P021,East,W03,490,15,16,489,0
2026-01-11,P021,East,W03,489,13,19,483,0
2026-01-12,P021,East,W03,483,14,19,478,0
2026-01-13,P021,East,W03,478,12,12,478,0
2026-01-14,P021,East,W03,478,10,20,468,0
2026-01-15,P021,East,W03,468,18,25,461,0
2026-01-16,P021,East,W03,461,19,23,457,0
2026-01-17,P021,East,W03,457,24,16,465,0
2026-01-18,P021,East,W03,465,8,17,456,0
2026-01-19,P021,East,W03,456,15,11,460,0
2026-01-20,P021,East,W03,460,20,14,466,0
2026-01-21,P021,East,W03,466,15,17,464,0
2026-01-22,P021,East,W03,464,19,18,465,0
2026-01-23,P021,East,W03,465,13,14,464,0
2026-01-24,P021,East,W03,464,11,31,444,0
2026-01-25,P021,East,W03,444,16,9,451,0
2026-01-26,P021,East,W03,451,10,19,442,0
2026-01-27,P021,East,W03,442,14,14,442,0
2026-01-28,P021,East,W03,442,18,15,445,0
2026-01-29,P021,East,W03,445,11,16,440,0
2026-01-30,P021,East,W03,440,21,15,446,0
2026-01-31,P021,East,W03,446,10,18,438,0
2026-02-01,P021,East,W03,438,11,27,422,0
2026-02-02,P021,East,W03,422,8,20,410,0
2026-02-03,P021,East,W03,410,18,17,411,0
2026-02-04,P021,East,W03,411,12,21,402,0
2026-02-05,P021,East,W03,402,16,19,399,0
2026-02-06,P021,East,W03,399,11,14,396,0
2026-02-07,P021,East,W03,396,12,17,391,0
2026-02-08,P021,East,W03,391,20,15,396,0
2026-02-09,P021,East,W03,396,22,18,400,0
2026-02-10,P021,East,W03,400,19,22,397,0
2026-02-11,P021,East,W03,397,15,20,392,0
2026-02-12,P021,East,W03,392,18,13,397,0
2026-02-13,P021,East,W03,397,14,19,392,0
2026-02-14,P021,East,W03,392,13,20,385,0
2026-02-15,P021,East,W03,385,18,19,384,0
2026-02-16,P021,East,W03,384,15,10,389,0
2026-02-17,P021,East,W03,389,13,18,384,0
2026-02-18,P021,East,W03,384,15,17,382,0
2026-02-19,P021,East,W03,382,15,23,374,0
2026-02-20,P021,East,W03,374,2,20,356,0
2026-02-21,P021,East,W03,356,3,17,342,0
2026-02-22,P021,East,W03,342,3,17,328,0
2026-02-23,P021,East,W03,328,2,23,307,0
2026-02-24,P021,East,W03,307,1,18,290,0
2026-02-25,P021,East,W03,290,2,14,278,0
2026-02-26,P021,East,W03,278,4,23,259,0
2026-02-27,P021,East,W03,259,4,19,244,0
2026-02-28,P021,East,W03,244,3,15,232,0
2026-03-01,P021,East,W03,232,15,12,235,0
2026-03-02,P021,East,W03,235,15,17,233,0
2026-03-03,P021,East,W03,233,16,18,231,0
2026-03-04,P021,East,W03,231,20,27,224,0
2026-03-05,P021,East,W03,224,13,18,219,0
2026-03-06,P021,East,W03,219,15,17,217,0
2026-03-07,P021,East,W03,217,20,19,218,0
2026-03-08,P021,East,W03,218,19,17,220,0
2026-03-09,P021,East,W03,220,14,21,213,0
2026-03-10,P021,East,W03,213,18,19,212,0
2026-03-11,P021,East,W03,212,19,23,208,0
2026-03-12,P021,East,W03,208,15,20,203,0
2026-03-13,P021,East,W03,203,17,12,208,0
2026-03-14,P021,East,W03,208,8,15,201,0
2026-03-15,P021,East,W03,201,15,12,204,0
2026-03-16,P021,East,W03,204,16,17,203,0
2026-03-17,P021,East,W03,203,13,14,202,0
2026-03-18,P021,East,W03,202,14,15,201,0
2026-03-19,P021,East,W03,201,13,26,188,0
2026-03-20,P021,East,W03,188,16,12,192,0
2026-03-21,P021,East,W03,192,13,14,191,0
2026-03-22,P021,East,W03,191,11,19,183,0
2026-03-23,P021,East,W03,183,15,22,176,0
2026-03-24,P021,East,W03,176,20,15,181,0
2026-03-25,P021,East,W03,181,14,25,170,0
2026-03-26,P021,East,W03,170,14,21,163,0
2026-03-27,P021,East,W03,163,22,17,168,0
2026-03-28,P021,East,W03,168,9,17,160,0
2026-03-29,P021,East,W03,160,18,13,165,0
2026-03-30,P021,East,W03,165,18,13,170,0
2026-03-31,P021,East,W03,170,17,20,167,0
2026-04-01,P021,East,W03,167,16,25,158,0
2026-04-02,P021,East,W03,158,14,21,151,0
2026-04-03,P021,East,W03,151,11,19,143,0
2026-04-04,P021,East,W03,143,20,12,151,0
2026-04-05,P021,East,W03,151,17,22,146,0
2026-04-06,P021,East,W03,146,13,11,148,0
2026-04-07,P021,East,W03,148,22,23,147,0
2026-04-08,P021,East,W03,147,15,22,140,0
2026-04-09,P021,East,W03,140,13,25,128,0
2026-04-10,P021,East,W03,128,15,19,124,0
2026-04-11,P021,East,W03,124,16,11,129,0
2026-04-12,P021,East,W03,129,21,13,137,0
2026-04-13,P021,East,W03,137,13,16,134,0
2026-04-14,P021,East,W03,134,21,17,138,0
2026-04-15,P021,East,W03,138,18,18,138,0
2026-04-16,P021,East,W03,138,14,21,131,0
2026-04-17,P021,East,W03,131,18,21,128,0
2026-04-18,P021,East,W03,128,16,25,119,0
2026-04-19,P021,East,W03,119,13,21,111,0
2026-04-20,P021,East,W03,111,10,17,104,0
2026-04-21,P021,East,W03,104,10,17,97,0
2026-04-22,P021,East,W03,97,13,14,96,0
2026-04-23,P021,East,W03,96,9,13,92,0
2026-04-24,P021,East,W03,92,19,14,97,0
2026-04-25,P021,East,W03,97,10,19,88,0
2026-04-26,P021,East,W03,88,13,23,78,0
2026-04-27,P021,East,W03,78,13,13,78,0
2026-04-28,P021,East,W03,78,17,16,79,0
2026-04-29,P021,East,W03,79,18,19,78,0
2026-04-30,P021,East,W03,78,14,20,72,0
2026-05-01,P021,East,W03,72,18,23,67,0
2026-05-02,P021,East,W03,67,14,17,64,0
2026-05-03,P021,East,W03,64,12,22,54,0
2026-05-04,P021,East,W03,54,12,22,44,0
2026-05-05,P021,East,W03,44,12,25,31,0
2026-05-06,P021,East,W03,31,19,10,40,0
2026-05-07,P021,East,W03,40,10,20,30,0
2026-05-08,P021,East,W03,30,21,25,26,0
2026-05-09,P021,East,W03,26,11,20,17,0
2026-05-10,P021,East,W03,17,14,17,14,0
2026-05-11,P021,East,W03,14,14,24,4,0
2026-05-12,P021,East,W03,4,13,17,0,8
2026-05-13,P021,East,W03,0,19,19,0,0
2026-05-14,P021,East,W03,0,11,11,0,11
2026-05-15,P021,East,W03,0,23,18,5,0
2026-05-16,P021,East,W03,5,5,10,0,14
2026-05-17,P021,East,W03,0,11,11,0,14
2026-05-18,P021,East,W03,0,12,12,0,4
2026-05-19,P021,East,W03,0,16,16,0,5
2026-05-20,P021,East,W03,0,20,14,6,0
2026-05-21,P021,East,W03,6,15,21,0,6
2026-05-22,P021,East,W03,0,17,17,0,4
2026-05-23,P021,East,W03,0,17,17,0,6
2026-05-24,P021,East,W03,0,17,17,0,12
2026-05-25,P021,East,W03,0,24,21,3,0
2026-05-26,P021,East,W03,3,14,12,5,0
2026-05-27,P021,East,W03,5,13,17,1,0
2026-05-28,P021,East,W03,1,14,15,0,5
2026-05-29,P021,East,W03,0,12,12,0,13
2026-05-30,P021,East,W03,0,14,14,0,13
2026-05-31,P021,East,W03,0,13,13,0,0
2026-06-01,P021,East,W03,0,14,14,0,10
2026-06-02,P021,East,W03,0,15,15,0,13
2026-06-03,P021,East,W03,0,13,13,0,15
2026-06-04,P021,East,W03,0,15,15,0,15
2026-06-05,P021,East,W03,0,14,14,0,10
2026-06-06,P021,East,W03,0,20,16,4,0
2026-06-07,P021,East,W03,4,16,19,1,0
2026-06-08,P021,East,W03,1,14,15,0,9
2026-06-09,P021,East,W03,0,14,13,1,0
2026-06-10,P021,East,W03,1,11,12,0,10
2026-06-11,P021,East,W03,0,17,17,0,7
2026-06-12,P021,East,W03,0,14,14,0,7
2026-06-13,P021,East,W03,0,15,15,0,11
2026-06-14,P021,East,W03,0,13,9,4,0
2026-06-15,P021,East,W03,4,15,19,0,11
2026-06-16,P021,East,W03,0,13,13,0,9
2026-06-17,P021,East,W03,0,14,14,0,9
2026-06-18,P021,East,W03,0,17,17,0,9
2026-06-19,P021,East,W03,0,18,18,0,6
2026-06-20,P021,East,W03,0,9,9,0,9
2026-06-21,P021,East,W03,0,12,12,0,8
2026-06-22,P021,East,W03,0,16,16,0,15
2026-06-23,P021,East,W03,0,15,15,0,14
2026-06-24,P021,East,W03,0,22,21,1,0
2026-06-25,P021,East,W03,1,11,12,0,10
2026-06-26,P021,East,W03,0,14,14,0,11
2026-06-27,P021,East,W03,0,16,16,0,5
2026-06-28,P021,East,W03,0,22,19,3,0
2026-06-29,P021,East,W03,3,13,14,2,0
2026-06-30,P021,East,W03,2,14,14,2,0
2026-01-01,P021,West,W04,545,7,12,540,0
2026-01-02,P021,West,W04,540,12,13,539,0
2026-01-03,P021,West,W04,539,13,18,534,0
2026-01-04,P021,West,W04,534,17,23,528,0
2026-01-05,P021,West,W04,528,14,16,526,0
2026-01-06,P021,West,W04,526,14,17,523,0
2026-01-07,P021,West,W04,523,16,19,520,0
2026-01-08,P021,West,W04,520,8,21,507,0
2026-01-09,P021,West,W04,507,16,18,505,0
2026-01-10,P021,West,W04,505,12,19,498,0
2026-01-11,P021,West,W04,498,19,23,494,0
2026-01-12,P021,West,W04,494,17,20,491,0
2026-01-13,P021,West,W04,491,12,18,485,0
2026-01-14,P021,West,W04,485,20,19,486,0
2026-01-15,P021,West,W04,486,19,19,486,0
2026-01-16,P021,West,W04,486,15,11,490,0
2026-01-17,P021,West,W04,490,11,25,476,0
2026-01-18,P021,West,W04,476,17,14,479,0
2026-01-19,P021,West,W04,479,10,13,476,0
2026-01-20,P021,West,W04,476,13,18,471,0
2026-01-21,P021,West,W04,471,14,19,466,0
2026-01-22,P021,West,W04,466,17,17,466,0
2026-01-23,P021,West,W04,466,21,26,461,0
2026-01-24,P021,West,W04,461,12,25,448,0
2026-01-25,P021,West,W04,448,17,28,437,0
2026-01-26,P021,West,W04,437,17,15,439,0
2026-01-27,P021,West,W04,439,14,20,433,0
2026-01-28,P021,West,W04,433,19,11,441,0
2026-01-29,P021,West,W04,441,15,13,443,0
2026-01-30,P021,West,W04,443,21,16,448,0
2026-01-31,P021,West,W04,448,19,13,454,0
2026-02-01,P021,West,W04,454,14,14,454,0
2026-02-02,P021,West,W04,454,20,26,448,0
2026-02-03,P021,West,W04,448,13,18,443,0
2026-02-04,P021,West,W04,443,13,18,438,0
2026-02-05,P021,West,W04,438,23,16,445,0
2026-02-06,P021,West,W04,445,17,18,444,0
2026-02-07,P021,West,W04,444,18,17,445,0
2026-02-08,P021,West,W04,445,26,15,456,0
2026-02-09,P021,West,W04,456,14,16,454,0
2026-02-10,P021,West,W04,454,19,14,459,0
2026-02-11,P021,West,W04,459,19,16,462,0
2026-02-12,P021,West,W04,462,19,16,465,0
2026-02-13,P021,West,W04,465,11,20,456,0
2026-02-14,P021,West,W04,456,21,12,465,0
2026-02-15,P021,West,W04,465,14,19,460,0
2026-02-16,P021,West,W04,460,15,17,458,0
2026-02-17,P021,West,W04,458,9,23,444,0
2026-02-18,P021,West,W04,444,16,13,447,0
2026-02-19,P021,West,W04,447,16,20,443,0
2026-02-20,P021,West,W04,443,10,24,429,0
2026-02-21,P021,West,W04,429,2,14,417,0
2026-02-22,P021,West,W04,417,3,20,400,0
2026-02-23,P021,West,W04,400,5,23,382,0
2026-02-24,P021,West,W04,382,2,15,369,0
2026-02-25,P021,West,W04,369,1,15,355,0
2026-02-26,P021,West,W04,355,7,19,343,0
2026-02-27,P021,West,W04,343,3,14,332,0
2026-02-28,P021,West,W04,332,3,16,319,0
2026-03-01,P021,West,W04,319,14,14,319,0
2026-03-02,P021,West,W04,319,8,15,312,0
2026-03-03,P021,West,W04,312,12,19,305,0
2026-03-04,P021,West,W04,305,14,16,303,0
2026-03-05,P021,West,W04,303,20,15,308,0
2026-03-06,P021,West,W04,308,18,19,307,0
2026-03-07,P021,West,W04,307,12,14,305,0
2026-03-08,P021,West,W04,305,17,20,302,0
2026-03-09,P021,West,W04,302,19,17,304,0
2026-03-10,P021,West,W04,304,16,20,300,0
2026-03-11,P021,West,W04,300,15,19,296,0
2026-03-12,P021,West,W04,296,20,17,299,0
2026-03-13,P021,West,W04,299,13,14,298,0
2026-03-14,P021,West,W04,298,21,21,298,0
2026-03-15,P021,West,W04,298,16,16,298,0
2026-03-16,P021,West,W04,298,14,19,293,0
2026-03-17,P021,West,W04,293,17,19,291,0
2026-03-18,P021,West,W04,291,20,10,301,0
2026-03-19,P021,West,W04,301,16,24,293,0
2026-03-20,P021,West,W04,293,16,14,295,0
2026-03-21,P021,West,W04,295,12,11,296,0
2026-03-22,P021,West,W04,296,10,11,295,0
2026-03-23,P021,West,W04,295,12,12,295,0
2026-03-24,P021,West,W04,295,18,12,301,0
2026-03-25,P021,West,W04,301,8,18,291,0
2026-03-26,P021,West,W04,291,15,17,289,0
2026-03-27,P021,West,W04,289,19,17,291,0
2026-03-28,P021,West,W04,291,13,21,283,0
2026-03-29,P021,West,W04,283,12,14,281,0
2026-03-30,P021,West,W04,281,16,16,281,0
2026-03-31,P021,West,W04,281,20,23,278,0
2026-04-01,P021,West,W04,278,20,21,277,0
2026-04-02,P021,West,W04,277,17,12,282,0
2026-04-03,P021,West,W04,282,12,23,271,0
2026-04-04,P021,West,W04,271,15,17,269,0
2026-04-05,P021,West,W04,269,10,31,248,0
2026-04-06,P021,West,W04,248,16,25,239,0
2026-04-07,P021,West,W04,239,15,13,241,0
2026-04-08,P021,West,W04,241,16,17,240,0
2026-04-09,P021,West,W04,240,9,29,220,0
2026-04-10,P021,West,W04,220,14,20,214,0
2026-04-11,P021,West,W04,214,17,15,216,0
2026-04-12,P021,West,W04,216,12,20,208,0
2026-04-13,P021,West,W04,208,12,13,207,0
2026-04-14,P021,West,W04,207,20,18,209,0
2026-04-15,P021,West,W04,209,7,20,196,0
2026-04-16,P021,West,W04,196,8,15,189,0
2026-04-17,P021,West,W04,189,13,14,188,0
2026-04-18,P021,West,W04,188,18,19,187,0
2026-04-19,P021,West,W04,187,17,15,189,0
2026-04-20,P021,West,W04,189,12,13,188,0
2026-04-21,P021,West,W04,188,14,20,182,0
2026-04-22,P021,West,W04,182,17,18,181,0
2026-04-23,P021,West,W04,181,13,19,175,0
2026-04-24,P021,West,W04,175,16,14,177,0
2026-04-25,P021,West,W04,177,17,15,179,0
2026-04-26,P021,West,W04,179,12,14,177,0
2026-04-27,P021,West,W04,177,16,14,179,0
2026-04-28,P021,West,W04,179,24,18,185,0
2026-04-29,P021,West,W04,185,13,17,181,0
2026-04-30,P021,West,W04,181,12,22,171,0
2026-05-01,P021,West,W04,171,20,27,164,0
2026-05-02,P021,West,W04,164,18,25,157,0
2026-05-03,P021,West,W04,157,15,19,153,0
2026-05-04,P021,West,W04,153,13,18,148,0
2026-05-05,P021,West,W04,148,12,27,133,0
2026-05-06,P021,West,W04,133,10,29,114,0
2026-05-07,P021,West,W04,114,11,19,106,0
2026-05-08,P021,West,W04,106,13,24,95,0
2026-05-09,P021,West,W04,95,16,22,89,0
2026-05-10,P021,West,W04,89,13,17,85,0
2026-05-11,P021,West,W04,85,17,15,87,0
2026-05-12,P021,West,W04,87,12,25,74,0
2026-05-13,P021,West,W04,74,10,15,69,0
2026-05-14,P021,West,W04,69,14,24,59,0
2026-05-15,P021,West,W04,59,16,20,55,0
2026-05-16,P021,West,W04,55,7,19,43,0
2026-05-17,P021,West,W04,43,19,21,41,0
2026-05-18,P021,West,W04,41,14,19,36,0
2026-05-19,P021,West,W04,36,17,18,35,0
2026-05-20,P021,West,W04,35,14,22,27,0
2026-05-21,P021,West,W04,27,14,16,25,0
2026-05-22,P021,West,W04,25,11,19,17,0
2026-05-23,P021,West,W04,17,14,16,15,0
2026-05-24,P021,West,W04,15,22,26,11,0
2026-05-25,P021,West,W04,11,26,27,10,0
2026-05-26,P021,West,W04,10,14,24,0,5
2026-05-27,P021,West,W04,0,18,18,0,9
2026-05-28,P021,West,W04,0,11,11,0,13
2026-05-29,P021,West,W04,0,19,19,0,7
2026-05-30,P021,West,W04,0,18,18,0,0
2026-05-31,P021,West,W04,0,13,13,0,9
2026-06-01,P021,West,W04,0,9,9,0,6
2026-06-02,P021,West,W04,0,16,16,0,0
2026-06-03,P021,West,W04,0,13,13,0,8
2026-06-04,P021,West,W04,0,18,18,0,6
2026-06-05,P021,West,W04,0,15,15,0,8
2026-06-06,P021,West,W04,0,19,19,0,12
2026-06-07,P021,West,W04,0,11,11,0,11
2026-06-08,P021,West,W04,0,20,13,7,0
2026-06-09,P021,West,W04,7,12,14,5,0
2026-06-10,P021,West,W04,5,13,18,0,5
2026-06-11,P021,West,W04,0,12,12,0,8
2026-06-12,P021,West,W04,0,18,14,4,0
2026-06-13,P021,West,W04,4,15,14,5,0
2026-06-14,P021,West,W04,5,14,15,4,0
2026-06-15,P021,West,W04,4,11,15,0,7
2026-06-16,P021,West,W04,0,20,20,0,14
2026-06-17,P021,West,W04,0,16,16,0,12
2026-06-18,P021,West,W04,0,19,17,2,0
2026-06-19,P021,West,W04,2,24,15,11,0
2026-06-20,P021,West,W04,11,14,21,4,0
2026-06-21,P021,West,W04,4,18,20,2,0
2026-06-22,P021,West,W04,2,14,16,0,14
2026-06-23,P021,West,W04,0,12,12,0,15
2026-06-24,P021,West,W04,0,19,19,0,10
2026-06-25,P021,West,W04,0,14,14,0,0
2026-06-26,P021,West,W04,0,20,19,1,0
2026-06-27,P021,West,W04,1,20,20,1,0
2026-06-28,P021,West,W04,1,12,13,0,8
2026-06-29,P021,West,W04,0,20,20,0,15
2026-06-30,P021,West,W04,0,22,21,1,0
2026-01-01,P022,North,W01,601,11,15,597,0
2026-01-02,P022,North,W01,597,14,20,591,0
2026-01-03,P022,North,W01,591,20,15,596,0
2026-01-04,P022,North,W01,596,16,17,595,0
2026-01-05,P022,North,W01,595,16,17,594,0
2026-01-06,P022,North,W01,594,10,22,582,0
2026-01-07,P022,North,W01,582,18,18,582,0
2026-01-08,P022,North,W01,582,14,21,575,0
2026-01-09,P022,North,W01,575,15,17,573,0
2026-01-10,P022,North,W01,573,18,20,571,0
2026-01-11,P022,North,W01,571,14,26,559,0
2026-01-12,P022,North,W01,559,15,18,556,0
2026-01-13,P022,North,W01,556,15,22,549,0
2026-01-14,P022,North,W01,549,18,23,544,0
2026-01-15,P022,North,W01,544,14,8,550,0
2026-01-16,P022,North,W01,550,10,16,544,0
2026-01-17,P022,North,W01,544,13,24,533,0
2026-01-18,P022,North,W01,533,16,19,530,0
2026-01-19,P022,North,W01,530,19,25,524,0
2026-01-20,P022,North,W01,524,19,12,531,0
2026-01-21,P022,North,W01,531,16,16,531,0
2026-01-22,P022,North,W01,531,13,12,532,0
2026-01-23,P022,North,W01,532,17,26,523,0
2026-01-24,P022,North,W01,523,16,12,527,0
2026-01-25,P022,North,W01,527,18,22,523,0
2026-01-26,P022,North,W01,523,18,19,522,0
2026-01-27,P022,North,W01,522,10,10,522,0
2026-01-28,P022,North,W01,522,9,17,514,0
2026-01-29,P022,North,W01,514,17,24,507,0
2026-01-30,P022,North,W01,507,9,27,489,0
2026-01-31,P022,North,W01,489,22,15,496,0
2026-02-01,P022,North,W01,496,15,10,501,0
2026-02-02,P022,North,W01,501,16,19,498,0
2026-02-03,P022,North,W01,498,10,19,489,0
2026-02-04,P022,North,W01,489,17,12,494,0
2026-02-05,P022,North,W01,494,13,18,489,0
2026-02-06,P022,North,W01,489,12,18,483,0
2026-02-07,P022,North,W01,483,14,17,480,0
2026-02-08,P022,North,W01,480,13,10,483,0
2026-02-09,P022,North,W01,483,24,12,495,0
2026-02-10,P022,North,W01,495,21,17,499,0
2026-02-11,P022,North,W01,499,19,20,498,0
2026-02-12,P022,North,W01,498,19,24,493,0
2026-02-13,P022,North,W01,493,18,16,495,0
2026-02-14,P022,North,W01,495,23,16,502,0
2026-02-15,P022,North,W01,502,14,16,500,0
2026-02-16,P022,North,W01,500,11,15,496,0
2026-02-17,P022,North,W01,496,15,21,490,0
2026-02-18,P022,North,W01,490,14,16,488,0
2026-02-19,P022,North,W01,488,15,9,494,0
2026-02-20,P022,North,W01,494,3,19,478,0
2026-02-21,P022,North,W01,478,0,17,461,0
2026-02-22,P022,North,W01,461,3,23,441,0
2026-02-23,P022,North,W01,441,2,14,429,0
2026-02-24,P022,North,W01,429,5,20,414,0
2026-02-25,P022,North,W01,414,2,18,398,0
2026-02-26,P022,North,W01,398,3,22,379,0
2026-02-27,P022,North,W01,379,1,13,367,0
2026-02-28,P022,North,W01,367,2,17,352,0
2026-03-01,P022,North,W01,352,21,23,350,0
2026-03-02,P022,North,W01,350,21,15,356,0
2026-03-03,P022,North,W01,356,12,20,348,0
2026-03-04,P022,North,W01,348,17,20,345,0
2026-03-05,P022,North,W01,345,18,15,348,0
2026-03-06,P022,North,W01,348,16,23,341,0
2026-03-07,P022,North,W01,341,32,24,349,0
2026-03-08,P022,North,W01,349,16,18,347,0
2026-03-09,P022,North,W01,347,20,12,355,0
2026-03-10,P022,North,W01,355,20,18,357,0
2026-03-11,P022,North,W01,357,13,21,349,0
2026-03-12,P022,North,W01,349,17,20,346,0
2026-03-13,P022,North,W01,346,12,16,342,0
2026-03-14,P022,North,W01,342,17,20,339,0
2026-03-15,P022,North,W01,339,13,21,331,0
2026-03-16,P022,North,W01,331,16,26,321,0
2026-03-17,P022,North,W01,321,10,17,314,0
2026-03-18,P022,North,W01,314,10,16,308,0
2026-03-19,P022,North,W01,308,12,24,296,0
2026-03-20,P022,North,W01,296,19,22,293,0
2026-03-21,P022,North,W01,293,17,16,294,0
2026-03-22,P022,North,W01,294,12,13,293,0
2026-03-23,P022,North,W01,293,21,16,298,0
2026-03-24,P022,North,W01,298,14,15,297,0
2026-03-25,P022,North,W01,297,17,25,289,0
2026-03-26,P022,North,W01,289,14,12,291,0
2026-03-27,P022,North,W01,291,14,17,288,0
2026-03-28,P022,North,W01,288,18,36,270,0
2026-03-29,P022,North,W01,270,15,15,270,0
2026-03-30,P022,North,W01,270,17,17,270,0
2026-03-31,P022,North,W01,270,7,21,256,0
2026-04-01,P022,North,W01,256,18,19,255,0
2026-04-02,P022,North,W01,255,18,22,251,0
2026-04-03,P022,North,W01,251,16,12,255,0
2026-04-04,P022,North,W01,255,9,18,246,0
2026-04-05,P022,North,W01,246,13,14,245,0
2026-04-06,P022,North,W01,245,25,22,248,0
2026-04-07,P022,North,W01,248,13,18,243,0
2026-04-08,P022,North,W01,243,13,21,235,0
2026-04-09,P022,North,W01,235,24,19,240,0
2026-04-10,P022,North,W01,240,20,13,247,0
2026-04-11,P022,North,W01,247,16,20,243,0
2026-04-12,P022,North,W01,243,15,11,247,0
2026-04-13,P022,North,W01,247,17,14,250,0
2026-04-14,P022,North,W01,250,13,17,246,0
2026-04-15,P022,North,W01,246,11,19,238,0
2026-04-16,P022,North,W01,238,15,20,233,0
2026-04-17,P022,North,W01,233,16,17,232,0
2026-04-18,P022,North,W01,232,14,24,222,0
2026-04-19,P022,North,W01,222,16,18,220,0
2026-04-20,P022,North,W01,220,13,20,213,0
2026-04-21,P022,North,W01,213,15,18,210,0
2026-04-22,P022,North,W01,210,18,18,210,0
2026-04-23,P022,North,W01,210,17,14,213,0
2026-04-24,P022,North,W01,213,12,21,204,0
2026-04-25,P022,North,W01,204,18,19,203,0
2026-04-26,P022,North,W01,203,13,15,201,0
2026-04-27,P022,North,W01,201,25,16,210,0
2026-04-28,P022,North,W01,210,17,17,210,0
2026-04-29,P022,North,W01,210,12,16,206,0
2026-04-30,P022,North,W01,206,14,18,202,0
2026-05-01,P022,North,W01,202,14,14,202,0
2026-05-02,P022,North,W01,202,8,12,198,0
2026-05-03,P022,North,W01,198,16,11,203,0
2026-05-04,P022,North,W01,203,13,15,201,0
2026-05-05,P022,North,W01,201,17,17,201,0
2026-05-06,P022,North,W01,201,20,20,201,0
2026-05-07,P022,North,W01,201,17,35,183,0
2026-05-08,P022,North,W01,183,13,20,176,0
2026-05-09,P022,North,W01,176,10,16,170,0
2026-05-10,P022,North,W01,170,13,22,161,0
2026-05-11,P022,North,W01,161,17,15,163,0
2026-05-12,P022,North,W01,163,12,18,157,0
2026-05-13,P022,North,W01,157,17,16,158,0
2026-05-14,P022,North,W01,158,16,15,159,0
2026-05-15,P022,North,W01,159,10,18,151,0
2026-05-16,P022,North,W01,151,14,24,141,0
2026-05-17,P022,North,W01,141,17,25,133,0
2026-05-18,P022,North,W01,133,18,23,128,0
2026-05-19,P022,North,W01,128,20,24,124,0
2026-05-20,P022,North,W01,124,13,26,111,0
2026-05-21,P022,North,W01,111,16,19,108,0
2026-05-22,P022,North,W01,108,11,13,106,0
2026-05-23,P022,North,W01,106,16,18,104,0
2026-05-24,P022,North,W01,104,18,20,102,0
2026-05-25,P022,North,W01,102,15,21,96,0
2026-05-26,P022,North,W01,96,22,11,107,0
2026-05-27,P022,North,W01,107,18,18,107,0
2026-05-28,P022,North,W01,107,24,17,114,0
2026-05-29,P022,North,W01,114,7,19,102,0
2026-05-30,P022,North,W01,102,11,25,88,0
2026-05-31,P022,North,W01,88,11,27,72,0
2026-06-01,P022,North,W01,72,10,19,63,0
2026-06-02,P022,North,W01,63,13,16,60,0
2026-06-03,P022,North,W01,60,13,21,52,0
2026-06-04,P022,North,W01,52,18,18,52,0
2026-06-05,P022,North,W01,52,18,17,53,0
2026-06-06,P022,North,W01,53,12,23,42,0
2026-06-07,P022,North,W01,42,15,32,25,0
2026-06-08,P022,North,W01,25,17,13,29,0
2026-06-09,P022,North,W01,29,15,14,30,0
2026-06-10,P022,North,W01,30,21,32,19,0
2026-06-11,P022,North,W01,19,20,14,25,0
2026-06-12,P022,North,W01,25,12,20,17,0
2026-06-13,P022,North,W01,17,15,12,20,0
2026-06-14,P022,North,W01,20,17,22,15,0
2026-06-15,P022,North,W01,15,20,25,10,0
2026-06-16,P022,North,W01,10,23,14,19,0
2026-06-17,P022,North,W01,19,14,15,18,0
2026-06-18,P022,North,W01,18,17,28,7,0
2026-06-19,P022,North,W01,7,13,18,2,0
2026-06-20,P022,North,W01,2,10,12,0,9
2026-06-21,P022,North,W01,0,16,16,0,4
2026-06-22,P022,North,W01,0,11,11,0,7
2026-06-23,P022,North,W01,0,14,14,0,7
2026-06-24,P022,North,W01,0,17,17,0,13
2026-06-25,P022,North,W01,0,16,16,0,11
2026-06-26,P022,North,W01,0,18,18,0,0
2026-06-27,P022,North,W01,0,17,17,0,15
2026-06-28,P022,North,W01,0,14,14,0,11
2026-06-29,P022,North,W01,0,14,14,0,9
2026-06-30,P022,North,W01,0,15,15,0,12
2026-01-01,P022,South,W02,307,16,17,306,0
2026-01-02,P022,South,W02,306,19,21,304,0
2026-01-03,P022,South,W02,304,15,26,293,0
2026-01-04,P022,South,W02,293,13,15,291,0
2026-01-05,P022,South,W02,291,21,17,295,0
2026-01-06,P022,South,W02,295,16,16,295,0
2026-01-07,P022,South,W02,295,15,11,299,0
2026-01-08,P022,South,W02,299,8,14,293,0
2026-01-09,P022,South,W02,293,16,14,295,0
2026-01-10,P022,South,W02,295,17,17,295,0
2026-01-11,P022,South,W02,295,9,16,288,0
2026-01-12,P022,South,W02,288,16,19,285,0
2026-01-13,P022,South,W02,285,20,17,288,0
2026-01-14,P022,South,W02,288,14,24,278,0
2026-01-15,P022,South,W02,278,13,15,276,0
2026-01-16,P022,South,W02,276,14,13,277,0
2026-01-17,P022,South,W02,277,16,16,277,0
2026-01-18,P022,South,W02,277,12,23,266,0
2026-01-19,P022,South,W02,266,16,16,266,0
2026-01-20,P022,South,W02,266,13,20,259,0
2026-01-21,P022,South,W02,259,18,15,262,0
2026-01-22,P022,South,W02,262,11,21,252,0
2026-01-23,P022,South,W02,252,16,18,250,0
2026-01-24,P022,South,W02,250,14,20,244,0
2026-01-25,P022,South,W02,244,20,17,247,0
2026-01-26,P022,South,W02,247,17,18,246,0
2026-01-27,P022,South,W02,246,15,20,241,0
2026-01-28,P022,South,W02,241,11,18,234,0
2026-01-29,P022,South,W02,234,18,16,236,0
2026-01-30,P022,South,W02,236,13,21,228,0
2026-01-31,P022,South,W02,228,17,19,226,0
2026-02-01,P022,South,W02,226,16,13,229,0
2026-02-02,P022,South,W02,229,17,24,222,0
2026-02-03,P022,South,W02,222,17,18,221,0
2026-02-04,P022,South,W02,221,21,23,219,0
2026-02-05,P022,South,W02,219,12,22,209,0
2026-02-06,P022,South,W02,209,20,30,199,0
2026-02-07,P022,South,W02,199,11,18,192,0
2026-02-08,P022,South,W02,192,16,9,199,0
2026-02-09,P022,South,W02,199,15,17,197,0
2026-02-10,P022,South,W02,197,24,22,199,0
2026-02-11,P022,South,W02,199,22,16,205,0
2026-02-12,P022,South,W02,205,15,19,201,0
2026-02-13,P022,South,W02,201,11,15,197,0
2026-02-14,P022,South,W02,197,17,14,200,0
2026-02-15,P022,South,W02,200,10,22,188,0
2026-02-16,P022,South,W02,188,11,15,184,0
2026-02-17,P022,South,W02,184,12,12,184,0
2026-02-18,P022,South,W02,184,16,20,180,0
2026-02-19,P022,South,W02,180,15,17,178,0
2026-02-20,P022,South,W02,178,4,27,155,0
2026-02-21,P022,South,W02,155,3,21,137,0
2026-02-22,P022,South,W02,137,2,17,122,0
2026-02-23,P022,South,W02,122,5,15,112,0
2026-02-24,P022,South,W02,112,4,17,99,0
2026-02-25,P022,South,W02,99,1,13,87,0
2026-02-26,P022,South,W02,87,2,19,70,0
2026-02-27,P022,South,W02,70,2,14,58,0
2026-02-28,P022,South,W02,58,2,20,40,0
2026-03-01,P022,South,W02,40,14,16,38,0
2026-03-02,P022,South,W02,38,14,18,34,0
2026-03-03,P022,South,W02,34,20,26,28,0
2026-03-04,P022,South,W02,28,18,9,37,0
2026-03-05,P022,South,W02,37,14,14,37,0
2026-03-06,P022,South,W02,37,12,22,27,0
2026-03-07,P022,South,W02,27,21,15,33,0
2026-03-08,P022,South,W02,33,19,20,32,0
2026-03-09,P022,South,W02,32,20,21,31,0
2026-03-10,P022,South,W02,31,17,19,29,0
2026-03-11,P022,South,W02,29,9,27,11,0
2026-03-12,P022,South,W02,11,13,11,13,0
2026-03-13,P022,South,W02,13,8,20,1,0
2026-03-14,P022,South,W02,1,12,8,5,0
2026-03-15,P022,South,W02,5,10,15,0,5
2026-03-16,P022,South,W02,0,18,18,0,0
2026-03-17,P022,South,W02,0,22,17,5,0
2026-03-18,P022,South,W02,5,18,10,13,0
2026-03-19,P022,South,W02,13,14,19,8,0
2026-03-20,P022,South,W02,8,18,15,11,0
2026-03-21,P022,South,W02,11,17,13,15,0
2026-03-22,P022,South,W02,15,17,15,17,0
2026-03-23,P022,South,W02,17,13,15,15,0
2026-03-24,P022,South,W02,15,15,19,11,0
2026-03-25,P022,South,W02,11,12,15,8,0
2026-03-26,P022,South,W02,8,24,22,10,0
2026-03-27,P022,South,W02,10,9,15,4,0
2026-03-28,P022,South,W02,4,21,19,6,0
2026-03-29,P022,South,W02,6,21,22,5,0
2026-03-30,P022,South,W02,5,13,18,0,4
2026-03-31,P022,South,W02,0,13,13,0,12
2026-04-01,P022,South,W02,0,10,10,0,9
2026-04-02,P022,South,W02,0,8,8,0,11
2026-04-03,P022,South,W02,0,11,11,0,4
2026-04-04,P022,South,W02,0,24,19,5,0
2026-04-05,P022,South,W02,5,11,13,3,0
2026-04-06,P022,South,W02,3,13,16,0,11
2026-04-07,P022,South,W02,0,12,12,0,10
2026-04-08,P022,South,W02,0,9,9,0,8
2026-04-09,P022,South,W02,0,17,15,2,0
2026-04-10,P022,South,W02,2,12,14,0,9
2026-04-11,P022,South,W02,0,13,13,0,7
2026-04-12,P022,South,W02,0,12,12,0,14
2026-04-13,P022,South,W02,0,10,10,0,4
2026-04-14,P022,South,W02,0,16,16,0,13
2026-04-15,P022,South,W02,0,10,10,0,6
2026-04-16,P022,South,W02,0,13,13,0,5
2026-04-17,P022,South,W02,0,13,13,0,4
2026-04-18,P022,South,W02,0,10,10,0,6
2026-04-19,P022,South,W02,0,14,14,0,0
2026-04-20,P022,South,W02,0,15,15,0,11
2026-04-21,P022,South,W02,0,17,16,1,0
2026-04-22,P022,South,W02,1,14,10,5,0
2026-04-23,P022,South,W02,5,19,12,12,0
2026-04-24,P022,South,W02,12,13,24,1,0
2026-04-25,P022,South,W02,1,17,13,5,0
2026-04-26,P022,South,W02,5,17,11,11,0
2026-04-27,P022,South,W02,11,15,15,11,0
2026-04-28,P022,South,W02,11,16,7,20,0
2026-04-29,P022,South,W02,20,21,14,27,0
2026-04-30,P022,South,W02,27,25,17,35,0
2026-05-01,P022,South,W02,35,19,18,36,0
2026-05-02,P022,South,W02,36,18,19,35,0
2026-05-03,P022,South,W02,35,8,15,28,0
2026-05-04,P022,South,W02,28,12,16,24,0
2026-05-05,P022,South,W02,24,8,18,14,0
2026-05-06,P022,South,W02,14,13,10,17,0
2026-05-07,P022,South,W02,17,14,13,18,0
2026-05-08,P022,South,W02,18,15,21,12,0
2026-05-09,P022,South,W02,12,10,21,1,0
2026-05-10,P022,South,W02,1,16,17,0,8
2026-05-11,P022,South,W02,0,14,14,0,15
2026-05-12,P022,South,W02,0,9,9,0,10
2026-05-13,P022,South,W02,0,12,12,0,9
2026-05-14,P022,South,W02,0,17,17,0,8
2026-05-15,P022,South,W02,0,16,16,0,14
2026-05-16,P022,South,W02,0,16,16,0,12
2026-05-17,P022,South,W02,0,11,11,0,9
2026-05-18,P022,South,W02,0,15,15,0,4
2026-05-19,P022,South,W02,0,20,20,0,12
2026-05-20,P022,South,W02,0,22,19,3,0
2026-05-21,P022,South,W02,3,12,15,0,10
2026-05-22,P022,South,W02,0,11,11,0,6
2026-05-23,P022,South,W02,0,11,11,0,6
2026-05-24,P022,South,W02,0,13,13,0,10
2026-05-25,P022,South,W02,0,16,16,0,10
2026-05-26,P022,South,W02,0,17,12,5,0
2026-05-27,P022,South,W02,5,15,16,4,0
2026-05-28,P022,South,W02,4,16,20,0,11
2026-05-29,P022,South,W02,0,15,15,0,7
2026-05-30,P022,South,W02,0,14,14,0,0
2026-05-31,P022,South,W02,0,15,15,0,9
2026-06-01,P022,South,W02,0,16,16,0,7
2026-06-02,P022,South,W02,0,11,11,0,14
2026-06-03,P022,South,W02,0,13,13,0,10
2026-06-04,P022,South,W02,0,17,17,0,0
2026-06-05,P022,South,W02,0,19,18,1,0
2026-06-06,P022,South,W02,1,15,14,2,0
2026-06-07,P022,South,W02,2,9,11,0,8
2026-06-08,P022,South,W02,0,7,7,0,6
2026-06-09,P022,South,W02,0,10,10,0,15
2026-06-10,P022,South,W02,0,13,13,0,11
2026-06-11,P022,South,W02,0,15,13,2,0
2026-06-12,P022,South,W02,2,13,15,0,14
2026-06-13,P022,South,W02,0,13,13,0,7
2026-06-14,P022,South,W02,0,12,12,0,13
2026-06-15,P022,South,W02,0,17,17,0,8
2026-06-16,P022,South,W02,0,13,13,0,8
2026-06-17,P022,South,W02,0,19,19,0,10
2026-06-18,P022,South,W02,0,10,10,0,10
2026-06-19,P022,South,W02,0,11,11,0,7
2026-06-20,P022,South,W02,0,13,13,0,12
2026-06-21,P022,South,W02,0,9,9,0,14
2026-06-22,P022,South,W02,0,14,14,0,13
2026-06-23,P022,South,W02,0,14,14,0,4
2026-06-24,P022,South,W02,0,16,10,6,0
2026-06-25,P022,South,W02,6,6,12,0,14
2026-06-26,P022,South,W02,0,10,10,0,10
2026-06-27,P022,South,W02,0,16,16,0,10
2026-06-28,P022,South,W02,0,18,12,6,0
2026-06-29,P022,South,W02,6,9,15,0,11
2026-06-30,P022,South,W02,0,22,17,5,0
2026-01-01,P022,East,W03,312,12,11,313,0
2026-01-02,P022,East,W03,313,13,18,308,0
2026-01-03,P022,East,W03,308,15,22,301,0
2026-01-04,P022,East,W03,301,16,21,296,0
2026-01-05,P022,East,W03,296,9,25,280,0
2026-01-06,P022,East,W03,280,16,19,277,0
2026-01-07,P022,East,W03,277,15,15,277,0
2026-01-08,P022,East,W03,277,21,16,282,0
2026-01-09,P022,East,W03,282,16,29,269,0
2026-01-10,P022,East,W03,269,15,16,268,0
2026-01-11,P022,East,W03,268,9,17,260,0
2026-01-12,P022,East,W03,260,21,22,259,0
2026-01-13,P022,East,W03,259,19,19,259,0
2026-01-14,P022,East,W03,259,24,16,267,0
2026-01-15,P022,East,W03,267,10,20,257,0
2026-01-16,P022,East,W03,257,10,22,245,0
2026-01-17,P022,East,W03,245,21,14,252,0
2026-01-18,P022,East,W03,252,15,16,251,0
2026-01-19,P022,East,W03,251,16,18,249,0
2026-01-20,P022,East,W03,249,15,15,249,0
2026-01-21,P022,East,W03,249,16,18,247,0
2026-01-22,P022,East,W03,247,12,19,240,0
2026-01-23,P022,East,W03,240,22,31,231,0
2026-01-24,P022,East,W03,231,18,25,224,0
2026-01-25,P022,East,W03,224,25,21,228,0
2026-01-26,P022,East,W03,228,19,26,221,0
2026-01-27,P022,East,W03,221,15,10,226,0
2026-01-28,P022,East,W03,226,15,27,214,0
2026-01-29,P022,East,W03,214,20,18,216,0
2026-01-30,P022,East,W03,216,11,19,208,0
2026-01-31,P022,East,W03,208,21,13,216,0
2026-02-01,P022,East,W03,216,19,13,222,0
2026-02-02,P022,East,W03,222,17,21,218,0
2026-02-03,P022,East,W03,218,17,28,207,0
2026-02-04,P022,East,W03,207,16,14,209,0
2026-02-05,P022,East,W03,209,14,22,201,0
2026-02-06,P022,East,W03,201,14,18,197,0
2026-02-07,P022,East,W03,197,14,16,195,0
2026-02-08,P022,East,W03,195,14,12,197,0
2026-02-09,P022,East,W03,197,16,11,202,0
2026-02-10,P022,East,W03,202,17,17,202,0
2026-02-11,P022,East,W03,202,12,16,198,0
2026-02-12,P022,East,W03,198,17,17,198,0
2026-02-13,P022,East,W03,198,18,19,197,0
2026-02-14,P022,East,W03,197,17,11,203,0
2026-02-15,P022,East,W03,203,23,22,204,0
2026-02-16,P022,East,W03,204,21,14,211,0
2026-02-17,P022,East,W03,211,14,24,201,0
2026-02-18,P022,East,W03,201,11,15,197,0
2026-02-19,P022,East,W03,197,9,23,183,0
2026-02-20,P022,East,W03,183,2,24,161,0
2026-02-21,P022,East,W03,161,4,21,144,0
2026-02-22,P022,East,W03,144,3,19,128,0
2026-02-23,P022,East,W03,128,2,21,109,0
2026-02-24,P022,East,W03,109,2,7,104,0
2026-02-25,P022,East,W03,104,4,16,92,0
2026-02-26,P022,East,W03,92,2,12,82,0
2026-02-27,P022,East,W03,82,3,15,70,0
2026-02-28,P022,East,W03,70,3,18,55,0
2026-03-01,P022,East,W03,55,15,9,61,0
2026-03-02,P022,East,W03,61,26,23,64,0
2026-03-03,P022,East,W03,64,16,22,58,0
2026-03-04,P022,East,W03,58,16,20,54,0
2026-03-05,P022,East,W03,54,9,19,44,0
2026-03-06,P022,East,W03,44,16,15,45,0
2026-03-07,P022,East,W03,45,21,14,52,0
2026-03-08,P022,East,W03,52,24,23,53,0
2026-03-09,P022,East,W03,53,10,21,42,0
2026-03-10,P022,East,W03,42,11,16,37,0
2026-03-11,P022,East,W03,37,17,16,38,0
2026-03-12,P022,East,W03,38,16,16,38,0
2026-03-13,P022,East,W03,38,12,26,24,0
2026-03-14,P022,East,W03,24,12,12,24,0
2026-03-15,P022,East,W03,24,20,21,23,0
2026-03-16,P022,East,W03,23,12,18,17,0
2026-03-17,P022,East,W03,17,18,19,16,0
2026-03-18,P022,East,W03,16,11,17,10,0
2026-03-19,P022,East,W03,10,12,21,1,0
2026-03-20,P022,East,W03,1,15,16,0,6
2026-03-21,P022,East,W03,0,15,15,0,6
2026-03-22,P022,East,W03,0,16,10,6,0
2026-03-23,P022,East,W03,6,10,16,0,11
2026-03-24,P022,East,W03,0,13,13,0,8
2026-03-25,P022,East,W03,0,17,17,0,4
2026-03-26,P022,East,W03,0,20,13,7,0
2026-03-27,P022,East,W03,7,22,24,5,0
2026-03-28,P022,East,W03,5,16,13,8,0
2026-03-29,P022,East,W03,8,21,13,16,0
2026-03-30,P022,East,W03,16,20,14,22,0
2026-03-31,P022,East,W03,22,21,13,30,0
2026-04-01,P022,East,W03,30,11,10,31,0
2026-04-02,P022,East,W03,31,16,21,26,0
2026-04-03,P022,East,W03,26,11,25,12,0
2026-04-04,P022,East,W03,12,16,18,10,0
2026-04-05,P022,East,W03,10,15,22,3,0
2026-04-06,P022,East,W03,3,19,17,5,0
2026-04-07,P022,East,W03,5,17,18,4,0
2026-04-08,P022,East,W03,4,16,20,0,0
2026-04-09,P022,East,W03,0,12,12,0,9
2026-04-10,P022,East,W03,0,11,11,0,9
2026-04-11,P022,East,W03,0,16,15,1,0
2026-04-12,P022,East,W03,1,18,19,0,6
2026-04-13,P022,East,W03,0,13,13,0,7
2026-04-14,P022,East,W03,0,17,12,5,0
2026-04-15,P022,East,W03,5,13,18,0,7
2026-04-16,P022,East,W03,0,14,14,0,10
2026-04-17,P022,East,W03,0,17,14,3,0
2026-04-18,P022,East,W03,3,21,19,5,0
2026-04-19,P022,East,W03,5,14,12,7,0
2026-04-20,P022,East,W03,7,10,17,0,12
2026-04-21,P022,East,W03,0,18,18,0,9
2026-04-22,P022,East,W03,0,22,18,4,0
2026-04-23,P022,East,W03,4,14,18,0,5
2026-04-24,P022,East,W03,0,10,10,0,6
2026-04-25,P022,East,W03,0,12,12,0,10
2026-04-26,P022,East,W03,0,15,15,0,13
2026-04-27,P022,East,W03,0,19,19,0,10
2026-04-28,P022,East,W03,0,10,10,0,14
2026-04-29,P022,East,W03,0,20,19,1,0
2026-04-30,P022,East,W03,1,20,21,0,8
2026-05-01,P022,East,W03,0,15,15,0,14
2026-05-02,P022,East,W03,0,15,15,0,15
2026-05-03,P022,East,W03,0,12,12,0,6
2026-05-04,P022,East,W03,0,13,13,0,4
2026-05-05,P022,East,W03,0,16,16,0,5
2026-05-06,P022,East,W03,0,8,8,0,10
2026-05-07,P022,East,W03,0,14,14,0,5
2026-05-08,P022,East,W03,0,15,15,0,5
2026-05-09,P022,East,W03,0,17,17,0,15
2026-05-10,P022,East,W03,0,17,14,3,0
2026-05-11,P022,East,W03,3,16,18,1,0
2026-05-12,P022,East,W03,1,12,13,0,12
2026-05-13,P022,East,W03,0,14,14,0,8
2026-05-14,P022,East,W03,0,18,18,0,0
2026-05-15,P022,East,W03,0,12,12,0,7
2026-05-16,P022,East,W03,0,21,21,0,7
2026-05-17,P022,East,W03,0,19,12,7,0
2026-05-18,P022,East,W03,7,16,20,3,0
2026-05-19,P022,East,W03,3,11,14,0,8
2026-05-20,P022,East,W03,0,19,17,2,0
2026-05-21,P022,East,W03,2,15,17,0,10
2026-05-22,P022,East,W03,0,15,15,0,7
2026-05-23,P022,East,W03,0,12,12,0,6
2026-05-24,P022,East,W03,0,12,12,0,15
2026-05-25,P022,East,W03,0,15,15,0,10
2026-05-26,P022,East,W03,0,13,13,0,9
2026-05-27,P022,East,W03,0,14,14,0,5
2026-05-28,P022,East,W03,0,7,7,0,10
2026-05-29,P022,East,W03,0,15,15,0,15
2026-05-30,P022,East,W03,0,17,17,0,0
2026-05-31,P022,East,W03,0,13,13,0,8
2026-06-01,P022,East,W03,0,10,10,0,0
2026-06-02,P022,East,W03,0,14,14,0,5
2026-06-03,P022,East,W03,0,29,25,4,0
2026-06-04,P022,East,W03,4,20,22,2,0
2026-06-05,P022,East,W03,2,15,16,1,0
2026-06-06,P022,East,W03,1,15,14,2,0
2026-06-07,P022,East,W03,2,16,18,0,9
2026-06-08,P022,East,W03,0,15,15,0,14
2026-06-09,P022,East,W03,0,9,9,0,7
2026-06-10,P022,East,W03,0,15,15,0,12
2026-06-11,P022,East,W03,0,16,16,0,13
2026-06-12,P022,East,W03,0,11,11,0,12
2026-06-13,P022,East,W03,0,15,15,0,12
2026-06-14,P022,East,W03,0,17,17,0,15
2026-06-15,P022,East,W03,0,22,14,8,0
2026-06-16,P022,East,W03,8,15,15,8,0
2026-06-17,P022,East,W03,8,16,19,5,0
2026-06-18,P022,East,W03,5,14,19,0,13
2026-06-19,P022,East,W03,0,15,15,0,12
2026-06-20,P022,East,W03,0,18,18,0,8
2026-06-21,P022,East,W03,0,10,10,0,15
2026-06-22,P022,East,W03,0,20,20,0,10
2026-06-23,P022,East,W03,0,16,14,2,0
2026-06-24,P022,East,W03,2,16,18,0,11
2026-06-25,P022,East,W03,0,15,15,0,14
2026-06-26,P022,East,W03,0,20,15,5,0
2026-06-27,P022,East,W03,5,14,19,0,15
2026-06-28,P022,East,W03,0,11,11,0,6
2026-06-29,P022,East,W03,0,14,14,0,5
2026-06-30,P022,East,W03,0,14,14,0,11
2026-01-01,P022,West,W04,668,16,18,666,0
2026-01-02,P022,West,W04,666,22,19,669,0
2026-01-03,P022,West,W04,669,15,14,670,0
2026-01-04,P022,West,W04,670,11,17,664,0
2026-01-05,P022,West,W04,664,9,13,660,0
2026-01-06,P022,West,W04,660,13,13,660,0
2026-01-07,P022,West,W04,660,20,25,655,0
2026-01-08,P022,West,W04,655,15,20,650,0
2026-01-09,P022,West,W04,650,16,17,649,0
2026-01-10,P022,West,W04,649,12,17,644,0
2026-01-11,P022,West,W04,644,19,19,644,0
2026-01-12,P022,West,W04,644,13,16,641,0
2026-01-13,P022,West,W04,641,12,15,638,0
2026-01-14,P022,West,W04,638,16,23,631,0
2026-01-15,P022,West,W04,631,17,18,630,0
2026-01-16,P022,West,W04,630,18,25,623,0
2026-01-17,P022,West,W04,623,7,17,613,0
2026-01-18,P022,West,W04,613,16,22,607,0
2026-01-19,P022,West,W04,607,19,20,606,0
2026-01-20,P022,West,W04,606,18,11,613,0
2026-01-21,P022,West,W04,613,17,18,612,0
2026-01-22,P022,West,W04,612,20,14,618,0
2026-01-23,P022,West,W04,618,16,15,619,0
2026-01-24,P022,West,W04,619,11,17,613,0
2026-01-25,P022,West,W04,613,18,16,615,0
2026-01-26,P022,West,W04,615,14,15,614,0
2026-01-27,P022,West,W04,614,15,31,598,0
2026-01-28,P022,West,W04,598,13,15,596,0
2026-01-29,P022,West,W04,596,11,21,586,0
2026-01-30,P022,West,W04,586,20,17,589,0
2026-01-31,P022,West,W04,589,15,19,585,0
2026-02-01,P022,West,W04,585,14,18,581,0
2026-02-02,P022,West,W04,581,12,17,576,0
2026-02-03,P022,West,W04,576,16,22,570,0
2026-02-04,P022,West,W04,570,16,17,569,0
2026-02-05,P022,West,W04,569,17,17,569,0
2026-02-06,P022,West,W04,569,13,19,563,0
2026-02-07,P022,West,W04,563,19,21,561,0
2026-02-08,P022,West,W04,561,13,21,553,0
2026-02-09,P022,West,W04,553,14,20,547,0
2026-02-10,P022,West,W04,547,15,22,540,0
2026-02-11,P022,West,W04,540,17,17,540,0
2026-02-12,P022,West,W04,540,16,17,539,0
2026-02-13,P022,West,W04,539,18,21,536,0
2026-02-14,P022,West,W04,536,11,22,525,0
2026-02-15,P022,West,W04,525,15,15,525,0
2026-02-16,P022,West,W04,525,10,19,516,0
2026-02-17,P022,West,W04,516,17,17,516,0
2026-02-18,P022,West,W04,516,9,16,509,0
2026-02-19,P022,West,W04,509,22,26,505,0
2026-02-20,P022,West,W04,505,1,24,482,0
2026-02-21,P022,West,W04,482,2,23,461,0
2026-02-22,P022,West,W04,461,3,26,438,0
2026-02-23,P022,West,W04,438,3,9,432,0
2026-02-24,P022,West,W04,432,3,14,421,0
2026-02-25,P022,West,W04,421,8,11,418,0
2026-02-26,P022,West,W04,418,3,8,413,0
2026-02-27,P022,West,W04,413,5,19,399,0
2026-02-28,P022,West,W04,399,3,13,389,0
2026-03-01,P022,West,W04,389,19,17,391,0
2026-03-02,P022,West,W04,391,12,13,390,0
2026-03-03,P022,West,W04,390,13,22,381,0
2026-03-04,P022,West,W04,381,20,21,380,0
2026-03-05,P022,West,W04,380,18,19,379,0
2026-03-06,P022,West,W04,379,26,14,391,0
2026-03-07,P022,West,W04,391,18,19,390,0
2026-03-08,P022,West,W04,390,9,16,383,0
2026-03-09,P022,West,W04,383,13,15,381,0
2026-03-10,P022,West,W04,381,16,23,374,0
2026-03-11,P022,West,W04,374,13,23,364,0
2026-03-12,P022,West,W04,364,22,23,363,0
2026-03-13,P022,West,W04,363,17,21,359,0
2026-03-14,P022,West,W04,359,16,20,355,0
2026-03-15,P022,West,W04,355,18,21,352,0
2026-03-16,P022,West,W04,352,15,16,351,0
2026-03-17,P022,West,W04,351,5,20,336,0
2026-03-18,P022,West,W04,336,19,26,329,0
2026-03-19,P022,West,W04,329,25,16,338,0
2026-03-20,P022,West,W04,338,17,16,339,0
2026-03-21,P022,West,W04,339,13,18,334,0
2026-03-22,P022,West,W04,334,12,24,322,0
2026-03-23,P022,West,W04,322,15,15,322,0
2026-03-24,P022,West,W04,322,14,14,322,0
2026-03-25,P022,West,W04,322,12,18,316,0
2026-03-26,P022,West,W04,316,20,22,314,0
2026-03-27,P022,West,W04,314,18,16,316,0
2026-03-28,P022,West,W04,316,21,14,323,0
2026-03-29,P022,West,W04,323,14,28,309,0
2026-03-30,P022,West,W04,309,19,14,314,0
2026-03-31,P022,West,W04,314,15,15,314,0
2026-04-01,P022,West,W04,314,13,23,304,0
2026-04-02,P022,West,W04,304,14,18,300,0
2026-04-03,P022,West,W04,300,11,23,288,0
2026-04-04,P022,West,W04,288,17,19,286,0
2026-04-05,P022,West,W04,286,16,26,276,0
2026-04-06,P022,West,W04,276,13,14,275,0
2026-04-07,P022,West,W04,275,17,12,280,0
2026-04-08,P022,West,W04,280,10,23,267,0
2026-04-09,P022,West,W04,267,16,15,268,0
2026-04-10,P022,West,W04,268,16,20,264,0
2026-04-11,P022,West,W04,264,12,20,256,0
2026-04-12,P022,West,W04,256,18,18,256,0
2026-04-13,P022,West,W04,256,13,16,253,0
2026-04-14,P022,West,W04,253,11,17,247,0
2026-04-15,P022,West,W04,247,15,19,243,0
2026-04-16,P022,West,W04,243,14,13,244,0
2026-04-17,P022,West,W04,244,13,15,242,0
2026-04-18,P022,West,W04,242,12,18,236,0
2026-04-19,P022,West,W04,236,18,14,240,0
2026-04-20,P022,West,W04,240,16,16,240,0
2026-04-21,P022,West,W04,240,12,24,228,0
2026-04-22,P022,West,W04,228,11,21,218,0
2026-04-23,P022,West,W04,218,21,18,221,0
2026-04-24,P022,West,W04,221,21,16,226,0
2026-04-25,P022,West,W04,226,17,22,221,0
2026-04-26,P022,West,W04,221,16,19,218,0
2026-04-27,P022,West,W04,218,11,15,214,0
2026-04-28,P022,West,W04,214,16,26,204,0
2026-04-29,P022,West,W04,204,9,15,198,0
2026-04-30,P022,West,W04,198,15,18,195,0
2026-05-01,P022,West,W04,195,11,30,176,0
2026-05-02,P022,West,W04,176,9,16,169,0
2026-05-03,P022,West,W04,169,18,15,172,0
2026-05-04,P022,West,W04,172,10,25,157,0
2026-05-05,P022,West,W04,157,14,18,153,0
2026-05-06,P022,West,W04,153,15,12,156,0
2026-05-07,P022,West,W04,156,19,12,163,0
2026-05-08,P022,West,W04,163,11,19,155,0
2026-05-09,P022,West,W04,155,13,20,148,0
2026-05-10,P022,West,W04,148,21,14,155,0
2026-05-11,P022,West,W04,155,9,16,148,0
2026-05-12,P022,West,W04,148,24,18,154,0
2026-05-13,P022,West,W04,154,17,15,156,0
2026-05-14,P022,West,W04,156,8,29,135,0
2026-05-15,P022,West,W04,135,12,12,135,0
2026-05-16,P022,West,W04,135,16,12,139,0
2026-05-17,P022,West,W04,139,12,19,132,0
2026-05-18,P022,West,W04,132,24,27,129,0
2026-05-19,P022,West,W04,129,19,21,127,0
2026-05-20,P022,West,W04,127,24,23,128,0
2026-05-21,P022,West,W04,128,9,20,117,0
2026-05-22,P022,West,W04,117,14,18,113,0
2026-05-23,P022,West,W04,113,11,30,94,0
2026-05-24,P022,West,W04,94,17,16,95,0
2026-05-25,P022,West,W04,95,14,14,95,0
2026-05-26,P022,West,W04,95,19,11,103,0
2026-05-27,P022,West,W04,103,13,17,99,0
2026-05-28,P022,West,W04,99,10,25,84,0
2026-05-29,P022,West,W04,84,14,11,87,0
2026-05-30,P022,West,W04,87,15,17,85,0
2026-05-31,P022,West,W04,85,19,21,83,0
2026-06-01,P022,West,W04,83,13,20,76,0
2026-06-02,P022,West,W04,76,17,21,72,0
2026-06-03,P022,West,W04,72,13,24,61,0
2026-06-04,P022,West,W04,61,15,18,58,0
2026-06-05,P022,West,W04,58,18,24,52,0
2026-06-06,P022,West,W04,52,15,19,48,0
2026-06-07,P022,West,W04,48,14,26,36,0
2026-06-08,P022,West,W04,36,19,22,33,0
2026-06-09,P022,West,W04,33,10,26,17,0
2026-06-10,P022,West,W04,17,15,22,10,0
2026-06-11,P022,West,W04,10,14,23,1,0
2026-06-12,P022,West,W04,1,12,13,0,10
2026-06-13,P022,West,W04,0,11,11,0,13
2026-06-14,P022,West,W04,0,20,20,0,7
2026-06-15,P022,West,W04,0,17,17,0,9
2026-06-16,P022,West,W04,0,12,12,0,11
2026-06-17,P022,West,W04,0,14,14,0,0
2026-06-18,P022,West,W04,0,12,12,0,5
2026-06-19,P022,West,W04,0,17,17,0,5
2026-06-20,P022,West,W04,0,19,14,5,0
2026-06-21,P022,West,W04,5,19,15,9,0
2026-06-22,P022,West,W04,9,13,19,3,0
2026-06-23,P022,West,W04,3,13,16,0,5
2026-06-24,P022,West,W04,0,11,11,0,15
2026-06-25,P022,West,W04,0,15,15,0,6
2026-06-26,P022,West,W04,0,13,13,0,4
2026-06-27,P022,West,W04,0,14,14,0,10
2026-06-28,P022,West,W04,0,20,18,2,0
2026-06-29,P022,West,W04,2,15,17,0,7
2026-06-30,P022,West,W04,0,15,15,0,9
2026-01-01,P023,North,W01,369,13,14,368,0
2026-01-02,P023,North,W01,368,25,20,373,0
2026-01-03,P023,North,W01,373,13,21,365,0
2026-01-04,P023,North,W01,365,11,17,359,0
2026-01-05,P023,North,W01,359,21,21,359,0
2026-01-06,P023,North,W01,359,17,12,364,0
2026-01-07,P023,North,W01,364,10,19,355,0
2026-01-08,P023,North,W01,355,14,11,358,0
2026-01-09,P023,North,W01,358,14,11,361,0
2026-01-10,P023,North,W01,361,14,18,357,0
2026-01-11,P023,North,W01,357,14,20,351,0
2026-01-12,P023,North,W01,351,17,15,353,0
2026-01-13,P023,North,W01,353,19,14,358,0
2026-01-14,P023,North,W01,358,17,23,352,0
2026-01-15,P023,North,W01,352,14,18,348,0
2026-01-16,P023,North,W01,348,12,19,341,0
2026-01-17,P023,North,W01,341,14,20,335,0
2026-01-18,P023,North,W01,335,21,21,335,0
2026-01-19,P023,North,W01,335,12,17,330,0
2026-01-20,P023,North,W01,330,10,21,319,0
2026-01-21,P023,North,W01,319,15,12,322,0
2026-01-22,P023,North,W01,322,15,24,313,0
2026-01-23,P023,North,W01,313,15,22,306,0
2026-01-24,P023,North,W01,306,12,18,300,0
2026-01-25,P023,North,W01,300,14,18,296,0
2026-01-26,P023,North,W01,296,15,15,296,0
2026-01-27,P023,North,W01,296,13,10,299,0
2026-01-28,P023,North,W01,299,8,14,293,0
2026-01-29,P023,North,W01,293,10,18,285,0
2026-01-30,P023,North,W01,285,14,11,288,0
2026-01-31,P023,North,W01,288,14,24,278,0
2026-02-01,P023,North,W01,278,16,30,264,0
2026-02-02,P023,North,W01,264,8,21,251,0
2026-02-03,P023,North,W01,251,18,17,252,0
2026-02-04,P023,North,W01,252,14,16,250,0
2026-02-05,P023,North,W01,250,19,25,244,0
2026-02-06,P023,North,W01,244,15,20,239,0
2026-02-07,P023,North,W01,239,9,24,224,0
2026-02-08,P023,North,W01,224,15,15,224,0
2026-02-09,P023,North,W01,224,14,13,225,0
2026-02-10,P023,North,W01,225,12,19,218,0
2026-02-11,P023,North,W01,218,14,16,216,0
2026-02-12,P023,North,W01,216,17,18,215,0
2026-02-13,P023,North,W01,215,13,16,212,0
2026-02-14,P023,North,W01,212,13,16,209,0
2026-02-15,P023,North,W01,209,14,9,214,0
2026-02-16,P023,North,W01,214,19,22,211,0
2026-02-17,P023,North,W01,211,13,20,204,0
2026-02-18,P023,North,W01,204,12,20,196,0
2026-02-19,P023,North,W01,196,12,26,182,0
2026-02-20,P023,North,W01,182,1,16,167,0
2026-02-21,P023,North,W01,167,2,19,150,0
2026-02-22,P023,North,W01,150,8,19,139,0
2026-02-23,P023,North,W01,139,1,18,122,0
2026-02-24,P023,North,W01,122,5,28,99,0
2026-02-25,P023,North,W01,99,2,16,85,0
2026-02-26,P023,North,W01,85,4,22,67,0
2026-02-27,P023,North,W01,67,3,15,55,0
2026-02-28,P023,North,W01,55,4,23,36,0
2026-03-01,P023,North,W01,36,24,18,42,0
2026-03-02,P023,North,W01,42,15,14,43,0
2026-03-03,P023,North,W01,43,19,15,47,0
2026-03-04,P023,North,W01,47,7,26,28,0
2026-03-05,P023,North,W01,28,11,24,15,0
2026-03-06,P023,North,W01,15,9,24,0,11
2026-03-07,P023,North,W01,0,24,17,7,0
2026-03-08,P023,North,W01,7,28,16,19,0
2026-03-09,P023,North,W01,19,17,27,9,0
2026-03-10,P023,North,W01,9,16,19,6,0
2026-03-11,P023,North,W01,6,14,14,6,0
2026-03-12,P023,North,W01,6,13,19,0,9
2026-03-13,P023,North,W01,0,11,11,0,10
2026-03-14,P023,North,W01,0,16,16,0,14
2026-03-15,P023,North,W01,0,12,12,0,4
2026-03-16,P023,North,W01,0,11,11,0,9
2026-03-17,P023,North,W01,0,18,18,0,0
2026-03-18,P023,North,W01,0,16,16,0,8
2026-03-19,P023,North,W01,0,8,8,0,15
2026-03-20,P023,North,W01,0,16,9,7,0
2026-03-21,P023,North,W01,7,15,18,4,0
2026-03-22,P023,North,W01,4,14,18,0,0
2026-03-23,P023,North,W01,0,15,15,0,5
2026-03-24,P023,North,W01,0,13,13,0,12
2026-03-25,P023,North,W01,0,16,15,1,0
2026-03-26,P023,North,W01,1,12,13,0,10
2026-03-27,P023,North,W01,0,12,12,0,12
2026-03-28,P023,North,W01,0,11,11,0,4
2026-03-29,P023,North,W01,0,17,17,0,10
2026-03-30,P023,North,W01,0,10,10,0,5
2026-03-31,P023,North,W01,0,12,12,0,10
2026-04-01,P023,North,W01,0,12,12,0,14
2026-04-02,P023,North,W01,0,14,14,0,14
2026-04-03,P023,North,W01,0,11,11,0,15
2026-04-04,P023,North,W01,0,14,14,0,5
2026-04-05,P023,North,W01,0,20,20,0,6
2026-04-06,P023,North,W01,0,14,14,0,6
2026-04-07,P023,North,W01,0,17,17,0,11
2026-04-08,P023,North,W01,0,22,21,1,0
2026-04-09,P023,North,W01,1,13,14,0,15
2026-04-10,P023,North,W01,0,13,13,0,15
2026-04-11,P023,North,W01,0,11,11,0,10
2026-04-12,P023,North,W01,0,8,8,0,11
2026-04-13,P023,North,W01,0,17,15,2,0
2026-04-14,P023,North,W01,2,9,11,0,8
2026-04-15,P023,North,W01,0,16,14,2,0
2026-04-16,P023,North,W01,2,14,16,0,0
2026-04-17,P023,North,W01,0,15,14,1,0
2026-04-18,P023,North,W01,1,19,20,0,8
2026-04-19,P023,North,W01,0,19,10,9,0
2026-04-20,P023,North,W01,9,14,15,8,0
2026-04-21,P023,North,W01,8,16,16,8,0
2026-04-22,P023,North,W01,8,8,16,0,0
2026-04-23,P023,North,W01,0,13,13,0,5
2026-04-24,P023,North,W01,0,20,20,0,12
2026-04-25,P023,North,W01,0,17,14,3,0
2026-04-26,P023,North,W01,3,15,15,3,0
2026-04-27,P023,North,W01,3,13,16,0,4
2026-04-28,P023,North,W01,0,9,9,0,13
2026-04-29,P023,North,W01,0,16,16,0,0
2026-04-30,P023,North,W01,0,10,10,0,15
2026-05-01,P023,North,W01,0,17,17,0,8
2026-05-02,P023,North,W01,0,17,17,0,8
2026-05-03,P023,North,W01,0,9,9,0,7
2026-05-04,P023,North,W01,0,20,20,0,10
2026-05-05,P023,North,W01,0,15,15,0,5
2026-05-06,P023,North,W01,0,10,10,0,13
2026-05-07,P023,North,W01,0,17,17,0,7
2026-05-08,P023,North,W01,0,18,18,0,6
2026-05-09,P023,North,W01,0,14,14,0,9
2026-05-10,P023,North,W01,0,16,16,0,7
2026-05-11,P023,North,W01,0,23,19,4,0
2026-05-12,P023,North,W01,4,15,17,2,0
2026-05-13,P023,North,W01,2,12,14,0,0
2026-05-14,P023,North,W01,0,12,12,0,12
2026-05-15,P023,North,W01,0,17,11,6,0
2026-05-16,P023,North,W01,6,16,22,0,12
2026-05-17,P023,North,W01,0,14,14,0,13
2026-05-18,P023,North,W01,0,22,20,2,0
2026-05-19,P023,North,W01,2,17,11,8,0
2026-05-20,P023,North,W01,8,15,23,0,4
2026-05-21,P023,North,W01,0,16,16,0,8
2026-05-22,P023,North,W01,0,19,19,0,9
2026-05-23,P023,North,W01,0,15,15,0,7
2026-05-24,P023,North,W01,0,16,15,1,0
2026-05-25,P023,North,W01,1,16,17,0,11
2026-05-26,P023,North,W01,0,13,13,0,15
2026-05-27,P023,North,W01,0,20,19,1,0
2026-05-28,P023,North,W01,1,11,12,0,15
2026-05-29,P023,North,W01,0,22,16,6,0
2026-05-30,P023,North,W01,6,18,24,0,0
2026-05-31,P023,North,W01,0,11,11,0,12
2026-06-01,P023,North,W01,0,9,9,0,8
2026-06-02,P023,North,W01,0,13,13,0,11
2026-06-03,P023,North,W01,0,19,19,0,14
2026-06-04,P023,North,W01,0,12,12,0,0
2026-06-05,P023,North,W01,0,9,9,0,9
2026-06-06,P023,North,W01,0,16,14,2,0
2026-06-07,P023,North,W01,2,10,12,0,10
2026-06-08,P023,North,W01,0,17,17,0,4
2026-06-09,P023,North,W01,0,17,17,0,14
2026-06-10,P023,North,W01,0,14,14,0,7
2026-06-11,P023,North,W01,0,16,16,0,6
2026-06-12,P023,North,W01,0,9,9,0,8
2026-06-13,P023,North,W01,0,13,13,0,14
2026-06-14,P023,North,W01,0,13,13,0,5
2026-06-15,P023,North,W01,0,13,13,0,10
2026-06-16,P023,North,W01,0,14,14,0,11
2026-06-17,P023,North,W01,0,17,17,0,4
2026-06-18,P023,North,W01,0,13,13,0,15
2026-06-19,P023,North,W01,0,19,19,0,6
2026-06-20,P023,North,W01,0,9,9,0,7
2026-06-21,P023,North,W01,0,17,17,0,7
2026-06-22,P023,North,W01,0,10,10,0,13
2026-06-23,P023,North,W01,0,12,12,0,5
2026-06-24,P023,North,W01,0,20,20,0,7
2026-06-25,P023,North,W01,0,17,17,0,14
2026-06-26,P023,North,W01,0,11,11,0,6
2026-06-27,P023,North,W01,0,9,9,0,0
2026-06-28,P023,North,W01,0,9,9,0,7
2026-06-29,P023,North,W01,0,17,17,0,10
2026-06-30,P023,North,W01,0,13,13,0,14
2026-01-01,P023,South,W02,525,9,16,518,0
2026-01-02,P023,South,W02,518,13,12,519,0
2026-01-03,P023,South,W02,519,13,19,513,0
2026-01-04,P023,South,W02,513,17,16,514,0
2026-01-05,P023,South,W02,514,19,10,523,0
2026-01-06,P023,South,W02,523,17,11,529,0
2026-01-07,P023,South,W02,529,16,12,533,0
2026-01-08,P023,South,W02,533,16,20,529,0
2026-01-09,P023,South,W02,529,17,17,529,0
2026-01-10,P023,South,W02,529,12,24,517,0
2026-01-11,P023,South,W02,517,12,20,509,0
2026-01-12,P023,South,W02,509,10,20,499,0
2026-01-13,P023,South,W02,499,9,17,491,0
2026-01-14,P023,South,W02,491,15,14,492,0
2026-01-15,P023,South,W02,492,17,13,496,0
2026-01-16,P023,South,W02,496,12,23,485,0
2026-01-17,P023,South,W02,485,17,20,482,0
2026-01-18,P023,South,W02,482,17,18,481,0
2026-01-19,P023,South,W02,481,20,17,484,0
2026-01-20,P023,South,W02,484,12,11,485,0
2026-01-21,P023,South,W02,485,17,17,485,0
2026-01-22,P023,South,W02,485,9,14,480,0
2026-01-23,P023,South,W02,480,16,22,474,0
2026-01-24,P023,South,W02,474,21,11,484,0
2026-01-25,P023,South,W02,484,19,20,483,0
2026-01-26,P023,South,W02,483,9,23,469,0
2026-01-27,P023,South,W02,469,16,11,474,0
2026-01-28,P023,South,W02,474,20,19,475,0
2026-01-29,P023,South,W02,475,12,16,471,0
2026-01-30,P023,South,W02,471,14,10,475,0
2026-01-31,P023,South,W02,475,14,25,464,0
2026-02-01,P023,South,W02,464,16,15,465,0
2026-02-02,P023,South,W02,465,13,16,462,0
2026-02-03,P023,South,W02,462,19,18,463,0
2026-02-04,P023,South,W02,463,17,21,459,0
2026-02-05,P023,South,W02,459,8,20,447,0
2026-02-06,P023,South,W02,447,22,20,449,0
2026-02-07,P023,South,W02,449,17,15,451,0
2026-02-08,P023,South,W02,451,8,19,440,0
2026-02-09,P023,South,W02,440,11,20,431,0
2026-02-10,P023,South,W02,431,7,22,416,0
2026-02-11,P023,South,W02,416,15,14,417,0
2026-02-12,P023,South,W02,417,17,8,426,0
2026-02-13,P023,South,W02,426,13,18,421,0
2026-02-14,P023,South,W02,421,11,27,405,0
2026-02-15,P023,South,W02,405,21,14,412,0
2026-02-16,P023,South,W02,412,16,18,410,0
2026-02-17,P023,South,W02,410,13,23,400,0
2026-02-18,P023,South,W02,400,13,15,398,0
2026-02-19,P023,South,W02,398,19,11,406,0
2026-02-20,P023,South,W02,406,3,14,395,0
2026-02-21,P023,South,W02,395,5,19,381,0
2026-02-22,P023,South,W02,381,3,18,366,0
2026-02-23,P023,South,W02,366,5,23,348,0
2026-02-24,P023,South,W02,348,4,21,331,0
2026-02-25,P023,South,W02,331,2,15,318,0
2026-02-26,P023,South,W02,318,7,11,314,0
2026-02-27,P023,South,W02,314,1,25,290,0
2026-02-28,P023,South,W02,290,2,24,268,0
2026-03-01,P023,South,W02,268,9,15,262,0
2026-03-02,P023,South,W02,262,14,20,256,0
2026-03-03,P023,South,W02,256,14,26,244,0
2026-03-04,P023,South,W02,244,20,19,245,0
2026-03-05,P023,South,W02,245,14,15,244,0
2026-03-06,P023,South,W02,244,13,17,240,0
2026-03-07,P023,South,W02,240,16,20,236,0
2026-03-08,P023,South,W02,236,20,18,238,0
2026-03-09,P023,South,W02,238,15,17,236,0
2026-03-10,P023,South,W02,236,16,20,232,0
2026-03-11,P023,South,W02,232,20,8,244,0
2026-03-12,P023,South,W02,244,7,16,235,0
2026-03-13,P023,South,W02,235,11,19,227,0
2026-03-14,P023,South,W02,227,16,15,228,0
2026-03-15,P023,South,W02,228,18,9,237,0
2026-03-16,P023,South,W02,237,15,11,241,0
2026-03-17,P023,South,W02,241,12,16,237,0
2026-03-18,P023,South,W02,237,19,28,228,0
2026-03-19,P023,South,W02,228,16,19,225,0
2026-03-20,P023,South,W02,225,13,20,218,0
2026-03-21,P023,South,W02,218,19,17,220,0
2026-03-22,P023,South,W02,220,21,18,223,0
2026-03-23,P023,South,W02,223,14,16,221,0
2026-03-24,P023,South,W02,221,25,19,227,0
2026-03-25,P023,South,W02,227,13,19,221,0
2026-03-26,P023,South,W02,221,14,13,222,0
2026-03-27,P023,South,W02,222,16,15,223,0
2026-03-28,P023,South,W02,223,12,17,218,0
2026-03-29,P023,South,W02,218,16,12,222,0
2026-03-30,P023,South,W02,222,13,24,211,0
2026-03-31,P023,South,W02,211,21,18,214,0
2026-04-01,P023,South,W02,214,11,9,216,0
2026-04-02,P023,South,W02,216,17,10,223,0
2026-04-03,P023,South,W02,223,11,20,214,0
2026-04-04,P023,South,W02,214,13,27,200,0
2026-04-05,P023,South,W02,200,16,13,203,0
2026-04-06,P023,South,W02,203,13,19,197,0
2026-04-07,P023,South,W02,197,13,21,189,0
2026-04-08,P023,South,W02,189,15,13,191,0
2026-04-09,P023,South,W02,191,20,18,193,0
2026-04-10,P023,South,W02,193,19,14,198,0
2026-04-11,P023,South,W02,198,19,12,205,0
2026-04-12,P023,South,W02,205,22,13,214,0
2026-04-13,P023,South,W02,214,15,28,201,0
2026-04-14,P023,South,W02,201,19,18,202,0
2026-04-15,P023,South,W02,202,21,32,191,0
2026-04-16,P023,South,W02,191,16,18,189,0
2026-04-17,P023,South,W02,189,19,15,193,0
2026-04-18,P023,South,W02,193,20,24,189,0
2026-04-19,P023,South,W02,189,19,17,191,0
2026-04-20,P023,South,W02,191,9,18,182,0
2026-04-21,P023,South,W02,182,11,19,174,0
2026-04-22,P023,South,W02,174,16,18,172,0
2026-04-23,P023,South,W02,172,17,15,174,0
2026-04-24,P023,South,W02,174,16,18,172,0
2026-04-25,P023,South,W02,172,18,16,174,0
2026-04-26,P023,South,W02,174,9,16,167,0
2026-04-27,P023,South,W02,167,20,20,167,0
2026-04-28,P023,South,W02,167,9,19,157,0
2026-04-29,P023,South,W02,157,17,12,162,0
2026-04-30,P023,South,W02,162,14,15,161,0
2026-05-01,P023,South,W02,161,15,18,158,0
2026-05-02,P023,South,W02,158,11,17,152,0
2026-05-03,P023,South,W02,152,21,15,158,0
2026-05-04,P023,South,W02,158,11,21,148,0
2026-05-05,P023,South,W02,148,8,22,134,0
2026-05-06,P023,South,W02,134,15,26,123,0
2026-05-07,P023,South,W02,123,18,16,125,0
2026-05-08,P023,South,W02,125,7,20,112,0
2026-05-09,P023,South,W02,112,17,25,104,0
2026-05-10,P023,South,W02,104,15,19,100,0
2026-05-11,P023,South,W02,100,26,18,108,0
2026-05-12,P023,South,W02,108,15,27,96,0
2026-05-13,P023,South,W02,96,11,18,89,0
2026-05-14,P023,South,W02,89,24,18,95,0
2026-05-15,P023,South,W02,95,8,21,82,0
2026-05-16,P023,South,W02,82,22,23,81,0
2026-05-17,P023,South,W02,81,19,30,70,0
2026-05-18,P023,South,W02,70,12,14,68,0
2026-05-19,P023,South,W02,68,14,27,55,0
2026-05-20,P023,South,W02,55,20,28,47,0
2026-05-21,P023,South,W02,47,20,14,53,0
2026-05-22,P023,South,W02,53,12,17,48,0
2026-05-23,P023,South,W02,48,14,17,45,0
2026-05-24,P023,South,W02,45,12,17,40,0
2026-05-25,P023,South,W02,40,18,24,34,0
2026-05-26,P023,South,W02,34,15,20,29,0
2026-05-27,P023,South,W02,29,17,16,30,0
2026-05-28,P023,South,W02,30,20,22,28,0
2026-05-29,P023,South,W02,28,14,18,24,0
2026-05-30,P023,South,W02,24,17,17,24,0
2026-05-31,P023,South,W02,24,14,24,14,0
2026-06-01,P023,South,W02,14,17,25,6,0
2026-06-02,P023,South,W02,6,11,16,1,0
2026-06-03,P023,South,W02,1,12,13,0,4
2026-06-04,P023,South,W02,0,14,14,0,8
2026-06-05,P023,South,W02,0,15,15,0,14
2026-06-06,P023,South,W02,0,15,15,0,11
2026-06-07,P023,South,W02,0,21,21,0,12
2026-06-08,P023,South,W02,0,13,13,0,11
2026-06-09,P023,South,W02,0,12,12,0,9
2026-06-10,P023,South,W02,0,14,14,0,13
2026-06-11,P023,South,W02,0,18,18,0,14
2026-06-12,P023,South,W02,0,13,13,0,15
2026-06-13,P023,South,W02,0,11,11,0,11
2026-06-14,P023,South,W02,0,12,12,0,4
2026-06-15,P023,South,W02,0,16,16,0,6
2026-06-16,P023,South,W02,0,21,17,4,0
2026-06-17,P023,South,W02,4,20,15,9,0
2026-06-18,P023,South,W02,9,22,22,9,0
2026-06-19,P023,South,W02,9,17,19,7,0
2026-06-20,P023,South,W02,7,11,18,0,12
2026-06-21,P023,South,W02,0,15,15,0,0
2026-06-22,P023,South,W02,0,14,14,0,12
2026-06-23,P023,South,W02,0,17,17,0,8
2026-06-24,P023,South,W02,0,14,14,0,13
2026-06-25,P023,South,W02,0,16,16,0,13
2026-06-26,P023,South,W02,0,20,20,0,0
2026-06-27,P023,South,W02,0,16,16,0,15
2026-06-28,P023,South,W02,0,13,13,0,6
2026-06-29,P023,South,W02,0,20,20,0,0
2026-06-30,P023,South,W02,0,14,12,2,0
2026-01-01,P023,East,W03,510,17,21,506,0
2026-01-02,P023,East,W03,506,10,21,495,0
2026-01-03,P023,East,W03,495,11,19,487,0
2026-01-04,P023,East,W03,487,18,16,489,0
2026-01-05,P023,East,W03,489,16,17,488,0
2026-01-06,P023,East,W03,488,19,24,483,0
2026-01-07,P023,East,W03,483,17,18,482,0
2026-01-08,P023,East,W03,482,13,17,478,0
2026-01-09,P023,East,W03,478,21,27,472,0
2026-01-10,P023,East,W03,472,12,19,465,0
2026-01-11,P023,East,W03,465,15,25,455,0
2026-01-12,P023,East,W03,455,13,21,447,0
2026-01-13,P023,East,W03,447,16,14,449,0
2026-01-14,P023,East,W03,449,17,17,449,0
2026-01-15,P023,East,W03,449,8,11,446,0
2026-01-16,P023,East,W03,446,17,12,451,0
2026-01-17,P023,East,W03,451,20,28,443,0
2026-01-18,P023,East,W03,443,14,19,438,0
2026-01-19,P023,East,W03,438,21,23,436,0
2026-01-20,P023,East,W03,436,17,23,430,0
2026-01-21,P023,East,W03,430,7,17,420,0
2026-01-22,P023,East,W03,420,16,10,426,0
2026-01-23,P023,East,W03,426,15,25,416,0
2026-01-24,P023,East,W03,416,14,14,416,0
2026-01-25,P023,East,W03,416,19,17,418,0
2026-01-26,P023,East,W03,418,12,14,416,0
2026-01-27,P023,East,W03,416,19,23,412,0
2026-01-28,P023,East,W03,412,11,15,408,0
2026-01-29,P023,East,W03,408,15,11,412,0
2026-01-30,P023,East,W03,412,20,26,406,0
2026-01-31,P023,East,W03,406,20,14,412,0
2026-02-01,P023,East,W03,412,14,15,411,0
2026-02-02,P023,East,W03,411,15,12,414,0
2026-02-03,P023,East,W03,414,12,25,401,0
2026-02-04,P023,East,W03,401,9,19,391,0
2026-02-05,P023,East,W03,391,21,23,389,0
2026-02-06,P023,East,W03,389,22,20,391,0
2026-02-07,P023,East,W03,391,24,17,398,0
2026-02-08,P023,East,W03,398,9,22,385,0
2026-02-09,P023,East,W03,385,16,19,382,0
2026-02-10,P023,East,W03,382,14,22,374,0
2026-02-11,P023,East,W03,374,15,19,370,0
2026-02-12,P023,East,W03,370,16,18,368,0
2026-02-13,P023,East,W03,368,14,16,366,0
2026-02-14,P023,East,W03,366,11,25,352,0
2026-02-15,P023,East,W03,352,10,19,343,0
2026-02-16,P023,East,W03,343,18,12,349,0
2026-02-17,P023,East,W03,349,13,20,342,0
2026-02-18,P023,East,W03,342,17,16,343,0
2026-02-19,P023,East,W03,343,15,17,341,0
2026-02-20,P023,East,W03,341,4,17,328,0
2026-02-21,P023,East,W03,328,2,21,309,0
2026-02-22,P023,East,W03,309,2,16,295,0
2026-02-23,P023,East,W03,295,3,16,282,0
2026-02-24,P023,East,W03,282,5,14,273,0
2026-02-25,P023,East,W03,273,3,14,262,0
2026-02-26,P023,East,W03,262,4,25,241,0
2026-02-27,P023,East,W03,241,0,22,219,0
2026-02-28,P023,East,W03,219,4,21,202,0
2026-03-01,P023,East,W03,202,19,18,203,0
2026-03-02,P023,East,W03,203,15,16,202,0
2026-03-03,P023,East,W03,202,12,13,201,0
2026-03-04,P023,East,W03,201,20,12,209,0
2026-03-05,P023,East,W03,209,11,22,198,0
2026-03-06,P023,East,W03,198,18,22,194,0
2026-03-07,P023,East,W03,194,6,24,176,0
2026-03-08,P023,East,W03,176,12,17,171,0
2026-03-09,P023,East,W03,171,17,16,172,0
2026-03-10,P023,East,W03,172,18,17,173,0
2026-03-11,P023,East,W03,173,18,21,170,0
2026-03-12,P023,East,W03,170,14,17,167,0
2026-03-13,P023,East,W03,167,15,25,157,0
2026-03-14,P023,East,W03,157,17,23,151,0
2026-03-15,P023,East,W03,151,15,23,143,0
2026-03-16,P023,East,W03,143,15,22,136,0
2026-03-17,P023,East,W03,136,20,18,138,0
2026-03-18,P023,East,W03,138,21,16,143,0
2026-03-19,P023,East,W03,143,13,12,144,0
2026-03-20,P023,East,W03,144,19,19,144,0
2026-03-21,P023,East,W03,144,21,16,149,0
2026-03-22,P023,East,W03,149,15,26,138,0
2026-03-23,P023,East,W03,138,17,20,135,0
2026-03-24,P023,East,W03,135,10,18,127,0
2026-03-25,P023,East,W03,127,12,26,113,0
2026-03-26,P023,East,W03,113,11,16,108,0
2026-03-27,P023,East,W03,108,15,18,105,0
2026-03-28,P023,East,W03,105,18,14,109,0
2026-03-29,P023,East,W03,109,16,19,106,0
2026-03-30,P023,East,W03,106,9,20,95,0
2026-03-31,P023,East,W03,95,19,23,91,0
2026-04-01,P023,East,W03,91,14,17,88,0
2026-04-02,P023,East,W03,88,12,21,79,0
2026-04-03,P023,East,W03,79,12,21,70,0
2026-04-04,P023,East,W03,70,14,21,63,0
2026-04-05,P023,East,W03,63,15,19,59,0
2026-04-06,P023,East,W03,59,16,16,59,0
2026-04-07,P023,East,W03,59,17,18,58,0
2026-04-08,P023,East,W03,58,18,20,56,0
2026-04-09,P023,East,W03,56,10,13,53,0
2026-04-10,P023,East,W03,53,20,20,53,0
2026-04-11,P023,East,W03,53,15,27,41,0
2026-04-12,P023,East,W03,41,11,16,36,0
2026-04-13,P023,East,W03,36,20,17,39,0
2026-04-14,P023,East,W03,39,20,14,45,0
2026-04-15,P023,East,W03,45,21,16,50,0
2026-04-16,P023,East,W03,50,17,18,49,0
2026-04-17,P023,East,W03,49,13,20,42,0
2026-04-18,P023,East,W03,42,14,13,43,0
2026-04-19,P023,East,W03,43,16,13,46,0
2026-04-20,P023,East,W03,46,19,17,48,0
2026-04-21,P023,East,W03,48,18,15,51,0
2026-04-22,P023,East,W03,51,20,20,51,0
2026-04-23,P023,East,W03,51,21,18,54,0
2026-04-24,P023,East,W03,54,14,25,43,0
2026-04-25,P023,East,W03,43,23,21,45,0
2026-04-26,P023,East,W03,45,23,17,51,0
2026-04-27,P023,East,W03,51,18,18,51,0
2026-04-28,P023,East,W03,51,25,19,57,0
2026-04-29,P023,East,W03,57,9,18,48,0
2026-04-30,P023,East,W03,48,18,15,51,0
2026-05-01,P023,East,W03,51,18,14,55,0
2026-05-02,P023,East,W03,55,10,19,46,0
2026-05-03,P023,East,W03,46,19,21,44,0
2026-05-04,P023,East,W03,44,20,19,45,0
2026-05-05,P023,East,W03,45,14,22,37,0
2026-05-06,P023,East,W03,37,16,20,33,0
2026-05-07,P023,East,W03,33,12,15,30,0
2026-05-08,P023,East,W03,30,19,17,32,0
2026-05-09,P023,East,W03,32,14,21,25,0
2026-05-10,P023,East,W03,25,12,18,19,0
2026-05-11,P023,East,W03,19,14,21,12,0
2026-05-12,P023,East,W03,12,14,20,6,0
2026-05-13,P023,East,W03,6,21,24,3,0
2026-05-14,P023,East,W03,3,15,18,0,8
2026-05-15,P023,East,W03,0,11,11,0,8
2026-05-16,P023,East,W03,0,12,12,0,12
2026-05-17,P023,East,W03,0,15,15,0,14
2026-05-18,P023,East,W03,0,18,18,0,4
2026-05-19,P023,East,W03,0,8,8,0,15
2026-05-20,P023,East,W03,0,16,16,0,0
2026-05-21,P023,East,W03,0,12,12,0,10
2026-05-22,P023,East,W03,0,10,10,0,11
2026-05-23,P023,East,W03,0,12,12,0,7
2026-05-24,P023,East,W03,0,14,14,0,14
2026-05-25,P023,East,W03,0,12,12,0,9
2026-05-26,P023,East,W03,0,14,14,0,6
2026-05-27,P023,East,W03,0,16,16,0,6
2026-05-28,P023,East,W03,0,12,12,0,6
2026-05-29,P023,East,W03,0,17,14,3,0
2026-05-30,P023,East,W03,3,13,16,0,12
2026-05-31,P023,East,W03,0,18,14,4,0
2026-06-01,P023,East,W03,4,10,14,0,13
2026-06-02,P023,East,W03,0,15,15,0,15
2026-06-03,P023,East,W03,0,12,12,0,10
2026-06-04,P023,East,W03,0,16,16,0,12
2026-06-05,P023,East,W03,0,16,16,0,4
2026-06-06,P023,East,W03,0,15,15,0,14
2026-06-07,P023,East,W03,0,19,19,0,14
2026-06-08,P023,East,W03,0,12,12,0,4
2026-06-09,P023,East,W03,0,11,11,0,12
2026-06-10,P023,East,W03,0,14,14,0,7
2026-06-11,P023,East,W03,0,18,18,0,10
2026-06-12,P023,East,W03,0,15,15,0,12
2026-06-13,P023,East,W03,0,17,17,0,13
2026-06-14,P023,East,W03,0,11,11,0,11
2026-06-15,P023,East,W03,0,10,10,0,6
2026-06-16,P023,East,W03,0,11,11,0,7
2026-06-17,P023,East,W03,0,15,15,0,6
2026-06-18,P023,East,W03,0,18,18,0,12
2026-06-19,P023,East,W03,0,14,14,0,11
2026-06-20,P023,East,W03,0,24,21,3,0
2026-06-21,P023,East,W03,3,25,27,1,0
2026-06-22,P023,East,W03,1,17,18,0,8
2026-06-23,P023,East,W03,0,12,12,0,10
2026-06-24,P023,East,W03,0,12,12,0,8
2026-06-25,P023,East,W03,0,14,14,0,7
2026-06-26,P023,East,W03,0,17,15,2,0
2026-06-27,P023,East,W03,2,21,15,8,0
2026-06-28,P023,East,W03,8,16,24,0,11
2026-06-29,P023,East,W03,0,9,9,0,7
2026-06-30,P023,East,W03,0,13,13,0,12
2026-01-01,P023,West,W04,304,19,25,298,0
2026-01-02,P023,West,W04,298,9,22,285,0
2026-01-03,P023,West,W04,285,15,20,280,0
2026-01-04,P023,West,W04,280,13,26,267,0
2026-01-05,P023,West,W04,267,20,20,267,0
2026-01-06,P023,West,W04,267,10,13,264,0
2026-01-07,P023,West,W04,264,12,23,253,0
2026-01-08,P023,West,W04,253,13,18,248,0
2026-01-09,P023,West,W04,248,24,22,250,0
2026-01-10,P023,West,W04,250,13,11,252,0
2026-01-11,P023,West,W04,252,12,19,245,0
2026-01-12,P023,West,W04,245,19,18,246,0
2026-01-13,P023,West,W04,246,8,18,236,0
2026-01-14,P023,West,W04,236,13,12,237,0
2026-01-15,P023,West,W04,237,11,19,229,0
2026-01-16,P023,West,W04,229,21,20,230,0
2026-01-17,P023,West,W04,230,10,17,223,0
2026-01-18,P023,West,W04,223,11,21,213,0
2026-01-19,P023,West,W04,213,18,25,206,0
2026-01-20,P023,West,W04,206,10,27,189,0
2026-01-21,P023,West,W04,189,14,21,182,0
2026-01-22,P023,West,W04,182,10,18,174,0
2026-01-23,P023,West,W04,174,14,22,166,0
2026-01-24,P023,West,W04,166,15,18,163,0
2026-01-25,P023,West,W04,163,8,19,152,0
2026-01-26,P023,West,W04,152,20,21,151,0
2026-01-27,P023,West,W04,151,19,14,156,0
2026-01-28,P023,West,W04,156,17,17,156,0
2026-01-29,P023,West,W04,156,16,25,147,0
2026-01-30,P023,West,W04,147,13,24,136,0
2026-01-31,P023,West,W04,136,22,15,143,0
2026-02-01,P023,West,W04,143,14,29,128,0
2026-02-02,P023,West,W04,128,11,16,123,0
2026-02-03,P023,West,W04,123,17,23,117,0
2026-02-04,P023,West,W04,117,15,16,116,0
2026-02-05,P023,West,W04,116,17,20,113,0
2026-02-06,P023,West,W04,113,9,11,111,0
2026-02-07,P023,West,W04,111,14,14,111,0
2026-02-08,P023,West,W04,111,8,17,102,0
2026-02-09,P023,West,W04,102,18,26,94,0
2026-02-10,P023,West,W04,94,12,13,93,0
2026-02-11,P023,West,W04,93,15,23,85,0
2026-02-12,P023,West,W04,85,13,22,76,0
2026-02-13,P023,West,W04,76,12,12,76,0
2026-02-14,P023,West,W04,76,12,21,67,0
2026-02-15,P023,West,W04,67,18,14,71,0
2026-02-16,P023,West,W04,71,10,15,66,0
2026-02-17,P023,West,W04,66,17,19,64,0
2026-02-18,P023,West,W04,64,10,28,46,0
2026-02-19,P023,West,W04,46,15,18,43,0
2026-02-20,P023,West,W04,43,3,16,30,0
2026-02-21,P023,West,W04,30,6,26,10,0
2026-02-22,P023,West,W04,10,4,14,0,11
2026-02-23,P023,West,W04,0,3,3,0,15
2026-02-24,P023,West,W04,0,4,4,0,12
2026-02-25,P023,West,W04,0,4,4,0,8
2026-02-26,P023,West,W04,0,2,2,0,9
2026-02-27,P023,West,W04,0,2,2,0,8
2026-02-28,P023,West,W04,0,1,1,0,14
2026-03-01,P023,West,W04,0,20,20,0,6
2026-03-02,P023,West,W04,0,17,17,0,14
2026-03-03,P023,West,W04,0,10,10,0,14
2026-03-04,P023,West,W04,0,16,16,0,15
2026-03-05,P023,West,W04,0,18,18,0,7
2026-03-06,P023,West,W04,0,10,10,0,6
2026-03-07,P023,West,W04,0,16,16,0,12
2026-03-08,P023,West,W04,0,15,11,4,0
2026-03-09,P023,West,W04,4,19,22,1,0
2026-03-10,P023,West,W04,1,16,17,0,8
2026-03-11,P023,West,W04,0,11,11,0,10
2026-03-12,P023,West,W04,0,13,13,0,5
2026-03-13,P023,West,W04,0,16,13,3,0
2026-03-14,P023,West,W04,3,15,18,0,13
2026-03-15,P023,West,W04,0,12,12,0,15
2026-03-16,P023,West,W04,0,10,10,0,5
2026-03-17,P023,West,W04,0,15,15,0,14
2026-03-18,P023,West,W04,0,17,17,0,0
2026-03-19,P023,West,W04,0,14,14,0,11
2026-03-20,P023,West,W04,0,17,17,0,15
2026-03-21,P023,West,W04,0,20,13,7,0
2026-03-22,P023,West,W04,7,18,12,13,0
2026-03-23,P023,West,W04,13,10,19,4,0
2026-03-24,P023,West,W04,4,11,15,0,11
2026-03-25,P023,West,W04,0,21,7,14,0
2026-03-26,P023,West,W04,14,6,19,1,0
2026-03-27,P023,West,W04,1,18,19,0,6
2026-03-28,P023,West,W04,0,9,9,0,14
2026-03-29,P023,West,W04,0,14,14,0,10
2026-03-30,P023,West,W04,0,13,13,0,15
2026-03-31,P023,West,W04,0,11,11,0,15
2026-04-01,P023,West,W04,0,13,13,0,9
2026-04-02,P023,West,W04,0,10,10,0,7
2026-04-03,P023,West,W04,0,9,9,0,11
2026-04-04,P023,West,W04,0,14,14,0,9
2026-04-05,P023,West,W04,0,19,17,2,0
2026-04-06,P023,West,W04,2,11,13,0,8
2026-04-07,P023,West,W04,0,16,16,0,14
2026-04-08,P023,West,W04,0,20,19,1,0
2026-04-09,P023,West,W04,1,8,9,0,14
2026-04-10,P023,West,W04,0,15,15,0,6
2026-04-11,P023,West,W04,0,17,17,0,8
2026-04-12,P023,West,W04,0,17,16,1,0
2026-04-13,P023,West,W04,1,16,17,0,0
2026-04-14,P023,West,W04,0,12,12,0,4
2026-04-15,P023,West,W04,0,11,11,0,7
2026-04-16,P023,West,W04,0,17,11,6,0
2026-04-17,P023,West,W04,6,9,15,0,0
2026-04-18,P023,West,W04,0,16,16,0,0
2026-04-19,P023,West,W04,0,18,13,5,0
2026-04-20,P023,West,W04,5,11,14,2,0
2026-04-21,P023,West,W04,2,9,11,0,10
2026-04-22,P023,West,W04,0,20,11,9,0
2026-04-23,P023,West,W04,9,22,10,21,0
2026-04-24,P023,West,W04,21,17,16,22,0
2026-04-25,P023,West,W04,22,13,16,19,0
2026-04-26,P023,West,W04,19,14,23,10,0
2026-04-27,P023,West,W04,10,23,21,12,0
2026-04-28,P023,West,W04,12,16,24,4,0
2026-04-29,P023,West,W04,4,15,19,0,9
2026-04-30,P023,West,W04,0,12,12,0,9
2026-05-01,P023,West,W04,0,14,14,0,12
2026-05-02,P023,West,W04,0,20,20,0,12
2026-05-03,P023,West,W04,0,14,14,0,5
2026-05-04,P023,West,W04,0,13,13,0,4
2026-05-05,P023,West,W04,0,18,18,0,0
2026-05-06,P023,West,W04,0,13,13,0,12
2026-05-07,P023,West,W04,0,11,11,0,10
2026-05-08,P023,West,W04,0,14,14,0,7
2026-05-09,P023,West,W04,0,12,12,0,7
2026-05-10,P023,West,W04,0,13,12,1,0
2026-05-11,P023,West,W04,1,10,11,0,6
2026-05-12,P023,West,W04,0,20,20,0,12
2026-05-13,P023,West,W04,0,19,19,0,9
2026-05-14,P023,West,W04,0,14,14,0,6
2026-05-15,P023,West,W04,0,14,14,0,0
2026-05-16,P023,West,W04,0,21,21,0,4
2026-05-17,P023,West,W04,0,20,18,2,0
2026-05-18,P023,West,W04,2,19,15,6,0
2026-05-19,P023,West,W04,6,22,12,16,0
2026-05-20,P023,West,W04,16,13,23,6,0
2026-05-21,P023,West,W04,6,11,17,0,0
2026-05-22,P023,West,W04,0,13,13,0,13
2026-05-23,P023,West,W04,0,11,11,0,12
2026-05-24,P023,West,W04,0,14,14,0,12
2026-05-25,P023,West,W04,0,15,12,3,0
2026-05-26,P023,West,W04,3,13,11,5,0
2026-05-27,P023,West,W04,5,15,17,3,0
2026-05-28,P023,West,W04,3,17,20,0,11
2026-05-29,P023,West,W04,0,11,11,0,6
2026-05-30,P023,West,W04,0,13,13,0,13
2026-05-31,P023,West,W04,0,14,14,0,14
2026-06-01,P023,West,W04,0,9,9,0,11
2026-06-02,P023,West,W04,0,14,14,0,9
2026-06-03,P023,West,W04,0,14,14,0,13
2026-06-04,P023,West,W04,0,11,11,0,8
2026-06-05,P023,West,W04,0,15,15,0,11
2026-06-06,P023,West,W04,0,15,15,0,10
2026-06-07,P023,West,W04,0,21,16,5,0
2026-06-08,P023,West,W04,5,19,24,0,0
2026-06-09,P023,West,W04,0,14,14,0,13
2026-06-10,P023,West,W04,0,13,13,0,5
2026-06-11,P023,West,W04,0,10,10,0,12
2026-06-12,P023,West,W04,0,15,15,0,13
2026-06-13,P023,West,W04,0,22,16,6,0
2026-06-14,P023,West,W04,6,12,18,0,8
2026-06-15,P023,West,W04,0,11,11,0,13
2026-06-16,P023,West,W04,0,15,15,0,9
2026-06-17,P023,West,W04,0,16,16,0,7
2026-06-18,P023,West,W04,0,19,15,4,0
2026-06-19,P023,West,W04,4,6,10,0,6
2026-06-20,P023,West,W04,0,15,15,0,15
2026-06-21,P023,West,W04,0,14,14,0,6
2026-06-22,P023,West,W04,0,17,17,0,13
2026-06-23,P023,West,W04,0,16,15,1,0
2026-06-24,P023,West,W04,1,18,17,2,0
2026-06-25,P023,West,W04,2,15,17,0,7
2026-06-26,P023,West,W04,0,20,18,2,0
2026-06-27,P023,West,W04,2,15,13,4,0
2026-06-28,P023,West,W04,4,11,15,0,6
2026-06-29,P023,West,W04,0,18,18,0,6
2026-06-30,P023,West,W04,0,16,16,0,9
2026-01-01,P024,North,W01,320,18,12,326,0
2026-01-02,P024,North,W01,326,20,19,327,0
2026-01-03,P024,North,W01,327,12,14,325,0
2026-01-04,P024,North,W01,325,10,18,317,0
2026-01-05,P024,North,W01,317,12,14,315,0
2026-01-06,P024,North,W01,315,13,21,307,0
2026-01-07,P024,North,W01,307,18,23,302,0
2026-01-08,P024,North,W01,302,15,13,304,0
2026-01-09,P024,North,W01,304,12,16,300,0
2026-01-10,P024,North,W01,300,13,12,301,0
2026-01-11,P024,North,W01,301,14,18,297,0
2026-01-12,P024,North,W01,297,24,18,303,0
2026-01-13,P024,North,W01,303,12,17,298,0
2026-01-14,P024,North,W01,298,15,13,300,0
2026-01-15,P024,North,W01,300,14,20,294,0
2026-01-16,P024,North,W01,294,18,16,296,0
2026-01-17,P024,North,W01,296,14,18,292,0
2026-01-18,P024,North,W01,292,16,20,288,0
2026-01-19,P024,North,W01,288,22,27,283,0
2026-01-20,P024,North,W01,283,6,26,263,0
2026-01-21,P024,North,W01,263,18,16,265,0
2026-01-22,P024,North,W01,265,17,17,265,0
2026-01-23,P024,North,W01,265,15,18,262,0
2026-01-24,P024,North,W01,262,20,20,262,0
2026-01-25,P024,North,W01,262,15,17,260,0
2026-01-26,P024,North,W01,260,14,18,256,0
2026-01-27,P024,North,W01,256,17,21,252,0
2026-01-28,P024,North,W01,252,21,17,256,0
2026-01-29,P024,North,W01,256,16,19,253,0
2026-01-30,P024,North,W01,253,21,19,255,0
2026-01-31,P024,North,W01,255,7,18,244,0
2026-02-01,P024,North,W01,244,17,23,238,0
2026-02-02,P024,North,W01,238,16,18,236,0
2026-02-03,P024,North,W01,236,10,20,226,0
2026-02-04,P024,North,W01,226,17,15,228,0
2026-02-05,P024,North,W01,228,16,20,224,0
2026-02-06,P024,North,W01,224,13,21,216,0
2026-02-07,P024,North,W01,216,19,15,220,0
2026-02-08,P024,North,W01,220,19,18,221,0
2026-02-09,P024,North,W01,221,7,20,208,0
2026-02-10,P024,North,W01,208,22,11,219,0
2026-02-11,P024,North,W01,219,18,19,218,0
2026-02-12,P024,North,W01,218,16,11,223,0
2026-02-13,P024,North,W01,223,15,14,224,0
2026-02-14,P024,North,W01,224,12,23,213,0
2026-02-15,P024,North,W01,213,12,14,211,0
2026-02-16,P024,North,W01,211,15,10,216,0
2026-02-17,P024,North,W01,216,10,18,208,0
2026-02-18,P024,North,W01,208,17,18,207,0
2026-02-19,P024,North,W01,207,14,15,206,0
2026-02-20,P024,North,W01,206,3,21,188,0
2026-02-21,P024,North,W01,188,3,19,172,0
2026-02-22,P024,North,W01,172,1,27,146,0
2026-02-23,P024,North,W01,146,3,19,130,0
2026-02-24,P024,North,W01,130,4,17,117,0
2026-02-25,P024,North,W01,117,3,20,100,0
2026-02-26,P024,North,W01,100,2,16,86,0
2026-02-27,P024,North,W01,86,3,23,66,0
2026-02-28,P024,North,W01,66,7,17,56,0
2026-03-01,P024,North,W01,56,17,17,56,0
2026-03-02,P024,North,W01,56,20,27,49,0
2026-03-03,P024,North,W01,49,19,19,49,0
2026-03-04,P024,North,W01,49,15,13,51,0
2026-03-05,P024,North,W01,51,13,18,46,0
2026-03-06,P024,North,W01,46,17,8,55,0
2026-03-07,P024,North,W01,55,14,15,54,0
2026-03-08,P024,North,W01,54,23,19,58,0
2026-03-09,P024,North,W01,58,16,22,52,0
2026-03-10,P024,North,W01,52,12,23,41,0
2026-03-11,P024,North,W01,41,19,15,45,0
2026-03-12,P024,North,W01,45,17,17,45,0
2026-03-13,P024,North,W01,45,15,20,40,0
2026-03-14,P024,North,W01,40,10,18,32,0
2026-03-15,P024,North,W01,32,18,20,30,0
2026-03-16,P024,North,W01,30,15,16,29,0
2026-03-17,P024,North,W01,29,19,9,39,0
2026-03-18,P024,North,W01,39,15,16,38,0
2026-03-19,P024,North,W01,38,10,10,38,0
2026-03-20,P024,North,W01,38,13,12,39,0
2026-03-21,P024,North,W01,39,11,13,37,0
2026-03-22,P024,North,W01,37,22,21,38,0
2026-03-23,P024,North,W01,38,15,20,33,0
2026-03-24,P024,North,W01,33,21,14,40,0
2026-03-25,P024,North,W01,40,17,15,42,0
2026-03-26,P024,North,W01,42,15,10,47,0
2026-03-27,P024,North,W01,47,17,18,46,0
2026-03-28,P024,North,W01,46,12,16,42,0
2026-03-29,P024,North,W01,42,18,18,42,0
2026-03-30,P024,North,W01,42,20,18,44,0
2026-03-31,P024,North,W01,44,22,17,49,0
2026-04-01,P024,North,W01,49,12,16,45,0
2026-04-02,P024,North,W01,45,14,13,46,0
2026-04-03,P024,North,W01,46,11,17,40,0
2026-04-04,P024,North,W01,40,10,19,31,0
2026-04-05,P024,North,W01,31,7,19,19,0
2026-04-06,P024,North,W01,19,10,17,12,0
2026-04-07,P024,North,W01,12,11,22,1,0
2026-04-08,P024,North,W01,1,12,13,0,14
2026-04-09,P024,North,W01,0,23,14,9,0
2026-04-10,P024,North,W01,9,22,15,16,0
2026-04-11,P024,North,W01,16,9,16,9,0
2026-04-12,P024,North,W01,9,21,15,15,0
2026-04-13,P024,North,W01,15,12,14,13,0
2026-04-14,P024,North,W01,13,15,25,3,0
2026-04-15,P024,North,W01,3,20,15,8,0
2026-04-16,P024,North,W01,8,15,17,6,0
2026-04-17,P024,North,W01,6,18,24,0,5
2026-04-18,P024,North,W01,0,19,19,0,0
2026-04-19,P024,North,W01,0,13,13,0,7
2026-04-20,P024,North,W01,0,14,14,0,5
2026-04-21,P024,North,W01,0,20,10,10,0
2026-04-22,P024,North,W01,10,13,16,7,0
2026-04-23,P024,North,W01,7,14,21,0,4
2026-04-24,P024,North,W01,0,17,15,2,0
2026-04-25,P024,North,W01,2,17,19,0,0
2026-04-26,P024,North,W01,0,17,17,0,0
2026-04-27,P024,North,W01,0,15,15,0,7
2026-04-28,P024,North,W01,0,9,9,0,11
2026-04-29,P024,North,W01,0,23,20,3,0
2026-04-30,P024,North,W01,3,16,19,0,14
2026-05-01,P024,North,W01,0,14,14,0,13
2026-05-02,P024,North,W01,0,18,18,0,10
2026-05-03,P024,North,W01,0,13,13,0,10
2026-05-04,P024,North,W01,0,6,6,0,14
2026-05-05,P024,North,W01,0,19,19,0,9
2026-05-06,P024,North,W01,0,15,15,0,13
2026-05-07,P024,North,W01,0,21,14,7,0
2026-05-08,P024,North,W01,7,21,20,8,0
2026-05-09,P024,North,W01,8,11,16,3,0
2026-05-10,P024,North,W01,3,16,19,0,0
2026-05-11,P024,North,W01,0,16,15,1,0
2026-05-12,P024,North,W01,1,13,14,0,4
2026-05-13,P024,North,W01,0,22,20,2,0
2026-05-14,P024,North,W01,2,12,14,0,9
2026-05-15,P024,North,W01,0,16,16,0,11
2026-05-16,P024,North,W01,0,14,14,0,5
2026-05-17,P024,North,W01,0,13,13,0,9
2026-05-18,P024,North,W01,0,17,17,0,0
2026-05-19,P024,North,W01,0,17,17,0,5
2026-05-20,P024,North,W01,0,16,16,0,8
2026-05-21,P024,North,W01,0,16,16,0,0
2026-05-22,P024,North,W01,0,20,13,7,0
2026-05-23,P024,North,W01,7,14,19,2,0
2026-05-24,P024,North,W01,2,9,11,0,15
2026-05-25,P024,North,W01,0,19,17,2,0
2026-05-26,P024,North,W01,2,18,20,0,6
2026-05-27,P024,North,W01,0,18,18,0,7
2026-05-28,P024,North,W01,0,10,10,0,8
2026-05-29,P024,North,W01,0,14,14,0,11
2026-05-30,P024,North,W01,0,19,19,0,14
2026-05-31,P024,North,W01,0,21,21,0,9
2026-06-01,P024,North,W01,0,13,13,0,14
2026-06-02,P024,North,W01,0,15,15,0,5
2026-06-03,P024,North,W01,0,12,12,0,13
2026-06-04,P024,North,W01,0,15,15,0,14
2026-06-05,P024,North,W01,0,18,18,0,11
2026-06-06,P024,North,W01,0,12,12,0,12
2026-06-07,P024,North,W01,0,17,16,1,0
2026-06-08,P024,North,W01,1,18,11,8,0
2026-06-09,P024,North,W01,8,11,19,0,4
2026-06-10,P024,North,W01,0,19,19,0,15
2026-06-11,P024,North,W01,0,16,16,0,6
2026-06-12,P024,North,W01,0,12,12,0,8
2026-06-13,P024,North,W01,0,14,14,0,15
2026-06-14,P024,North,W01,0,13,13,0,9
2026-06-15,P024,North,W01,0,16,16,0,8
2026-06-16,P024,North,W01,0,13,13,0,12
2026-06-17,P024,North,W01,0,15,15,0,11
2026-06-18,P024,North,W01,0,10,10,0,6
2026-06-19,P024,North,W01,0,19,19,0,15
2026-06-20,P024,North,W01,0,18,18,0,5
2026-06-21,P024,North,W01,0,18,18,0,13
2026-06-22,P024,North,W01,0,20,15,5,0
2026-06-23,P024,North,W01,5,19,24,0,0
2026-06-24,P024,North,W01,0,19,19,0,6
2026-06-25,P024,North,W01,0,15,13,2,0
2026-06-26,P024,North,W01,2,15,17,0,0
2026-06-27,P024,North,W01,0,12,12,0,9
2026-06-28,P024,North,W01,0,10,10,0,11
2026-06-29,P024,North,W01,0,12,12,0,14
2026-06-30,P024,North,W01,0,15,15,0,6
2026-01-01,P024,South,W02,516,17,16,517,0
2026-01-02,P024,South,W02,517,6,11,512,0
2026-01-03,P024,South,W02,512,17,23,506,0
2026-01-04,P024,South,W02,506,13,27,492,0
2026-01-05,P024,South,W02,492,14,25,481,0
2026-01-06,P024,South,W02,481,19,15,485,0
2026-01-07,P024,South,W02,485,10,18,477,0
2026-01-08,P024,South,W02,477,14,14,477,0
2026-01-09,P024,South,W02,477,16,10,483,0
2026-01-10,P024,South,W02,483,12,24,471,0
2026-01-11,P024,South,W02,471,19,10,480,0
2026-01-12,P024,South,W02,480,19,16,483,0
2026-01-13,P024,South,W02,483,12,17,478,0
2026-01-14,P024,South,W02,478,15,18,475,0
2026-01-15,P024,South,W02,475,24,19,480,0
2026-01-16,P024,South,W02,480,13,18,475,0
2026-01-17,P024,South,W02,475,18,13,480,0
2026-01-18,P024,South,W02,480,14,32,462,0
2026-01-19,P024,South,W02,462,8,19,451,0
2026-01-20,P024,South,W02,451,11,31,431,0
2026-01-21,P024,South,W02,431,19,15,435,0
2026-01-22,P024,South,W02,435,25,23,437,0
2026-01-23,P024,South,W02,437,17,17,437,0
2026-01-24,P024,South,W02,437,16,13,440,0
2026-01-25,P024,South,W02,440,20,21,439,0
2026-01-26,P024,South,W02,439,14,24,429,0
2026-01-27,P024,South,W02,429,15,19,425,0
2026-01-28,P024,South,W02,425,15,11,429,0
2026-01-29,P024,South,W02,429,13,17,425,0
2026-01-30,P024,South,W02,425,16,20,421,0
2026-01-31,P024,South,W02,421,14,14,421,0
2026-02-01,P024,South,W02,421,11,23,409,0
2026-02-02,P024,South,W02,409,22,17,414,0
2026-02-03,P024,South,W02,414,12,22,404,0
2026-02-04,P024,South,W02,404,11,18,397,0
2026-02-05,P024,South,W02,397,18,16,399,0
2026-02-06,P024,South,W02,399,23,19,403,0
2026-02-07,P024,South,W02,403,15,20,398,0
2026-02-08,P024,South,W02,398,16,13,401,0
2026-02-09,P024,South,W02,401,15,10,406,0
2026-02-10,P024,South,W02,406,16,16,406,0
2026-02-11,P024,South,W02,406,10,21,395,0
2026-02-12,P024,South,W02,395,23,14,404,0
2026-02-13,P024,South,W02,404,16,13,407,0
2026-02-14,P024,South,W02,407,22,19,410,0
2026-02-15,P024,South,W02,410,15,21,404,0
2026-02-16,P024,South,W02,404,7,17,394,0
2026-02-17,P024,South,W02,394,8,19,383,0
2026-02-18,P024,South,W02,383,13,25,371,0
2026-02-19,P024,South,W02,371,11,23,359,0
2026-02-20,P024,South,W02,359,4,21,342,0
2026-02-21,P024,South,W02,342,5,13,334,0
2026-02-22,P024,South,W02,334,2,14,322,0
2026-02-23,P024,South,W02,322,4,17,309,0
2026-02-24,P024,South,W02,309,3,17,295,0
2026-02-25,P024,South,W02,295,4,25,274,0
2026-02-26,P024,South,W02,274,7,19,262,0
2026-02-27,P024,South,W02,262,1,17,246,0
2026-02-28,P024,South,W02,246,4,13,237,0
2026-03-01,P024,South,W02,237,10,15,232,0
2026-03-02,P024,South,W02,232,16,17,231,0
2026-03-03,P024,South,W02,231,14,9,236,0
2026-03-04,P024,South,W02,236,23,9,250,0
2026-03-05,P024,South,W02,250,16,21,245,0
2026-03-06,P024,South,W02,245,14,18,241,0
2026-03-07,P024,South,W02,241,19,15,245,0
2026-03-08,P024,South,W02,245,17,15,247,0
2026-03-09,P024,South,W02,247,18,22,243,0
2026-03-10,P024,South,W02,243,10,18,235,0
2026-03-11,P024,South,W02,235,11,17,229,0
2026-03-12,P024,South,W02,229,14,22,221,0
2026-03-13,P024,South,W02,221,14,18,217,0
2026-03-14,P024,South,W02,217,11,15,213,0
2026-03-15,P024,South,W02,213,15,20,208,0
2026-03-16,P024,South,W02,208,18,13,213,0
2026-03-17,P024,South,W02,213,20,25,208,0
2026-03-18,P024,South,W02,208,10,16,202,0
2026-03-19,P024,South,W02,202,15,20,197,0
2026-03-20,P024,South,W02,197,18,11,204,0
2026-03-21,P024,South,W02,204,18,14,208,0
2026-03-22,P024,South,W02,208,13,18,203,0
2026-03-23,P024,South,W02,203,11,20,194,0
2026-03-24,P024,South,W02,194,11,19,186,0
2026-03-25,P024,South,W02,186,20,18,188,0
2026-03-26,P024,South,W02,188,19,13,194,0
2026-03-27,P024,South,W02,194,13,10,197,0
2026-03-28,P024,South,W02,197,16,12,201,0
2026-03-29,P024,South,W02,201,11,13,199,0
2026-03-30,P024,South,W02,199,11,14,196,0
2026-03-31,P024,South,W02,196,16,16,196,0
2026-04-01,P024,South,W02,196,17,17,196,0
2026-04-02,P024,South,W02,196,11,28,179,0
2026-04-03,P024,South,W02,179,17,16,180,0
2026-04-04,P024,South,W02,180,19,17,182,0
2026-04-05,P024,South,W02,182,15,20,177,0
2026-04-06,P024,South,W02,177,19,23,173,0
2026-04-07,P024,South,W02,173,19,14,178,0
2026-04-08,P024,South,W02,178,19,25,172,0
2026-04-09,P024,South,W02,172,21,23,170,0
2026-04-10,P024,South,W02,170,19,26,163,0
2026-04-11,P024,South,W02,163,18,14,167,0
2026-04-12,P024,South,W02,167,17,15,169,0
2026-04-13,P024,South,W02,169,5,17,157,0
2026-04-14,P024,South,W02,157,16,21,152,0
2026-04-15,P024,South,W02,152,15,19,148,0
2026-04-16,P024,South,W02,148,13,15,146,0
2026-04-17,P024,South,W02,146,17,20,143,0
2026-04-18,P024,South,W02,143,14,18,139,0
2026-04-19,P024,South,W02,139,14,17,136,0
2026-04-20,P024,South,W02,136,21,13,144,0
2026-04-21,P024,South,W02,144,21,19,146,0
2026-04-22,P024,South,W02,146,12,21,137,0
2026-04-23,P024,South,W02,137,18,17,138,0
2026-04-24,P024,South,W02,138,11,21,128,0
2026-04-25,P024,South,W02,128,10,20,118,0
2026-04-26,P024,South,W02,118,16,13,121,0
2026-04-27,P024,South,W02,121,16,15,122,0
2026-04-28,P024,South,W02,122,19,23,118,0
2026-04-29,P024,South,W02,118,7,20,105,0
2026-04-30,P024,South,W02,105,19,13,111,0
2026-05-01,P024,South,W02,111,22,15,118,0
2026-05-02,P024,South,W02,118,8,19,107,0
2026-05-03,P024,South,W02,107,10,22,95,0
2026-05-04,P024,South,W02,95,18,20,93,0
2026-05-05,P024,South,W02,93,17,15,95,0
2026-05-06,P024,South,W02,95,9,13,91,0
2026-05-07,P024,South,W02,91,21,16,96,0
2026-05-08,P024,South,W02,96,24,18,102,0
2026-05-09,P024,South,W02,102,14,25,91,0
2026-05-10,P024,South,W02,91,10,20,81,0
2026-05-11,P024,South,W02,81,13,23,71,0
2026-05-12,P024,South,W02,71,14,8,77,0
2026-05-13,P024,South,W02,77,14,22,69,0
2026-05-14,P024,South,W02,69,19,17,71,0
2026-05-15,P024,South,W02,71,18,11,78,0
2026-05-16,P024,South,W02,78,14,10,82,0
2026-05-17,P024,South,W02,82,15,14,83,0
2026-05-18,P024,South,W02,83,25,23,85,0
2026-05-19,P024,South,W02,85,15,16,84,0
2026-05-20,P024,South,W02,84,9,17,76,0
2026-05-21,P024,South,W02,76,14,26,64,0
2026-05-22,P024,South,W02,64,11,17,58,0
2026-05-23,P024,South,W02,58,20,24,54,0
2026-05-24,P024,South,W02,54,16,18,52,0
2026-05-25,P024,South,W02,52,11,21,42,0
2026-05-26,P024,South,W02,42,12,22,32,0
2026-05-27,P024,South,W02,32,15,29,18,0
2026-05-28,P024,South,W02,18,14,20,12,0
2026-05-29,P024,South,W02,12,16,16,12,0
2026-05-30,P024,South,W02,12,16,16,12,0
2026-05-31,P024,South,W02,12,18,16,14,0
2026-06-01,P024,South,W02,14,18,18,14,0
2026-06-02,P024,South,W02,14,15,20,9,0
2026-06-03,P024,South,W02,9,15,21,3,0
2026-06-04,P024,South,W02,3,14,17,0,12
2026-06-05,P024,South,W02,0,14,14,0,4
2026-06-06,P024,South,W02,0,24,14,10,0
2026-06-07,P024,South,W02,10,21,20,11,0
2026-06-08,P024,South,W02,11,20,30,1,0
2026-06-09,P024,South,W02,1,21,21,1,0
2026-06-10,P024,South,W02,1,10,11,0,4
2026-06-11,P024,South,W02,0,18,14,4,0
2026-06-12,P024,South,W02,4,15,19,0,0
2026-06-13,P024,South,W02,0,22,13,9,0
2026-06-14,P024,South,W02,9,18,24,3,0
2026-06-15,P024,South,W02,3,16,17,2,0
2026-06-16,P024,South,W02,2,15,14,3,0
2026-06-17,P024,South,W02,3,16,19,0,7
2026-06-18,P024,South,W02,0,11,11,0,15
2026-06-19,P024,South,W02,0,15,15,0,7
2026-06-20,P024,South,W02,0,12,12,0,5
2026-06-21,P024,South,W02,0,12,12,0,9
2026-06-22,P024,South,W02,0,21,14,7,0
2026-06-23,P024,South,W02,7,15,20,2,0
2026-06-24,P024,South,W02,2,17,19,0,0
2026-06-25,P024,South,W02,0,13,13,0,5
2026-06-26,P024,South,W02,0,25,15,10,0
2026-06-27,P024,South,W02,10,17,13,14,0
2026-06-28,P024,South,W02,14,15,26,3,0
2026-06-29,P024,South,W02,3,16,19,0,8
2026-06-30,P024,South,W02,0,13,13,0,8
2026-01-01,P024,East,W03,544,22,24,542,0
2026-01-02,P024,East,W03,542,13,22,533,0
2026-01-03,P024,East,W03,533,15,14,534,0
2026-01-04,P024,East,W03,534,9,20,523,0
2026-01-05,P024,East,W03,523,16,14,525,0
2026-01-06,P024,East,W03,525,12,17,520,0
2026-01-07,P024,East,W03,520,11,18,513,0
2026-01-08,P024,East,W03,513,14,17,510,0
2026-01-09,P024,East,W03,510,15,22,503,0
2026-01-10,P024,East,W03,503,18,21,500,0
2026-01-11,P024,East,W03,500,19,17,502,0
2026-01-12,P024,East,W03,502,13,16,499,0
2026-01-13,P024,East,W03,499,11,22,488,0
2026-01-14,P024,East,W03,488,17,14,491,0
2026-01-15,P024,East,W03,491,15,17,489,0
2026-01-16,P024,East,W03,489,18,20,487,0
2026-01-17,P024,East,W03,487,7,20,474,0
2026-01-18,P024,East,W03,474,19,14,479,0
2026-01-19,P024,East,W03,479,18,14,483,0
2026-01-20,P024,East,W03,483,15,20,478,0
2026-01-21,P024,East,W03,478,13,21,470,0
2026-01-22,P024,East,W03,470,19,28,461,0
2026-01-23,P024,East,W03,461,17,21,457,0
2026-01-24,P024,East,W03,457,12,20,449,0
2026-01-25,P024,East,W03,449,14,25,438,0
2026-01-26,P024,East,W03,438,14,24,428,0
2026-01-27,P024,East,W03,428,16,19,425,0
2026-01-28,P024,East,W03,425,15,27,413,0
2026-01-29,P024,East,W03,413,7,19,401,0
2026-01-30,P024,East,W03,401,13,25,389,0
2026-01-31,P024,East,W03,389,11,13,387,0
2026-02-01,P024,East,W03,387,11,12,386,0
2026-02-02,P024,East,W03,386,16,13,389,0
2026-02-03,P024,East,W03,389,9,18,380,0
2026-02-04,P024,East,W03,380,18,25,373,0
2026-02-05,P024,East,W03,373,13,19,367,0
2026-02-06,P024,East,W03,367,15,18,364,0
2026-02-07,P024,East,W03,364,10,17,357,0
2026-02-08,P024,East,W03,357,22,17,362,0
2026-02-09,P024,East,W03,362,27,16,373,0
2026-02-10,P024,East,W03,373,18,24,367,0
2026-02-11,P024,East,W03,367,17,20,364,0
2026-02-12,P024,East,W03,364,12,28,348,0
2026-02-13,P024,East,W03,348,14,10,352,0
2026-02-14,P024,East,W03,352,13,16,349,0
2026-02-15,P024,East,W03,349,23,18,354,0
2026-02-16,P024,East,W03,354,16,14,356,0
2026-02-17,P024,East,W03,356,16,10,362,0
2026-02-18,P024,East,W03,362,18,20,360,0
2026-02-19,P024,East,W03,360,15,23,352,0
2026-02-20,P024,East,W03,352,5,15,342,0
2026-02-21,P024,East,W03,342,4,20,326,0
2026-02-22,P024,East,W03,326,4,15,315,0
2026-02-23,P024,East,W03,315,3,24,294,0
2026-02-24,P024,East,W03,294,1,15,280,0
2026-02-25,P024,East,W03,280,3,16,267,0
2026-02-26,P024,East,W03,267,1,21,247,0
2026-02-27,P024,East,W03,247,3,12,238,0
2026-02-28,P024,East,W03,238,5,18,225,0
2026-03-01,P024,East,W03,225,11,19,217,0
2026-03-02,P024,East,W03,217,18,15,220,0
2026-03-03,P024,East,W03,220,17,11,226,0
2026-03-04,P024,East,W03,226,22,15,233,0
2026-03-05,P024,East,W03,233,10,18,225,0
2026-03-06,P024,East,W03,225,17,31,211,0
2026-03-07,P024,East,W03,211,22,21,212,0
2026-03-08,P024,East,W03,212,16,18,210,0
2026-03-09,P024,East,W03,210,18,16,212,0
2026-03-10,P024,East,W03,212,18,19,211,0
2026-03-11,P024,East,W03,211,23,19,215,0
2026-03-12,P024,East,W03,215,20,12,223,0
2026-03-13,P024,East,W03,223,15,22,216,0
2026-03-14,P024,East,W03,216,13,15,214,0
2026-03-15,P024,East,W03,214,10,20,204,0
2026-03-16,P024,East,W03,204,10,15,199,0
2026-03-17,P024,East,W03,199,14,20,193,0
2026-03-18,P024,East,W03,193,11,23,181,0
2026-03-19,P024,East,W03,181,16,19,178,0
2026-03-20,P024,East,W03,178,8,17,169,0
2026-03-21,P024,East,W03,169,11,8,172,0
2026-03-22,P024,East,W03,172,19,22,169,0
2026-03-23,P024,East,W03,169,13,12,170,0
2026-03-24,P024,East,W03,170,19,21,168,0
2026-03-25,P024,East,W03,168,14,24,158,0
2026-03-26,P024,East,W03,158,15,23,150,0
2026-03-27,P024,East,W03,150,12,19,143,0
2026-03-28,P024,East,W03,143,19,16,146,0
2026-03-29,P024,East,W03,146,16,13,149,0
2026-03-30,P024,East,W03,149,12,17,144,0
2026-03-31,P024,East,W03,144,5,24,125,0
2026-04-01,P024,East,W03,125,15,19,121,0
2026-04-02,P024,East,W03,121,11,18,114,0
2026-04-03,P024,East,W03,114,14,17,111,0
2026-04-04,P024,East,W03,111,20,12,119,0
2026-04-05,P024,East,W03,119,17,21,115,0
2026-04-06,P024,East,W03,115,16,12,119,0
2026-04-07,P024,East,W03,119,12,21,110,0
2026-04-08,P024,East,W03,110,17,14,113,0
2026-04-09,P024,East,W03,113,11,19,105,0
2026-04-10,P024,East,W03,105,13,18,100,0
2026-04-11,P024,East,W03,100,18,21,97,0
2026-04-12,P024,East,W03,97,12,18,91,0
2026-04-13,P024,East,W03,91,13,20,84,0
2026-04-14,P024,East,W03,84,13,16,81,0
2026-04-15,P024,East,W03,81,11,23,69,0
2026-04-16,P024,East,W03,69,19,25,63,0
2026-04-17,P024,East,W03,63,13,13,63,0
2026-04-18,P024,East,W03,63,15,15,63,0
2026-04-19,P024,East,W03,63,21,25,59,0
2026-04-20,P024,East,W03,59,19,16,62,0
2026-04-21,P024,East,W03,62,20,12,70,0
2026-04-22,P024,East,W03,70,17,24,63,0
2026-04-23,P024,East,W03,63,19,22,60,0
2026-04-24,P024,East,W03,60,16,28,48,0
2026-04-25,P024,East,W03,48,14,13,49,0
2026-04-26,P024,East,W03,49,12,17,44,0
2026-04-27,P024,East,W03,44,19,8,55,0
2026-04-28,P024,East,W03,55,17,17,55,0
2026-04-29,P024,East,W03,55,18,20,53,0
2026-04-30,P024,East,W03,53,18,11,60,0
2026-05-01,P024,East,W03,60,16,21,55,0
2026-05-02,P024,East,W03,55,19,20,54,0
2026-05-03,P024,East,W03,54,10,16,48,0
2026-05-04,P024,East,W03,48,15,18,45,0
2026-05-05,P024,East,W03,45,6,27,24,0
2026-05-06,P024,East,W03,24,13,19,18,0
2026-05-07,P024,East,W03,18,13,18,13,0
2026-05-08,P024,East,W03,13,12,21,4,0
2026-05-09,P024,East,W03,4,17,19,2,0
2026-05-10,P024,East,W03,2,14,14,2,0
2026-05-11,P024,East,W03,2,13,15,0,7
2026-05-12,P024,East,W03,0,17,17,0,9
2026-05-13,P024,East,W03,0,16,16,0,14
2026-05-14,P024,East,W03,0,16,12,4,0
2026-05-15,P024,East,W03,4,19,11,12,0
2026-05-16,P024,East,W03,12,18,17,13,0
2026-05-17,P024,East,W03,13,18,26,5,0
2026-05-18,P024,East,W03,5,16,16,5,0
2026-05-19,P024,East,W03,5,10,15,0,7
2026-05-20,P024,East,W03,0,15,15,0,13
2026-05-21,P024,East,W03,0,12,12,0,15
2026-05-22,P024,East,W03,0,13,13,0,14
2026-05-23,P024,East,W03,0,20,20,0,9
2026-05-24,P024,East,W03,0,17,13,4,0
2026-05-25,P024,East,W03,4,16,13,7,0
2026-05-26,P024,East,W03,7,18,22,3,0
2026-05-27,P024,East,W03,3,10,13,0,11
2026-05-28,P024,East,W03,0,12,12,0,6
2026-05-29,P024,East,W03,0,10,10,0,6
2026-05-30,P024,East,W03,0,21,21,0,12
2026-05-31,P024,East,W03,0,12,12,0,11
2026-06-01,P024,East,W03,0,17,11,6,0
2026-06-02,P024,East,W03,6,13,18,1,0
2026-06-03,P024,East,W03,1,16,17,0,9
2026-06-04,P024,East,W03,0,17,16,1,0
2026-06-05,P024,East,W03,1,19,14,6,0
2026-06-06,P024,East,W03,6,14,20,0,0
2026-06-07,P024,East,W03,0,15,15,0,13
2026-06-08,P024,East,W03,0,14,13,1,0
2026-06-09,P024,East,W03,1,16,17,0,14
2026-06-10,P024,East,W03,0,20,20,0,5
2026-06-11,P024,East,W03,0,20,18,2,0
2026-06-12,P024,East,W03,2,13,15,0,4
2026-06-13,P024,East,W03,0,8,8,0,6
2026-06-14,P024,East,W03,0,16,16,0,13
2026-06-15,P024,East,W03,0,11,11,0,7
2026-06-16,P024,East,W03,0,13,13,0,6
2026-06-17,P024,East,W03,0,9,9,0,4
2026-06-18,P024,East,W03,0,22,22,0,13
2026-06-19,P024,East,W03,0,14,14,0,9
2026-06-20,P024,East,W03,0,16,16,0,9
2026-06-21,P024,East,W03,0,19,19,0,8
2026-06-22,P024,East,W03,0,15,15,0,8
2026-06-23,P024,East,W03,0,14,14,0,4
2026-06-24,P024,East,W03,0,10,10,0,9
2026-06-25,P024,East,W03,0,8,8,0,6
2026-06-26,P024,East,W03,0,26,24,2,0
2026-06-27,P024,East,W03,2,17,13,6,0
2026-06-28,P024,East,W03,6,15,18,3,0
2026-06-29,P024,East,W03,3,13,16,0,15
2026-06-30,P024,East,W03,0,14,14,0,9
2026-01-01,P024,West,W04,566,17,17,566,0
2026-01-02,P024,West,W04,566,13,19,560,0
2026-01-03,P024,West,W04,560,13,23,550,0
2026-01-04,P024,West,W04,550,16,13,553,0
2026-01-05,P024,West,W04,553,18,19,552,0
2026-01-06,P024,West,W04,552,14,13,553,0
2026-01-07,P024,West,W04,553,10,22,541,0
2026-01-08,P024,West,W04,541,11,21,531,0
2026-01-09,P024,West,W04,531,20,20,531,0
2026-01-10,P024,West,W04,531,11,22,520,0
2026-01-11,P024,West,W04,520,12,16,516,0
2026-01-12,P024,West,W04,516,13,13,516,0
2026-01-13,P024,West,W04,516,20,21,515,0
2026-01-14,P024,West,W04,515,26,18,523,0
2026-01-15,P024,West,W04,523,13,16,520,0
2026-01-16,P024,West,W04,520,13,22,511,0
2026-01-17,P024,West,W04,511,13,15,509,0
2026-01-18,P024,West,W04,509,17,21,505,0
2026-01-19,P024,West,W04,505,14,20,499,0
2026-01-20,P024,West,W04,499,10,17,492,0
2026-01-21,P024,West,W04,492,16,22,486,0
2026-01-22,P024,West,W04,486,21,16,491,0
2026-01-23,P024,West,W04,491,10,11,490,0
2026-01-24,P024,West,W04,490,13,15,488,0
2026-01-25,P024,West,W04,488,17,22,483,0
2026-01-26,P024,West,W04,483,12,20,475,0
2026-01-27,P024,West,W04,475,15,13,477,0
2026-01-28,P024,West,W04,477,11,15,473,0
2026-01-29,P024,West,W04,473,15,13,475,0
2026-01-30,P024,West,W04,475,6,14,467,0
2026-01-31,P024,West,W04,467,16,17,466,0
2026-02-01,P024,West,W04,466,15,15,466,0
2026-02-02,P024,West,W04,466,19,15,470,0
2026-02-03,P024,West,W04,470,18,12,476,0
2026-02-04,P024,West,W04,476,9,16,469,0
2026-02-05,P024,West,W04,469,14,7,476,0
2026-02-06,P024,West,W04,476,16,13,479,0
2026-02-07,P024,West,W04,479,11,20,470,0
2026-02-08,P024,West,W04,470,20,24,466,0
2026-02-09,P024,West,W04,466,16,18,464,0
2026-02-10,P024,West,W04,464,20,16,468,0
2026-02-11,P024,West,W04,468,19,24,463,0
2026-02-12,P024,West,W04,463,12,20,455,0
2026-02-13,P024,West,W04,455,17,23,449,0
2026-02-14,P024,West,W04,449,12,20,441,0
2026-02-15,P024,West,W04,441,7,23,425,0
2026-02-16,P024,West,W04,425,14,19,420,0
2026-02-17,P024,West,W04,420,13,31,402,0
2026-02-18,P024,West,W04,402,14,14,402,0
2026-02-19,P024,West,W04,402,20,20,402,0
2026-02-20,P024,West,W04,402,2,18,386,0
2026-02-21,P024,West,W04,386,3,22,367,0
2026-02-22,P024,West,W04,367,2,16,353,0
2026-02-23,P024,West,W04,353,3,18,338,0
2026-02-24,P024,West,W04,338,1,22,317,0
2026-02-25,P024,West,W04,317,6,17,306,0
2026-02-26,P024,West,W04,306,2,14,294,0
2026-02-27,P024,West,W04,294,3,19,278,0
2026-02-28,P024,West,W04,278,3,19,262,0
2026-03-01,P024,West,W04,262,21,14,269,0
2026-03-02,P024,West,W04,269,12,20,261,0
2026-03-03,P024,West,W04,261,15,16,260,0
2026-03-04,P024,West,W04,260,16,27,249,0
2026-03-05,P024,West,W04,249,10,23,236,0
2026-03-06,P024,West,W04,236,20,14,242,0
2026-03-07,P024,West,W04,242,10,11,241,0
2026-03-08,P024,West,W04,241,12,14,239,0
2026-03-09,P024,West,W04,239,17,6,250,0
2026-03-10,P024,West,W04,250,13,18,245,0
2026-03-11,P024,West,W04,245,10,18,237,0
2026-03-12,P024,West,W04,237,13,17,233,0
2026-03-13,P024,West,W04,233,15,26,222,0
2026-03-14,P024,West,W04,222,21,20,223,0
2026-03-15,P024,West,W04,223,20,23,220,0
2026-03-16,P024,West,W04,220,12,20,212,0
2026-03-17,P024,West,W04,212,19,15,216,0
2026-03-18,P024,West,W04,216,14,16,214,0
2026-03-19,P024,West,W04,214,23,14,223,0
2026-03-20,P024,West,W04,223,23,26,220,0
2026-03-21,P024,West,W04,220,13,14,219,0
2026-03-22,P024,West,W04,219,15,19,215,0
2026-03-23,P024,West,W04,215,13,22,206,0
2026-03-24,P024,West,W04,206,13,25,194,0
2026-03-25,P024,West,W04,194,20,24,190,0
2026-03-26,P024,West,W04,190,13,16,187,0
2026-03-27,P024,West,W04,187,18,24,181,0
2026-03-28,P024,West,W04,181,21,19,183,0
2026-03-29,P024,West,W04,183,16,13,186,0
2026-03-30,P024,West,W04,186,17,20,183,0
2026-03-31,P024,West,W04,183,12,17,178,0
2026-04-01,P024,West,W04,178,16,18,176,0
2026-04-02,P024,West,W04,176,17,17,176,0
2026-04-03,P024,West,W04,176,10,28,158,0
2026-04-04,P024,West,W04,158,21,22,157,0
2026-04-05,P024,West,W04,157,16,16,157,0
2026-04-06,P024,West,W04,157,20,7,170,0
2026-04-07,P024,West,W04,170,14,19,165,0
2026-04-08,P024,West,W04,165,17,20,162,0
2026-04-09,P024,West,W04,162,9,14,157,0
2026-04-10,P024,West,W04,157,15,20,152,0
2026-04-11,P024,West,W04,152,17,22,147,0
2026-04-12,P024,West,W04,147,14,18,143,0
2026-04-13,P024,West,W04,143,13,14,142,0
2026-04-14,P024,West,W04,142,17,14,145,0
2026-04-15,P024,West,W04,145,21,16,150,0
2026-04-16,P024,West,W04,150,22,25,147,0
2026-04-17,P024,West,W04,147,17,16,148,0
2026-04-18,P024,West,W04,148,22,19,151,0
2026-04-19,P024,West,W04,151,17,10,158,0
2026-04-20,P024,West,W04,158,14,24,148,0
2026-04-21,P024,West,W04,148,13,20,141,0
2026-04-22,P024,West,W04,141,16,19,138,0
2026-04-23,P024,West,W04,138,8,15,131,0
2026-04-24,P024,West,W04,131,19,14,136,0
2026-04-25,P024,West,W04,136,14,19,131,0
2026-04-26,P024,West,W04,131,11,17,125,0
2026-04-27,P024,West,W04,125,12,27,110,0
2026-04-28,P024,West,W04,110,12,14,108,0
2026-04-29,P024,West,W04,108,16,17,107,0
2026-04-30,P024,West,W04,107,14,27,94,0
2026-05-01,P024,West,W04,94,18,17,95,0
2026-05-02,P024,West,W04,95,15,23,87,0
2026-05-03,P024,West,W04,87,14,17,84,0
2026-05-04,P024,West,W04,84,12,20,76,0
2026-05-05,P024,West,W04,76,16,14,78,0
2026-05-06,P024,West,W04,78,25,23,80,0
2026-05-07,P024,West,W04,80,15,16,79,0
2026-05-08,P024,West,W04,79,18,18,79,0
2026-05-09,P024,West,W04,79,20,27,72,0
2026-05-10,P024,West,W04,72,19,22,69,0
2026-05-11,P024,West,W04,69,12,25,56,0
2026-05-12,P024,West,W04,56,22,20,58,0
2026-05-13,P024,West,W04,58,10,21,47,0
2026-05-14,P024,West,W04,47,12,20,39,0
2026-05-15,P024,West,W04,39,12,14,37,0
2026-05-16,P024,West,W04,37,13,17,33,0
2026-05-17,P024,West,W04,33,14,22,25,0
2026-05-18,P024,West,W04,25,15,17,23,0
2026-05-19,P024,West,W04,23,13,16,20,0
2026-05-20,P024,West,W04,20,14,19,15,0
2026-05-21,P024,West,W04,15,10,19,6,0
2026-05-22,P024,West,W04,6,9,15,0,10
2026-05-23,P024,West,W04,0,19,15,4,0
2026-05-24,P024,West,W04,4,16,13,7,0
2026-05-25,P024,West,W04,7,7,14,0,4
2026-05-26,P024,West,W04,0,16,16,0,15
2026-05-27,P024,West,W04,0,12,12,0,15
2026-05-28,P024,West,W04,0,18,18,0,4
2026-05-29,P024,West,W04,0,16,16,0,13
2026-05-30,P024,West,W04,0,13,13,0,11
2026-05-31,P024,West,W04,0,16,16,0,10
2026-06-01,P024,West,W04,0,11,11,0,14
2026-06-02,P024,West,W04,0,13,13,0,14
2026-06-03,P024,West,W04,0,22,22,0,0
2026-06-04,P024,West,W04,0,16,16,0,9
2026-06-05,P024,West,W04,0,12,12,0,6
2026-06-06,P024,West,W04,0,8,8,0,9
2026-06-07,P024,West,W04,0,15,15,0,9
2026-06-08,P024,West,W04,0,15,15,0,11
2026-06-09,P024,West,W04,0,10,10,0,11
2026-06-10,P024,West,W04,0,17,17,0,8
2026-06-11,P024,West,W04,0,16,16,0,6
2026-06-12,P024,West,W04,0,11,11,0,12
2026-06-13,P024,West,W04,0,12,12,0,14
2026-06-14,P024,West,W04,0,9,9,0,8
2026-06-15,P024,West,W04,0,20,19,1,0
2026-06-16,P024,West,W04,1,11,12,0,12
2026-06-17,P024,West,W04,0,10,10,0,13
2026-06-18,P024,West,W04,0,10,10,0,7
2026-06-19,P024,West,W04,0,20,17,3,0
2026-06-20,P024,West,W04,3,14,17,0,6
2026-06-21,P024,West,W04,0,20,20,0,0
2026-06-22,P024,West,W04,0,16,16,0,8
2026-06-23,P024,West,W04,0,16,14,2,0
2026-06-24,P024,West,W04,2,19,15,6,0
2026-06-25,P024,West,W04,6,14,19,1,0
2026-06-26,P024,West,W04,1,16,13,4,0
2026-06-27,P024,West,W04,4,13,17,0,5
2026-06-28,P024,West,W04,0,14,14,0,12
2026-06-29,P024,West,W04,0,22,22,0,0
2026-06-30,P024,West,W04,0,23,14,9,0
2026-01-01,P025,North,W01,557,20,24,553,0
2026-01-02,P025,North,W01,553,17,18,552,0
2026-01-03,P025,North,W01,552,16,18,550,0
2026-01-04,P025,North,W01,550,16,23,543,0
2026-01-05,P025,North,W01,543,17,19,541,0
2026-01-06,P025,North,W01,541,12,14,539,0
2026-01-07,P025,North,W01,539,18,9,548,0
2026-01-08,P025,North,W01,548,20,23,545,0
2026-01-09,P025,North,W01,545,17,18,544,0
2026-01-10,P025,North,W01,544,18,19,543,0
2026-01-11,P025,North,W01,543,16,13,546,0
2026-01-12,P025,North,W01,546,23,15,554,0
2026-01-13,P025,North,W01,554,19,23,550,0
2026-01-14,P025,North,W01,550,13,16,547,0
2026-01-15,P025,North,W01,547,19,14,552,0
2026-01-16,P025,North,W01,552,17,14,555,0
2026-01-17,P025,North,W01,555,12,13,554,0
2026-01-18,P025,North,W01,554,11,18,547,0
2026-01-19,P025,North,W01,547,19,23,543,0
2026-01-20,P025,North,W01,543,15,17,541,0
2026-01-21,P025,North,W01,541,11,18,534,0
2026-01-22,P025,North,W01,534,18,10,542,0
2026-01-23,P025,North,W01,542,19,20,541,0
2026-01-24,P025,North,W01,541,16,21,536,0
2026-01-25,P025,North,W01,536,9,9,536,0
2026-01-26,P025,North,W01,536,18,27,527,0
2026-01-27,P025,North,W01,527,9,15,521,0
2026-01-28,P025,North,W01,521,17,18,520,0
2026-01-29,P025,North,W01,520,12,18,514,0
2026-01-30,P025,North,W01,514,9,26,497,0
2026-01-31,P025,North,W01,497,10,19,488,0
2026-02-01,P025,North,W01,488,10,14,484,0
2026-02-02,P025,North,W01,484,13,22,475,0
2026-02-03,P025,North,W01,475,16,17,474,0
2026-02-04,P025,North,W01,474,13,13,474,0
2026-02-05,P025,North,W01,474,11,21,464,0
2026-02-06,P025,North,W01,464,19,9,474,0
2026-02-07,P025,North,W01,474,12,23,463,0
2026-02-08,P025,North,W01,463,13,21,455,0
2026-02-09,P025,North,W01,455,14,15,454,0
2026-02-10,P025,North,W01,454,22,14,462,0
2026-02-11,P025,North,W01,462,22,15,469,0
2026-02-12,P025,North,W01,469,17,18,468,0
2026-02-13,P025,North,W01,468,12,14,466,0
2026-02-14,P025,North,W01,466,14,20,460,0
2026-02-15,P025,North,W01,460,15,16,459,0
2026-02-16,P025,North,W01,459,22,20,461,0
2026-02-17,P025,North,W01,461,14,18,457,0
2026-02-18,P025,North,W01,457,17,18,456,0
2026-02-19,P025,North,W01,456,16,10,462,0
2026-02-20,P025,North,W01,462,2,24,440,0
2026-02-21,P025,North,W01,440,5,14,431,0
2026-02-22,P025,North,W01,431,1,19,413,0
2026-02-23,P025,North,W01,413,3,12,404,0
2026-02-24,P025,North,W01,404,0,18,386,0
2026-02-25,P025,North,W01,386,8,16,378,0
2026-02-26,P025,North,W01,378,4,26,356,0
2026-02-27,P025,North,W01,356,2,24,334,0
2026-02-28,P025,North,W01,334,4,19,319,0
2026-03-01,P025,North,W01,319,15,9,325,0
2026-03-02,P025,North,W01,325,12,11,326,0
2026-03-03,P025,North,W01,326,17,17,326,0
2026-03-04,P025,North,W01,326,19,15,330,0
2026-03-05,P025,North,W01,330,16,17,329,0
2026-03-06,P025,North,W01,329,16,11,334,0
2026-03-07,P025,North,W01,334,19,20,333,0
2026-03-08,P025,North,W01,333,10,14,329,0
2026-03-09,P025,North,W01,329,16,18,327,0
2026-03-10,P025,North,W01,327,14,13,328,0
2026-03-11,P025,North,W01,328,15,18,325,0
2026-03-12,P025,North,W01,325,12,16,321,0
2026-03-13,P025,North,W01,321,19,16,324,0
2026-03-14,P025,North,W01,324,16,22,318,0
2026-03-15,P025,North,W01,318,19,19,318,0
2026-03-16,P025,North,W01,318,17,14,321,0
2026-03-17,P025,North,W01,321,20,13,328,0
2026-03-18,P025,North,W01,328,15,25,318,0
2026-03-19,P025,North,W01,318,10,17,311,0
2026-03-20,P025,North,W01,311,15,24,302,0
2026-03-21,P025,North,W01,302,13,21,294,0
2026-03-22,P025,North,W01,294,18,15,297,0
2026-03-23,P025,North,W01,297,20,15,302,0
2026-03-24,P025,North,W01,302,20,17,305,0
2026-03-25,P025,North,W01,305,22,20,307,0
2026-03-26,P025,North,W01,307,18,19,306,0
2026-03-27,P025,North,W01,306,14,28,292,0
2026-03-28,P025,North,W01,292,16,9,299,0
2026-03-29,P025,North,W01,299,10,21,288,0
2026-03-30,P025,North,W01,288,15,16,287,0
2026-03-31,P025,North,W01,287,10,22,275,0
2026-04-01,P025,North,W01,275,11,21,265,0
2026-04-02,P025,North,W01,265,16,20,261,0
2026-04-03,P025,North,W01,261,14,14,261,0
2026-04-04,P025,North,W01,261,18,20,259,0
2026-04-05,P025,North,W01,259,14,16,257,0
2026-04-06,P025,North,W01,257,13,15,255,0
2026-04-07,P025,North,W01,255,15,15,255,0
2026-04-08,P025,North,W01,255,15,24,246,0
2026-04-09,P025,North,W01,246,12,21,237,0
2026-04-10,P025,North,W01,237,20,19,238,0
2026-04-11,P025,North,W01,238,13,11,240,0
2026-04-12,P025,North,W01,240,11,16,235,0
2026-04-13,P025,North,W01,235,15,19,231,0
2026-04-14,P025,North,W01,231,15,24,222,0
2026-04-15,P025,North,W01,222,14,14,222,0
2026-04-16,P025,North,W01,222,11,33,200,0
2026-04-17,P025,North,W01,200,19,17,202,0
2026-04-18,P025,North,W01,202,19,22,199,0
2026-04-19,P025,North,W01,199,14,21,192,0
2026-04-20,P025,North,W01,192,12,21,183,0
2026-04-21,P025,North,W01,183,8,17,174,0
2026-04-22,P025,North,W01,174,22,12,184,0
2026-04-23,P025,North,W01,184,18,23,179,0
2026-04-24,P025,North,W01,179,16,14,181,0
2026-04-25,P025,North,W01,181,18,17,182,0
2026-04-26,P025,North,W01,182,10,17,175,0
2026-04-27,P025,North,W01,175,15,18,172,0
2026-04-28,P025,North,W01,172,14,16,170,0
2026-04-29,P025,North,W01,170,9,21,158,0
2026-04-30,P025,North,W01,158,19,15,162,0
2026-05-01,P025,North,W01,162,16,21,157,0
2026-05-02,P025,North,W01,157,12,13,156,0
2026-05-03,P025,North,W01,156,9,21,144,0
2026-05-04,P025,North,W01,144,6,11,139,0
2026-05-05,P025,North,W01,139,12,13,138,0
2026-05-06,P025,North,W01,138,14,17,135,0
2026-05-07,P025,North,W01,135,13,14,134,0
2026-05-08,P025,North,W01,134,18,22,130,0
2026-05-09,P025,North,W01,130,20,20,130,0
2026-05-10,P025,North,W01,130,11,17,124,0
2026-05-11,P025,North,W01,124,11,24,111,0
2026-05-12,P025,North,W01,111,18,17,112,0
2026-05-13,P025,North,W01,112,9,20,101,0
2026-05-14,P025,North,W01,101,18,19,100,0
2026-05-15,P025,North,W01,100,20,17,103,0
2026-05-16,P025,North,W01,103,16,32,87,0
2026-05-17,P025,North,W01,87,19,17,89,0
2026-05-18,P025,North,W01,89,15,20,84,0
2026-05-19,P025,North,W01,84,14,27,71,0
2026-05-20,P025,North,W01,71,16,30,57,0
2026-05-21,P025,North,W01,57,18,19,56,0
2026-05-22,P025,North,W01,56,19,24,51,0
2026-05-23,P025,North,W01,51,23,21,53,0
2026-05-24,P025,North,W01,53,12,23,42,0
2026-05-25,P025,North,W01,42,11,19,34,0
2026-05-26,P025,North,W01,34,15,27,22,0
2026-05-27,P025,North,W01,22,16,19,19,0
2026-05-28,P025,North,W01,19,14,17,16,0
2026-05-29,P025,North,W01,16,14,26,4,0
2026-05-30,P025,North,W01,4,15,19,0,0
2026-05-31,P025,North,W01,0,17,13,4,0
2026-06-01,P025,North,W01,4,17,14,7,0
2026-06-02,P025,North,W01,7,14,21,0,12
2026-06-03,P025,North,W01,0,20,15,5,0
2026-06-04,P025,North,W01,5,22,20,7,0
2026-06-05,P025,North,W01,7,10,17,0,7
2026-06-06,P025,North,W01,0,14,14,0,11
2026-06-07,P025,North,W01,0,10,10,0,6
2026-06-08,P025,North,W01,0,11,11,0,5
2026-06-09,P025,North,W01,0,17,17,0,5
2026-06-10,P025,North,W01,0,17,17,0,13
2026-06-11,P025,North,W01,0,14,14,0,10
2026-06-12,P025,North,W01,0,17,17,0,12
2026-06-13,P025,North,W01,0,23,23,0,13
2026-06-14,P025,North,W01,0,15,15,0,14
2026-06-15,P025,North,W01,0,11,11,0,11
2026-06-16,P025,North,W01,0,19,19,0,0
2026-06-17,P025,North,W01,0,9,9,0,5
2026-06-18,P025,North,W01,0,19,19,0,10
2026-06-19,P025,North,W01,0,20,19,1,0
2026-06-20,P025,North,W01,1,13,14,0,13
2026-06-21,P025,North,W01,0,17,17,0,8
2026-06-22,P025,North,W01,0,20,16,4,0
2026-06-23,P025,North,W01,4,15,19,0,7
2026-06-24,P025,North,W01,0,21,15,6,0
2026-06-25,P025,North,W01,6,14,20,0,11
2026-06-26,P025,North,W01,0,13,13,0,4
2026-06-27,P025,North,W01,0,12,12,0,7
2026-06-28,P025,North,W01,0,21,19,2,0
2026-06-29,P025,North,W01,2,23,23,2,0
2026-06-30,P025,North,W01,2,23,25,0,0
2026-01-01,P025,South,W02,489,14,22,481,0
2026-01-02,P025,South,W02,481,18,21,478,0
2026-01-03,P025,South,W02,478,12,17,473,0
2026-01-04,P025,South,W02,473,12,16,469,0
2026-01-05,P025,South,W02,469,28,13,484,0
2026-01-06,P025,South,W02,484,14,16,482,0
2026-01-07,P025,South,W02,482,12,13,481,0
2026-01-08,P025,South,W02,481,15,16,480,0
2026-01-09,P025,South,W02,480,15,19,476,0
2026-01-10,P025,South,W02,476,19,16,479,0
2026-01-11,P025,South,W02,479,19,21,477,0
2026-01-12,P025,South,W02,477,15,12,480,0
2026-01-13,P025,South,W02,480,12,22,470,0
2026-01-14,P025,South,W02,470,16,21,465,0
2026-01-15,P025,South,W02,465,14,17,462,0
2026-01-16,P025,South,W02,462,11,15,458,0
2026-01-17,P025,South,W02,458,12,21,449,0
2026-01-18,P025,South,W02,449,11,12,448,0
2026-01-19,P025,South,W02,448,16,22,442,0
2026-01-20,P025,South,W02,442,18,11,449,0
2026-01-21,P025,South,W02,449,14,20,443,0
2026-01-22,P025,South,W02,443,11,19,435,0
2026-01-23,P025,South,W02,435,16,17,434,0
2026-01-24,P025,South,W02,434,12,8,438,0
2026-01-25,P025,South,W02,438,13,20,431,0
2026-01-26,P025,South,W02,431,11,30,412,0
2026-01-27,P025,South,W02,412,8,22,398,0
2026-01-28,P025,South,W02,398,14,18,394,0
2026-01-29,P025,South,W02,394,19,20,393,0
2026-01-30,P025,South,W02,393,20,16,397,0
2026-01-31,P025,South,W02,397,14,14,397,0
2026-02-01,P025,South,W02,397,12,19,390,0
2026-02-02,P025,South,W02,390,18,14,394,0
2026-02-03,P025,South,W02,394,14,21,387,0
2026-02-04,P025,South,W02,387,18,27,378,0
2026-02-05,P025,South,W02,378,15,18,375,0
2026-02-06,P025,South,W02,375,14,18,371,0
2026-02-07,P025,South,W02,371,14,20,365,0
2026-02-08,P025,South,W02,365,13,15,363,0
2026-02-09,P025,South,W02,363,12,18,357,0
2026-02-10,P025,South,W02,357,18,13,362,0
2026-02-11,P025,South,W02,362,21,27,356,0
2026-02-12,P025,South,W02,356,12,19,349,0
2026-02-13,P025,South,W02,349,15,23,341,0
2026-02-14,P025,South,W02,341,6,13,334,0
2026-02-15,P025,South,W02,334,18,26,326,0
2026-02-16,P025,South,W02,326,12,27,311,0
2026-02-17,P025,South,W02,311,19,19,311,0
2026-02-18,P025,South,W02,311,23,16,318,0
2026-02-19,P025,South,W02,318,16,14,320,0
2026-02-20,P025,South,W02,320,2,12,310,0
2026-02-21,P025,South,W02,310,4,10,304,0
2026-02-22,P025,South,W02,304,3,13,294,0
2026-02-23,P025,South,W02,294,4,16,282,0
2026-02-24,P025,South,W02,282,3,15,270,0
2026-02-25,P025,South,W02,270,3,18,255,0
2026-02-26,P025,South,W02,255,3,20,238,0
2026-02-27,P025,South,W02,238,1,20,219,0
2026-02-28,P025,South,W02,219,1,19,201,0
2026-03-01,P025,South,W02,201,17,17,201,0
2026-03-02,P025,South,W02,201,19,15,205,0
2026-03-03,P025,South,W02,205,11,16,200,0
2026-03-04,P025,South,W02,200,14,18,196,0
2026-03-05,P025,South,W02,196,16,19,193,0
2026-03-06,P025,South,W02,193,6,16,183,0
2026-03-07,P025,South,W02,183,8,18,173,0
2026-03-08,P025,South,W02,173,12,13,172,0
2026-03-09,P025,South,W02,172,11,16,167,0
2026-03-10,P025,South,W02,167,11,14,164,0
2026-03-11,P025,South,W02,164,18,20,162,0
2026-03-12,P025,South,W02,162,18,25,155,0
2026-03-13,P025,South,W02,155,12,17,150,0
2026-03-14,P025,South,W02,150,13,21,142,0
2026-03-15,P025,South,W02,142,20,15,147,0
2026-03-16,P025,South,W02,147,20,20,147,0
2026-03-17,P025,South,W02,147,15,22,140,0
2026-03-18,P025,South,W02,140,15,19,136,0
2026-03-19,P025,South,W02,136,15,19,132,0
2026-03-20,P025,South,W02,132,16,11,137,0
2026-03-21,P025,South,W02,137,15,14,138,0
2026-03-22,P025,South,W02,138,12,22,128,0
2026-03-23,P025,South,W02,128,16,22,122,0
2026-03-24,P025,South,W02,122,14,12,124,0
2026-03-25,P025,South,W02,124,21,27,118,0
2026-03-26,P025,South,W02,118,18,11,125,0
2026-03-27,P025,South,W02,125,11,17,119,0
2026-03-28,P025,South,W02,119,22,18,123,0
2026-03-29,P025,South,W02,123,18,23,118,0
2026-03-30,P025,South,W02,118,17,11,124,0
2026-03-31,P025,South,W02,124,11,22,113,0
2026-04-01,P025,South,W02,113,15,24,104,0
2026-04-02,P025,South,W02,104,10,22,92,0
2026-04-03,P025,South,W02,92,17,23,86,0
2026-04-04,P025,South,W02,86,13,13,86,0
2026-04-05,P025,South,W02,86,14,23,77,0
2026-04-06,P025,South,W02,77,26,20,83,0
2026-04-07,P025,South,W02,83,18,16,85,0
2026-04-08,P025,South,W02,85,20,15,90,0
2026-04-09,P025,South,W02,90,16,15,91,0
2026-04-10,P025,South,W02,91,7,17,81,0
2026-04-11,P025,South,W02,81,13,17,77,0
2026-04-12,P025,South,W02,77,15,11,81,0
2026-04-13,P025,South,W02,81,13,25,69,0
2026-04-14,P025,South,W02,69,7,16,60,0
2026-04-15,P025,South,W02,60,15,16,59,0
2026-04-16,P025,South,W02,59,16,15,60,0
2026-04-17,P025,South,W02,60,10,21,49,0
2026-04-18,P025,South,W02,49,8,17,40,0
2026-04-19,P025,South,W02,40,12,21,31,0
2026-04-20,P025,South,W02,31,14,18,27,0
2026-04-21,P025,South,W02,27,20,24,23,0
2026-04-22,P025,South,W02,23,13,29,7,0
2026-04-23,P025,South,W02,7,28,14,21,0
2026-04-24,P025,South,W02,21,15,17,19,0
2026-04-25,P025,South,W02,19,14,22,11,0
2026-04-26,P025,South,W02,11,10,15,6,0
2026-04-27,P025,South,W02,6,16,22,0,0
2026-04-28,P025,South,W02,0,17,17,0,9
2026-04-29,P025,South,W02,0,10,10,0,11
2026-04-30,P025,South,W02,0,24,15,9,0
2026-05-01,P025,South,W02,9,11,20,0,13
2026-05-02,P025,South,W02,0,13,13,0,15
2026-05-03,P025,South,W02,0,15,15,0,5
2026-05-04,P025,South,W02,0,7,7,0,6
2026-05-05,P025,South,W02,0,18,18,0,9
2026-05-06,P025,South,W02,0,15,15,0,12
2026-05-07,P025,South,W02,0,10,10,0,6
2026-05-08,P025,South,W02,0,15,15,0,4
2026-05-09,P025,South,W02,0,13,13,0,7
2026-05-10,P025,South,W02,0,11,11,0,14
2026-05-11,P025,South,W02,0,10,10,0,15
2026-05-12,P025,South,W02,0,19,19,0,12
2026-05-13,P025,South,W02,0,10,10,0,14
2026-05-14,P025,South,W02,0,15,15,0,14
2026-05-15,P025,South,W02,0,14,14,0,4
2026-05-16,P025,South,W02,0,12,12,0,12
2026-05-17,P025,South,W02,0,10,10,0,12
2026-05-18,P025,South,W02,0,20,17,3,0
2026-05-19,P025,South,W02,3,11,14,0,9
2026-05-20,P025,South,W02,0,19,16,3,0
2026-05-21,P025,South,W02,3,19,14,8,0
2026-05-22,P025,South,W02,8,23,11,20,0
2026-05-23,P025,South,W02,20,16,23,13,0
2026-05-24,P025,South,W02,13,16,19,10,0
2026-05-25,P025,South,W02,10,17,14,13,0
2026-05-26,P025,South,W02,13,23,21,15,0
2026-05-27,P025,South,W02,15,25,23,17,0
2026-05-28,P025,South,W02,17,20,8,29,0
2026-05-29,P025,South,W02,29,18,25,22,0
2026-05-30,P025,South,W02,22,20,17,25,0
2026-05-31,P025,South,W02,25,17,22,20,0
2026-06-01,P025,South,W02,20,17,21,16,0
2026-06-02,P025,South,W02,16,20,14,22,0
2026-06-03,P025,South,W02,22,17,16,23,0
2026-06-04,P025,South,W02,23,21,24,20,0
2026-06-05,P025,South,W02,20,11,18,13,0
2026-06-06,P025,South,W02,13,9,12,10,0
2026-06-07,P025,South,W02,10,11,17,4,0
2026-06-08,P025,South,W02,4,16,20,0,10
2026-06-09,P025,South,W02,0,22,22,0,6
2026-06-10,P025,South,W02,0,12,12,0,11
2026-06-11,P025,South,W02,0,12,12,0,12
2026-06-12,P025,South,W02,0,17,17,0,8
2026-06-13,P025,South,W02,0,22,19,3,0
2026-06-14,P025,South,W02,3,14,17,0,10
2026-06-15,P025,South,W02,0,15,15,0,7
2026-06-16,P025,South,W02,0,20,20,0,11
2026-06-17,P025,South,W02,0,23,19,4,0
2026-06-18,P025,South,W02,4,24,20,8,0
2026-06-19,P025,South,W02,8,9,12,5,0
2026-06-20,P025,South,W02,5,9,14,0,12
2026-06-21,P025,South,W02,0,8,8,0,10
2026-06-22,P025,South,W02,0,15,15,0,6
2026-06-23,P025,South,W02,0,14,7,7,0
2026-06-24,P025,South,W02,7,16,16,7,0
2026-06-25,P025,South,W02,7,19,18,8,0
2026-06-26,P025,South,W02,8,18,22,4,0
2026-06-27,P025,South,W02,4,21,15,10,0
2026-06-28,P025,South,W02,10,13,19,4,0
2026-06-29,P025,South,W02,4,15,19,0,11
2026-06-30,P025,South,W02,0,12,12,0,14
2026-01-01,P025,East,W03,609,16,13,612,0
2026-01-02,P025,East,W03,612,6,21,597,0
2026-01-03,P025,East,W03,597,13,11,599,0
2026-01-04,P025,East,W03,599,17,15,601,0
2026-01-05,P025,East,W03,601,13,10,604,0
2026-01-06,P025,East,W03,604,5,25,584,0
2026-01-07,P025,East,W03,584,21,17,588,0
2026-01-08,P025,East,W03,588,21,25,584,0
2026-01-09,P025,East,W03,584,8,11,581,0
2026-01-10,P025,East,W03,581,12,19,574,0
2026-01-11,P025,East,W03,574,17,9,582,0
2026-01-12,P025,East,W03,582,15,16,581,0
2026-01-13,P025,East,W03,581,17,12,586,0
2026-01-14,P025,East,W03,586,21,12,595,0
2026-01-15,P025,East,W03,595,20,20,595,0
2026-01-16,P025,East,W03,595,15,23,587,0
2026-01-17,P025,East,W03,587,13,22,578,0
2026-01-18,P025,East,W03,578,10,21,567,0
2026-01-19,P025,East,W03,567,16,20,563,0
2026-01-20,P025,East,W03,563,10,11,562,0
2026-01-21,P025,East,W03,562,11,27,546,0
2026-01-22,P025,East,W03,546,9,15,540,0
2026-01-23,P025,East,W03,540,18,21,537,0
2026-01-24,P025,East,W03,537,11,14,534,0
2026-01-25,P025,East,W03,534,8,17,525,0
2026-01-26,P025,East,W03,525,9,19,515,0
2026-01-27,P025,East,W03,515,19,16,518,0
2026-01-28,P025,East,W03,518,10,19,509,0
2026-01-29,P025,East,W03,509,10,29,490,0
2026-01-30,P025,East,W03,490,16,21,485,0
2026-01-31,P025,East,W03,485,26,19,492,0
2026-02-01,P025,East,W03,492,20,29,483,0
2026-02-02,P025,East,W03,483,20,20,483,0
2026-02-03,P025,East,W03,483,16,23,476,0
2026-02-04,P025,East,W03,476,12,19,469,0
2026-02-05,P025,East,W03,469,22,23,468,0
2026-02-06,P025,East,W03,468,15,18,465,0
2026-02-07,P025,East,W03,465,18,20,463,0
2026-02-08,P025,East,W03,463,16,15,464,0
2026-02-09,P025,East,W03,464,19,22,461,0
2026-02-10,P025,East,W03,461,18,24,455,0
2026-02-11,P025,East,W03,455,17,8,464,0
2026-02-12,P025,East,W03,464,16,16,464,0
2026-02-13,P025,East,W03,464,14,20,458,0
2026-02-14,P025,East,W03,458,13,11,460,0
2026-02-15,P025,East,W03,460,18,8,470,0
2026-02-16,P025,East,W03,470,13,16,467,0
2026-02-17,P025,East,W03,467,17,12,472,0
2026-02-18,P025,East,W03,472,17,24,465,0
2026-02-19,P025,East,W03,465,11,27,449,0
2026-02-20,P025,East,W03,449,4,22,431,0
2026-02-21,P025,East,W03,431,3,19,415,0
2026-02-22,P025,East,W03,415,3,14,404,0
2026-02-23,P025,East,W03,404,3,14,393,0
2026-02-24,P025,East,W03,393,1,15,379,0
2026-02-25,P025,East,W03,379,6,18,367,0
2026-02-26,P025,East,W03,367,3,23,347,0
2026-02-27,P025,East,W03,347,3,17,333,0
2026-02-28,P025,East,W03,333,7,17,323,0
2026-03-01,P025,East,W03,323,12,22,313,0
2026-03-02,P025,East,W03,313,15,21,307,0
2026-03-03,P025,East,W03,307,19,22,304,0
2026-03-04,P025,East,W03,304,12,16,300,0
2026-03-05,P025,East,W03,300,21,20,301,0
2026-03-06,P025,East,W03,301,13,18,296,0
2026-03-07,P025,East,W03,296,19,11,304,0
2026-03-08,P025,East,W03,304,16,14,306,0
2026-03-09,P025,East,W03,306,20,20,306,0
2026-03-10,P025,East,W03,306,20,26,300,0
2026-03-11,P025,East,W03,300,13,15,298,0
2026-03-12,P025,East,W03,298,20,21,297,0
2026-03-13,P025,East,W03,297,15,28,284,0
2026-03-14,P025,East,W03,284,11,16,279,0
2026-03-15,P025,East,W03,279,12,17,274,0
2026-03-16,P025,East,W03,274,17,18,273,0
2026-03-17,P025,East,W03,273,17,19,271,0
2026-03-18,P025,East,W03,271,12,15,268,0
2026-03-19,P025,East,W03,268,14,15,267,0
2026-03-20,P025,East,W03,267,10,15,262,0
2026-03-21,P025,East,W03,262,11,14,259,0
2026-03-22,P025,East,W03,259,14,16,257,0
2026-03-23,P025,East,W03,257,8,15,250,0
2026-03-24,P025,East,W03,250,16,10,256,0
2026-03-25,P025,East,W03,256,7,16,247,0
2026-03-26,P025,East,W03,247,20,23,244,0
2026-03-27,P025,East,W03,244,12,18,238,0
2026-03-28,P025,East,W03,238,11,21,228,0
2026-03-29,P025,East,W03,228,16,16,228,0
2026-03-30,P025,East,W03,228,8,14,222,0
2026-03-31,P025,East,W03,222,22,17,227,0
2026-04-01,P025,East,W03,227,15,16,226,0
2026-04-02,P025,East,W03,226,15,18,223,0
2026-04-03,P025,East,W03,223,17,15,225,0
2026-04-04,P025,East,W03,225,17,22,220,0
2026-04-05,P025,East,W03,220,11,23,208,0
2026-04-06,P025,East,W03,208,9,13,204,0
2026-04-07,P025,East,W03,204,11,14,201,0
2026-04-08,P025,East,W03,201,14,20,195,0
2026-04-09,P025,East,W03,195,13,16,192,0
2026-04-10,P025,East,W03,192,10,17,185,0
2026-04-11,P025,East,W03,185,11,16,180,0
2026-04-12,P025,East,W03,180,17,18,179,0
2026-04-13,P025,East,W03,179,15,24,170,0
2026-04-14,P025,East,W03,170,14,16,168,0
2026-04-15,P025,East,W03,168,12,13,167,0
2026-04-16,P025,East,W03,167,19,12,174,0
2026-04-17,P025,East,W03,174,12,11,175,0
2026-04-18,P025,East,W03,175,18,16,177,0
2026-04-19,P025,East,W03,177,24,23,178,0
2026-04-20,P025,East,W03,178,21,19,180,0
2026-04-21,P025,East,W03,180,12,15,177,0
2026-04-22,P025,East,W03,177,15,14,178,0
2026-04-23,P025,East,W03,178,16,18,176,0
2026-04-24,P025,East,W03,176,24,19,181,0
2026-04-25,P025,East,W03,181,15,24,172,0
2026-04-26,P025,East,W03,172,18,17,173,0
2026-04-27,P025,East,W03,173,18,12,179,0
2026-04-28,P025,East,W03,179,13,18,174,0
2026-04-29,P025,East,W03,174,17,15,176,0
2026-04-30,P025,East,W03,176,4,13,167,0
2026-05-01,P025,East,W03,167,18,10,175,0
2026-05-02,P025,East,W03,175,24,17,182,0
2026-05-03,P025,East,W03,182,19,16,185,0
2026-05-04,P025,East,W03,185,8,15,178,0
2026-05-05,P025,East,W03,178,15,31,162,0
2026-05-06,P025,East,W03,162,13,20,155,0
2026-05-07,P025,East,W03,155,15,19,151,0
2026-05-08,P025,East,W03,151,25,27,149,0
2026-05-09,P025,East,W03,149,21,17,153,0
2026-05-10,P025,East,W03,153,10,12,151,0
2026-05-11,P025,East,W03,151,16,22,145,0
2026-05-12,P025,East,W03,145,16,19,142,0
2026-05-13,P025,East,W03,142,19,14,147,0
2026-05-14,P025,East,W03,147,17,26,138,0
2026-05-15,P025,East,W03,138,13,25,126,0
2026-05-16,P025,East,W03,126,15,19,122,0
2026-05-17,P025,East,W03,122,13,17,118,0
2026-05-18,P025,East,W03,118,17,22,113,0
2026-05-19,P025,East,W03,113,12,25,100,0
2026-05-20,P025,East,W03,100,18,23,95,0
2026-05-21,P025,East,W03,95,15,29,81,0
2026-05-22,P025,East,W03,81,13,21,73,0
2026-05-23,P025,East,W03,73,23,25,71,0
2026-05-24,P025,East,W03,71,15,19,67,0
2026-05-25,P025,East,W03,67,16,19,64,0
2026-05-26,P025,East,W03,64,15,18,61,0
2026-05-27,P025,East,W03,61,8,23,46,0
2026-05-28,P025,East,W03,46,14,17,43,0
2026-05-29,P025,East,W03,43,16,15,44,0
2026-05-30,P025,East,W03,44,19,20,43,0
2026-05-31,P025,East,W03,43,15,26,32,0
2026-06-01,P025,East,W03,32,20,18,34,0
2026-06-02,P025,East,W03,34,20,24,30,0
2026-06-03,P025,East,W03,30,21,22,29,0
2026-06-04,P025,East,W03,29,9,22,16,0
2026-06-05,P025,East,W03,16,16,14,18,0
2026-06-06,P025,East,W03,18,10,24,4,0
2026-06-07,P025,East,W03,4,13,12,5,0
2026-06-08,P025,East,W03,5,24,18,11,0
2026-06-09,P025,East,W03,11,12,23,0,5
2026-06-10,P025,East,W03,0,19,16,3,0
2026-06-11,P025,East,W03,3,15,18,0,15
2026-06-12,P025,East,W03,0,15,15,0,12
2026-06-13,P025,East,W03,0,15,15,0,14
2026-06-14,P025,East,W03,0,15,15,0,14
2026-06-15,P025,East,W03,0,12,12,0,4
2026-06-16,P025,East,W03,0,11,11,0,8
2026-06-17,P025,East,W03,0,17,17,0,11
2026-06-18,P025,East,W03,0,9,9,0,10
2026-06-19,P025,East,W03,0,12,12,0,12
2026-06-20,P025,East,W03,0,30,16,14,0
2026-06-21,P025,East,W03,14,16,27,3,0
2026-06-22,P025,East,W03,3,16,18,1,0
2026-06-23,P025,East,W03,1,14,15,0,10
2026-06-24,P025,East,W03,0,16,16,0,12
2026-06-25,P025,East,W03,0,18,18,0,7
2026-06-26,P025,East,W03,0,11,11,0,8
2026-06-27,P025,East,W03,0,18,18,0,11
2026-06-28,P025,East,W03,0,18,18,0,5
2026-06-29,P025,East,W03,0,15,15,0,15
2026-06-30,P025,East,W03,0,13,10,3,0
2026-01-01,P025,West,W04,489,20,15,494,0
2026-01-02,P025,West,W04,494,14,17,491,0
2026-01-03,P025,West,W04,491,11,17,485,0
2026-01-04,P025,West,W04,485,13,26,472,0
2026-01-05,P025,West,W04,472,15,23,464,0
2026-01-06,P025,West,W04,464,15,18,461,0
2026-01-07,P025,West,W04,461,14,23,452,0
2026-01-08,P025,West,W04,452,9,10,451,0
2026-01-09,P025,West,W04,451,4,20,435,0
2026-01-10,P025,West,W04,435,16,16,435,0
2026-01-11,P025,West,W04,435,22,16,441,0
2026-01-12,P025,West,W04,441,8,20,429,0
2026-01-13,P025,West,W04,429,14,19,424,0
2026-01-14,P025,West,W04,424,16,17,423,0
2026-01-15,P025,West,W04,423,12,11,424,0
2026-01-16,P025,West,W04,424,21,24,421,0
2026-01-17,P025,West,W04,421,15,16,420,0
2026-01-18,P025,West,W04,420,16,17,419,0
2026-01-19,P025,West,W04,419,18,23,414,0
2026-01-20,P025,West,W04,414,10,23,401,0
2026-01-21,P025,West,W04,401,16,19,398,0
2026-01-22,P025,West,W04,398,18,18,398,0
2026-01-23,P025,West,W04,398,13,26,385,0
2026-01-24,P025,West,W04,385,19,15,389,0
2026-01-25,P025,West,W04,389,18,17,390,0
2026-01-26,P025,West,W04,390,13,14,389,0
2026-01-27,P025,West,W04,389,17,13,393,0
2026-01-28,P025,West,W04,393,19,14,398,0
2026-01-29,P025,West,W04,398,16,16,398,0
2026-01-30,P025,West,W04,398,11,17,392,0
2026-01-31,P025,West,W04,392,14,25,381,0
2026-02-01,P025,West,W04,381,14,24,371,0
2026-02-02,P025,West,W04,371,19,14,376,0
2026-02-03,P025,West,W04,376,14,15,375,0
2026-02-04,P025,West,W04,375,14,10,379,0
2026-02-05,P025,West,W04,379,15,17,377,0
2026-02-06,P025,West,W04,377,14,15,376,0
2026-02-07,P025,West,W04,376,16,22,370,0
2026-02-08,P025,West,W04,370,21,17,374,0
2026-02-09,P025,West,W04,374,16,13,377,0
2026-02-10,P025,West,W04,377,8,16,369,0
2026-02-11,P025,West,W04,369,16,15,370,0
2026-02-12,P025,West,W04,370,13,14,369,0
2026-02-13,P025,West,W04,369,14,18,365,0
2026-02-14,P025,West,W04,365,23,25,363,0
2026-02-15,P025,West,W04,363,18,13,368,0
2026-02-16,P025,West,W04,368,12,15,365,0
2026-02-17,P025,West,W04,365,17,23,359,0
2026-02-18,P025,West,W04,359,14,9,364,0
2026-02-19,P025,West,W04,364,7,8,363,0
2026-02-20,P025,West,W04,363,0,22,341,0
2026-02-21,P025,West,W04,341,2,18,325,0
2026-02-22,P025,West,W04,325,3,14,314,0
2026-02-23,P025,West,W04,314,4,16,302,0
2026-02-24,P025,West,W04,302,8,23,287,0
2026-02-25,P025,West,W04,287,1,16,272,0
2026-02-26,P025,West,W04,272,5,20,257,0
2026-02-27,P025,West,W04,257,2,16,243,0
2026-02-28,P025,West,W04,243,3,25,221,0
2026-03-01,P025,West,W04,221,15,27,209,0
2026-03-02,P025,West,W04,209,13,21,201,0
2026-03-03,P025,West,W04,201,21,19,203,0
2026-03-04,P025,West,W04,203,15,24,194,0
2026-03-05,P025,West,W04,194,16,14,196,0
2026-03-06,P025,West,W04,196,13,15,194,0
2026-03-07,P025,West,W04,194,13,17,190,0
2026-03-08,P025,West,W04,190,12,12,190,0
2026-03-09,P025,West,W04,190,18,18,190,0
2026-03-10,P025,West,W04,190,19,13,196,0
2026-03-11,P025,West,W04,196,17,18,195,0
2026-03-12,P025,West,W04,195,9,13,191,0
2026-03-13,P025,West,W04,191,9,13,187,0
2026-03-14,P025,West,W04,187,21,11,197,0
2026-03-15,P025,West,W04,197,14,23,188,0
2026-03-16,P025,West,W04,188,21,26,183,0
2026-03-17,P025,West,W04,183,19,14,188,0
2026-03-18,P025,West,W04,188,20,21,187,0
2026-03-19,P025,West,W04,187,11,19,179,0
2026-03-20,P025,West,W04,179,11,24,166,0
2026-03-21,P025,West,W04,166,15,20,161,0
2026-03-22,P025,West,W04,161,17,27,151,0
2026-03-23,P025,West,W04,151,16,13,154,0
2026-03-24,P025,West,W04,154,17,13,158,0
2026-03-25,P025,West,W04,158,13,21,150,0
2026-03-26,P025,West,W04,150,20,9,161,0
2026-03-27,P025,West,W04,161,19,13,167,0
2026-03-28,P025,West,W04,167,12,24,155,0
2026-03-29,P025,West,W04,155,14,17,152,0
2026-03-30,P025,West,W04,152,14,20,146,0
2026-03-31,P025,West,W04,146,18,19,145,0
2026-04-01,P025,West,W04,145,9,13,141,0
2026-04-02,P025,West,W04,141,14,16,139,0
2026-04-03,P025,West,W04,139,9,8,140,0
2026-04-04,P025,West,W04,140,17,11,146,0
2026-04-05,P025,West,W04,146,11,14,143,0
2026-04-06,P025,West,W04,143,16,25,134,0
2026-04-07,P025,West,W04,134,18,22,130,0
2026-04-08,P025,West,W04,130,21,19,132,0
2026-04-09,P025,West,W04,132,11,18,125,0
2026-04-10,P025,West,W04,125,14,13,126,0
2026-04-11,P025,West,W04,126,10,22,114,0
2026-04-12,P025,West,W04,114,20,11,123,0
2026-04-13,P025,West,W04,123,18,24,117,0
2026-04-14,P025,West,W04,117,17,18,116,0
2026-04-15,P025,West,W04,116,20,22,114,0
2026-04-16,P025,West,W04,114,15,12,117,0
2026-04-17,P025,West,W04,117,10,19,108,0
2026-04-18,P025,West,W04,108,16,16,108,0
2026-04-19,P025,West,W04,108,16,16,108,0
2026-04-20,P025,West,W04,108,11,22,97,0
2026-04-21,P025,West,W04,97,9,21,85,0
2026-04-22,P025,West,W04,85,10,12,83,0
2026-04-23,P025,West,W04,83,11,21,73,0
2026-04-24,P025,West,W04,73,22,16,79,0
2026-04-25,P025,West,W04,79,15,22,72,0
2026-04-26,P025,West,W04,72,14,19,67,0
2026-04-27,P025,West,W04,67,13,13,67,0
2026-04-28,P025,West,W04,67,10,19,58,0
2026-04-29,P025,West,W04,58,14,15,57,0
2026-04-30,P025,West,W04,57,20,20,57,0
2026-05-01,P025,West,W04,57,10,18,49,0
2026-05-02,P025,West,W04,49,12,17,44,0
2026-05-03,P025,West,W04,44,18,17,45,0
2026-05-04,P025,West,W04,45,11,23,33,0
2026-05-05,P025,West,W04,33,21,22,32,0
2026-05-06,P025,West,W04,32,19,30,21,0
2026-05-07,P025,West,W04,21,13,19,15,0
2026-05-08,P025,West,W04,15,16,20,11,0
2026-05-09,P025,West,W04,11,17,20,8,0
2026-05-10,P025,West,W04,8,21,28,1,0
2026-05-11,P025,West,W04,1,10,11,0,8
2026-05-12,P025,West,W04,0,19,15,4,0
2026-05-13,P025,West,W04,4,12,16,0,10
2026-05-14,P025,West,W04,0,7,7,0,11
2026-05-15,P025,West,W04,0,10,10,0,4
2026-05-16,P025,West,W04,0,14,14,0,9
2026-05-17,P025,West,W04,0,13,13,0,5
2026-05-18,P025,West,W04,0,16,16,0,13
2026-05-19,P025,West,W04,0,13,13,0,15
2026-05-20,P025,West,W04,0,14,14,0,9
2026-05-21,P025,West,W04,0,22,11,11,0
2026-05-22,P025,West,W04,11,9,14,6,0
2026-05-23,P025,West,W04,6,21,21,6,0
2026-05-24,P025,West,W04,6,15,21,0,14
2026-05-25,P025,West,W04,0,13,13,0,12
2026-05-26,P025,West,W04,0,18,12,6,0
2026-05-27,P025,West,W04,6,22,21,7,0
2026-05-28,P025,West,W04,7,24,26,5,0
2026-05-29,P025,West,W04,5,18,22,1,0
2026-05-30,P025,West,W04,1,10,11,0,13
2026-05-31,P025,West,W04,0,9,9,0,4
2026-06-01,P025,West,W04,0,14,14,0,11
2026-06-02,P025,West,W04,0,9,9,0,12
2026-06-03,P025,West,W04,0,16,15,1,0
2026-06-04,P025,West,W04,1,14,15,0,0
2026-06-05,P025,West,W04,0,13,13,0,9
2026-06-06,P025,West,W04,0,15,15,0,8
2026-06-07,P025,West,W04,0,10,10,0,7
2026-06-08,P025,West,W04,0,18,18,0,14
2026-06-09,P025,West,W04,0,18,12,6,0
2026-06-10,P025,West,W04,6,15,21,0,8
2026-06-11,P025,West,W04,0,22,19,3,0
2026-06-12,P025,West,W04,3,14,17,0,13
2026-06-13,P025,West,W04,0,15,15,0,9
2026-06-14,P025,West,W04,0,19,17,2,0
2026-06-15,P025,West,W04,2,13,15,0,9
2026-06-16,P025,West,W04,0,10,10,0,8
2026-06-17,P025,West,W04,0,9,9,0,11
2026-06-18,P025,West,W04,0,16,12,4,0
2026-06-19,P025,West,W04,4,16,20,0,5
2026-06-20,P025,West,W04,0,13,13,0,11
2026-06-21,P025,West,W04,0,16,16,0,11
2026-06-22,P025,West,W04,0,24,18,6,0
2026-06-23,P025,West,W04,6,16,22,0,0
2026-06-24,P025,West,W04,0,18,18,0,14
2026-06-25,P025,West,W04,0,15,15,0,7
2026-06-26,P025,West,W04,0,15,15,0,4
2026-06-27,P025,West,W04,0,17,17,0,11
2026-06-28,P025,West,W04,0,11,11,0,6
2026-06-29,P025,West,W04,0,15,15,0,9
2026-06-30,P025,West,W04,0,12,12,0,9
2026-01-01,P026,North,W01,665,11,11,665,0
2026-01-02,P026,North,W01,665,18,28,655,0
2026-01-03,P026,North,W01,655,13,15,653,0
2026-01-04,P026,North,W01,653,11,25,639,0
2026-01-05,P026,North,W01,639,17,25,631,0
2026-01-06,P026,North,W01,631,16,19,628,0
2026-01-07,P026,North,W01,628,22,25,625,0
2026-01-08,P026,North,W01,625,24,19,630,0
2026-01-09,P026,North,W01,630,13,18,625,0
2026-01-10,P026,North,W01,625,15,16,624,0
2026-01-11,P026,North,W01,624,12,18,618,0
2026-01-12,P026,North,W01,618,11,19,610,0
2026-01-13,P026,North,W01,610,19,18,611,0
2026-01-14,P026,North,W01,611,11,16,606,0
2026-01-15,P026,North,W01,606,13,17,602,0
2026-01-16,P026,North,W01,602,19,15,606,0
2026-01-17,P026,North,W01,606,12,21,597,0
2026-01-18,P026,North,W01,597,13,20,590,0
2026-01-19,P026,North,W01,590,8,17,581,0
2026-01-20,P026,North,W01,581,12,8,585,0
2026-01-21,P026,North,W01,585,15,26,574,0
2026-01-22,P026,North,W01,574,19,13,580,0
2026-01-23,P026,North,W01,580,11,22,569,0
2026-01-24,P026,North,W01,569,19,28,560,0
2026-01-25,P026,North,W01,560,14,25,549,0
2026-01-26,P026,North,W01,549,16,21,544,0
2026-01-27,P026,North,W01,544,16,16,544,0
2026-01-28,P026,North,W01,544,15,18,541,0
2026-01-29,P026,North,W01,541,15,15,541,0
2026-01-30,P026,North,W01,541,13,24,530,0
2026-01-31,P026,North,W01,530,14,24,520,0
2026-02-01,P026,North,W01,520,14,16,518,0
2026-02-02,P026,North,W01,518,11,13,516,0
2026-02-03,P026,North,W01,516,16,25,507,0
2026-02-04,P026,North,W01,507,16,21,502,0
2026-02-05,P026,North,W01,502,19,14,507,0
2026-02-06,P026,North,W01,507,14,13,508,0
2026-02-07,P026,North,W01,508,11,21,498,0
2026-02-08,P026,North,W01,498,17,18,497,0
2026-02-09,P026,North,W01,497,16,15,498,0
2026-02-10,P026,North,W01,498,19,19,498,0
2026-02-11,P026,North,W01,498,11,17,492,0
2026-02-12,P026,North,W01,492,16,20,488,0
2026-02-13,P026,North,W01,488,19,16,491,0
2026-02-14,P026,North,W01,491,14,23,482,0
2026-02-15,P026,North,W01,482,14,22,474,0
2026-02-16,P026,North,W01,474,19,13,480,0
2026-02-17,P026,North,W01,480,15,24,471,0
2026-02-18,P026,North,W01,471,12,17,466,0
2026-02-19,P026,North,W01,466,16,21,461,0
2026-02-20,P026,North,W01,461,3,11,453,0
2026-02-21,P026,North,W01,453,3,14,442,0
2026-02-22,P026,North,W01,442,6,14,434,0
2026-02-23,P026,North,W01,434,5,19,420,0
2026-02-24,P026,North,W01,420,0,16,404,0
2026-02-25,P026,North,W01,404,1,22,383,0
2026-02-26,P026,North,W01,383,1,18,366,0
2026-02-27,P026,North,W01,366,0,14,352,0
2026-02-28,P026,North,W01,352,3,18,337,0
2026-03-01,P026,North,W01,337,20,15,342,0
2026-03-02,P026,North,W01,342,19,21,340,0
2026-03-03,P026,North,W01,340,16,18,338,0
2026-03-04,P026,North,W01,338,16,18,336,0
2026-03-05,P026,North,W01,336,10,23,323,0
2026-03-06,P026,North,W01,323,12,27,308,0
2026-03-07,P026,North,W01,308,16,19,305,0
2026-03-08,P026,North,W01,305,28,17,316,0
2026-03-09,P026,North,W01,316,9,26,299,0
2026-03-10,P026,North,W01,299,15,19,295,0
2026-03-11,P026,North,W01,295,15,26,284,0
2026-03-12,P026,North,W01,284,14,21,277,0
2026-03-13,P026,North,W01,277,13,18,272,0
2026-03-14,P026,North,W01,272,9,16,265,0
2026-03-15,P026,North,W01,265,22,17,270,0
2026-03-16,P026,North,W01,270,18,17,271,0
2026-03-17,P026,North,W01,271,15,16,270,0
2026-03-18,P026,North,W01,270,12,15,267,0
2026-03-19,P026,North,W01,267,14,18,263,0
2026-03-20,P026,North,W01,263,20,18,265,0
2026-03-21,P026,North,W01,265,28,20,273,0
2026-03-22,P026,North,W01,273,21,29,265,0
2026-03-23,P026,North,W01,265,12,16,261,0
2026-03-24,P026,North,W01,261,19,13,267,0
2026-03-25,P026,North,W01,267,22,17,272,0
2026-03-26,P026,North,W01,272,10,20,262,0
2026-03-27,P026,North,W01,262,11,19,254,0
2026-03-28,P026,North,W01,254,18,30,242,0
2026-03-29,P026,North,W01,242,18,19,241,0
2026-03-30,P026,North,W01,241,14,13,242,0
2026-03-31,P026,North,W01,242,18,14,246,0
2026-04-01,P026,North,W01,246,17,12,251,0
2026-04-02,P026,North,W01,251,8,16,243,0
2026-04-03,P026,North,W01,243,12,14,241,0
2026-04-04,P026,North,W01,241,11,18,234,0
2026-04-05,P026,North,W01,234,17,15,236,0
2026-04-06,P026,North,W01,236,22,19,239,0
2026-04-07,P026,North,W01,239,15,20,234,0
2026-04-08,P026,North,W01,234,16,8,242,0
2026-04-09,P026,North,W01,242,12,18,236,0
2026-04-10,P026,North,W01,236,13,16,233,0
2026-04-11,P026,North,W01,233,18,16,235,0
2026-04-12,P026,North,W01,235,15,14,236,0
2026-04-13,P026,North,W01,236,12,12,236,0
2026-04-14,P026,North,W01,236,25,9,252,0
2026-04-15,P026,North,W01,252,24,23,253,0
2026-04-16,P026,North,W01,253,19,20,252,0
2026-04-17,P026,North,W01,252,17,16,253,0
2026-04-18,P026,North,W01,253,17,17,253,0
2026-04-19,P026,North,W01,253,13,21,245,0
2026-04-20,P026,North,W01,245,15,19,241,0
2026-04-21,P026,North,W01,241,10,14,237,0
2026-04-22,P026,North,W01,237,25,13,249,0
2026-04-23,P026,North,W01,249,16,21,244,0
2026-04-24,P026,North,W01,244,13,19,238,0
2026-04-25,P026,North,W01,238,17,16,239,0
2026-04-26,P026,North,W01,239,13,16,236,0
2026-04-27,P026,North,W01,236,14,18,232,0
2026-04-28,P026,North,W01,232,19,17,234,0
2026-04-29,P026,North,W01,234,9,23,220,0
2026-04-30,P026,North,W01,220,18,25,213,0
2026-05-01,P026,North,W01,213,17,17,213,0
2026-05-02,P026,North,W01,213,6,22,197,0
2026-05-03,P026,North,W01,197,17,15,199,0
2026-05-04,P026,North,W01,199,7,18,188,0
2026-05-05,P026,North,W01,188,17,19,186,0
2026-05-06,P026,North,W01,186,24,24,186,0
2026-05-07,P026,North,W01,186,11,21,176,0
2026-05-08,P026,North,W01,176,17,23,170,0
2026-05-09,P026,North,W01,170,17,13,174,0
2026-05-10,P026,North,W01,174,23,20,177,0
2026-05-11,P026,North,W01,177,19,16,180,0
2026-05-12,P026,North,W01,180,12,17,175,0
2026-05-13,P026,North,W01,175,15,29,161,0
2026-05-14,P026,North,W01,161,17,22,156,0
2026-05-15,P026,North,W01,156,17,22,151,0
2026-05-16,P026,North,W01,151,17,16,152,0
2026-05-17,P026,North,W01,152,19,17,154,0
2026-05-18,P026,North,W01,154,17,21,150,0
2026-05-19,P026,North,W01,150,13,27,136,0
2026-05-20,P026,North,W01,136,20,25,131,0
2026-05-21,P026,North,W01,131,17,15,133,0
2026-05-22,P026,North,W01,133,20,22,131,0
2026-05-23,P026,North,W01,131,12,15,128,0
2026-05-24,P026,North,W01,128,14,23,119,0
2026-05-25,P026,North,W01,119,10,19,110,0
2026-05-26,P026,North,W01,110,14,24,100,0
2026-05-27,P026,North,W01,100,15,19,96,0
2026-05-28,P026,North,W01,96,12,28,80,0
2026-05-29,P026,North,W01,80,4,21,63,0
2026-05-30,P026,North,W01,63,8,16,55,0
2026-05-31,P026,North,W01,55,25,21,59,0
2026-06-01,P026,North,W01,59,18,21,56,0
2026-06-02,P026,North,W01,56,15,14,57,0
2026-06-03,P026,North,W01,57,14,20,51,0
2026-06-04,P026,North,W01,51,14,15,50,0
2026-06-05,P026,North,W01,50,15,21,44,0
2026-06-06,P026,North,W01,44,14,19,39,0
2026-06-07,P026,North,W01,39,21,17,43,0
2026-06-08,P026,North,W01,43,11,25,29,0
2026-06-09,P026,North,W01,29,19,19,29,0
2026-06-10,P026,North,W01,29,20,20,29,0
2026-06-11,P026,North,W01,29,14,18,25,0
2026-06-12,P026,North,W01,25,14,16,23,0
2026-06-13,P026,North,W01,23,17,19,21,0
2026-06-14,P026,North,W01,21,14,26,9,0
2026-06-15,P026,North,W01,9,16,19,6,0
2026-06-16,P026,North,W01,6,14,19,1,0
2026-06-17,P026,North,W01,1,18,19,0,15
2026-06-18,P026,North,W01,0,16,10,6,0
2026-06-19,P026,North,W01,6,15,21,0,0
2026-06-20,P026,North,W01,0,20,13,7,0
2026-06-21,P026,North,W01,7,7,14,0,8
2026-06-22,P026,North,W01,0,14,12,2,0
2026-06-23,P026,North,W01,2,16,18,0,7
2026-06-24,P026,North,W01,0,10,10,0,4
2026-06-25,P026,North,W01,0,20,20,0,15
2026-06-26,P026,North,W01,0,13,13,0,15
2026-06-27,P026,North,W01,0,15,15,0,0
2026-06-28,P026,North,W01,0,14,11,3,0
2026-06-29,P026,North,W01,3,10,13,0,15
2026-06-30,P026,North,W01,0,9,6,3,0
2026-01-01,P026,South,W02,310,18,18,310,0
2026-01-02,P026,South,W02,310,16,25,301,0
2026-01-03,P026,South,W02,301,13,18,296,0
2026-01-04,P026,South,W02,296,14,20,290,0
2026-01-05,P026,South,W02,290,16,20,286,0
2026-01-06,P026,South,W02,286,11,13,284,0
2026-01-07,P026,South,W02,284,7,21,270,0
2026-01-08,P026,South,W02,270,8,19,259,0
2026-01-09,P026,South,W02,259,10,22,247,0
2026-01-10,P026,South,W02,247,21,15,253,0
2026-01-11,P026,South,W02,253,15,15,253,0
2026-01-12,P026,South,W02,253,9,14,248,0
2026-01-13,P026,South,W02,248,14,16,246,0
2026-01-14,P026,South,W02,246,12,15,243,0
2026-01-15,P026,South,W02,243,10,19,234,0
2026-01-16,P026,South,W02,234,20,22,232,0
2026-01-17,P026,South,W02,232,14,15,231,0
2026-01-18,P026,South,W02,231,13,19,225,0
2026-01-19,P026,South,W02,225,16,8,233,0
2026-01-20,P026,South,W02,233,12,18,227,0
2026-01-21,P026,South,W02,227,14,19,222,0
2026-01-22,P026,South,W02,222,18,20,220,0
2026-01-23,P026,South,W02,220,16,10,226,0
2026-01-24,P026,South,W02,226,15,18,223,0
2026-01-25,P026,South,W02,223,13,20,216,0
2026-01-26,P026,South,W02,216,10,13,213,0
2026-01-27,P026,South,W02,213,12,15,210,0
2026-01-28,P026,South,W02,210,11,11,210,0
2026-01-29,P026,South,W02,210,12,18,204,0
2026-01-30,P026,South,W02,204,15,21,198,0
2026-01-31,P026,South,W02,198,12,14,196,0
2026-02-01,P026,South,W02,196,13,13,196,0
2026-02-02,P026,South,W02,196,18,20,194,0
2026-02-03,P026,South,W02,194,19,24,189,0
2026-02-04,P026,South,W02,189,13,22,180,0
2026-02-05,P026,South,W02,180,18,16,182,0
2026-02-06,P026,South,W02,182,10,16,176,0
2026-02-07,P026,South,W02,176,15,22,169,0
2026-02-08,P026,South,W02,169,12,22,159,0
2026-02-09,P026,South,W02,159,23,21,161,0
2026-02-10,P026,South,W02,161,21,24,158,0
2026-02-11,P026,South,W02,158,14,21,151,0
2026-02-12,P026,South,W02,151,15,19,147,0
2026-02-13,P026,South,W02,147,16,15,148,0
2026-02-14,P026,South,W02,148,12,23,137,0
2026-02-15,P026,South,W02,137,12,14,135,0
2026-02-16,P026,South,W02,135,16,15,136,0
2026-02-17,P026,South,W02,136,20,15,141,0
2026-02-18,P026,South,W02,141,15,14,142,0
2026-02-19,P026,South,W02,142,14,16,140,0
2026-02-20,P026,South,W02,140,1,17,124,0
2026-02-21,P026,South,W02,124,4,13,115,0
2026-02-22,P026,South,W02,115,0,16,99,0
2026-02-23,P026,South,W02,99,1,21,79,0
2026-02-24,P026,South,W02,79,2,22,59,0
2026-02-25,P026,South,W02,59,4,11,52,0
2026-02-26,P026,South,W02,52,5,17,40,0
2026-02-27,P026,South,W02,40,2,24,18,0
2026-02-28,P026,South,W02,18,1,19,0,11
2026-03-01,P026,South,W02,0,14,14,0,12
2026-03-02,P026,South,W02,0,17,14,3,0
2026-03-03,P026,South,W02,3,12,15,0,0
2026-03-04,P026,South,W02,0,17,14,3,0
2026-03-05,P026,South,W02,3,14,14,3,0
2026-03-06,P026,South,W02,3,14,17,0,14
2026-03-07,P026,South,W02,0,17,17,0,4
2026-03-08,P026,South,W02,0,14,14,0,13
2026-03-09,P026,South,W02,0,14,10,4,0
2026-03-10,P026,South,W02,4,13,17,0,9
2026-03-11,P026,South,W02,0,14,14,0,5
2026-03-12,P026,South,W02,0,7,7,0,9
2026-03-13,P026,South,W02,0,21,21,0,0
2026-03-14,P026,South,W02,0,10,10,0,12
2026-03-15,P026,South,W02,0,11,11,0,14
2026-03-16,P026,South,W02,0,7,7,0,10
2026-03-17,P026,South,W02,0,21,14,7,0
2026-03-18,P026,South,W02,7,17,22,2,0
2026-03-19,P026,South,W02,2,10,12,0,8
2026-03-20,P026,South,W02,0,11,11,0,5
2026-03-21,P026,South,W02,0,12,12,0,4
2026-03-22,P026,South,W02,0,15,15,0,15
2026-03-23,P026,South,W02,0,15,15,0,14
2026-03-24,P026,South,W02,0,10,10,0,6
2026-03-25,P026,South,W02,0,16,16,0,15
2026-03-26,P026,South,W02,0,20,20,0,7
2026-03-27,P026,South,W02,0,13,12,1,0
2026-03-28,P026,South,W02,1,16,14,3,0
2026-03-29,P026,South,W02,3,20,15,8,0
2026-03-30,P026,South,W02,8,19,21,6,0
2026-03-31,P026,South,W02,6,10,16,0,0
2026-04-01,P026,South,W02,0,18,18,0,12
2026-04-02,P026,South,W02,0,11,11,0,5
2026-04-03,P026,South,W02,0,11,11,0,14
2026-04-04,P026,South,W02,0,15,15,0,7
2026-04-05,P026,South,W02,0,18,11,7,0
2026-04-06,P026,South,W02,7,12,16,3,0
2026-04-07,P026,South,W02,3,8,11,0,10
2026-04-08,P026,South,W02,0,12,12,0,14
2026-04-09,P026,South,W02,0,17,17,0,13
2026-04-10,P026,South,W02,0,10,10,0,6
2026-04-11,P026,South,W02,0,18,18,0,15
2026-04-12,P026,South,W02,0,14,14,0,7
2026-04-13,P026,South,W02,0,10,10,0,4
2026-04-14,P026,South,W02,0,15,15,0,0
2026-04-15,P026,South,W02,0,20,20,0,13
2026-04-16,P026,South,W02,0,23,23,0,5
2026-04-17,P026,South,W02,0,11,11,0,7
2026-04-18,P026,South,W02,0,10,10,0,4
2026-04-19,P026,South,W02,0,22,14,8,0
2026-04-20,P026,South,W02,8,20,22,6,0
2026-04-21,P026,South,W02,6,12,15,3,0
2026-04-22,P026,South,W02,3,15,16,2,0
2026-04-23,P026,South,W02,2,17,18,1,0
2026-04-24,P026,South,W02,1,13,14,0,14
2026-04-25,P026,South,W02,0,14,14,0,6
2026-04-26,P026,South,W02,0,15,12,3,0
2026-04-27,P026,South,W02,3,19,17,5,0
2026-04-28,P026,South,W02,5,10,15,0,6
2026-04-29,P026,South,W02,0,17,17,0,0
2026-04-30,P026,South,W02,0,22,22,0,15
2026-05-01,P026,South,W02,0,15,15,0,15
2026-05-02,P026,South,W02,0,13,13,0,8
2026-05-03,P026,South,W02,0,18,18,0,12
2026-05-04,P026,South,W02,0,11,11,0,9
2026-05-05,P026,South,W02,0,14,14,0,6
2026-05-06,P026,South,W02,0,9,9,0,12
2026-05-07,P026,South,W02,0,15,15,0,7
2026-05-08,P026,South,W02,0,10,10,0,11
2026-05-09,P026,South,W02,0,14,14,0,8
2026-05-10,P026,South,W02,0,13,13,0,7
2026-05-11,P026,South,W02,0,14,14,0,7
2026-05-12,P026,South,W02,0,17,16,1,0
2026-05-13,P026,South,W02,1,16,17,0,15
2026-05-14,P026,South,W02,0,14,14,0,5
2026-05-15,P026,South,W02,0,17,17,0,12
2026-05-16,P026,South,W02,0,21,13,8,0
2026-05-17,P026,South,W02,8,7,15,0,7
2026-05-18,P026,South,W02,0,17,13,4,0
2026-05-19,P026,South,W02,4,20,18,6,0
2026-05-20,P026,South,W02,6,16,22,0,0
2026-05-21,P026,South,W02,0,10,10,0,5
2026-05-22,P026,South,W02,0,21,15,6,0
2026-05-23,P026,South,W02,6,12,18,0,11
2026-05-24,P026,South,W02,0,13,13,0,14
2026-05-25,P026,South,W02,0,11,11,0,4
2026-05-26,P026,South,W02,0,20,20,0,7
2026-05-27,P026,South,W02,0,20,20,0,11
2026-05-28,P026,South,W02,0,14,12,2,0
2026-05-29,P026,South,W02,2,10,12,0,12
2026-05-30,P026,South,W02,0,13,13,0,11
2026-05-31,P026,South,W02,0,16,14,2,0
2026-06-01,P026,South,W02,2,19,21,0,0
2026-06-02,P026,South,W02,0,20,20,0,8
2026-06-03,P026,South,W02,0,11,11,0,9
2026-06-04,P026,South,W02,0,10,10,0,7
2026-06-05,P026,South,W02,0,18,18,0,15
2026-06-06,P026,South,W02,0,28,20,8,0
2026-06-07,P026,South,W02,8,8,16,0,14
2026-06-08,P026,South,W02,0,11,11,0,8
2026-06-09,P026,South,W02,0,17,17,0,11
2026-06-10,P026,South,W02,0,14,14,0,4
2026-06-11,P026,South,W02,0,13,13,0,13
2026-06-12,P026,South,W02,0,12,12,0,15
2026-06-13,P026,South,W02,0,8,8,0,9
2026-06-14,P026,South,W02,0,10,10,0,11
2026-06-15,P026,South,W02,0,12,12,0,6
2026-06-16,P026,South,W02,0,10,10,0,9
2026-06-17,P026,South,W02,0,15,15,0,4
2026-06-18,P026,South,W02,0,9,9,0,12
2026-06-19,P026,South,W02,0,15,15,0,14
2026-06-20,P026,South,W02,0,14,14,0,12
2026-06-21,P026,South,W02,0,15,15,0,13
2026-06-22,P026,South,W02,0,9,9,0,8
2026-06-23,P026,South,W02,0,10,10,0,6
2026-06-24,P026,South,W02,0,22,22,0,13
2026-06-25,P026,South,W02,0,15,15,0,8
2026-06-26,P026,South,W02,0,10,10,0,11
2026-06-27,P026,South,W02,0,15,15,0,12
2026-06-28,P026,South,W02,0,17,17,0,9
2026-06-29,P026,South,W02,0,20,20,0,14
2026-06-30,P026,South,W02,0,18,18,0,14
2026-01-01,P026,East,W03,268,13,18,263,0
2026-01-02,P026,East,W03,263,14,26,251,0
2026-01-03,P026,East,W03,251,11,15,247,0
2026-01-04,P026,East,W03,247,17,14,250,0
2026-01-05,P026,East,W03,250,17,13,254,0
2026-01-06,P026,East,W03,254,14,12,256,0
2026-01-07,P026,East,W03,256,22,17,261,0
2026-01-08,P026,East,W03,261,18,17,262,0
2026-01-09,P026,East,W03,262,15,15,262,0
2026-01-10,P026,East,W03,262,15,16,261,0
2026-01-11,P026,East,W03,261,11,20,252,0
2026-01-12,P026,East,W03,252,15,15,252,0
2026-01-13,P026,East,W03,252,17,19,250,0
2026-01-14,P026,East,W03,250,19,11,258,0
2026-01-15,P026,East,W03,258,8,23,243,0
2026-01-16,P026,East,W03,243,16,21,238,0
2026-01-17,P026,East,W03,238,7,21,224,0
2026-01-18,P026,East,W03,224,15,15,224,0
2026-01-19,P026,East,W03,224,16,21,219,0
2026-01-20,P026,East,W03,219,20,16,223,0
2026-01-21,P026,East,W03,223,12,23,212,0
2026-01-22,P026,East,W03,212,17,20,209,0
2026-01-23,P026,East,W03,209,22,13,218,0
2026-01-24,P026,East,W03,218,14,22,210,0
2026-01-25,P026,East,W03,210,16,21,205,0
2026-01-26,P026,East,W03,205,10,21,194,0
2026-01-27,P026,East,W03,194,11,17,188,0
2026-01-28,P026,East,W03,188,12,14,186,0
2026-01-29,P026,East,W03,186,26,23,189,0
2026-01-30,P026,East,W03,189,15,20,184,0
2026-01-31,P026,East,W03,184,13,10,187,0
2026-02-01,P026,East,W03,187,16,28,175,0
2026-02-02,P026,East,W03,175,16,30,161,0
2026-02-03,P026,East,W03,161,16,17,160,0
2026-02-04,P026,East,W03,160,8,15,153,0
2026-02-05,P026,East,W03,153,13,14,152,0
2026-02-06,P026,East,W03,152,17,15,154,0
2026-02-07,P026,East,W03,154,16,25,145,0
2026-02-08,P026,East,W03,145,22,22,145,0
2026-02-09,P026,East,W03,145,15,13,147,0
2026-02-10,P026,East,W03,147,9,21,135,0
2026-02-11,P026,East,W03,135,17,20,132,0
2026-02-12,P026,East,W03,132,17,17,132,0
2026-02-13,P026,East,W03,132,17,18,131,0
2026-02-14,P026,East,W03,131,15,17,129,0
2026-02-15,P026,East,W03,129,8,18,119,0
2026-02-16,P026,East,W03,119,16,16,119,0
2026-02-17,P026,East,W03,119,23,22,120,0
2026-02-18,P026,East,W03,120,21,23,118,0
2026-02-19,P026,East,W03,118,8,15,111,0
2026-02-20,P026,East,W03,111,1,18,94,0
2026-02-21,P026,East,W03,94,5,22,77,0
2026-02-22,P026,East,W03,77,4,23,58,0
2026-02-23,P026,East,W03,58,3,16,45,0
2026-02-24,P026,East,W03,45,5,16,34,0
2026-02-25,P026,East,W03,34,1,19,16,0
2026-02-26,P026,East,W03,16,4,12,8,0
2026-02-27,P026,East,W03,8,4,12,0,5
2026-02-28,P026,East,W03,0,3,3,0,12
2026-03-01,P026,East,W03,0,15,15,0,15
2026-03-02,P026,East,W03,0,13,13,0,11
2026-03-03,P026,East,W03,0,17,11,6,0
2026-03-04,P026,East,W03,6,15,21,0,5
2026-03-05,P026,East,W03,0,17,17,0,11
2026-03-06,P026,East,W03,0,17,17,0,13
2026-03-07,P026,East,W03,0,21,14,7,0
2026-03-08,P026,East,W03,7,14,21,0,12
2026-03-09,P026,East,W03,0,14,14,0,6
2026-03-10,P026,East,W03,0,11,11,0,12
2026-03-11,P026,East,W03,0,12,12,0,11
2026-03-12,P026,East,W03,0,11,11,0,10
2026-03-13,P026,East,W03,0,9,9,0,5
2026-03-14,P026,East,W03,0,18,6,12,0
2026-03-15,P026,East,W03,12,10,14,8,0
2026-03-16,P026,East,W03,8,14,19,3,0
2026-03-17,P026,East,W03,3,14,17,0,5
2026-03-18,P026,East,W03,0,11,11,0,7
2026-03-19,P026,East,W03,0,13,13,0,11
2026-03-20,P026,East,W03,0,14,14,0,4
2026-03-21,P026,East,W03,0,12,12,0,14
2026-03-22,P026,East,W03,0,14,14,0,9
2026-03-23,P026,East,W03,0,14,14,0,15
2026-03-24,P026,East,W03,0,14,14,0,4
2026-03-25,P026,East,W03,0,20,17,3,0
2026-03-26,P026,East,W03,3,17,17,3,0
2026-03-27,P026,East,W03,3,10,13,0,6
2026-03-28,P026,East,W03,0,13,13,0,13
2026-03-29,P026,East,W03,0,19,18,1,0
2026-03-30,P026,East,W03,1,16,17,0,8
2026-03-31,P026,East,W03,0,7,7,0,7
2026-04-01,P026,East,W03,0,10,10,0,7
2026-04-02,P026,East,W03,0,17,14,3,0
2026-04-03,P026,East,W03,3,14,17,0,13
2026-04-04,P026,East,W03,0,13,13,0,12
2026-04-05,P026,East,W03,0,16,16,0,8
2026-04-06,P026,East,W03,0,15,14,1,0
2026-04-07,P026,East,W03,1,10,11,0,15
2026-04-08,P026,East,W03,0,15,15,0,11
2026-04-09,P026,East,W03,0,16,14,2,0
2026-04-10,P026,East,W03,2,13,15,0,5
2026-04-11,P026,East,W03,0,8,8,0,9
2026-04-12,P026,East,W03,0,15,15,0,11
2026-04-13,P026,East,W03,0,20,18,2,0
2026-04-14,P026,East,W03,2,16,18,0,10
2026-04-15,P026,East,W03,0,6,6,0,6
2026-04-16,P026,East,W03,0,12,12,0,8
2026-04-17,P026,East,W03,0,17,17,0,5
2026-04-18,P026,East,W03,0,16,16,0,15
2026-04-19,P026,East,W03,0,16,16,0,9
2026-04-20,P026,East,W03,0,10,10,0,10
2026-04-21,P026,East,W03,0,16,16,0,6
2026-04-22,P026,East,W03,0,17,16,1,0
2026-04-23,P026,East,W03,1,13,14,0,13
2026-04-24,P026,East,W03,0,21,20,1,0
2026-04-25,P026,East,W03,1,13,14,0,13
2026-04-26,P026,East,W03,0,16,14,2,0
2026-04-27,P026,East,W03,2,12,14,0,6
2026-04-28,P026,East,W03,0,11,11,0,6
2026-04-29,P026,East,W03,0,11,11,0,5
2026-04-30,P026,East,W03,0,17,14,3,0
2026-05-01,P026,East,W03,3,16,19,0,11
2026-05-02,P026,East,W03,0,24,24,0,10
2026-05-03,P026,East,W03,0,15,15,0,11
2026-05-04,P026,East,W03,0,11,11,0,8
2026-05-05,P026,East,W03,0,13,13,0,10
2026-05-06,P026,East,W03,0,18,17,1,0
2026-05-07,P026,East,W03,1,15,15,1,0
2026-05-08,P026,East,W03,1,20,16,5,0
2026-05-09,P026,East,W03,5,16,21,0,5
2026-05-10,P026,East,W03,0,16,16,0,12
2026-05-11,P026,East,W03,0,15,15,0,14
2026-05-12,P026,East,W03,0,22,18,4,0
2026-05-13,P026,East,W03,4,13,17,0,12
2026-05-14,P026,East,W03,0,16,16,0,10
2026-05-15,P026,East,W03,0,19,19,0,6
2026-05-16,P026,East,W03,0,17,17,0,7
2026-05-17,P026,East,W03,0,15,15,0,15
2026-05-18,P026,East,W03,0,14,14,0,7
2026-05-19,P026,East,W03,0,7,7,0,15
2026-05-20,P026,East,W03,0,11,11,0,11
2026-05-21,P026,East,W03,0,19,16,3,0
2026-05-22,P026,East,W03,3,13,16,0,11
2026-05-23,P026,East,W03,0,17,17,0,5
2026-05-24,P026,East,W03,0,15,12,3,0
2026-05-25,P026,East,W03,3,12,15,0,6
2026-05-26,P026,East,W03,0,17,17,0,7
2026-05-27,P026,East,W03,0,17,17,0,12
2026-05-28,P026,East,W03,0,22,22,0,14
2026-05-29,P026,East,W03,0,14,11,3,0
2026-05-30,P026,East,W03,3,20,17,6,0
2026-05-31,P026,East,W03,6,13,19,0,6
2026-06-01,P026,East,W03,0,14,14,0,7
2026-06-02,P026,East,W03,0,16,15,1,0
2026-06-03,P026,East,W03,1,20,21,0,6
2026-06-04,P026,East,W03,0,11,11,0,5
2026-06-05,P026,East,W03,0,20,20,0,8
2026-06-06,P026,East,W03,0,14,14,0,15
2026-06-07,P026,East,W03,0,21,21,0,8
2026-06-08,P026,East,W03,0,17,17,0,8
2026-06-09,P026,East,W03,0,15,15,0,14
2026-06-10,P026,East,W03,0,21,18,3,0
2026-06-11,P026,East,W03,3,8,11,0,15
2026-06-12,P026,East,W03,0,11,11,0,5
2026-06-13,P026,East,W03,0,19,19,0,0
2026-06-14,P026,East,W03,0,10,10,0,11
2026-06-15,P026,East,W03,0,12,12,0,14
2026-06-16,P026,East,W03,0,16,16,0,11
2026-06-17,P026,East,W03,0,19,19,0,5
2026-06-18,P026,East,W03,0,26,20,6,0
2026-06-19,P026,East,W03,6,9,15,0,8
2026-06-20,P026,East,W03,0,13,13,0,12
2026-06-21,P026,East,W03,0,18,18,0,10
2026-06-22,P026,East,W03,0,21,18,3,0
2026-06-23,P026,East,W03,3,15,18,0,4
2026-06-24,P026,East,W03,0,15,13,2,0
2026-06-25,P026,East,W03,2,14,16,0,10
2026-06-26,P026,East,W03,0,21,21,0,12
2026-06-27,P026,East,W03,0,21,19,2,0
2026-06-28,P026,East,W03,2,12,14,0,5
2026-06-29,P026,East,W03,0,17,17,0,0
2026-06-30,P026,East,W03,0,19,19,0,6
2026-01-01,P026,West,W04,266,12,12,266,0
2026-01-02,P026,West,W04,266,13,15,264,0
2026-01-03,P026,West,W04,264,14,18,260,0
2026-01-04,P026,West,W04,260,14,26,248,0
2026-01-05,P026,West,W04,248,24,13,259,0
2026-01-06,P026,West,W04,259,24,29,254,0
2026-01-07,P026,West,W04,254,13,18,249,0
2026-01-08,P026,West,W04,249,12,21,240,0
2026-01-09,P026,West,W04,240,9,9,240,0
2026-01-10,P026,West,W04,240,9,15,234,0
2026-01-11,P026,West,W04,234,22,18,238,0
2026-01-12,P026,West,W04,238,19,29,228,0
2026-01-13,P026,West,W04,228,14,11,231,0
2026-01-14,P026,West,W04,231,18,15,234,0
2026-01-15,P026,West,W04,234,18,19,233,0
2026-01-16,P026,West,W04,233,16,12,237,0
2026-01-17,P026,West,W04,237,18,18,237,0
2026-01-18,P026,West,W04,237,13,19,231,0
2026-01-19,P026,West,W04,231,12,26,217,0
2026-01-20,P026,West,W04,217,12,23,206,0
2026-01-21,P026,West,W04,206,22,12,216,0
2026-01-22,P026,West,W04,216,20,18,218,0
2026-01-23,P026,West,W04,218,16,16,218,0
2026-01-24,P026,West,W04,218,19,24,213,0
2026-01-25,P026,West,W04,213,21,18,216,0
2026-01-26,P026,West,W04,216,17,11,222,0
2026-01-27,P026,West,W04,222,10,28,204,0
2026-01-28,P026,West,W04,204,18,20,202,0
2026-01-29,P026,West,W04,202,16,15,203,0
2026-01-30,P026,West,W04,203,13,23,193,0
2026-01-31,P026,West,W04,193,13,20,186,0
2026-02-01,P026,West,W04,186,14,7,193,0
2026-02-02,P026,West,W04,193,11,28,176,0
2026-02-03,P026,West,W04,176,11,22,165,0
2026-02-04,P026,West,W04,165,13,18,160,0
2026-02-05,P026,West,W04,160,14,17,157,0
2026-02-06,P026,West,W04,157,9,19,147,0
2026-02-07,P026,West,W04,147,21,15,153,0
2026-02-08,P026,West,W04,153,13,23,143,0
2026-02-09,P026,West,W04,143,18,16,145,0
2026-02-10,P026,West,W04,145,8,22,131,0
2026-02-11,P026,West,W04,131,17,15,133,0
2026-02-12,P026,West,W04,133,18,13,138,0
2026-02-13,P026,West,W04,138,14,23,129,0
2026-02-14,P026,West,W04,129,14,19,124,0
2026-02-15,P026,West,W04,124,18,26,116,0
2026-02-16,P026,West,W04,116,11,16,111,0
2026-02-17,P026,West,W04,111,11,20,102,0
2026-02-18,P026,West,W04,102,17,19,100,0
2026-02-19,P026,West,W04,100,14,23,91,0
2026-02-20,P026,West,W04,91,2,11,82,0
2026-02-21,P026,West,W04,82,1,18,65,0
2026-02-22,P026,West,W04,65,3,12,56,0
2026-02-23,P026,West,W04,56,5,24,37,0
2026-02-24,P026,West,W04,37,5,15,27,0
2026-02-25,P026,West,W04,27,2,23,6,0
2026-02-26,P026,West,W04,6,9,15,0,10
2026-02-27,P026,West,W04,0,5,5,0,8
2026-02-28,P026,West,W04,0,5,5,0,5
2026-03-01,P026,West,W04,0,7,7,0,9
2026-03-02,P026,West,W04,0,10,10,0,8
2026-03-03,P026,West,W04,0,16,16,0,15
2026-03-04,P026,West,W04,0,10,10,0,9
2026-03-05,P026,West,W04,0,14,9,5,0
2026-03-06,P026,West,W04,5,15,13,7,0
2026-03-07,P026,West,W04,7,21,18,10,0
2026-03-08,P026,West,W04,10,14,6,18,0
2026-03-09,P026,West,W04,18,17,21,14,0
2026-03-10,P026,West,W04,14,24,15,23,0
2026-03-11,P026,West,W04,23,9,21,11,0
2026-03-12,P026,West,W04,11,21,17,15,0
2026-03-13,P026,West,W04,15,14,16,13,0
2026-03-14,P026,West,W04,13,21,14,20,0
2026-03-15,P026,West,W04,20,17,18,19,0
2026-03-16,P026,West,W04,19,20,25,14,0
2026-03-17,P026,West,W04,14,9,15,8,0
2026-03-18,P026,West,W04,8,13,21,0,10
2026-03-19,P026,West,W04,0,14,9,5,0
2026-03-20,P026,West,W04,5,16,18,3,0
2026-03-21,P026,West,W04,3,23,21,5,0
2026-03-22,P026,West,W04,5,8,13,0,9
2026-03-23,P026,West,W04,0,23,18,5,0
2026-03-24,P026,West,W04,5,12,17,0,6
2026-03-25,P026,West,W04,0,18,18,0,0
2026-03-26,P026,West,W04,0,15,15,0,4
2026-03-27,P026,West,W04,0,13,13,0,14
2026-03-28,P026,West,W04,0,18,16,2,0
2026-03-29,P026,West,W04,2,19,18,3,0
2026-03-30,P026,West,W04,3,21,16,8,0
2026-03-31,P026,West,W04,8,15,18,5,0
2026-04-01,P026,West,W04,5,13,18,0,12
2026-04-02,P026,West,W04,0,12,12,0,11
2026-04-03,P026,West,W04,0,16,12,4,0
2026-04-04,P026,West,W04,4,19,23,0,0
2026-04-05,P026,West,W04,0,16,15,1,0
2026-04-06,P026,West,W04,1,12,13,0,4
2026-04-07,P026,West,W04,0,20,16,4,0
2026-04-08,P026,West,W04,4,19,12,11,0
2026-04-09,P026,West,W04,11,16,19,8,0
2026-04-10,P026,West,W04,8,15,16,7,0
2026-04-11,P026,West,W04,7,18,19,6,0
2026-04-12,P026,West,W04,6,14,19,1,0
2026-04-13,P026,West,W04,1,9,10,0,8
2026-04-14,P026,West,W04,0,15,13,2,0
2026-04-15,P026,West,W04,2,9,11,0,5
2026-04-16,P026,West,W04,0,23,20,3,0
2026-04-17,P026,West,W04,3,16,19,0,7
2026-04-18,P026,West,W04,0,8,8,0,7
2026-04-19,P026,West,W04,0,12,12,0,10
2026-04-20,P026,West,W04,0,13,13,0,13
2026-04-21,P026,West,W04,0,14,14,0,0
2026-04-22,P026,West,W04,0,12,12,0,14
2026-04-23,P026,West,W04,0,14,14,0,4
2026-04-24,P026,West,W04,0,17,17,0,4
2026-04-25,P026,West,W04,0,16,16,0,4
2026-04-26,P026,West,W04,0,13,13,0,7
2026-04-27,P026,West,W04,0,12,12,0,7
2026-04-28,P026,West,W04,0,15,15,0,12
2026-04-29,P026,West,W04,0,17,16,1,0
2026-04-30,P026,West,W04,1,20,15,6,0
2026-05-01,P026,West,W04,6,16,15,7,0
2026-05-02,P026,West,W04,7,15,22,0,10
2026-05-03,P026,West,W04,0,15,12,3,0
2026-05-04,P026,West,W04,3,21,18,6,0
2026-05-05,P026,West,W04,6,11,17,0,14
2026-05-06,P026,West,W04,0,15,15,0,7
2026-05-07,P026,West,W04,0,12,12,0,4
2026-05-08,P026,West,W04,0,20,15,5,0
2026-05-09,P026,West,W04,5,16,20,1,0
2026-05-10,P026,West,W04,1,10,11,0,8
2026-05-11,P026,West,W04,0,14,14,0,11
2026-05-12,P026,West,W04,0,14,14,0,6
2026-05-13,P026,West,W04,0,15,15,0,15
2026-05-14,P026,West,W04,0,17,17,0,7
2026-05-15,P026,West,W04,0,15,15,0,8
2026-05-16,P026,West,W04,0,14,14,0,9
2026-05-17,P026,West,W04,0,15,15,0,15
2026-05-18,P026,West,W04,0,12,12,0,4
2026-05-19,P026,West,W04,0,9,9,0,13
2026-05-20,P026,West,W04,0,15,15,0,9
2026-05-21,P026,West,W04,0,17,17,0,0
2026-05-22,P026,West,W04,0,15,13,2,0
2026-05-23,P026,West,W04,2,12,14,0,10
2026-05-24,P026,West,W04,0,12,12,0,9
2026-05-25,P026,West,W04,0,14,12,2,0
2026-05-26,P026,West,W04,2,20,22,0,4
2026-05-27,P026,West,W04,0,18,18,0,12
2026-05-28,P026,West,W04,0,25,22,3,0
2026-05-29,P026,West,W04,3,12,15,0,6
2026-05-30,P026,West,W04,0,14,14,0,15
2026-05-31,P026,West,W04,0,16,16,0,6
2026-06-01,P026,West,W04,0,16,13,3,0
2026-06-02,P026,West,W04,3,20,23,0,0
2026-06-03,P026,West,W04,0,12,12,0,12
2026-06-04,P026,West,W04,0,15,15,0,14
2026-06-05,P026,West,W04,0,16,14,2,0
2026-06-06,P026,West,W04,2,21,21,2,0
2026-06-07,P026,West,W04,2,13,15,0,6
2026-06-08,P026,West,W04,0,13,13,0,11
2026-06-09,P026,West,W04,0,8,8,0,14
2026-06-10,P026,West,W04,0,16,16,0,0
2026-06-11,P026,West,W04,0,14,14,0,8
2026-06-12,P026,West,W04,0,14,14,0,12
2026-06-13,P026,West,W04,0,16,16,0,15
2026-06-14,P026,West,W04,0,24,19,5,0
2026-06-15,P026,West,W04,5,14,19,0,5
2026-06-16,P026,West,W04,0,11,11,0,9
2026-06-17,P026,West,W04,0,13,13,0,11
2026-06-18,P026,West,W04,0,17,17,0,4
2026-06-19,P026,West,W04,0,13,13,0,0
2026-06-20,P026,West,W04,0,21,20,1,0
2026-06-21,P026,West,W04,1,26,25,2,0
2026-06-22,P026,West,W04,2,16,18,0,4
2026-06-23,P026,West,W04,0,15,15,0,7
2026-06-24,P026,West,W04,0,12,12,0,9
2026-06-25,P026,West,W04,0,11,11,0,7
2026-06-26,P026,West,W04,0,17,17,0,13
2026-06-27,P026,West,W04,0,14,14,0,7
2026-06-28,P026,West,W04,0,14,14,0,12
2026-06-29,P026,West,W04,0,15,15,0,12
2026-06-30,P026,West,W04,0,12,12,0,14
2026-01-01,P027,North,W01,516,8,17,507,0
2026-01-02,P027,North,W01,507,10,23,494,0
2026-01-03,P027,North,W01,494,7,21,480,0
2026-01-04,P027,North,W01,480,11,19,472,0
2026-01-05,P027,North,W01,472,12,18,466,0
2026-01-06,P027,North,W01,466,20,20,466,0
2026-01-07,P027,North,W01,466,16,14,468,0
2026-01-08,P027,North,W01,468,9,13,464,0
2026-01-09,P027,North,W01,464,20,27,457,0
2026-01-10,P027,North,W01,457,11,15,453,0
2026-01-11,P027,North,W01,453,14,20,447,0
2026-01-12,P027,North,W01,447,9,13,443,0
2026-01-13,P027,North,W01,443,21,17,447,0
2026-01-14,P027,North,W01,447,11,15,443,0
2026-01-15,P027,North,W01,443,13,24,432,0
2026-01-16,P027,North,W01,432,15,18,429,0
2026-01-17,P027,North,W01,429,15,24,420,0
2026-01-18,P027,North,W01,420,17,22,415,0
2026-01-19,P027,North,W01,415,16,23,408,0
2026-01-20,P027,North,W01,408,15,18,405,0
2026-01-21,P027,North,W01,405,17,22,400,0
2026-01-22,P027,North,W01,400,12,18,394,0
2026-01-23,P027,North,W01,394,14,20,388,0
2026-01-24,P027,North,W01,388,15,20,383,0
2026-01-25,P027,North,W01,383,14,18,379,0
2026-01-26,P027,North,W01,379,15,17,377,0
2026-01-27,P027,North,W01,377,18,14,381,0
2026-01-28,P027,North,W01,381,15,12,384,0
2026-01-29,P027,North,W01,384,21,13,392,0
2026-01-30,P027,North,W01,392,15,18,389,0
2026-01-31,P027,North,W01,389,9,26,372,0
2026-02-01,P027,North,W01,372,20,16,376,0
2026-02-02,P027,North,W01,376,16,20,372,0
2026-02-03,P027,North,W01,372,19,15,376,0
2026-02-04,P027,North,W01,376,9,19,366,0
2026-02-05,P027,North,W01,366,17,18,365,0
2026-02-06,P027,North,W01,365,16,14,367,0
2026-02-07,P027,North,W01,367,21,16,372,0
2026-02-08,P027,North,W01,372,15,18,369,0
2026-02-09,P027,North,W01,369,13,18,364,0
2026-02-10,P027,North,W01,364,17,14,367,0
2026-02-11,P027,North,W01,367,17,23,361,0
2026-02-12,P027,North,W01,361,16,13,364,0
2026-02-13,P027,North,W01,364,22,17,369,0
2026-02-14,P027,North,W01,369,17,18,368,0
2026-02-15,P027,North,W01,368,17,22,363,0
2026-02-16,P027,North,W01,363,14,17,360,0
2026-02-17,P027,North,W01,360,14,20,354,0
2026-02-18,P027,North,W01,354,18,17,355,0
2026-02-19,P027,North,W01,355,15,18,352,0
2026-02-20,P027,North,W01,352,1,22,331,0
2026-02-21,P027,North,W01,331,2,12,321,0
2026-02-22,P027,North,W01,321,1,20,302,0
2026-02-23,P027,North,W01,302,1,15,288,0
2026-02-24,P027,North,W01,288,3,23,268,0
2026-02-25,P027,North,W01,268,1,13,256,0
2026-02-26,P027,North,W01,256,6,21,241,0
2026-02-27,P027,North,W01,241,1,14,228,0
2026-02-28,P027,North,W01,228,9,11,226,0
2026-03-01,P027,North,W01,226,13,15,224,0
2026-03-02,P027,North,W01,224,15,16,223,0
2026-03-03,P027,North,W01,223,15,18,220,0
2026-03-04,P027,North,W01,220,18,21,217,0
2026-03-05,P027,North,W01,217,15,15,217,0
2026-03-06,P027,North,W01,217,17,17,217,0
2026-03-07,P027,North,W01,217,17,22,212,0
2026-03-08,P027,North,W01,212,6,13,205,0
2026-03-09,P027,North,W01,205,7,25,187,0
2026-03-10,P027,North,W01,187,15,16,186,0
2026-03-11,P027,North,W01,186,12,22,176,0
2026-03-12,P027,North,W01,176,10,18,168,0
2026-03-13,P027,North,W01,168,13,23,158,0
2026-03-14,P027,North,W01,158,14,18,154,0
2026-03-15,P027,North,W01,154,20,23,151,0
2026-03-16,P027,North,W01,151,18,29,140,0
2026-03-17,P027,North,W01,140,8,21,127,0
2026-03-18,P027,North,W01,127,6,19,114,0
2026-03-19,P027,North,W01,114,15,16,113,0
2026-03-20,P027,North,W01,113,21,16,118,0
2026-03-21,P027,North,W01,118,19,9,128,0
2026-03-22,P027,North,W01,128,19,12,135,0
2026-03-23,P027,North,W01,135,19,15,139,0
2026-03-24,P027,North,W01,139,16,22,133,0
2026-03-25,P027,North,W01,133,11,11,133,0
2026-03-26,P027,North,W01,133,9,15,127,0
2026-03-27,P027,North,W01,127,30,20,137,0
2026-03-28,P027,North,W01,137,17,20,134,0
2026-03-29,P027,North,W01,134,10,16,128,0
2026-03-30,P027,North,W01,128,14,13,129,0
2026-03-31,P027,North,W01,129,15,25,119,0
2026-04-01,P027,North,W01,119,15,20,114,0
2026-04-02,P027,North,W01,114,16,23,107,0
2026-04-03,P027,North,W01,107,14,16,105,0
2026-04-04,P027,North,W01,105,22,14,113,0
2026-04-05,P027,North,W01,113,15,14,114,0
2026-04-06,P027,North,W01,114,11,20,105,0
2026-04-07,P027,North,W01,105,15,16,104,0
2026-04-08,P027,North,W01,104,23,30,97,0
2026-04-09,P027,North,W01,97,16,11,102,0
2026-04-10,P027,North,W01,102,17,18,101,0
2026-04-11,P027,North,W01,101,17,12,106,0
2026-04-12,P027,North,W01,106,16,20,102,0
2026-04-13,P027,North,W01,102,13,21,94,0
2026-04-14,P027,North,W01,94,15,18,91,0
2026-04-15,P027,North,W01,91,16,9,98,0
2026-04-16,P027,North,W01,98,19,18,99,0
2026-04-17,P027,North,W01,99,11,18,92,0
2026-04-18,P027,North,W01,92,17,18,91,0
2026-04-19,P027,North,W01,91,16,14,93,0
2026-04-20,P027,North,W01,93,15,19,89,0
2026-04-21,P027,North,W01,89,15,17,87,0
2026-04-22,P027,North,W01,87,26,14,99,0
2026-04-23,P027,North,W01,99,17,19,97,0
2026-04-24,P027,North,W01,97,18,10,105,0
2026-04-25,P027,North,W01,105,20,23,102,0
2026-04-26,P027,North,W01,102,15,22,95,0
2026-04-27,P027,North,W01,95,10,13,92,0
2026-04-28,P027,North,W01,92,10,13,89,0
2026-04-29,P027,North,W01,89,23,14,98,0
2026-04-30,P027,North,W01,98,18,18,98,0
2026-05-01,P027,North,W01,98,18,27,89,0
2026-05-02,P027,North,W01,89,22,17,94,0
2026-05-03,P027,North,W01,94,13,29,78,0
2026-05-04,P027,North,W01,78,17,25,70,0
2026-05-05,P027,North,W01,70,15,14,71,0
2026-05-06,P027,North,W01,71,23,21,73,0
2026-05-07,P027,North,W01,73,17,18,72,0
2026-05-08,P027,North,W01,72,16,23,65,0
2026-05-09,P027,North,W01,65,22,18,69,0
2026-05-10,P027,North,W01,69,13,14,68,0
2026-05-11,P027,North,W01,68,20,22,66,0
2026-05-12,P027,North,W01,66,11,16,61,0
2026-05-13,P027,North,W01,61,11,16,56,0
2026-05-14,P027,North,W01,56,13,12,57,0
2026-05-15,P027,North,W01,57,19,25,51,0
2026-05-16,P027,North,W01,51,14,20,45,0
2026-05-17,P027,North,W01,45,12,24,33,0
2026-05-18,P027,North,W01,33,16,14,35,0
2026-05-19,P027,North,W01,35,11,24,22,0
2026-05-20,P027,North,W01,22,13,24,11,0
2026-05-21,P027,North,W01,11,16,20,7,0
2026-05-22,P027,North,W01,7,19,22,4,0
2026-05-23,P027,North,W01,4,20,19,5,0
2026-05-24,P027,North,W01,5,14,19,0,4
2026-05-25,P027,North,W01,0,9,9,0,6
2026-05-26,P027,North,W01,0,8,8,0,6
2026-05-27,P027,North,W01,0,12,12,0,13
2026-05-28,P027,North,W01,0,20,17,3,0
2026-05-29,P027,North,W01,3,12,15,0,10
2026-05-30,P027,North,W01,0,13,13,0,11
2026-05-31,P027,North,W01,0,9,9,0,9
2026-06-01,P027,North,W01,0,15,15,0,14
2026-06-02,P027,North,W01,0,10,10,0,12
2026-06-03,P027,North,W01,0,16,16,0,12
2026-06-04,P027,North,W01,0,13,13,0,7
2026-06-05,P027,North,W01,0,11,11,0,5
2026-06-06,P027,North,W01,0,16,16,0,5
2026-06-07,P027,North,W01,0,12,12,0,7
2026-06-08,P027,North,W01,0,15,15,0,13
2026-06-09,P027,North,W01,0,17,17,0,5
2026-06-10,P027,North,W01,0,10,10,0,12
2026-06-11,P027,North,W01,0,16,16,0,5
2026-06-12,P027,North,W01,0,15,15,0,4
2026-06-13,P027,North,W01,0,9,9,0,5
2026-06-14,P027,North,W01,0,16,16,0,0
2026-06-15,P027,North,W01,0,21,20,1,0
2026-06-16,P027,North,W01,1,8,9,0,10
2026-06-17,P027,North,W01,0,10,10,0,5
2026-06-18,P027,North,W01,0,18,18,0,9
2026-06-19,P027,North,W01,0,21,21,0,14
2026-06-20,P027,North,W01,0,16,16,0,8
2026-06-21,P027,North,W01,0,19,19,0,12
2026-06-22,P027,North,W01,0,14,14,0,8
2026-06-23,P027,North,W01,0,20,20,0,11
2026-06-24,P027,North,W01,0,17,15,2,0
2026-06-25,P027,North,W01,2,17,19,0,11
2026-06-26,P027,North,W01,0,13,13,0,11
2026-06-27,P027,North,W01,0,13,13,0,4
2026-06-28,P027,North,W01,0,16,15,1,0
2026-06-29,P027,North,W01,1,15,16,0,5
2026-06-30,P027,North,W01,0,14,14,0,10
2026-01-01,P027,South,W02,284,19,19,284,0
2026-01-02,P027,South,W02,284,12,17,279,0
2026-01-03,P027,South,W02,279,18,16,281,0
2026-01-04,P027,South,W02,281,17,24,274,0
2026-01-05,P027,South,W02,274,11,16,269,0
2026-01-06,P027,South,W02,269,9,12,266,0
2026-01-07,P027,South,W02,266,15,18,263,0
2026-01-08,P027,South,W02,263,9,23,249,0
2026-01-09,P027,South,W02,249,14,16,247,0
2026-01-10,P027,South,W02,247,20,21,246,0
2026-01-11,P027,South,W02,246,11,15,242,0
2026-01-12,P027,South,W02,242,20,24,238,0
2026-01-13,P027,South,W02,238,14,11,241,0
2026-01-14,P027,South,W02,241,13,17,237,0
2026-01-15,P027,South,W02,237,25,18,244,0
2026-01-16,P027,South,W02,244,13,19,238,0
2026-01-17,P027,South,W02,238,15,27,226,0
2026-01-18,P027,South,W02,226,10,21,215,0
2026-01-19,P027,South,W02,215,10,18,207,0
2026-01-20,P027,South,W02,207,19,15,211,0
2026-01-21,P027,South,W02,211,11,19,203,0
2026-01-22,P027,South,W02,203,17,26,194,0
2026-01-23,P027,South,W02,194,22,18,198,0
2026-01-24,P027,South,W02,198,20,13,205,0
2026-01-25,P027,South,W02,205,12,11,206,0
2026-01-26,P027,South,W02,206,13,17,202,0
2026-01-27,P027,South,W02,202,20,19,203,0
2026-01-28,P027,South,W02,203,9,16,196,0
2026-01-29,P027,South,W02,196,21,22,195,0
2026-01-30,P027,South,W02,195,18,11,202,0
2026-01-31,P027,South,W02,202,13,15,200,0
2026-02-01,P027,South,W02,200,20,11,209,0
2026-02-02,P027,South,W02,209,11,16,204,0
2026-02-03,P027,South,W02,204,13,24,193,0
2026-02-04,P027,South,W02,193,13,14,192,0
2026-02-05,P027,South,W02,192,21,20,193,0
2026-02-06,P027,South,W02,193,14,15,192,0
2026-02-07,P027,South,W02,192,14,21,185,0
2026-02-08,P027,South,W02,185,18,13,190,0
2026-02-09,P027,South,W02,190,15,22,183,0
2026-02-10,P027,South,W02,183,22,25,180,0
2026-02-11,P027,South,W02,180,15,16,179,0
2026-02-12,P027,South,W02,179,13,23,169,0
2026-02-13,P027,South,W02,169,14,20,163,0
2026-02-14,P027,South,W02,163,16,19,160,0
2026-02-15,P027,South,W02,160,12,15,157,0
2026-02-16,P027,South,W02,157,12,26,143,0
2026-02-17,P027,South,W02,143,14,14,143,0
2026-02-18,P027,South,W02,143,14,21,136,0
2026-02-19,P027,South,W02,136,7,24,119,0
2026-02-20,P027,South,W02,119,3,13,109,0
2026-02-21,P027,South,W02,109,3,15,97,0
2026-02-22,P027,South,W02,97,4,17,84,0
2026-02-23,P027,South,W02,84,2,27,59,0
2026-02-24,P027,South,W02,59,4,24,39,0
2026-02-25,P027,South,W02,39,2,22,19,0
2026-02-26,P027,South,W02,19,2,21,0,4
2026-02-27,P027,South,W02,0,4,4,0,5
2026-02-28,P027,South,W02,0,1,1,0,8
2026-03-01,P027,South,W02,0,14,14,0,11
2026-03-02,P027,South,W02,0,11,11,0,5
2026-03-03,P027,South,W02,0,14,14,0,8
2026-03-04,P027,South,W02,0,15,15,0,14
2026-03-05,P027,South,W02,0,14,14,0,12
2026-03-06,P027,South,W02,0,16,13,3,0
2026-03-07,P027,South,W02,3,12,15,0,7
2026-03-08,P027,South,W02,0,18,18,0,12
2026-03-09,P027,South,W02,0,12,12,0,11
2026-03-10,P027,South,W02,0,9,9,0,8
2026-03-11,P027,South,W02,0,16,16,0,7
2026-03-12,P027,South,W02,0,18,16,2,0
2026-03-13,P027,South,W02,2,13,15,0,10
2026-03-14,P027,South,W02,0,12,12,0,13
2026-03-15,P027,South,W02,0,21,17,4,0
2026-03-16,P027,South,W02,4,16,20,0,9
2026-03-17,P027,South,W02,0,12,12,0,13
2026-03-18,P027,South,W02,0,18,18,0,0
2026-03-19,P027,South,W02,0,22,19,3,0
2026-03-20,P027,South,W02,3,14,10,7,0
2026-03-21,P027,South,W02,7,20,9,18,0
2026-03-22,P027,South,W02,18,14,9,23,0
2026-03-23,P027,South,W02,23,13,19,17,0
2026-03-24,P027,South,W02,17,19,19,17,0
2026-03-25,P027,South,W02,17,15,22,10,0
2026-03-26,P027,South,W02,10,16,18,8,0
2026-03-27,P027,South,W02,8,8,13,3,0
2026-03-28,P027,South,W02,3,12,15,0,8
2026-03-29,P027,South,W02,0,19,19,0,0
2026-03-30,P027,South,W02,0,18,18,0,6
2026-03-31,P027,South,W02,0,16,11,5,0
2026-04-01,P027,South,W02,5,15,13,7,0
2026-04-02,P027,South,W02,7,16,9,14,0
2026-04-03,P027,South,W02,14,13,17,10,0
2026-04-04,P027,South,W02,10,24,8,26,0
2026-04-05,P027,South,W02,26,10,24,12,0
2026-04-06,P027,South,W02,12,14,24,2,0
2026-04-07,P027,South,W02,2,16,18,0,14
2026-04-08,P027,South,W02,0,17,17,0,4
2026-04-09,P027,South,W02,0,16,14,2,0
2026-04-10,P027,South,W02,2,14,13,3,0
2026-04-11,P027,South,W02,3,20,13,10,0
2026-04-12,P027,South,W02,10,17,24,3,0
2026-04-13,P027,South,W02,3,19,18,4,0
2026-04-14,P027,South,W02,4,15,11,8,0
2026-04-15,P027,South,W02,8,15,16,7,0
2026-04-16,P027,South,W02,7,17,17,7,0
2026-04-17,P027,South,W02,7,11,16,2,0
2026-04-18,P027,South,W02,2,12,14,0,7
2026-04-19,P027,South,W02,0,17,17,0,14
2026-04-20,P027,South,W02,0,16,16,0,4
2026-04-21,P027,South,W02,0,23,16,7,0
2026-04-22,P027,South,W02,7,16,23,0,12
2026-04-23,P027,South,W02,0,10,10,0,6
2026-04-24,P027,South,W02,0,13,13,0,13
2026-04-25,P027,South,W02,0,17,17,0,7
2026-04-26,P027,South,W02,0,13,13,0,4
2026-04-27,P027,South,W02,0,17,17,0,8
2026-04-28,P027,South,W02,0,16,16,0,14
2026-04-29,P027,South,W02,0,19,19,0,4
2026-04-30,P027,South,W02,0,16,16,0,6
2026-05-01,P027,South,W02,0,16,16,0,4
2026-05-02,P027,South,W02,0,14,14,0,11
2026-05-03,P027,South,W02,0,17,17,0,5
2026-05-04,P027,South,W02,0,16,16,0,5
2026-05-05,P027,South,W02,0,26,11,15,0
2026-05-06,P027,South,W02,15,17,12,20,0
2026-05-07,P027,South,W02,20,15,20,15,0
2026-05-08,P027,South,W02,15,20,23,12,0
2026-05-09,P027,South,W02,12,15,22,5,0
2026-05-10,P027,South,W02,5,12,17,0,8
2026-05-11,P027,South,W02,0,17,11,6,0
2026-05-12,P027,South,W02,6,16,22,0,0
2026-05-13,P027,South,W02,0,12,12,0,15
2026-05-14,P027,South,W02,0,8,8,0,5
2026-05-15,P027,South,W02,0,8,8,0,14
2026-05-16,P027,South,W02,0,12,12,0,5
2026-05-17,P027,South,W02,0,11,11,0,12
2026-05-18,P027,South,W02,0,20,15,5,0
2026-05-19,P027,South,W02,5,7,12,0,8
2026-05-20,P027,South,W02,0,20,12,8,0
2026-05-21,P027,South,W02,8,17,25,0,13
2026-05-22,P027,South,W02,0,14,14,0,10
2026-05-23,P027,South,W02,0,16,16,0,6
2026-05-24,P027,South,W02,0,18,18,0,8
2026-05-25,P027,South,W02,0,6,6,0,10
2026-05-26,P027,South,W02,0,13,13,0,14
2026-05-27,P027,South,W02,0,18,18,0,11
2026-05-28,P027,South,W02,0,14,14,0,10
2026-05-29,P027,South,W02,0,12,12,0,4
2026-05-30,P027,South,W02,0,15,15,0,11
2026-05-31,P027,South,W02,0,14,14,0,7
2026-06-01,P027,South,W02,0,15,13,2,0
2026-06-02,P027,South,W02,2,21,16,7,0
2026-06-03,P027,South,W02,7,13,20,0,12
2026-06-04,P027,South,W02,0,13,13,0,10
2026-06-05,P027,South,W02,0,18,18,0,7
2026-06-06,P027,South,W02,0,18,18,0,7
2026-06-07,P027,South,W02,0,16,16,0,5
2026-06-08,P027,South,W02,0,12,12,0,9
2026-06-09,P027,South,W02,0,13,13,0,10
2026-06-10,P027,South,W02,0,17,17,0,7
2026-06-11,P027,South,W02,0,13,13,0,12
2026-06-12,P027,South,W02,0,13,13,0,10
2026-06-13,P027,South,W02,0,19,19,0,12
2026-06-14,P027,South,W02,0,8,8,0,8
2026-06-15,P027,South,W02,0,11,11,0,15
2026-06-16,P027,South,W02,0,16,16,0,5
2026-06-17,P027,South,W02,0,11,11,0,12
2026-06-18,P027,South,W02,0,13,9,4,0
2026-06-19,P027,South,W02,4,19,18,5,0
2026-06-20,P027,South,W02,5,16,19,2,0
2026-06-21,P027,South,W02,2,16,18,0,6
2026-06-22,P027,South,W02,0,17,17,0,10
2026-06-23,P027,South,W02,0,13,13,0,5
2026-06-24,P027,South,W02,0,13,13,0,13
2026-06-25,P027,South,W02,0,13,13,0,14
2026-06-26,P027,South,W02,0,12,12,0,11
2026-06-27,P027,South,W02,0,17,17,0,5
2026-06-28,P027,South,W02,0,7,7,0,14
2026-06-29,P027,South,W02,0,17,13,4,0
2026-06-30,P027,South,W02,4,19,20,3,0
2026-01-01,P027,East,W03,541,20,16,545,0
2026-01-02,P027,East,W03,545,20,22,543,0
2026-01-03,P027,East,W03,543,13,16,540,0
2026-01-04,P027,East,W03,540,15,15,540,0
2026-01-05,P027,East,W03,540,9,19,530,0
2026-01-06,P027,East,W03,530,14,22,522,0
2026-01-07,P027,East,W03,522,21,18,525,0
2026-01-08,P027,East,W03,525,13,20,518,0
2026-01-09,P027,East,W03,518,20,18,520,0
2026-01-10,P027,East,W03,520,11,11,520,0
2026-01-11,P027,East,W03,520,25,20,525,0
2026-01-12,P027,East,W03,525,16,18,523,0
2026-01-13,P027,East,W03,523,18,20,521,0
2026-01-14,P027,East,W03,521,20,17,524,0
2026-01-15,P027,East,W03,524,13,20,517,0
2026-01-16,P027,East,W03,517,11,19,509,0
2026-01-17,P027,East,W03,509,14,20,503,0
2026-01-18,P027,East,W03,503,14,21,496,0
2026-01-19,P027,East,W03,496,16,18,494,0
2026-01-20,P027,East,W03,494,15,22,487,0
2026-01-21,P027,East,W03,487,16,16,487,0
2026-01-22,P027,East,W03,487,7,23,471,0
2026-01-23,P027,East,W03,471,12,18,465,0
2026-01-24,P027,East,W03,465,23,22,466,0
2026-01-25,P027,East,W03,466,12,22,456,0
2026-01-26,P027,East,W03,456,11,29,438,0
2026-01-27,P027,East,W03,438,18,19,437,0
2026-01-28,P027,East,W03,437,16,26,427,0
2026-01-29,P027,East,W03,427,20,15,432,0
2026-01-30,P027,East,W03,432,11,10,433,0
2026-01-31,P027,East,W03,433,12,22,423,0
2026-02-01,P027,East,W03,423,14,14,423,0
2026-02-02,P027,East,W03,423,21,18,426,0
2026-02-03,P027,East,W03,426,12,19,419,0
2026-02-04,P027,East,W03,419,12,17,414,0
2026-02-05,P027,East,W03,414,20,17,417,0
2026-02-06,P027,East,W03,417,22,16,423,0
2026-02-07,P027,East,W03,423,13,11,425,0
2026-02-08,P027,East,W03,425,13,18,420,0
2026-02-09,P027,East,W03,420,21,15,426,0
2026-02-10,P027,East,W03,426,21,14,433,0
2026-02-11,P027,East,W03,433,14,22,425,0
2026-02-12,P027,East,W03,425,13,17,421,0
2026-02-13,P027,East,W03,421,19,16,424,0
2026-02-14,P027,East,W03,424,16,17,423,0
2026-02-15,P027,East,W03,423,17,20,420,0
2026-02-16,P027,East,W03,420,20,21,419,0
2026-02-17,P027,East,W03,419,15,15,419,0
2026-02-18,P027,East,W03,419,15,21,413,0
2026-02-19,P027,East,W03,413,13,18,408,0
2026-02-20,P027,East,W03,408,2,17,393,0
2026-02-21,P027,East,W03,393,0,16,377,0
2026-02-22,P027,East,W03,377,1,15,363,0
2026-02-23,P027,East,W03,363,1,11,353,0
2026-02-24,P027,East,W03,353,5,16,342,0
2026-02-25,P027,East,W03,342,2,19,325,0
2026-02-26,P027,East,W03,325,1,16,310,0
2026-02-27,P027,East,W03,310,4,31,283,0
2026-02-28,P027,East,W03,283,3,14,272,0
2026-03-01,P027,East,W03,272,15,26,261,0
2026-03-02,P027,East,W03,261,18,20,259,0
2026-03-03,P027,East,W03,259,14,14,259,0
2026-03-04,P027,East,W03,259,17,29,247,0
2026-03-05,P027,East,W03,247,18,25,240,0
2026-03-06,P027,East,W03,240,17,21,236,0
2026-03-07,P027,East,W03,236,12,16,232,0
2026-03-08,P027,East,W03,232,17,17,232,0
2026-03-09,P027,East,W03,232,21,14,239,0
2026-03-10,P027,East,W03,239,5,25,219,0
2026-03-11,P027,East,W03,219,14,16,217,0
2026-03-12,P027,East,W03,217,16,19,214,0
2026-03-13,P027,East,W03,214,15,25,204,0
2026-03-14,P027,East,W03,204,19,12,211,0
2026-03-15,P027,East,W03,211,20,7,224,0
2026-03-16,P027,East,W03,224,14,14,224,0
2026-03-17,P027,East,W03,224,25,21,228,0
2026-03-18,P027,East,W03,228,13,18,223,0
2026-03-19,P027,East,W03,223,11,15,219,0
2026-03-20,P027,East,W03,219,23,19,223,0
2026-03-21,P027,East,W03,223,19,18,224,0
2026-03-22,P027,East,W03,224,16,6,234,0
2026-03-23,P027,East,W03,234,14,18,230,0
2026-03-24,P027,East,W03,230,21,24,227,0
2026-03-25,P027,East,W03,227,17,12,232,0
2026-03-26,P027,East,W03,232,15,7,240,0
2026-03-27,P027,East,W03,240,21,23,238,0
2026-03-28,P027,East,W03,238,14,10,242,0
2026-03-29,P027,East,W03,242,14,21,235,0
2026-03-30,P027,East,W03,235,15,13,237,0
2026-03-31,P027,East,W03,237,21,24,234,0
2026-04-01,P027,East,W03,234,15,13,236,0
2026-04-02,P027,East,W03,236,15,17,234,0
2026-04-03,P027,East,W03,234,17,12,239,0
2026-04-04,P027,East,W03,239,15,19,235,0
2026-04-05,P027,East,W03,235,16,16,235,0
2026-04-06,P027,East,W03,235,9,20,224,0
2026-04-07,P027,East,W03,224,14,18,220,0
2026-04-08,P027,East,W03,220,23,18,225,0
2026-04-09,P027,East,W03,225,14,15,224,0
2026-04-10,P027,East,W03,224,15,10,229,0
2026-04-11,P027,East,W03,229,16,17,228,0
2026-04-12,P027,East,W03,228,17,14,231,0
2026-04-13,P027,East,W03,231,20,18,233,0
2026-04-14,P027,East,W03,233,17,19,231,0
2026-04-15,P027,East,W03,231,20,15,236,0
2026-04-16,P027,East,W03,236,14,20,230,0
2026-04-17,P027,East,W03,230,12,18,224,0
2026-04-18,P027,East,W03,224,18,32,210,0
2026-04-19,P027,East,W03,210,19,22,207,0
2026-04-20,P027,East,W03,207,16,17,206,0
2026-04-21,P027,East,W03,206,17,22,201,0
2026-04-22,P027,East,W03,201,12,18,195,0
2026-04-23,P027,East,W03,195,17,24,188,0
2026-04-24,P027,East,W03,188,11,19,180,0
2026-04-25,P027,East,W03,180,12,21,171,0
2026-04-26,P027,East,W03,171,13,14,170,0
2026-04-27,P027,East,W03,170,11,18,163,0
2026-04-28,P027,East,W03,163,8,25,146,0
2026-04-29,P027,East,W03,146,11,14,143,0
2026-04-30,P027,East,W03,143,23,16,150,0
2026-05-01,P027,East,W03,150,11,18,143,0
2026-05-02,P027,East,W03,143,19,18,144,0
2026-05-03,P027,East,W03,144,18,25,137,0
2026-05-04,P027,East,W03,137,15,16,136,0
2026-05-05,P027,East,W03,136,12,21,127,0
2026-05-06,P027,East,W03,127,15,23,119,0
2026-05-07,P027,East,W03,119,13,24,108,0
2026-05-08,P027,East,W03,108,19,13,114,0
2026-05-09,P027,East,W03,114,16,21,109,0
2026-05-10,P027,East,W03,109,22,17,114,0
2026-05-11,P027,East,W03,114,9,19,104,0
2026-05-12,P027,East,W03,104,15,17,102,0
2026-05-13,P027,East,W03,102,15,17,100,0
2026-05-14,P027,East,W03,100,12,24,88,0
2026-05-15,P027,East,W03,88,11,24,75,0
2026-05-16,P027,East,W03,75,19,24,70,0
2026-05-17,P027,East,W03,70,12,12,70,0
2026-05-18,P027,East,W03,70,16,16,70,0
2026-05-19,P027,East,W03,70,18,28,60,0
2026-05-20,P027,East,W03,60,11,20,51,0
2026-05-21,P027,East,W03,51,20,22,49,0
2026-05-22,P027,East,W03,49,10,17,42,0
2026-05-23,P027,East,W03,42,15,20,37,0
2026-05-24,P027,East,W03,37,14,15,36,0
2026-05-25,P027,East,W03,36,16,21,31,0
2026-05-26,P027,East,W03,31,13,17,27,0
2026-05-27,P027,East,W03,27,16,17,26,0
2026-05-28,P027,East,W03,26,18,25,19,0
2026-05-29,P027,East,W03,19,18,15,22,0
2026-05-30,P027,East,W03,22,17,29,10,0
2026-05-31,P027,East,W03,10,22,20,12,0
2026-06-01,P027,East,W03,12,14,26,0,13
2026-06-02,P027,East,W03,0,10,10,0,15
2026-06-03,P027,East,W03,0,18,18,0,4
2026-06-04,P027,East,W03,0,13,13,0,14
2026-06-05,P027,East,W03,0,8,8,0,7
2026-06-06,P027,East,W03,0,14,14,0,7
2026-06-07,P027,East,W03,0,15,15,0,12
2026-06-08,P027,East,W03,0,13,13,0,15
2026-06-09,P027,East,W03,0,13,13,0,13
2026-06-10,P027,East,W03,0,15,15,0,10
2026-06-11,P027,East,W03,0,12,12,0,14
2026-06-12,P027,East,W03,0,16,16,0,12
2026-06-13,P027,East,W03,0,17,17,0,6
2026-06-14,P027,East,W03,0,17,17,0,11
2026-06-15,P027,East,W03,0,7,7,0,8
2026-06-16,P027,East,W03,0,14,14,0,15
2026-06-17,P027,East,W03,0,13,13,0,13
2026-06-18,P027,East,W03,0,11,11,0,4
2026-06-19,P027,East,W03,0,9,9,0,14
2026-06-20,P027,East,W03,0,22,20,2,0
2026-06-21,P027,East,W03,2,8,10,0,7
2026-06-22,P027,East,W03,0,11,11,0,9
2026-06-23,P027,East,W03,0,9,9,0,7
2026-06-24,P027,East,W03,0,16,16,0,13
2026-06-25,P027,East,W03,0,11,11,0,5
2026-06-26,P027,East,W03,0,16,16,0,6
2026-06-27,P027,East,W03,0,13,12,1,0
2026-06-28,P027,East,W03,1,17,7,11,0
2026-06-29,P027,East,W03,11,19,17,13,0
2026-06-30,P027,East,W03,13,12,21,4,0
2026-01-01,P027,West,W04,330,12,16,326,0
2026-01-02,P027,West,W04,326,19,17,328,0
2026-01-03,P027,West,W04,328,10,16,322,0
2026-01-04,P027,West,W04,322,17,15,324,0
2026-01-05,P027,West,W04,324,13,19,318,0
2026-01-06,P027,West,W04,318,20,13,325,0
2026-01-07,P027,West,W04,325,18,20,323,0
2026-01-08,P027,West,W04,323,15,10,328,0
2026-01-09,P027,West,W04,328,14,19,323,0
2026-01-10,P027,West,W04,323,12,13,322,0
2026-01-11,P027,West,W04,322,16,16,322,0
2026-01-12,P027,West,W04,322,23,21,324,0
2026-01-13,P027,West,W04,324,17,21,320,0
2026-01-14,P027,West,W04,320,11,14,317,0
2026-01-15,P027,West,W04,317,7,20,304,0
2026-01-16,P027,West,W04,304,15,20,299,0
2026-01-17,P027,West,W04,299,11,20,290,0
2026-01-18,P027,West,W04,290,13,15,288,0
2026-01-19,P027,West,W04,288,18,19,287,0
2026-01-20,P027,West,W04,287,11,15,283,0
2026-01-21,P027,West,W04,283,11,16,278,0
2026-01-22,P027,West,W04,278,13,17,274,0
2026-01-23,P027,West,W04,274,17,8,283,0
2026-01-24,P027,West,W04,283,14,17,280,0
2026-01-25,P027,West,W04,280,17,19,278,0
2026-01-26,P027,West,W04,278,18,22,274,0
2026-01-27,P027,West,W04,274,15,16,273,0
2026-01-28,P027,West,W04,273,13,28,258,0
2026-01-29,P027,West,W04,258,15,13,260,0
2026-01-30,P027,West,W04,260,15,18,257,0
2026-01-31,P027,West,W04,257,13,20,250,0
2026-02-01,P027,West,W04,250,13,11,252,0
2026-02-02,P027,West,W04,252,18,19,251,0
2026-02-03,P027,West,W04,251,20,24,247,0
2026-02-04,P027,West,W04,247,14,11,250,0
2026-02-05,P027,West,W04,250,11,22,239,0
2026-02-06,P027,West,W04,239,17,13,243,0
2026-02-07,P027,West,W04,243,16,15,244,0
2026-02-08,P027,West,W04,244,10,21,233,0
2026-02-09,P027,West,W04,233,17,29,221,0
2026-02-10,P027,West,W04,221,12,13,220,0
2026-02-11,P027,West,W04,220,17,25,212,0
2026-02-12,P027,West,W04,212,6,17,201,0
2026-02-13,P027,West,W04,201,14,15,200,0
2026-02-14,P027,West,W04,200,14,18,196,0
2026-02-15,P027,West,W04,196,22,19,199,0
2026-02-16,P027,West,W04,199,19,22,196,0
2026-02-17,P027,West,W04,196,10,14,192,0
2026-02-18,P027,West,W04,192,13,15,190,0
2026-02-19,P027,West,W04,190,21,19,192,0
2026-02-20,P027,West,W04,192,5,20,177,0
2026-02-21,P027,West,W04,177,2,13,166,0
2026-02-22,P027,West,W04,166,3,18,151,0
2026-02-23,P027,West,W04,151,0,21,130,0
2026-02-24,P027,West,W04,130,4,16,118,0
2026-02-25,P027,West,W04,118,4,14,108,0
2026-02-26,P027,West,W04,108,3,18,93,0
2026-02-27,P027,West,W04,93,4,14,83,0
2026-02-28,P027,West,W04,83,4,20,67,0
2026-03-01,P027,West,W04,67,11,15,63,0
2026-03-02,P027,West,W04,63,17,20,60,0
2026-03-03,P027,West,W04,60,12,14,58,0
2026-03-04,P027,West,W04,58,11,14,55,0
2026-03-05,P027,West,W04,55,18,12,61,0
2026-03-06,P027,West,W04,61,18,28,51,0
2026-03-07,P027,West,W04,51,21,18,54,0
2026-03-08,P027,West,W04,54,12,17,49,0
2026-03-09,P027,West,W04,49,10,16,43,0
2026-03-10,P027,West,W04,43,9,17,35,0
2026-03-11,P027,West,W04,35,13,12,36,0
2026-03-12,P027,West,W04,36,17,17,36,0
2026-03-13,P027,West,W04,36,20,16,40,0
2026-03-14,P027,West,W04,40,14,21,33,0
2026-03-15,P027,West,W04,33,13,14,32,0
2026-03-16,P027,West,W04,32,13,21,24,0
2026-03-17,P027,West,W04,24,12,16,20,0
2026-03-18,P027,West,W04,20,15,16,19,0
2026-03-19,P027,West,W04,19,19,15,23,0
2026-03-20,P027,West,W04,23,18,14,27,0
2026-03-21,P027,West,W04,27,12,19,20,0
2026-03-22,P027,West,W04,20,21,14,27,0
2026-03-23,P027,West,W04,27,16,27,16,0
2026-03-24,P027,West,W04,16,10,20,6,0
2026-03-25,P027,West,W04,6,12,12,6,0
2026-03-26,P027,West,W04,6,13,15,4,0
2026-03-27,P027,West,W04,4,15,12,7,0
2026-03-28,P027,West,W04,7,14,21,0,13
2026-03-29,P027,West,W04,0,10,10,0,13
2026-03-30,P027,West,W04,0,18,18,0,9
2026-03-31,P027,West,W04,0,19,19,0,9
2026-04-01,P027,West,W04,0,13,13,0,7
2026-04-02,P027,West,W04,0,16,16,0,12
2026-04-03,P027,West,W04,0,13,13,0,15
2026-04-04,P027,West,W04,0,24,8,16,0
2026-04-05,P027,West,W04,16,20,20,16,0
2026-04-06,P027,West,W04,16,13,15,14,0
2026-04-07,P027,West,W04,14,19,24,9,0
2026-04-08,P027,West,W04,9,19,15,13,0
2026-04-09,P027,West,W04,13,16,27,2,0
2026-04-10,P027,West,W04,2,16,18,0,11
2026-04-11,P027,West,W04,0,15,15,0,6
2026-04-12,P027,West,W04,0,17,17,0,4
2026-04-13,P027,West,W04,0,13,13,0,7
2026-04-14,P027,West,W04,0,17,7,10,0
2026-04-15,P027,West,W04,10,17,24,3,0
2026-04-16,P027,West,W04,3,12,15,0,9
2026-04-17,P027,West,W04,0,12,12,0,10
2026-04-18,P027,West,W04,0,12,12,0,7
2026-04-19,P027,West,W04,0,13,13,0,6
2026-04-20,P027,West,W04,0,19,19,0,13
2026-04-21,P027,West,W04,0,10,10,0,11
2026-04-22,P027,West,W04,0,18,18,0,5
2026-04-23,P027,West,W04,0,9,9,0,15
2026-04-24,P027,West,W04,0,11,11,0,14
2026-04-25,P027,West,W04,0,13,13,0,5
2026-04-26,P027,West,W04,0,16,16,0,5
2026-04-27,P027,West,W04,0,13,13,0,14
2026-04-28,P027,West,W04,0,13,13,0,15
2026-04-29,P027,West,W04,0,19,19,0,12
2026-04-30,P027,West,W04,0,19,19,0,5
2026-05-01,P027,West,W04,0,13,13,0,6
2026-05-02,P027,West,W04,0,17,17,0,8
2026-05-03,P027,West,W04,0,15,15,0,7
2026-05-04,P027,West,W04,0,19,17,2,0
2026-05-05,P027,West,W04,2,17,19,0,13
2026-05-06,P027,West,W04,0,22,18,4,0
2026-05-07,P027,West,W04,4,15,15,4,0
2026-05-08,P027,West,W04,4,14,16,2,0
2026-05-09,P027,West,W04,2,16,18,0,6
2026-05-10,P027,West,W04,0,25,20,5,0
2026-05-11,P027,West,W04,5,14,19,0,10
2026-05-12,P027,West,W04,0,13,13,0,4
2026-05-13,P027,West,W04,0,14,14,0,15
2026-05-14,P027,West,W04,0,17,14,3,0
2026-05-15,P027,West,W04,3,10,13,0,7
2026-05-16,P027,West,W04,0,26,19,7,0
2026-05-17,P027,West,W04,7,15,19,3,0
2026-05-18,P027,West,W04,3,11,12,2,0
2026-05-19,P027,West,W04,2,15,17,0,6
2026-05-20,P027,West,W04,0,20,20,0,13
2026-05-21,P027,West,W04,0,16,16,0,8
2026-05-22,P027,West,W04,0,15,14,1,0
2026-05-23,P027,West,W04,1,10,11,0,11
2026-05-24,P027,West,W04,0,10,10,0,12
2026-05-25,P027,West,W04,0,18,16,2,0
2026-05-26,P027,West,W04,2,16,18,0,7
2026-05-27,P027,West,W04,0,18,18,0,0
2026-05-28,P027,West,W04,0,20,20,0,6
2026-05-29,P027,West,W04,0,12,12,0,5
2026-05-30,P027,West,W04,0,14,14,0,11
2026-05-31,P027,West,W04,0,15,11,4,0
2026-06-01,P027,West,W04,4,15,19,0,5
2026-06-02,P027,West,W04,0,10,10,0,10
2026-06-03,P027,West,W04,0,11,11,0,9
2026-06-04,P027,West,W04,0,13,13,0,14
2026-06-05,P027,West,W04,0,21,19,2,0
2026-06-06,P027,West,W04,2,17,19,0,5
2026-06-07,P027,West,W04,0,12,12,0,6
2026-06-08,P027,West,W04,0,13,13,0,4
2026-06-09,P027,West,W04,0,15,15,0,15
2026-06-10,P027,West,W04,0,12,12,0,13
2026-06-11,P027,West,W04,0,8,8,0,10
2026-06-12,P027,West,W04,0,17,17,0,5
2026-06-13,P027,West,W04,0,14,14,0,5
2026-06-14,P027,West,W04,0,13,13,0,15
2026-06-15,P027,West,W04,0,8,8,0,12
2026-06-16,P027,West,W04,0,14,12,2,0
2026-06-17,P027,West,W04,2,13,15,0,14
2026-06-18,P027,West,W04,0,17,17,0,8
2026-06-19,P027,West,W04,0,16,16,0,11
2026-06-20,P027,West,W04,0,15,15,0,15
2026-06-21,P027,West,W04,0,11,11,0,13
2026-06-22,P027,West,W04,0,15,15,0,8
2026-06-23,P027,West,W04,0,26,19,7,0
2026-06-24,P027,West,W04,7,17,19,5,0
2026-06-25,P027,West,W04,5,11,16,0,14
2026-06-26,P027,West,W04,0,13,13,0,8
2026-06-27,P027,West,W04,0,18,13,5,0
2026-06-28,P027,West,W04,5,14,13,6,0
2026-06-29,P027,West,W04,6,17,22,1,0
2026-06-30,P027,West,W04,1,15,13,3,0
2026-01-01,P028,North,W01,608,21,15,614,0
2026-01-02,P028,North,W01,614,16,14,616,0
2026-01-03,P028,North,W01,616,17,17,616,0
2026-01-04,P028,North,W01,616,21,31,606,0
2026-01-05,P028,North,W01,606,17,21,602,0
2026-01-06,P028,North,W01,602,16,21,597,0
2026-01-07,P028,North,W01,597,14,15,596,0
2026-01-08,P028,North,W01,596,13,16,593,0
2026-01-09,P028,North,W01,593,7,17,583,0
2026-01-10,P028,North,W01,583,18,11,590,0
2026-01-11,P028,North,W01,590,14,13,591,0
2026-01-12,P028,North,W01,591,12,10,593,0
2026-01-13,P028,North,W01,593,19,17,595,0
2026-01-14,P028,North,W01,595,12,10,597,0
2026-01-15,P028,North,W01,597,14,24,587,0
2026-01-16,P028,North,W01,587,20,14,593,0
2026-01-17,P028,North,W01,593,13,16,590,0
2026-01-18,P028,North,W01,590,17,24,583,0
2026-01-19,P028,North,W01,583,14,14,583,0
2026-01-20,P028,North,W01,583,15,16,582,0
2026-01-21,P028,North,W01,582,21,25,578,0
2026-01-22,P028,North,W01,578,17,10,585,0
2026-01-23,P028,North,W01,585,14,13,586,0
2026-01-24,P028,North,W01,586,14,15,585,0
2026-01-25,P028,North,W01,585,12,18,579,0
2026-01-26,P028,North,W01,579,23,25,577,0
2026-01-27,P028,North,W01,577,20,12,585,0
2026-01-28,P028,North,W01,585,21,16,590,0
2026-01-29,P028,North,W01,590,15,15,590,0
2026-01-30,P028,North,W01,590,18,18,590,0
2026-01-31,P028,North,W01,590,13,12,591,0
2026-02-01,P028,North,W01,591,21,16,596,0
2026-02-02,P028,North,W01,596,16,10,602,0
2026-02-03,P028,North,W01,602,18,13,607,0
2026-02-04,P028,North,W01,607,18,21,604,0
2026-02-05,P028,North,W01,604,16,17,603,0
2026-02-06,P028,North,W01,603,17,19,601,0
2026-02-07,P028,North,W01,601,21,15,607,0
2026-02-08,P028,North,W01,607,14,19,602,0
2026-02-09,P028,North,W01,602,21,21,602,0
2026-02-10,P028,North,W01,602,17,16,603,0
2026-02-11,P028,North,W01,603,10,16,597,0
2026-02-12,P028,North,W01,597,15,16,596,0
2026-02-13,P028,North,W01,596,17,20,593,0
2026-02-14,P028,North,W01,593,11,18,586,0
2026-02-15,P028,North,W01,586,11,22,575,0
2026-02-16,P028,North,W01,575,19,20,574,0
2026-02-17,P028,North,W01,574,9,20,563,0
2026-02-18,P028,North,W01,563,18,18,563,0
2026-02-19,P028,North,W01,563,11,16,558,0
2026-02-20,P028,North,W01,558,1,19,540,0
2026-02-21,P028,North,W01,540,3,18,525,0
2026-02-22,P028,North,W01,525,0,24,501,0
2026-02-23,P028,North,W01,501,7,11,497,0
2026-02-24,P028,North,W01,497,3,17,483,0
2026-02-25,P028,North,W01,483,2,17,468,0
2026-02-26,P028,North,W01,468,2,20,450,0
2026-02-27,P028,North,W01,450,3,23,430,0
2026-02-28,P028,North,W01,430,3,14,419,0
2026-03-01,P028,North,W01,419,16,17,418,0
2026-03-02,P028,North,W01,418,17,13,422,0
2026-03-03,P028,North,W01,422,20,19,423,0
2026-03-04,P028,North,W01,423,16,20,419,0
2026-03-05,P028,North,W01,419,15,20,414,0
2026-03-06,P028,North,W01,414,15,20,409,0
2026-03-07,P028,North,W01,409,19,8,420,0
2026-03-08,P028,North,W01,420,12,18,414,0
2026-03-09,P028,North,W01,414,21,28,407,0
2026-03-10,P028,North,W01,407,13,22,398,0
2026-03-11,P028,North,W01,398,16,17,397,0
2026-03-12,P028,North,W01,397,19,21,395,0
2026-03-13,P028,North,W01,395,8,15,388,0
2026-03-14,P028,North,W01,388,15,19,384,0
2026-03-15,P028,North,W01,384,11,21,374,0
2026-03-16,P028,North,W01,374,17,21,370,0
2026-03-17,P028,North,W01,370,14,19,365,0
2026-03-18,P028,North,W01,365,16,18,363,0
2026-03-19,P028,North,W01,363,11,17,357,0
2026-03-20,P028,North,W01,357,18,23,352,0
2026-03-21,P028,North,W01,352,14,16,350,0
2026-03-22,P028,North,W01,350,20,22,348,0
2026-03-23,P028,North,W01,348,13,15,346,0
2026-03-24,P028,North,W01,346,17,16,347,0
2026-03-25,P028,North,W01,347,16,17,346,0
2026-03-26,P028,North,W01,346,7,12,341,0
2026-03-27,P028,North,W01,341,15,15,341,0
2026-03-28,P028,North,W01,341,18,15,344,0
2026-03-29,P028,North,W01,344,20,11,353,0
2026-03-30,P028,North,W01,353,19,22,350,0
2026-03-31,P028,North,W01,350,12,22,340,0
2026-04-01,P028,North,W01,340,18,21,337,0
2026-04-02,P028,North,W01,337,12,16,333,0
2026-04-03,P028,North,W01,333,11,18,326,0
2026-04-04,P028,North,W01,326,15,21,320,0
2026-04-05,P028,North,W01,320,10,14,316,0
2026-04-06,P028,North,W01,316,15,17,314,0
2026-04-07,P028,North,W01,314,13,16,311,0
2026-04-08,P028,North,W01,311,13,17,307,0
2026-04-09,P028,North,W01,307,16,17,306,0
2026-04-10,P028,North,W01,306,15,13,308,0
2026-04-11,P028,North,W01,308,20,17,311,0
2026-04-12,P028,North,W01,311,13,23,301,0
2026-04-13,P028,North,W01,301,9,26,284,0
2026-04-14,P028,North,W01,284,12,25,271,0
2026-04-15,P028,North,W01,271,17,13,275,0
2026-04-16,P028,North,W01,275,19,15,279,0
2026-04-17,P028,North,W01,279,18,20,277,0
2026-04-18,P028,North,W01,277,16,18,275,0
2026-04-19,P028,North,W01,275,13,17,271,0
2026-04-20,P028,North,W01,271,24,22,273,0
2026-04-21,P028,North,W01,273,12,22,263,0
2026-04-22,P028,North,W01,263,22,13,272,0
2026-04-23,P028,North,W01,272,19,12,279,0
2026-04-24,P028,North,W01,279,21,17,283,0
2026-04-25,P028,North,W01,283,11,11,283,0
2026-04-26,P028,North,W01,283,15,17,281,0
2026-04-27,P028,North,W01,281,14,15,280,0
2026-04-28,P028,North,W01,280,15,18,277,0
2026-04-29,P028,North,W01,277,15,18,274,0
2026-04-30,P028,North,W01,274,17,22,269,0
2026-05-01,P028,North,W01,269,15,18,266,0
2026-05-02,P028,North,W01,266,13,22,257,0
2026-05-03,P028,North,W01,257,14,23,248,0
2026-05-04,P028,North,W01,248,19,31,236,0
2026-05-05,P028,North,W01,236,19,22,233,0
2026-05-06,P028,North,W01,233,13,28,218,0
2026-05-07,P028,North,W01,218,20,18,220,0
2026-05-08,P028,North,W01,220,17,14,223,0
2026-05-09,P028,North,W01,223,14,21,216,0
2026-05-10,P028,North,W01,216,13,23,206,0
2026-05-11,P028,North,W01,206,18,22,202,0
2026-05-12,P028,North,W01,202,18,14,206,0
2026-05-13,P028,North,W01,206,16,20,202,0
2026-05-14,P028,North,W01,202,17,18,201,0
2026-05-15,P028,North,W01,201,5,22,184,0
2026-05-16,P028,North,W01,184,17,23,178,0
2026-05-17,P028,North,W01,178,18,21,175,0
2026-05-18,P028,North,W01,175,15,16,174,0
2026-05-19,P028,North,W01,174,16,24,166,0
2026-05-20,P028,North,W01,166,20,20,166,0
2026-05-21,P028,North,W01,166,12,17,161,0
2026-05-22,P028,North,W01,161,10,25,146,0
2026-05-23,P028,North,W01,146,12,27,131,0
2026-05-24,P028,North,W01,131,17,17,131,0
2026-05-25,P028,North,W01,131,17,17,131,0
2026-05-26,P028,North,W01,131,23,10,144,0
2026-05-27,P028,North,W01,144,13,19,138,0
2026-05-28,P028,North,W01,138,13,13,138,0
2026-05-29,P028,North,W01,138,13,23,128,0
2026-05-30,P028,North,W01,128,14,17,125,0
2026-05-31,P028,North,W01,125,11,23,113,0
2026-06-01,P028,North,W01,113,18,19,112,0
2026-06-02,P028,North,W01,112,19,25,106,0
2026-06-03,P028,North,W01,106,13,19,100,0
2026-06-04,P028,North,W01,100,15,14,101,0
2026-06-05,P028,North,W01,101,14,17,98,0
2026-06-06,P028,North,W01,98,12,19,91,0
2026-06-07,P028,North,W01,91,13,16,88,0
2026-06-08,P028,North,W01,88,15,21,82,0
2026-06-09,P028,North,W01,82,18,17,83,0
2026-06-10,P028,North,W01,83,14,21,76,0
2026-06-11,P028,North,W01,76,14,22,68,0
2026-06-12,P028,North,W01,68,15,14,69,0
2026-06-13,P028,North,W01,69,15,17,67,0
2026-06-14,P028,North,W01,67,15,22,60,0
2026-06-15,P028,North,W01,60,9,20,49,0
2026-06-16,P028,North,W01,49,9,25,33,0
2026-06-17,P028,North,W01,33,19,25,27,0
2026-06-18,P028,North,W01,27,14,18,23,0
2026-06-19,P028,North,W01,23,19,17,25,0
2026-06-20,P028,North,W01,25,16,16,25,0
2026-06-21,P028,North,W01,25,22,19,28,0
2026-06-22,P028,North,W01,28,18,14,32,0
2026-06-23,P028,North,W01,32,13,24,21,0
2026-06-24,P028,North,W01,21,11,19,13,0
2026-06-25,P028,North,W01,13,15,15,13,0
2026-06-26,P028,North,W01,13,11,12,12,0
2026-06-27,P028,North,W01,12,17,14,15,0
2026-06-28,P028,North,W01,15,14,19,10,0
2026-06-29,P028,North,W01,10,8,15,3,0
2026-06-30,P028,North,W01,3,19,19,3,0
2026-01-01,P028,South,W02,682,7,19,670,0
2026-01-02,P028,South,W02,670,13,22,661,0
2026-01-03,P028,South,W02,661,18,13,666,0
2026-01-04,P028,South,W02,666,20,16,670,0
2026-01-05,P028,South,W02,670,10,17,663,0
2026-01-06,P028,South,W02,663,11,20,654,0
2026-01-07,P028,South,W02,654,11,14,651,0
2026-01-08,P028,South,W02,651,15,19,647,0
2026-01-09,P028,South,W02,647,23,17,653,0
2026-01-10,P028,South,W02,653,26,18,661,0
2026-01-11,P028,South,W02,661,10,11,660,0
2026-01-12,P028,South,W02,660,25,8,677,0
2026-01-13,P028,South,W02,677,26,23,680,0
2026-01-14,P028,South,W02,680,12,15,677,0
2026-01-15,P028,South,W02,677,15,25,667,0
2026-01-16,P028,South,W02,667,12,17,662,0
2026-01-17,P028,South,W02,662,13,21,654,0
2026-01-18,P028,South,W02,654,11,19,646,0
2026-01-19,P028,South,W02,646,16,16,646,0
2026-01-20,P028,South,W02,646,23,16,653,0
2026-01-21,P028,South,W02,653,11,13,651,0
2026-01-22,P028,South,W02,651,10,22,639,0
2026-01-23,P028,South,W02,639,9,24,624,0
2026-01-24,P028,South,W02,624,18,16,626,0
2026-01-25,P028,South,W02,626,18,23,621,0
2026-01-26,P028,South,W02,621,14,18,617,0
2026-01-27,P028,South,W02,617,12,20,609,0
2026-01-28,P028,South,W02,609,10,13,606,0
2026-01-29,P028,South,W02,606,20,16,610,0
2026-01-30,P028,South,W02,610,8,16,602,0
2026-01-31,P028,South,W02,602,10,29,583,0
2026-02-01,P028,South,W02,583,8,17,574,0
2026-02-02,P028,South,W02,574,21,10,585,0
2026-02-03,P028,South,W02,585,18,21,582,0
2026-02-04,P028,South,W02,582,17,12,587,0
2026-02-05,P028,South,W02,587,14,12,589,0
2026-02-06,P028,South,W02,589,13,20,582,0
2026-02-07,P028,South,W02,582,15,14,583,0
2026-02-08,P028,South,W02,583,14,12,585,0
2026-02-09,P028,South,W02,585,17,16,586,0
2026-02-10,P028,South,W02,586,19,18,587,0
2026-02-11,P028,South,W02,587,5,15,577,0
2026-02-12,P028,South,W02,577,14,16,575,0
2026-02-13,P028,South,W02,575,20,22,573,0
2026-02-14,P028,South,W02,573,20,16,577,0
2026-02-15,P028,South,W02,577,19,11,585,0
2026-02-16,P028,South,W02,585,13,16,582,0
2026-02-17,P028,South,W02,582,17,23,576,0
2026-02-18,P028,South,W02,576,16,15,577,0
2026-02-19,P028,South,W02,577,15,24,568,0
2026-02-20,P028,South,W02,568,4,18,554,0
2026-02-21,P028,South,W02,554,4,13,545,0
2026-02-22,P028,South,W02,545,1,22,524,0
2026-02-23,P028,South,W02,524,2,14,512,0
2026-02-24,P028,South,W02,512,2,20,494,0
2026-02-25,P028,South,W02,494,4,21,477,0
2026-02-26,P028,South,W02,477,1,14,464,0
2026-02-27,P028,South,W02,464,3,20,447,0
2026-02-28,P028,South,W02,447,4,12,439,0
2026-03-01,P028,South,W02,439,16,20,435,0
2026-03-02,P028,South,W02,435,15,22,428,0
2026-03-03,P028,South,W02,428,13,13,428,0
2026-03-04,P028,South,W02,428,11,24,415,0
2026-03-05,P028,South,W02,415,15,20,410,0
2026-03-06,P028,South,W02,410,20,15,415,0
2026-03-07,P028,South,W02,415,14,22,407,0
2026-03-08,P028,South,W02,407,13,16,404,0
2026-03-09,P028,South,W02,404,18,13,409,0
2026-03-10,P028,South,W02,409,17,21,405,0
2026-03-11,P028,South,W02,405,12,14,403,0
2026-03-12,P028,South,W02,403,18,22,399,0
2026-03-13,P028,South,W02,399,18,23,394,0
2026-03-14,P028,South,W02,394,13,25,382,0
2026-03-15,P028,South,W02,382,12,18,376,0
2026-03-16,P028,South,W02,376,10,16,370,0
2026-03-17,P028,South,W02,370,15,21,364,0
2026-03-18,P028,South,W02,364,13,11,366,0
2026-03-19,P028,South,W02,366,17,20,363,0
2026-03-20,P028,South,W02,363,9,22,350,0
2026-03-21,P028,South,W02,350,15,20,345,0
2026-03-22,P028,South,W02,345,14,12,347,0
2026-03-23,P028,South,W02,347,13,12,348,0
2026-03-24,P028,South,W02,348,14,12,350,0
2026-03-25,P028,South,W02,350,17,11,356,0
2026-03-26,P028,South,W02,356,13,17,352,0
2026-03-27,P028,South,W02,352,10,18,344,0
2026-03-28,P028,South,W02,344,15,24,335,0
2026-03-29,P028,South,W02,335,18,24,329,0
2026-03-30,P028,South,W02,329,14,18,325,0
2026-03-31,P028,South,W02,325,12,11,326,0
2026-04-01,P028,South,W02,326,13,20,319,0
2026-04-02,P028,South,W02,319,21,17,323,0
2026-04-03,P028,South,W02,323,16,16,323,0
2026-04-04,P028,South,W02,323,10,17,316,0
2026-04-05,P028,South,W02,316,14,24,306,0
2026-04-06,P028,South,W02,306,16,17,305,0
2026-04-07,P028,South,W02,305,14,13,306,0
2026-04-08,P028,South,W02,306,22,24,304,0
2026-04-09,P028,South,W02,304,15,24,295,0
2026-04-10,P028,South,W02,295,15,13,297,0
2026-04-11,P028,South,W02,297,18,25,290,0
2026-04-12,P028,South,W02,290,14,21,283,0
2026-04-13,P028,South,W02,283,15,15,283,0
2026-04-14,P028,South,W02,283,15,19,279,0
2026-04-15,P028,South,W02,279,8,17,270,0
2026-04-16,P028,South,W02,270,17,22,265,0
2026-04-17,P028,South,W02,265,19,16,268,0
2026-04-18,P028,South,W02,268,17,15,270,0
2026-04-19,P028,South,W02,270,12,24,258,0
2026-04-20,P028,South,W02,258,17,16,259,0
2026-04-21,P028,South,W02,259,17,22,254,0
2026-04-22,P028,South,W02,254,14,15,253,0
2026-04-23,P028,South,W02,253,16,23,246,0
2026-04-24,P028,South,W02,246,11,16,241,0
2026-04-25,P028,South,W02,241,19,23,237,0
2026-04-26,P028,South,W02,237,17,14,240,0
2026-04-27,P028,South,W02,240,9,18,231,0
2026-04-28,P028,South,W02,231,19,18,232,0
2026-04-29,P028,South,W02,232,10,15,227,0
2026-04-30,P028,South,W02,227,13,20,220,0
2026-05-01,P028,South,W02,220,13,17,216,0
2026-05-02,P028,South,W02,216,10,14,212,0
2026-05-03,P028,South,W02,212,20,27,205,0
2026-05-04,P028,South,W02,205,14,17,202,0
2026-05-05,P028,South,W02,202,13,19,196,0
2026-05-06,P028,South,W02,196,20,21,195,0
2026-05-07,P028,South,W02,195,17,20,192,0
2026-05-08,P028,South,W02,192,11,25,178,0
2026-05-09,P028,South,W02,178,12,23,167,0
2026-05-10,P028,South,W02,167,13,27,153,0
2026-05-11,P028,South,W02,153,19,17,155,0
2026-05-12,P028,South,W02,155,11,29,137,0
2026-05-13,P028,South,W02,137,14,15,136,0
2026-05-14,P028,South,W02,136,15,18,133,0
2026-05-15,P028,South,W02,133,16,17,132,0
2026-05-16,P028,South,W02,132,12,14,130,0
2026-05-17,P028,South,W02,130,10,22,118,0
2026-05-18,P028,South,W02,118,16,25,109,0
2026-05-19,P028,South,W02,109,15,25,99,0
2026-05-20,P028,South,W02,99,18,25,92,0
2026-05-21,P028,South,W02,92,5,25,72,0
2026-05-22,P028,South,W02,72,11,27,56,0
2026-05-23,P028,South,W02,56,6,17,45,0
2026-05-24,P028,South,W02,45,10,18,37,0
2026-05-25,P028,South,W02,37,12,14,35,0
2026-05-26,P028,South,W02,35,9,17,27,0
2026-05-27,P028,South,W02,27,22,23,26,0
2026-05-28,P028,South,W02,26,14,27,13,0
2026-05-29,P028,South,W02,13,16,22,7,0
2026-05-30,P028,South,W02,7,13,16,4,0
2026-05-31,P028,South,W02,4,16,19,1,0
2026-06-01,P028,South,W02,1,14,15,0,5
2026-06-02,P028,South,W02,0,19,19,0,7
2026-06-03,P028,South,W02,0,18,18,0,13
2026-06-04,P028,South,W02,0,9,9,0,9
2026-06-05,P028,South,W02,0,12,12,0,11
2026-06-06,P028,South,W02,0,16,16,0,4
2026-06-07,P028,South,W02,0,11,11,0,14
2026-06-08,P028,South,W02,0,12,12,0,13
2026-06-09,P028,South,W02,0,14,14,0,12
2026-06-10,P028,South,W02,0,13,13,0,5
2026-06-11,P028,South,W02,0,15,15,0,6
2026-06-12,P028,South,W02,0,13,13,0,8
2026-06-13,P028,South,W02,0,15,14,1,0
2026-06-14,P028,South,W02,1,16,17,0,9
2026-06-15,P028,South,W02,0,8,8,0,10
2026-06-16,P028,South,W02,0,18,15,3,0
2026-06-17,P028,South,W02,3,10,13,0,15
2026-06-18,P028,South,W02,0,20,13,7,0
2026-06-19,P028,South,W02,7,16,11,12,0
2026-06-20,P028,South,W02,12,15,20,7,0
2026-06-21,P028,South,W02,7,16,11,12,0
2026-06-22,P028,South,W02,12,24,24,12,0
2026-06-23,P028,South,W02,12,7,19,0,7
2026-06-24,P028,South,W02,0,22,14,8,0
2026-06-25,P028,South,W02,8,12,20,0,6
2026-06-26,P028,South,W02,0,16,14,2,0
2026-06-27,P028,South,W02,2,16,18,0,12
2026-06-28,P028,South,W02,0,17,17,0,6
2026-06-29,P028,South,W02,0,12,12,0,11
2026-06-30,P028,South,W02,0,14,14,0,8
2026-01-01,P028,East,W03,384,16,20,380,0
2026-01-02,P028,East,W03,380,11,18,373,0
2026-01-03,P028,East,W03,373,9,21,361,0
2026-01-04,P028,East,W03,361,11,27,345,0
2026-01-05,P028,East,W03,345,21,24,342,0
2026-01-06,P028,East,W03,342,12,19,335,0
2026-01-07,P028,East,W03,335,16,21,330,0
2026-01-08,P028,East,W03,330,15,20,325,0
2026-01-09,P028,East,W03,325,15,17,323,0
2026-01-10,P028,East,W03,323,10,11,322,0
2026-01-11,P028,East,W03,322,14,17,319,0
2026-01-12,P028,East,W03,319,18,25,312,0
2026-01-13,P028,East,W03,312,16,21,307,0
2026-01-14,P028,East,W03,307,8,13,302,0
2026-01-15,P028,East,W03,302,12,13,301,0
2026-01-16,P028,East,W03,301,13,12,302,0
2026-01-17,P028,East,W03,302,18,19,301,0
2026-01-18,P028,East,W03,301,10,10,301,0
2026-01-19,P028,East,W03,301,16,28,289,0
2026-01-20,P028,East,W03,289,15,13,291,0
2026-01-21,P028,East,W03,291,9,13,287,0
2026-01-22,P028,East,W03,287,15,13,289,0
2026-01-23,P028,East,W03,289,14,14,289,0
2026-01-24,P028,East,W03,289,12,19,282,0
2026-01-25,P028,East,W03,282,6,18,270,0
2026-01-26,P028,East,W03,270,16,18,268,0
2026-01-27,P028,East,W03,268,11,24,255,0
2026-01-28,P028,East,W03,255,11,22,244,0
2026-01-29,P028,East,W03,244,18,20,242,0
2026-01-30,P028,East,W03,242,12,12,242,0
2026-01-31,P028,East,W03,242,19,16,245,0
2026-02-01,P028,East,W03,245,21,20,246,0
2026-02-02,P028,East,W03,246,10,15,241,0
2026-02-03,P028,East,W03,241,13,16,238,0
2026-02-04,P028,East,W03,238,19,19,238,0
2026-02-05,P028,East,W03,238,12,23,227,0
2026-02-06,P028,East,W03,227,13,25,215,0
2026-02-07,P028,East,W03,215,16,20,211,0
2026-02-08,P028,East,W03,211,15,19,207,0
2026-02-09,P028,East,W03,207,20,23,204,0
2026-02-10,P028,East,W03,204,23,8,219,0
2026-02-11,P028,East,W03,219,19,19,219,0
2026-02-12,P028,East,W03,219,8,21,206,0
2026-02-13,P028,East,W03,206,13,19,200,0
2026-02-14,P028,East,W03,200,13,14,199,0
2026-02-15,P028,East,W03,199,12,21,190,0
2026-02-16,P028,East,W03,190,12,14,188,0
2026-02-17,P028,East,W03,188,9,18,179,0
2026-02-18,P028,East,W03,179,18,18,179,0
2026-02-19,P028,East,W03,179,12,19,172,0
2026-02-20,P028,East,W03,172,1,20,153,0
2026-02-21,P028,East,W03,153,4,18,139,0
2026-02-22,P028,East,W03,139,3,19,123,0
2026-02-23,P028,East,W03,123,1,20,104,0
2026-02-24,P028,East,W03,104,5,26,83,0
2026-02-25,P028,East,W03,83,2,19,66,0
2026-02-26,P028,East,W03,66,6,16,56,0
2026-02-27,P028,East,W03,56,4,15,45,0
2026-02-28,P028,East,W03,45,4,15,34,0
2026-03-01,P028,East,W03,34,23,18,39,0
2026-03-02,P028,East,W03,39,21,13,47,0
2026-03-03,P028,East,W03,47,9,12,44,0
2026-03-04,P028,East,W03,44,18,20,42,0
2026-03-05,P028,East,W03,42,14,21,35,0
2026-03-06,P028,East,W03,35,11,15,31,0
2026-03-07,P028,East,W03,31,18,22,27,0
2026-03-08,P028,East,W03,27,8,12,23,0
2026-03-09,P028,East,W03,23,15,23,15,0
2026-03-10,P028,East,W03,15,10,21,4,0
2026-03-11,P028,East,W03,4,11,15,0,10
2026-03-12,P028,East,W03,0,16,16,0,14
2026-03-13,P028,East,W03,0,15,15,0,15
2026-03-14,P028,East,W03,0,9,9,0,6
2026-03-15,P028,East,W03,0,15,15,0,8
2026-03-16,P028,East,W03,0,7,7,0,7
2026-03-17,P028,East,W03,0,14,14,0,13
2026-03-18,P028,East,W03,0,16,16,0,11
2026-03-19,P028,East,W03,0,12,12,0,14
2026-03-20,P028,East,W03,0,10,10,0,7
2026-03-21,P028,East,W03,0,15,15,0,14
2026-03-22,P028,East,W03,0,16,16,0,9
2026-03-23,P028,East,W03,0,13,13,0,9
2026-03-24,P028,East,W03,0,9,9,0,10
2026-03-25,P028,East,W03,0,14,14,0,11
2026-03-26,P028,East,W03,0,16,15,1,0
2026-03-27,P028,East,W03,1,12,13,0,6
2026-03-28,P028,East,W03,0,13,13,0,8
2026-03-29,P028,East,W03,0,16,13,3,0
2026-03-30,P028,East,W03,3,12,15,0,10
2026-03-31,P028,East,W03,0,14,14,0,8
2026-04-01,P028,East,W03,0,15,15,0,0
2026-04-02,P028,East,W03,0,9,9,0,12
2026-04-03,P028,East,W03,0,22,21,1,0
2026-04-04,P028,East,W03,1,12,13,0,10
2026-04-05,P028,East,W03,0,12,12,0,6
2026-04-06,P028,East,W03,0,15,15,0,9
2026-04-07,P028,East,W03,0,13,13,0,8
2026-04-08,P028,East,W03,0,13,13,0,10
2026-04-09,P028,East,W03,0,12,12,0,4
2026-04-10,P028,East,W03,0,13,12,1,0
2026-04-11,P028,East,W03,1,18,16,3,0
2026-04-12,P028,East,W03,3,17,14,6,0
2026-04-13,P028,East,W03,6,18,18,6,0
2026-04-14,P028,East,W03,6,17,16,7,0
2026-04-15,P028,East,W03,7,17,15,9,0
2026-04-16,P028,East,W03,9,11,20,0,13
2026-04-17,P028,East,W03,0,18,18,0,12
2026-04-18,P028,East,W03,0,14,14,0,5
2026-04-19,P028,East,W03,0,15,15,0,12
2026-04-20,P028,East,W03,0,13,13,0,4
2026-04-21,P028,East,W03,0,21,16,5,0
2026-04-22,P028,East,W03,5,13,18,0,8
2026-04-23,P028,East,W03,0,14,13,1,0
2026-04-24,P028,East,W03,1,27,19,9,0
2026-04-25,P028,East,W03,9,16,19,6,0
2026-04-26,P028,East,W03,6,12,18,0,9
2026-04-27,P028,East,W03,0,8,8,0,15
2026-04-28,P028,East,W03,0,12,12,0,14
2026-04-29,P028,East,W03,0,14,13,1,0
2026-04-30,P028,East,W03,1,16,17,0,7
2026-05-01,P028,East,W03,0,9,9,0,12
2026-05-02,P028,East,W03,0,19,16,3,0
2026-05-03,P028,East,W03,3,22,13,12,0
2026-05-04,P028,East,W03,12,10,22,0,5
2026-05-05,P028,East,W03,0,12,12,0,6
2026-05-06,P028,East,W03,0,12,12,0,8
2026-05-07,P028,East,W03,0,22,22,0,0
2026-05-08,P028,East,W03,0,14,14,0,13
2026-05-09,P028,East,W03,0,13,13,0,12
2026-05-10,P028,East,W03,0,18,18,0,5
2026-05-11,P028,East,W03,0,17,17,0,12
2026-05-12,P028,East,W03,0,17,17,0,10
2026-05-13,P028,East,W03,0,11,11,0,9
2026-05-14,P028,East,W03,0,21,16,5,0
2026-05-15,P028,East,W03,5,19,20,4,0
2026-05-16,P028,East,W03,4,15,19,0,7
2026-05-17,P028,East,W03,0,18,16,2,0
2026-05-18,P028,East,W03,2,19,21,0,0
2026-05-19,P028,East,W03,0,14,14,0,11
2026-05-20,P028,East,W03,0,16,14,2,0
2026-05-21,P028,East,W03,2,17,18,1,0
2026-05-22,P028,East,W03,1,17,18,0,7
2026-05-23,P028,East,W03,0,17,17,0,4
2026-05-24,P028,East,W03,0,14,14,0,6
2026-05-25,P028,East,W03,0,19,17,2,0
2026-05-26,P028,East,W03,2,6,8,0,4
2026-05-27,P028,East,W03,0,11,11,0,8
2026-05-28,P028,East,W03,0,11,11,0,14
2026-05-29,P028,East,W03,0,16,16,0,14
2026-05-30,P028,East,W03,0,11,11,0,7
2026-05-31,P028,East,W03,0,20,11,9,0
2026-06-01,P028,East,W03,9,12,21,0,15
2026-06-02,P028,East,W03,0,12,12,0,12
2026-06-03,P028,East,W03,0,9,9,0,5
2026-06-04,P028,East,W03,0,8,8,0,8
2026-06-05,P028,East,W03,0,20,20,0,0
2026-06-06,P028,East,W03,0,18,15,3,0
2026-06-07,P028,East,W03,3,18,21,0,13
2026-06-08,P028,East,W03,0,16,16,0,8
2026-06-09,P028,East,W03,0,13,13,0,8
2026-06-10,P028,East,W03,0,13,13,0,14
2026-06-11,P028,East,W03,0,11,11,0,8
2026-06-12,P028,East,W03,0,16,16,0,4
2026-06-13,P028,East,W03,0,17,17,0,7
2026-06-14,P028,East,W03,0,24,24,0,14
2026-06-15,P028,East,W03,0,6,6,0,14
2026-06-16,P028,East,W03,0,13,13,0,11
2026-06-17,P028,East,W03,0,8,8,0,11
2026-06-18,P028,East,W03,0,9,9,0,8
2026-06-19,P028,East,W03,0,20,20,0,6
2026-06-20,P028,East,W03,0,17,17,0,8
2026-06-21,P028,East,W03,0,11,11,0,5
2026-06-22,P028,East,W03,0,12,12,0,6
2026-06-23,P028,East,W03,0,18,16,2,0
2026-06-24,P028,East,W03,2,13,15,0,4
2026-06-25,P028,East,W03,0,14,14,0,10
2026-06-26,P028,East,W03,0,14,14,0,13
2026-06-27,P028,East,W03,0,15,10,5,0
2026-06-28,P028,East,W03,5,21,20,6,0
2026-06-29,P028,East,W03,6,11,17,0,4
2026-06-30,P028,East,W03,0,19,19,0,8
2026-01-01,P028,West,W04,507,16,14,509,0
2026-01-02,P028,West,W04,509,16,15,510,0
2026-01-03,P028,West,W04,510,15,21,504,0
2026-01-04,P028,West,W04,504,11,18,497,0
2026-01-05,P028,West,W04,497,6,14,489,0
2026-01-06,P028,West,W04,489,10,22,477,0
2026-01-07,P028,West,W04,477,16,16,477,0
2026-01-08,P028,West,W04,477,17,13,481,0
2026-01-09,P028,West,W04,481,21,22,480,0
2026-01-10,P028,West,W04,480,20,17,483,0
2026-01-11,P028,West,W04,483,15,13,485,0
2026-01-12,P028,West,W04,485,16,20,481,0
2026-01-13,P028,West,W04,481,21,25,477,0
2026-01-14,P028,West,W04,477,6,23,460,0
2026-01-15,P028,West,W04,460,24,10,474,0
2026-01-16,P028,West,W04,474,16,17,473,0
2026-01-17,P028,West,W04,473,18,22,469,0
2026-01-18,P028,West,W04,469,20,22,467,0
2026-01-19,P028,West,W04,467,13,17,463,0
2026-01-20,P028,West,W04,463,29,25,467,0
2026-01-21,P028,West,W04,467,16,19,464,0
2026-01-22,P028,West,W04,464,17,21,460,0
2026-01-23,P028,West,W04,460,7,12,455,0
2026-01-24,P028,West,W04,455,17,19,453,0
2026-01-25,P028,West,W04,453,19,20,452,0
2026-01-26,P028,West,W04,452,18,17,453,0
2026-01-27,P028,West,W04,453,11,22,442,0
2026-01-28,P028,West,W04,442,15,14,443,0
2026-01-29,P028,West,W04,443,20,15,448,0
2026-01-30,P028,West,W04,448,17,10,455,0
2026-01-31,P028,West,W04,455,17,16,456,0
2026-02-01,P028,West,W04,456,16,13,459,0
2026-02-02,P028,West,W04,459,16,16,459,0
2026-02-03,P028,West,W04,459,17,20,456,0
2026-02-04,P028,West,W04,456,18,15,459,0
2026-02-05,P028,West,W04,459,15,17,457,0
2026-02-06,P028,West,W04,457,15,11,461,0
2026-02-07,P028,West,W04,461,22,19,464,0
2026-02-08,P028,West,W04,464,12,20,456,0
2026-02-09,P028,West,W04,456,13,19,450,0
2026-02-10,P028,West,W04,450,13,12,451,0
2026-02-11,P028,West,W04,451,12,25,438,0
2026-02-12,P028,West,W04,438,13,16,435,0
2026-02-13,P028,West,W04,435,12,15,432,0
2026-02-14,P028,West,W04,432,13,23,422,0
2026-02-15,P028,West,W04,422,18,16,424,0
2026-02-16,P028,West,W04,424,13,18,419,0
2026-02-17,P028,West,W04,419,12,17,414,0
2026-02-18,P028,West,W04,414,25,15,424,0
2026-02-19,P028,West,W04,424,7,28,403,0
2026-02-20,P028,West,W04,403,3,22,384,0
2026-02-21,P028,West,W04,384,2,23,363,0
2026-02-22,P028,West,W04,363,2,19,346,0
2026-02-23,P028,West,W04,346,2,19,329,0
2026-02-24,P028,West,W04,329,4,17,316,0
2026-02-25,P028,West,W04,316,4,20,300,0
2026-02-26,P028,West,W04,300,4,14,290,0
2026-02-27,P028,West,W04,290,2,16,276,0
2026-02-28,P028,West,W04,276,2,25,253,0
2026-03-01,P028,West,W04,253,16,19,250,0
2026-03-02,P028,West,W04,250,12,20,242,0
2026-03-03,P028,West,W04,242,9,18,233,0
2026-03-04,P028,West,W04,233,9,20,222,0
2026-03-05,P028,West,W04,222,14,21,215,0
2026-03-06,P028,West,W04,215,16,15,216,0
2026-03-07,P028,West,W04,216,12,24,204,0
2026-03-08,P028,West,W04,204,16,17,203,0
2026-03-09,P028,West,W04,203,10,16,197,0
2026-03-10,P028,West,W04,197,12,17,192,0
2026-03-11,P028,West,W04,192,17,14,195,0
2026-03-12,P028,West,W04,195,11,20,186,0
2026-03-13,P028,West,W04,186,13,12,187,0
2026-03-14,P028,West,W04,187,14,23,178,0
2026-03-15,P028,West,W04,178,13,19,172,0
2026-03-16,P028,West,W04,172,15,31,156,0
2026-03-17,P028,West,W04,156,14,10,160,0
2026-03-18,P028,West,W04,160,17,15,162,0
2026-03-19,P028,West,W04,162,10,13,159,0
2026-03-20,P028,West,W04,159,11,16,154,0
2026-03-21,P028,West,W04,154,8,14,148,0
2026-03-22,P028,West,W04,148,13,20,141,0
2026-03-23,P028,West,W04,141,17,15,143,0
2026-03-24,P028,West,W04,143,14,26,131,0
2026-03-25,P028,West,W04,131,16,15,132,0
2026-03-26,P028,West,W04,132,11,14,129,0
2026-03-27,P028,West,W04,129,12,17,124,0
2026-03-28,P028,West,W04,124,16,14,126,0
2026-03-29,P028,West,W04,126,13,19,120,0
2026-03-30,P028,West,W04,120,8,16,112,0
2026-03-31,P028,West,W04,112,7,12,107,0
2026-04-01,P028,West,W04,107,12,18,101,0
2026-04-02,P028,West,W04,101,16,18,99,0
2026-04-03,P028,West,W04,99,15,19,95,0
2026-04-04,P028,West,W04,95,10,20,85,0
2026-04-05,P028,West,W04,85,22,17,90,0
2026-04-06,P028,West,W04,90,18,17,91,0
2026-04-07,P028,West,W04,91,10,20,81,0
2026-04-08,P028,West,W04,81,23,15,89,0
2026-04-09,P028,West,W04,89,15,19,85,0
2026-04-10,P028,West,W04,85,16,19,82,0
2026-04-11,P028,West,W04,82,14,13,83,0
2026-04-12,P028,West,W04,83,16,13,86,0
2026-04-13,P028,West,W04,86,11,24,73,0
2026-04-14,P028,West,W04,73,14,23,64,0
2026-04-15,P028,West,W04,64,21,17,68,0
2026-04-16,P028,West,W04,68,17,10,75,0
2026-04-17,P028,West,W04,75,21,21,75,0
2026-04-18,P028,West,W04,75,14,22,67,0
2026-04-19,P028,West,W04,67,12,32,47,0
2026-04-20,P028,West,W04,47,14,19,42,0
2026-04-21,P028,West,W04,42,11,22,31,0
2026-04-22,P028,West,W04,31,15,23,23,0
2026-04-23,P028,West,W04,23,7,17,13,0
2026-04-24,P028,West,W04,13,19,19,13,0
2026-04-25,P028,West,W04,13,20,25,8,0
2026-04-26,P028,West,W04,8,11,19,0,8
2026-04-27,P028,West,W04,0,16,16,0,12
2026-04-28,P028,West,W04,0,12,12,0,12
2026-04-29,P028,West,W04,0,19,15,4,0
2026-04-30,P028,West,W04,4,18,16,6,0
2026-05-01,P028,West,W04,6,23,15,14,0
2026-05-02,P028,West,W04,14,19,15,18,0
2026-05-03,P028,West,W04,18,14,30,2,0
2026-05-04,P028,West,W04,2,16,15,3,0
2026-05-05,P028,West,W04,3,14,17,0,12
2026-05-06,P028,West,W04,0,16,16,0,14
2026-05-07,P028,West,W04,0,8,8,0,8
2026-05-08,P028,West,W04,0,13,13,0,13
2026-05-09,P028,West,W04,0,16,16,0,11
2026-05-10,P028,West,W04,0,18,15,3,0
2026-05-11,P028,West,W04,3,14,17,0,9
2026-05-12,P028,West,W04,0,13,13,0,7
2026-05-13,P028,West,W04,0,17,12,5,0
2026-05-14,P028,West,W04,5,6,11,0,8
2026-05-15,P028,West,W04,0,7,7,0,13
2026-05-16,P028,West,W04,0,12,12,0,4
2026-05-17,P028,West,W04,0,16,16,0,14
2026-05-18,P028,West,W04,0,22,9,13,0
2026-05-19,P028,West,W04,13,13,23,3,0
2026-05-20,P028,West,W04,3,16,19,0,10
2026-05-21,P028,West,W04,0,17,17,0,6
2026-05-22,P028,West,W04,0,9,9,0,14
2026-05-23,P028,West,W04,0,13,13,0,11
2026-05-24,P028,West,W04,0,18,16,2,0
2026-05-25,P028,West,W04,2,16,18,0,5
2026-05-26,P028,West,W04,0,19,19,0,14
2026-05-27,P028,West,W04,0,26,22,4,0
2026-05-28,P028,West,W04,4,17,21,0,8
2026-05-29,P028,West,W04,0,13,13,0,15
2026-05-30,P028,West,W04,0,16,14,2,0
2026-05-31,P028,West,W04,2,20,22,0,13
2026-06-01,P028,West,W04,0,13,13,0,14
2026-06-02,P028,West,W04,0,18,14,4,0
2026-06-03,P028,West,W04,4,12,14,2,0
2026-06-04,P028,West,W04,2,15,17,0,14
2026-06-05,P028,West,W04,0,13,13,0,14
2026-06-06,P028,West,W04,0,14,14,0,4
2026-06-07,P028,West,W04,0,11,11,0,13
2026-06-08,P028,West,W04,0,14,14,0,5
2026-06-09,P028,West,W04,0,14,14,0,8
2026-06-10,P028,West,W04,0,6,6,0,5
2026-06-11,P028,West,W04,0,17,17,0,11
2026-06-12,P028,West,W04,0,18,15,3,0
2026-06-13,P028,West,W04,3,16,19,0,13
2026-06-14,P028,West,W04,0,13,13,0,0
2026-06-15,P028,West,W04,0,10,10,0,15
2026-06-16,P028,West,W04,0,18,18,0,4
2026-06-17,P028,West,W04,0,17,17,0,14
2026-06-18,P028,West,W04,0,17,17,0,13
2026-06-19,P028,West,W04,0,11,11,0,7
2026-06-20,P028,West,W04,0,12,12,0,9
2026-06-21,P028,West,W04,0,12,12,0,9
2026-06-22,P028,West,W04,0,17,15,2,0
2026-06-23,P028,West,W04,2,16,16,2,0
2026-06-24,P028,West,W04,2,13,15,0,8
2026-06-25,P028,West,W04,0,18,17,1,0
2026-06-26,P028,West,W04,1,12,13,0,6
2026-06-27,P028,West,W04,0,18,18,0,13
2026-06-28,P028,West,W04,0,16,16,0,9
2026-06-29,P028,West,W04,0,14,13,1,0
2026-06-30,P028,West,W04,1,17,18,0,0
2026-01-01,P029,North,W01,306,18,13,311,0
2026-01-02,P029,North,W01,311,12,19,304,0
2026-01-03,P029,North,W01,304,19,11,312,0
2026-01-04,P029,North,W01,312,14,22,304,0
2026-01-05,P029,North,W01,304,12,17,299,0
2026-01-06,P029,North,W01,299,13,17,295,0
2026-01-07,P029,North,W01,295,8,18,285,0
2026-01-08,P029,North,W01,285,13,18,280,0
2026-01-09,P029,North,W01,280,11,14,277,0
2026-01-10,P029,North,W01,277,17,16,278,0
2026-01-11,P029,North,W01,278,21,19,280,0
2026-01-12,P029,North,W01,280,21,14,287,0
2026-01-13,P029,North,W01,287,8,21,274,0
2026-01-14,P029,North,W01,274,21,19,276,0
2026-01-15,P029,North,W01,276,22,16,282,0
2026-01-16,P029,North,W01,282,13,18,277,0
2026-01-17,P029,North,W01,277,13,23,267,0
2026-01-18,P029,North,W01,267,16,20,263,0
2026-01-19,P029,North,W01,263,16,20,259,0
2026-01-20,P029,North,W01,259,17,16,260,0
2026-01-21,P029,North,W01,260,10,18,252,0
2026-01-22,P029,North,W01,252,16,18,250,0
2026-01-23,P029,North,W01,250,17,12,255,0
2026-01-24,P029,North,W01,255,18,23,250,0
2026-01-25,P029,North,W01,250,14,15,249,0
2026-01-26,P029,North,W01,249,11,27,233,0
2026-01-27,P029,North,W01,233,14,20,227,0
2026-01-28,P029,North,W01,227,11,12,226,0
2026-01-29,P029,North,W01,226,13,15,224,0
2026-01-30,P029,North,W01,224,15,27,212,0
2026-01-31,P029,North,W01,212,13,14,211,0
2026-02-01,P029,North,W01,211,9,16,204,0
2026-02-02,P029,North,W01,204,15,17,202,0
2026-02-03,P029,North,W01,202,7,17,192,0
2026-02-04,P029,North,W01,192,14,18,188,0
2026-02-05,P029,North,W01,188,13,14,187,0
2026-02-06,P029,North,W01,187,11,8,190,0
2026-02-07,P029,North,W01,190,10,12,188,0
2026-02-08,P029,North,W01,188,13,20,181,0
2026-02-09,P029,North,W01,181,13,17,177,0
2026-02-10,P029,North,W01,177,18,27,168,0
2026-02-11,P029,North,W01,168,12,19,161,0
2026-02-12,P029,North,W01,161,16,19,158,0
2026-02-13,P029,North,W01,158,13,21,150,0
2026-02-14,P029,North,W01,150,22,18,154,0
2026-02-15,P029,North,W01,154,17,10,161,0
2026-02-16,P029,North,W01,161,13,20,154,0
2026-02-17,P029,North,W01,154,16,22,148,0
2026-02-18,P029,North,W01,148,18,17,149,0
2026-02-19,P029,North,W01,149,14,21,142,0
2026-02-20,P029,North,W01,142,4,17,129,0
2026-02-21,P029,North,W01,129,4,19,114,0
2026-02-22,P029,North,W01,114,2,8,108,0
2026-02-23,P029,North,W01,108,3,22,89,0
2026-02-24,P029,North,W01,89,0,23,66,0
2026-02-25,P029,North,W01,66,3,20,49,0
2026-02-26,P029,North,W01,49,2,18,33,0
2026-02-27,P029,North,W01,33,5,17,21,0
2026-02-28,P029,North,W01,21,0,21,0,4
2026-03-01,P029,North,W01,0,14,11,3,0
2026-03-02,P029,North,W01,3,12,15,0,6
2026-03-03,P029,North,W01,0,12,12,0,13
2026-03-04,P029,North,W01,0,10,10,0,5
2026-03-05,P029,North,W01,0,14,14,0,8
2026-03-06,P029,North,W01,0,13,13,0,8
2026-03-07,P029,North,W01,0,17,17,0,6
2026-03-08,P029,North,W01,0,16,16,0,12
2026-03-09,P029,North,W01,0,15,15,0,10
2026-03-10,P029,North,W01,0,15,11,4,0
2026-03-11,P029,North,W01,4,21,21,4,0
2026-03-12,P029,North,W01,4,4,8,0,8
2026-03-13,P029,North,W01,0,17,7,10,0
2026-03-14,P029,North,W01,10,17,17,10,0
2026-03-15,P029,North,W01,10,14,16,8,0
2026-03-16,P029,North,W01,8,13,15,6,0
2026-03-17,P029,North,W01,6,20,19,7,0
2026-03-18,P029,North,W01,7,17,19,5,0
2026-03-19,P029,North,W01,5,14,19,0,5
2026-03-20,P029,North,W01,0,18,18,0,14
2026-03-21,P029,North,W01,0,19,18,1,0
2026-03-22,P029,North,W01,1,15,16,0,8
2026-03-23,P029,North,W01,0,11,10,1,0
2026-03-24,P029,North,W01,1,15,8,8,0
2026-03-25,P029,North,W01,8,12,17,3,0
2026-03-26,P029,North,W01,3,12,15,0,5
2026-03-27,P029,North,W01,0,15,15,0,7
2026-03-28,P029,North,W01,0,12,12,0,4
2026-03-29,P029,North,W01,0,19,16,3,0
2026-03-30,P029,North,W01,3,13,16,0,12
2026-03-31,P029,North,W01,0,16,16,0,10
2026-04-01,P029,North,W01,0,18,11,7,0
2026-04-02,P029,North,W01,7,14,9,12,0
2026-04-03,P029,North,W01,12,23,27,8,0
2026-04-04,P029,North,W01,8,12,20,0,8
2026-04-05,P029,North,W01,0,16,14,2,0
2026-04-06,P029,North,W01,2,15,15,2,0
2026-04-07,P029,North,W01,2,17,15,4,0
2026-04-08,P029,North,W01,4,11,15,0,4
2026-04-09,P029,North,W01,0,18,14,4,0
2026-04-10,P029,North,W01,4,18,18,4,0
2026-04-11,P029,North,W01,4,14,15,3,0
2026-04-12,P029,North,W01,3,23,13,13,0
2026-04-13,P029,North,W01,13,13,20,6,0
2026-04-14,P029,North,W01,6,8,14,0,13
2026-04-15,P029,North,W01,0,15,15,0,13
2026-04-16,P029,North,W01,0,11,11,0,15
2026-04-17,P029,North,W01,0,16,13,3,0
2026-04-18,P029,North,W01,3,9,12,0,15
2026-04-19,P029,North,W01,0,14,14,0,4
2026-04-20,P029,North,W01,0,20,20,0,9
2026-04-21,P029,North,W01,0,17,17,0,13
2026-04-22,P029,North,W01,0,20,20,0,9
2026-04-23,P029,North,W01,0,12,9,3,0
2026-04-24,P029,North,W01,3,23,18,8,0
2026-04-25,P029,North,W01,8,12,18,2,0
2026-04-26,P029,North,W01,2,15,17,0,7
2026-04-27,P029,North,W01,0,13,13,0,0
2026-04-28,P029,North,W01,0,10,10,0,6
2026-04-29,P029,North,W01,0,11,11,0,4
2026-04-30,P029,North,W01,0,14,14,0,0
2026-05-01,P029,North,W01,0,22,22,0,9
2026-05-02,P029,North,W01,0,10,10,0,10
2026-05-03,P029,North,W01,0,23,11,12,0
2026-05-04,P029,North,W01,12,14,13,13,0
2026-05-05,P029,North,W01,13,12,18,7,0
2026-05-06,P029,North,W01,7,19,16,10,0
2026-05-07,P029,North,W01,10,14,23,1,0
2026-05-08,P029,North,W01,1,15,10,6,0
2026-05-09,P029,North,W01,6,7,13,0,11
2026-05-10,P029,North,W01,0,19,19,0,15
2026-05-11,P029,North,W01,0,12,12,0,12
2026-05-12,P029,North,W01,0,21,20,1,0
2026-05-13,P029,North,W01,1,19,17,3,0
2026-05-14,P029,North,W01,3,13,16,0,12
2026-05-15,P029,North,W01,0,21,12,9,0
2026-05-16,P029,North,W01,9,10,19,0,6
2026-05-17,P029,North,W01,0,17,14,3,0
2026-05-18,P029,North,W01,3,16,16,3,0
2026-05-19,P029,North,W01,3,13,16,0,12
2026-05-20,P029,North,W01,0,13,13,0,13
2026-05-21,P029,North,W01,0,15,15,0,15
2026-05-22,P029,North,W01,0,17,17,0,8
2026-05-23,P029,North,W01,0,16,16,0,12
2026-05-24,P029,North,W01,0,14,14,0,10
2026-05-25,P029,North,W01,0,11,11,0,11
2026-05-26,P029,North,W01,0,18,18,0,8
2026-05-27,P029,North,W01,0,12,12,0,15
2026-05-28,P029,North,W01,0,6,6,0,10
2026-05-29,P029,North,W01,0,13,13,0,15
2026-05-30,P029,North,W01,0,21,21,0,12
2026-05-31,P029,North,W01,0,14,14,0,10
2026-06-01,P029,North,W01,0,12,12,0,4
2026-06-02,P029,North,W01,0,11,11,0,5
2026-06-03,P029,North,W01,0,13,13,0,0
2026-06-04,P029,North,W01,0,22,19,3,0
2026-06-05,P029,North,W01,3,16,19,0,12
2026-06-06,P029,North,W01,0,11,11,0,5
2026-06-07,P029,North,W01,0,17,17,0,11
2026-06-08,P029,North,W01,0,12,12,0,6
2026-06-09,P029,North,W01,0,14,14,0,9
2026-06-10,P029,North,W01,0,18,18,0,13
2026-06-11,P029,North,W01,0,6,6,0,10
2026-06-12,P029,North,W01,0,11,11,0,9
2026-06-13,P029,North,W01,0,18,18,0,10
2026-06-14,P029,North,W01,0,15,15,0,0
2026-06-15,P029,North,W01,0,12,12,0,5
2026-06-16,P029,North,W01,0,17,17,0,0
2026-06-17,P029,North,W01,0,12,12,0,7
2026-06-18,P029,North,W01,0,11,11,0,8
2026-06-19,P029,North,W01,0,9,9,0,9
2026-06-20,P029,North,W01,0,10,10,0,9
2026-06-21,P029,North,W01,0,21,19,2,0
2026-06-22,P029,North,W01,2,20,22,0,0
2026-06-23,P029,North,W01,0,12,12,0,7
2026-06-24,P029,North,W01,0,12,12,0,10
2026-06-25,P029,North,W01,0,9,9,0,9
2026-06-26,P029,North,W01,0,8,8,0,10
2026-06-27,P029,North,W01,0,11,11,0,9
2026-06-28,P029,North,W01,0,14,14,0,11
2026-06-29,P029,North,W01,0,13,12,1,0
2026-06-30,P029,North,W01,1,15,16,0,13
2026-01-01,P029,South,W02,366,13,22,357,0
2026-01-02,P029,South,W02,357,20,19,358,0
2026-01-03,P029,South,W02,358,14,15,357,0
2026-01-04,P029,South,W02,357,10,20,347,0
2026-01-05,P029,South,W02,347,15,14,348,0
2026-01-06,P029,South,W02,348,12,18,342,0
2026-01-07,P029,South,W02,342,17,13,346,0
2026-01-08,P029,South,W02,346,14,21,339,0
2026-01-09,P029,South,W02,339,8,20,327,0
2026-01-10,P029,South,W02,327,15,27,315,0
2026-01-11,P029,South,W02,315,11,22,304,0
2026-01-12,P029,South,W02,304,14,16,302,0
2026-01-13,P029,South,W02,302,12,22,292,0
2026-01-14,P029,South,W02,292,13,22,283,0
2026-01-15,P029,South,W02,283,16,21,278,0
2026-01-16,P029,South,W02,278,15,15,278,0
2026-01-17,P029,South,W02,278,18,17,279,0
2026-01-18,P029,South,W02,279,19,19,279,0
2026-01-19,P029,South,W02,279,18,14,283,0
2026-01-20,P029,South,W02,283,17,19,281,0
2026-01-21,P029,South,W02,281,13,18,276,0
2026-01-22,P029,South,W02,276,12,16,272,0
2026-01-23,P029,South,W02,272,17,13,276,0
2026-01-24,P029,South,W02,276,15,18,273,0
2026-01-25,P029,South,W02,273,21,16,278,0
2026-01-26,P029,South,W02,278,13,22,269,0
2026-01-27,P029,South,W02,269,14,24,259,0
2026-01-28,P029,South,W02,259,18,18,259,0
2026-01-29,P029,South,W02,259,17,19,257,0
2026-01-30,P029,South,W02,257,15,19,253,0
2026-01-31,P029,South,W02,253,20,28,245,0
2026-02-01,P029,South,W02,245,15,10,250,0
2026-02-02,P029,South,W02,250,17,29,238,0
2026-02-03,P029,South,W02,238,6,23,221,0
2026-02-04,P029,South,W02,221,11,18,214,0
2026-02-05,P029,South,W02,214,15,22,207,0
2026-02-06,P029,South,W02,207,14,19,202,0
2026-02-07,P029,South,W02,202,15,16,201,0
2026-02-08,P029,South,W02,201,11,12,200,0
2026-02-09,P029,South,W02,200,23,13,210,0
2026-02-10,P029,South,W02,210,15,12,213,0
2026-02-11,P029,South,W02,213,13,24,202,0
2026-02-12,P029,South,W02,202,16,18,200,0
2026-02-13,P029,South,W02,200,15,8,207,0
2026-02-14,P029,South,W02,207,11,17,201,0
2026-02-15,P029,South,W02,201,14,18,197,0
2026-02-16,P029,South,W02,197,12,13,196,0
2026-02-17,P029,South,W02,196,16,8,204,0
2026-02-18,P029,South,W02,204,12,13,203,0
2026-02-19,P029,South,W02,203,21,17,207,0
2026-02-20,P029,South,W02,207,4,21,190,0
2026-02-21,P029,South,W02,190,2,22,170,0
2026-02-22,P029,South,W02,170,4,22,152,0
2026-02-23,P029,South,W02,152,1,17,136,0
2026-02-24,P029,South,W02,136,4,19,121,0
2026-02-25,P029,South,W02,121,1,16,106,0
2026-02-26,P029,South,W02,106,4,11,99,0
2026-02-27,P029,South,W02,99,3,21,81,0
2026-02-28,P029,South,W02,81,1,21,61,0
2026-03-01,P029,South,W02,61,15,24,52,0
2026-03-02,P029,South,W02,52,19,18,53,0
2026-03-03,P029,South,W02,53,11,15,49,0
2026-03-04,P029,South,W02,49,17,26,40,0
2026-03-05,P029,South,W02,40,18,16,42,0
2026-03-06,P029,South,W02,42,17,19,40,0
2026-03-07,P029,South,W02,40,11,28,23,0
2026-03-08,P029,South,W02,23,15,19,19,0
2026-03-09,P029,South,W02,19,18,17,20,0
2026-03-10,P029,South,W02,20,22,23,19,0
2026-03-11,P029,South,W02,19,15,20,14,0
2026-03-12,P029,South,W02,14,15,13,16,0
2026-03-13,P029,South,W02,16,16,19,13,0
2026-03-14,P029,South,W02,13,22,19,16,0
2026-03-15,P029,South,W02,16,19,21,14,0
2026-03-16,P029,South,W02,14,15,24,5,0
2026-03-17,P029,South,W02,5,16,21,0,0
2026-03-18,P029,South,W02,0,9,9,0,8
2026-03-19,P029,South,W02,0,21,21,0,0
2026-03-20,P029,South,W02,0,13,13,0,10
2026-03-21,P029,South,W02,0,18,18,0,15
2026-03-22,P029,South,W02,0,15,15,0,10
2026-03-23,P029,South,W02,0,12,12,0,12
2026-03-24,P029,South,W02,0,18,16,2,0
2026-03-25,P029,South,W02,2,14,15,1,0
2026-03-26,P029,South,W02,1,14,15,0,6
2026-03-27,P029,South,W02,0,12,12,0,5
2026-03-28,P029,South,W02,0,8,8,0,6
2026-03-29,P029,South,W02,0,12,12,0,15
2026-03-30,P029,South,W02,0,14,14,0,13
2026-03-31,P029,South,W02,0,14,14,0,13
2026-04-01,P029,South,W02,0,19,12,7,0
2026-04-02,P029,South,W02,7,10,14,3,0
2026-04-03,P029,South,W02,3,13,16,0,0
2026-04-04,P029,South,W02,0,9,9,0,12
2026-04-05,P029,South,W02,0,8,8,0,11
2026-04-06,P029,South,W02,0,16,16,0,10
2026-04-07,P029,South,W02,0,16,16,0,9
2026-04-08,P029,South,W02,0,13,13,0,12
2026-04-09,P029,South,W02,0,12,12,0,0
2026-04-10,P029,South,W02,0,19,19,0,10
2026-04-11,P029,South,W02,0,16,16,0,10
2026-04-12,P029,South,W02,0,13,13,0,4
2026-04-13,P029,South,W02,0,14,14,0,7
2026-04-14,P029,South,W02,0,14,14,0,11
2026-04-15,P029,South,W02,0,15,12,3,0
2026-04-16,P029,South,W02,3,14,11,6,0
2026-04-17,P029,South,W02,6,19,21,4,0
2026-04-18,P029,South,W02,4,17,17,4,0
2026-04-19,P029,South,W02,4,13,16,1,0
2026-04-20,P029,South,W02,1,20,21,0,4
2026-04-21,P029,South,W02,0,12,12,0,4
2026-04-22,P029,South,W02,0,16,16,0,12
2026-04-23,P029,South,W02,0,16,16,0,15
2026-04-24,P029,South,W02,0,20,18,2,0
2026-04-25,P029,South,W02,2,22,13,11,0
2026-04-26,P029,South,W02,11,15,12,14,0
2026-04-27,P029,South,W02,14,19,12,21,0
2026-04-28,P029,South,W02,21,9,8,22,0
2026-04-29,P029,South,W02,22,20,18,24,0
2026-04-30,P029,South,W02,24,21,21,24,0
2026-05-01,P029,South,W02,24,12,18,18,0
2026-05-02,P029,South,W02,18,19,21,16,0
2026-05-03,P029,South,W02,16,13,21,8,0
2026-05-04,P029,South,W02,8,8,16,0,7
2026-05-05,P029,South,W02,0,14,14,0,14
2026-05-06,P029,South,W02,0,12,12,0,7
2026-05-07,P029,South,W02,0,15,15,0,5
2026-05-08,P029,South,W02,0,13,13,0,10
2026-05-09,P029,South,W02,0,12,12,0,5
2026-05-10,P029,South,W02,0,13,13,0,5
2026-05-11,P029,South,W02,0,15,15,0,7
2026-05-12,P029,South,W02,0,14,14,0,8
2026-05-13,P029,South,W02,0,15,15,0,11
2026-05-14,P029,South,W02,0,21,15,6,0
2026-05-15,P029,South,W02,6,22,11,17,0
2026-05-16,P029,South,W02,17,14,19,12,0
2026-05-17,P029,South,W02,12,12,12,12,0
2026-05-18,P029,South,W02,12,14,20,6,0
2026-05-19,P029,South,W02,6,15,19,2,0
2026-05-20,P029,South,W02,2,7,9,0,11
2026-05-21,P029,South,W02,0,7,7,0,15
2026-05-22,P029,South,W02,0,18,18,0,11
2026-05-23,P029,South,W02,0,11,11,0,4
2026-05-24,P029,South,W02,0,12,12,0,5
2026-05-25,P029,South,W02,0,13,13,0,12
2026-05-26,P029,South,W02,0,21,21,0,5
2026-05-27,P029,South,W02,0,13,13,0,8
2026-05-28,P029,South,W02,0,14,14,0,4
2026-05-29,P029,South,W02,0,19,19,0,8
2026-05-30,P029,South,W02,0,12,12,0,15
2026-05-31,P029,South,W02,0,15,15,0,7
2026-06-01,P029,South,W02,0,17,17,0,15
2026-06-02,P029,South,W02,0,16,16,0,12
2026-06-03,P029,South,W02,0,12,12,0,5
2026-06-04,P029,South,W02,0,17,17,0,6
2026-06-05,P029,South,W02,0,18,18,0,12
2026-06-06,P029,South,W02,0,21,16,5,0
2026-06-07,P029,South,W02,5,10,15,0,9
2026-06-08,P029,South,W02,0,16,16,0,14
2026-06-09,P029,South,W02,0,13,11,2,0
2026-06-10,P029,South,W02,2,27,21,8,0
2026-06-11,P029,South,W02,8,12,19,1,0
2026-06-12,P029,South,W02,1,10,11,0,14
2026-06-13,P029,South,W02,0,23,22,1,0
2026-06-14,P029,South,W02,1,23,18,6,0
2026-06-15,P029,South,W02,6,9,15,0,8
2026-06-16,P029,South,W02,0,23,18,5,0
2026-06-17,P029,South,W02,5,11,16,0,6
2026-06-18,P029,South,W02,0,14,14,0,14
2026-06-19,P029,South,W02,0,19,19,0,4
2026-06-20,P029,South,W02,0,16,16,0,8
2026-06-21,P029,South,W02,0,12,12,0,9
2026-06-22,P029,South,W02,0,17,17,0,11
2026-06-23,P029,South,W02,0,18,18,0,4
2026-06-24,P029,South,W02,0,19,19,0,4
2026-06-25,P029,South,W02,0,13,13,0,12
2026-06-26,P029,South,W02,0,15,15,0,13
2026-06-27,P029,South,W02,0,16,14,2,0
2026-06-28,P029,South,W02,2,12,14,0,15
2026-06-29,P029,South,W02,0,22,19,3,0
2026-06-30,P029,South,W02,3,15,18,0,0
2026-01-01,P029,East,W03,407,20,15,412,0
2026-01-02,P029,East,W03,412,16,13,415,0
2026-01-03,P029,East,W03,415,20,20,415,0
2026-01-04,P029,East,W03,415,15,22,408,0
2026-01-05,P029,East,W03,408,13,17,404,0
2026-01-06,P029,East,W03,404,14,26,392,0
2026-01-07,P029,East,W03,392,18,17,393,0
2026-01-08,P029,East,W03,393,16,24,385,0
2026-01-09,P029,East,W03,385,14,13,386,0
2026-01-10,P029,East,W03,386,13,19,380,0
2026-01-11,P029,East,W03,380,12,13,379,0
2026-01-12,P029,East,W03,379,13,22,370,0
2026-01-13,P029,East,W03,370,14,24,360,0
2026-01-14,P029,East,W03,360,20,21,359,0
2026-01-15,P029,East,W03,359,20,11,368,0
2026-01-16,P029,East,W03,368,18,21,365,0
2026-01-17,P029,East,W03,365,10,5,370,0
2026-01-18,P029,East,W03,370,19,17,372,0
2026-01-19,P029,East,W03,372,11,24,359,0
2026-01-20,P029,East,W03,359,5,29,335,0
2026-01-21,P029,East,W03,335,13,15,333,0
2026-01-22,P029,East,W03,333,8,13,328,0
2026-01-23,P029,East,W03,328,16,17,327,0
2026-01-24,P029,East,W03,327,12,18,321,0
2026-01-25,P029,East,W03,321,19,18,322,0
2026-01-26,P029,East,W03,322,5,16,311,0
2026-01-27,P029,East,W03,311,17,20,308,0
2026-01-28,P029,East,W03,308,19,11,316,0
2026-01-29,P029,East,W03,316,13,24,305,0
2026-01-30,P029,East,W03,305,16,11,310,0
2026-01-31,P029,East,W03,310,14,23,301,0
2026-02-01,P029,East,W03,301,19,23,297,0
2026-02-02,P029,East,W03,297,17,22,292,0
2026-02-03,P029,East,W03,292,17,18,291,0
2026-02-04,P029,East,W03,291,17,18,290,0
2026-02-05,P029,East,W03,290,15,13,292,0
2026-02-06,P029,East,W03,292,17,22,287,0
2026-02-07,P029,East,W03,287,16,19,284,0
2026-02-08,P029,East,W03,284,17,14,287,0
2026-02-09,P029,East,W03,287,18,12,293,0
2026-02-10,P029,East,W03,293,15,19,289,0
2026-02-11,P029,East,W03,289,23,14,298,0
2026-02-12,P029,East,W03,298,19,17,300,0
2026-02-13,P029,East,W03,300,11,19,292,0
2026-02-14,P029,East,W03,292,15,17,290,0
2026-02-15,P029,East,W03,290,16,18,288,0
2026-02-16,P029,East,W03,288,16,23,281,0
2026-02-17,P029,East,W03,281,16,17,280,0
2026-02-18,P029,East,W03,280,13,16,277,0
2026-02-19,P029,East,W03,277,12,28,261,0
2026-02-20,P029,East,W03,261,4,15,250,0
2026-02-21,P029,East,W03,250,4,21,233,0
2026-02-22,P029,East,W03,233,1,17,217,0
2026-02-23,P029,East,W03,217,4,17,204,0
2026-02-24,P029,East,W03,204,3,20,187,0
2026-02-25,P029,East,W03,187,4,18,173,0
2026-02-26,P029,East,W03,173,2,22,153,0
2026-02-27,P029,East,W03,153,2,15,140,0
2026-02-28,P029,East,W03,140,2,19,123,0
2026-03-01,P029,East,W03,123,10,17,116,0
2026-03-02,P029,East,W03,116,15,17,114,0
2026-03-03,P029,East,W03,114,23,17,120,0
2026-03-04,P029,East,W03,120,20,20,120,0
2026-03-05,P029,East,W03,120,14,17,117,0
2026-03-06,P029,East,W03,117,13,22,108,0
2026-03-07,P029,East,W03,108,16,13,111,0
2026-03-08,P029,East,W03,111,8,17,102,0
2026-03-09,P029,East,W03,102,18,20,100,0
2026-03-10,P029,East,W03,100,17,11,106,0
2026-03-11,P029,East,W03,106,21,19,108,0
2026-03-12,P029,East,W03,108,14,22,100,0
2026-03-13,P029,East,W03,100,17,18,99,0
2026-03-14,P029,East,W03,99,18,16,101,0
2026-03-15,P029,East,W03,101,18,20,99,0
2026-03-16,P029,East,W03,99,19,24,94,0
2026-03-17,P029,East,W03,94,20,19,95,0
2026-03-18,P029,East,W03,95,15,13,97,0
2026-03-19,P029,East,W03,97,16,15,98,0
2026-03-20,P029,East,W03,98,17,18,97,0
2026-03-21,P029,East,W03,97,14,18,93,0
2026-03-22,P029,East,W03,93,18,11,100,0
2026-03-23,P029,East,W03,100,18,18,100,0
2026-03-24,P029,East,W03,100,18,18,100,0
2026-03-25,P029,East,W03,100,12,19,93,0
2026-03-26,P029,East,W03,93,21,15,99,0
2026-03-27,P029,East,W03,99,18,15,102,0
2026-03-28,P029,East,W03,102,21,13,110,0
2026-03-29,P029,East,W03,110,18,21,107,0
2026-03-30,P029,East,W03,107,20,17,110,0
2026-03-31,P029,East,W03,110,17,16,111,0
2026-04-01,P029,East,W03,111,16,13,114,0
2026-04-02,P029,East,W03,114,15,16,113,0
2026-04-03,P029,East,W03,113,9,23,99,0
2026-04-04,P029,East,W03,99,19,13,105,0
2026-04-05,P029,East,W03,105,21,15,111,0
2026-04-06,P029,East,W03,111,11,9,113,0
2026-04-07,P029,East,W03,113,15,12,116,0
2026-04-08,P029,East,W03,116,11,22,105,0
2026-04-09,P029,East,W03,105,8,11,102,0
2026-04-10,P029,East,W03,102,13,10,105,0
2026-04-11,P029,East,W03,105,7,16,96,0
2026-04-12,P029,East,W03,96,18,21,93,0
2026-04-13,P029,East,W03,93,19,12,100,0
2026-04-14,P029,East,W03,100,17,16,101,0
2026-04-15,P029,East,W03,101,19,16,104,0
2026-04-16,P029,East,W03,104,15,19,100,0
2026-04-17,P029,East,W03,100,14,21,93,0
2026-04-18,P029,East,W03,93,21,17,97,0
2026-04-19,P029,East,W03,97,13,24,86,0
2026-04-20,P029,East,W03,86,14,28,72,0
2026-04-21,P029,East,W03,72,16,19,69,0
2026-04-22,P029,East,W03,69,12,15,66,0
2026-04-23,P029,East,W03,66,16,18,64,0
2026-04-24,P029,East,W03,64,17,21,60,0
2026-04-25,P029,East,W03,60,11,20,51,0
2026-04-26,P029,East,W03,51,11,12,50,0
2026-04-27,P029,East,W03,50,8,16,42,0
2026-04-28,P029,East,W03,42,16,17,41,0
2026-04-29,P029,East,W03,41,12,17,36,0
2026-04-30,P029,East,W03,36,13,11,38,0
2026-05-01,P029,East,W03,38,9,20,27,0
2026-05-02,P029,East,W03,27,12,22,17,0
2026-05-03,P029,East,W03,17,16,17,16,0
2026-05-04,P029,East,W03,16,15,20,11,0
2026-05-05,P029,East,W03,11,14,14,11,0
2026-05-06,P029,East,W03,11,9,20,0,4
2026-05-07,P029,East,W03,0,13,13,0,5
2026-05-08,P029,East,W03,0,20,9,11,0
2026-05-09,P029,East,W03,11,22,10,23,0
2026-05-10,P029,East,W03,23,10,21,12,0
2026-05-11,P029,East,W03,12,15,18,9,0
2026-05-12,P029,East,W03,9,15,21,3,0
2026-05-13,P029,East,W03,3,15,18,0,0
2026-05-14,P029,East,W03,0,22,22,0,12
2026-05-15,P029,East,W03,0,10,10,0,13
2026-05-16,P029,East,W03,0,17,17,0,6
2026-05-17,P029,East,W03,0,13,13,0,4
2026-05-18,P029,East,W03,0,18,18,0,13
2026-05-19,P029,East,W03,0,13,13,0,6
2026-05-20,P029,East,W03,0,16,16,0,11
2026-05-21,P029,East,W03,0,15,15,0,11
2026-05-22,P029,East,W03,0,11,11,0,4
2026-05-23,P029,East,W03,0,19,10,9,0
2026-05-24,P029,East,W03,9,15,16,8,0
2026-05-25,P029,East,W03,8,25,27,6,0
2026-05-26,P029,East,W03,6,10,16,0,15
2026-05-27,P029,East,W03,0,14,14,0,15
2026-05-28,P029,East,W03,0,11,11,0,11
2026-05-29,P029,East,W03,0,17,17,0,6
2026-05-30,P029,East,W03,0,10,10,0,9
2026-05-31,P029,East,W03,0,14,12,2,0
2026-06-01,P029,East,W03,2,16,18,0,4
2026-06-02,P029,East,W03,0,9,9,0,6
2026-06-03,P029,East,W03,0,8,8,0,12
2026-06-04,P029,East,W03,0,19,19,0,4
2026-06-05,P029,East,W03,0,20,18,2,0
2026-06-06,P029,East,W03,2,7,9,0,14
2026-06-07,P029,East,W03,0,15,15,0,15
2026-06-08,P029,East,W03,0,8,8,0,14
2026-06-09,P029,East,W03,0,17,17,0,11
2026-06-10,P029,East,W03,0,15,15,0,5
2026-06-11,P029,East,W03,0,14,14,0,6
2026-06-12,P029,East,W03,0,16,16,0,9
2026-06-13,P029,East,W03,0,12,12,0,14
2026-06-14,P029,East,W03,0,12,12,0,8
2026-06-15,P029,East,W03,0,21,21,0,15
2026-06-16,P029,East,W03,0,17,17,0,14
2026-06-17,P029,East,W03,0,19,12,7,0
2026-06-18,P029,East,W03,7,13,19,1,0
2026-06-19,P029,East,W03,1,15,16,0,0
2026-06-20,P029,East,W03,0,24,14,10,0
2026-06-21,P029,East,W03,10,8,18,0,0
2026-06-22,P029,East,W03,0,21,20,1,0
2026-06-23,P029,East,W03,1,18,19,0,15
2026-06-24,P029,East,W03,0,7,7,0,15
2026-06-25,P029,East,W03,0,23,18,5,0
2026-06-26,P029,East,W03,5,12,16,1,0
2026-06-27,P029,East,W03,1,17,18,0,0
2026-06-28,P029,East,W03,0,15,15,0,13
2026-06-29,P029,East,W03,0,9,9,0,12
2026-06-30,P029,East,W03,0,19,19,0,11
2026-01-01,P029,West,W04,532,25,23,534,0
2026-01-02,P029,West,W04,534,13,15,532,0
2026-01-03,P029,West,W04,532,20,23,529,0
2026-01-04,P029,West,W04,529,20,18,531,0
2026-01-05,P029,West,W04,531,20,23,528,0
2026-01-06,P029,West,W04,528,10,23,515,0
2026-01-07,P029,West,W04,515,21,19,517,0
2026-01-08,P029,West,W04,517,11,19,509,0
2026-01-09,P029,West,W04,509,13,18,504,0
2026-01-10,P029,West,W04,504,20,17,507,0
2026-01-11,P029,West,W04,507,26,29,504,0
2026-01-12,P029,West,W04,504,14,19,499,0
2026-01-13,P029,West,W04,499,16,22,493,0
2026-01-14,P029,West,W04,493,13,18,488,0
2026-01-15,P029,West,W04,488,13,9,492,0
2026-01-16,P029,West,W04,492,15,18,489,0
2026-01-17,P029,West,W04,489,15,13,491,0
2026-01-18,P029,West,W04,491,12,14,489,0
2026-01-19,P029,West,W04,489,18,17,490,0
2026-01-20,P029,West,W04,490,11,21,480,0
2026-01-21,P029,West,W04,480,11,21,470,0
2026-01-22,P029,West,W04,470,17,12,475,0
2026-01-23,P029,West,W04,475,14,11,478,0
2026-01-24,P029,West,W04,478,12,17,473,0
2026-01-25,P029,West,W04,473,15,17,471,0
2026-01-26,P029,West,W04,471,13,19,465,0
2026-01-27,P029,West,W04,465,10,14,461,0
2026-01-28,P029,West,W04,461,18,17,462,0
2026-01-29,P029,West,W04,462,19,20,461,0
2026-01-30,P029,West,W04,461,11,19,453,0
2026-01-31,P029,West,W04,453,16,13,456,0
2026-02-01,P029,West,W04,456,12,15,453,0
2026-02-02,P029,West,W04,453,19,23,449,0
2026-02-03,P029,West,W04,449,14,17,446,0
2026-02-04,P029,West,W04,446,12,23,435,0
2026-02-05,P029,West,W04,435,17,21,431,0
2026-02-06,P029,West,W04,431,12,13,430,0
2026-02-07,P029,West,W04,430,14,19,425,0
2026-02-08,P029,West,W04,425,18,21,422,0
2026-02-09,P029,West,W04,422,18,19,421,0
2026-02-10,P029,West,W04,421,12,20,413,0
2026-02-11,P029,West,W04,413,18,15,416,0
2026-02-12,P029,West,W04,416,13,12,417,0
2026-02-13,P029,West,W04,417,15,20,412,0
2026-02-14,P029,West,W04,412,20,20,412,0
2026-02-15,P029,West,W04,412,17,17,412,0
2026-02-16,P029,West,W04,412,18,9,421,0
2026-02-17,P029,West,W04,421,14,20,415,0
2026-02-18,P029,West,W04,415,21,20,416,0
2026-02-19,P029,West,W04,416,9,26,399,0
2026-02-20,P029,West,W04,399,3,23,379,0
2026-02-21,P029,West,W04,379,4,20,363,0
2026-02-22,P029,West,W04,363,2,18,347,0
2026-02-23,P029,West,W04,347,8,20,335,0
2026-02-24,P029,West,W04,335,3,18,320,0
2026-02-25,P029,West,W04,320,4,17,307,0
2026-02-26,P029,West,W04,307,1,18,290,0
2026-02-27,P029,West,W04,290,2,17,275,0
2026-02-28,P029,West,W04,275,3,16,262,0
2026-03-01,P029,West,W04,262,17,17,262,0
2026-03-02,P029,West,W04,262,15,20,257,0
2026-03-03,P029,West,W04,257,13,23,247,0
2026-03-04,P029,West,W04,247,15,17,245,0
2026-03-05,P029,West,W04,245,11,15,241,0
2026-03-06,P029,West,W04,241,19,14,246,0
2026-03-07,P029,West,W04,246,6,23,229,0
2026-03-08,P029,West,W04,229,17,14,232,0
2026-03-09,P029,West,W04,232,11,24,219,0
2026-03-10,P029,West,W04,219,12,15,216,0
2026-03-11,P029,West,W04,216,14,14,216,0
2026-03-12,P029,West,W04,216,14,24,206,0
2026-03-13,P029,West,W04,206,18,21,203,0
2026-03-14,P029,West,W04,203,12,16,199,0
2026-03-15,P029,West,W04,199,14,19,194,0
2026-03-16,P029,West,W04,194,14,18,190,0
2026-03-17,P029,West,W04,190,15,20,185,0
2026-03-18,P029,West,W04,185,17,23,179,0
2026-03-19,P029,West,W04,179,12,16,175,0
2026-03-20,P029,West,W04,175,13,23,165,0
2026-03-21,P029,West,W04,165,12,19,158,0
2026-03-22,P029,West,W04,158,17,15,160,0
2026-03-23,P029,West,W04,160,9,18,151,0
2026-03-24,P029,West,W04,151,15,30,136,0
2026-03-25,P029,West,W04,136,20,14,142,0
2026-03-26,P029,West,W04,142,12,19,135,0
2026-03-27,P029,West,W04,135,20,16,139,0
2026-03-28,P029,West,W04,139,11,13,137,0
2026-03-29,P029,West,W04,137,15,16,136,0
2026-03-30,P029,West,W04,136,12,16,132,0
2026-03-31,P029,West,W04,132,16,16,132,0
2026-04-01,P029,West,W04,132,13,17,128,0
2026-04-02,P029,West,W04,128,20,17,131,0
2026-04-03,P029,West,W04,131,10,22,119,0
2026-04-04,P029,West,W04,119,13,18,114,0
2026-04-05,P029,West,W04,114,12,16,110,0
2026-04-06,P029,West,W04,110,11,12,109,0
2026-04-07,P029,West,W04,109,12,18,103,0
2026-04-08,P029,West,W04,103,17,21,99,0
2026-04-09,P029,West,W04,99,17,9,107,0
2026-04-10,P029,West,W04,107,19,16,110,0
2026-04-11,P029,West,W04,110,15,25,100,0
2026-04-12,P029,West,W04,100,17,27,90,0
2026-04-13,P029,West,W04,90,19,22,87,0
2026-04-14,P029,West,W04,87,20,14,93,0
2026-04-15,P029,West,W04,93,12,15,90,0
2026-04-16,P029,West,W04,90,15,16,89,0
2026-04-17,P029,West,W04,89,15,15,89,0
2026-04-18,P029,West,W04,89,15,20,84,0
2026-04-19,P029,West,W04,84,15,25,74,0
2026-04-20,P029,West,W04,74,18,17,75,0
2026-04-21,P029,West,W04,75,15,19,71,0
2026-04-22,P029,West,W04,71,14,17,68,0
2026-04-23,P029,West,W04,68,23,22,69,0
2026-04-24,P029,West,W04,69,13,25,57,0
2026-04-25,P029,West,W04,57,15,29,43,0
2026-04-26,P029,West,W04,43,19,16,46,0
2026-04-27,P029,West,W04,46,11,13,44,0
2026-04-28,P029,West,W04,44,21,16,49,0
2026-04-29,P029,West,W04,49,21,9,61,0
2026-04-30,P029,West,W04,61,15,19,57,0
2026-05-01,P029,West,W04,57,22,18,61,0
2026-05-02,P029,West,W04,61,13,19,55,0
2026-05-03,P029,West,W04,55,14,23,46,0
2026-05-04,P029,West,W04,46,12,21,37,0
2026-05-05,P029,West,W04,37,11,25,23,0
2026-05-06,P029,West,W04,23,16,19,20,0
2026-05-07,P029,West,W04,20,15,16,19,0
2026-05-08,P029,West,W04,19,17,15,21,0
2026-05-09,P029,West,W04,21,17,20,18,0
2026-05-10,P029,West,W04,18,11,9,20,0
2026-05-11,P029,West,W04,20,23,22,21,0
2026-05-12,P029,West,W04,21,12,21,12,0
2026-05-13,P029,West,W04,12,18,19,11,0
2026-05-14,P029,West,W04,11,9,20,0,6
2026-05-15,P029,West,W04,0,12,12,0,11
2026-05-16,P029,West,W04,0,14,14,0,7
2026-05-17,P029,West,W04,0,16,14,2,0
2026-05-18,P029,West,W04,2,14,16,0,0
2026-05-19,P029,West,W04,0,12,12,0,8
2026-05-20,P029,West,W04,0,12,12,0,14
2026-05-21,P029,West,W04,0,21,18,3,0
2026-05-22,P029,West,W04,3,16,19,0,15
2026-05-23,P029,West,W04,0,20,20,0,6
2026-05-24,P029,West,W04,0,13,13,0,4
2026-05-25,P029,West,W04,0,20,20,0,12
2026-05-26,P029,West,W04,0,11,11,0,9
2026-05-27,P029,West,W04,0,10,10,0,4
2026-05-28,P029,West,W04,0,19,19,0,13
2026-05-29,P029,West,W04,0,22,22,0,11
2026-05-30,P029,West,W04,0,22,19,3,0
2026-05-31,P029,West,W04,3,15,18,0,6
2026-06-01,P029,West,W04,0,25,20,5,0
2026-06-02,P029,West,W04,5,23,19,9,0
2026-06-03,P029,West,W04,9,16,25,0,13
2026-06-04,P029,West,W04,0,18,14,4,0
2026-06-05,P029,West,W04,4,16,20,0,14
2026-06-06,P029,West,W04,0,8,8,0,13
2026-06-07,P029,West,W04,0,8,8,0,10
2026-06-08,P029,West,W04,0,20,15,5,0
2026-06-09,P029,West,W04,5,18,22,1,0
2026-06-10,P029,West,W04,1,22,21,2,0
2026-06-11,P029,West,W04,2,19,16,5,0
2026-06-12,P029,West,W04,5,14,19,0,8
2026-06-13,P029,West,W04,0,15,15,0,10
2026-06-14,P029,West,W04,0,11,11,0,6
2026-06-15,P029,West,W04,0,17,17,0,5
2026-06-16,P029,West,W04,0,14,14,0,15
2026-06-17,P029,West,W04,0,10,10,0,15
2026-06-18,P029,West,W04,0,9,9,0,13
2026-06-19,P029,West,W04,0,21,20,1,0
2026-06-20,P029,West,W04,1,13,14,0,12
2026-06-21,P029,West,W04,0,10,10,0,4
2026-06-22,P029,West,W04,0,8,8,0,6
2026-06-23,P029,West,W04,0,15,15,0,7
2026-06-24,P029,West,W04,0,17,17,0,9
2026-06-25,P029,West,W04,0,13,13,0,13
2026-06-26,P029,West,W04,0,18,18,0,11
2026-06-27,P029,West,W04,0,18,12,6,0
2026-06-28,P029,West,W04,6,11,14,3,0
2026-06-29,P029,West,W04,3,15,13,5,0
2026-06-30,P029,West,W04,5,18,14,9,0
2026-01-01,P030,North,W01,278,17,22,273,0
2026-01-02,P030,North,W01,273,18,19,272,0
2026-01-03,P030,North,W01,272,18,20,270,0
2026-01-04,P030,North,W01,270,16,16,270,0
2026-01-05,P030,North,W01,270,13,20,263,0
2026-01-06,P030,North,W01,263,15,19,259,0
2026-01-07,P030,North,W01,259,24,25,258,0
2026-01-08,P030,North,W01,258,14,21,251,0
2026-01-09,P030,North,W01,251,23,13,261,0
2026-01-10,P030,North,W01,261,23,24,260,0
2026-01-11,P030,North,W01,260,19,9,270,0
2026-01-12,P030,North,W01,270,12,26,256,0
2026-01-13,P030,North,W01,256,19,13,262,0
2026-01-14,P030,North,W01,262,11,19,254,0
2026-01-15,P030,North,W01,254,13,15,252,0
2026-01-16,P030,North,W01,252,9,19,242,0
2026-01-17,P030,North,W01,242,19,20,241,0
2026-01-18,P030,North,W01,241,15,19,237,0
2026-01-19,P030,North,W01,237,16,16,237,0
2026-01-20,P030,North,W01,237,13,22,228,0
2026-01-21,P030,North,W01,228,20,18,230,0
2026-01-22,P030,North,W01,230,13,29,214,0
2026-01-23,P030,North,W01,214,13,25,202,0
2026-01-24,P030,North,W01,202,18,15,205,0
2026-01-25,P030,North,W01,205,12,13,204,0
2026-01-26,P030,North,W01,204,16,22,198,0
2026-01-27,P030,North,W01,198,10,24,184,0
2026-01-28,P030,North,W01,184,13,23,174,0
2026-01-29,P030,North,W01,174,21,19,176,0
2026-01-30,P030,North,W01,176,17,9,184,0
2026-01-31,P030,North,W01,184,10,29,165,0
2026-02-01,P030,North,W01,165,9,13,161,0
2026-02-02,P030,North,W01,161,16,14,163,0
2026-02-03,P030,North,W01,163,18,31,150,0
2026-02-04,P030,North,W01,150,22,14,158,0
2026-02-05,P030,North,W01,158,16,23,151,0
2026-02-06,P030,North,W01,151,19,26,144,0
2026-02-07,P030,North,W01,144,13,19,138,0
2026-02-08,P030,North,W01,138,14,12,140,0
2026-02-09,P030,North,W01,140,13,19,134,0
2026-02-10,P030,North,W01,134,15,19,130,0
2026-02-11,P030,North,W01,130,13,20,123,0
2026-02-12,P030,North,W01,123,13,21,115,0
2026-02-13,P030,North,W01,115,12,21,106,0
2026-02-14,P030,North,W01,106,20,18,108,0
2026-02-15,P030,North,W01,108,17,18,107,0
2026-02-16,P030,North,W01,107,14,14,107,0
2026-02-17,P030,North,W01,107,16,17,106,0
2026-02-18,P030,North,W01,106,17,13,110,0
2026-02-19,P030,North,W01,110,18,14,114,0
2026-02-20,P030,North,W01,114,3,19,98,0
2026-02-21,P030,North,W01,98,2,21,79,0
2026-02-22,P030,North,W01,79,2,17,64,0
2026-02-23,P030,North,W01,64,4,11,57,0
2026-02-24,P030,North,W01,57,1,12,46,0
2026-02-25,P030,North,W01,46,4,19,31,0
2026-02-26,P030,North,W01,31,2,14,19,0
2026-02-27,P030,North,W01,19,1,19,1,0
2026-02-28,P030,North,W01,1,2,3,0,11
2026-03-01,P030,North,W01,0,11,11,0,4
2026-03-02,P030,North,W01,0,15,15,0,8
2026-03-03,P030,North,W01,0,16,13,3,0
2026-03-04,P030,North,W01,3,20,19,4,0
2026-03-05,P030,North,W01,4,16,20,0,12
2026-03-06,P030,North,W01,0,18,18,0,11
2026-03-07,P030,North,W01,0,11,11,0,14
2026-03-08,P030,North,W01,0,17,15,2,0
2026-03-09,P030,North,W01,2,16,18,0,5
2026-03-10,P030,North,W01,0,16,16,0,10
2026-03-11,P030,North,W01,0,14,14,0,8
2026-03-12,P030,North,W01,0,14,14,0,13
2026-03-13,P030,North,W01,0,9,9,0,15
2026-03-14,P030,North,W01,0,13,13,0,15
2026-03-15,P030,North,W01,0,15,15,0,10
2026-03-16,P030,North,W01,0,11,11,0,4
2026-03-17,P030,North,W01,0,15,15,0,10
2026-03-18,P030,North,W01,0,16,15,1,0
2026-03-19,P030,North,W01,1,19,14,6,0
2026-03-20,P030,North,W01,6,14,20,0,0
2026-03-21,P030,North,W01,0,17,17,0,14
2026-03-22,P030,North,W01,0,14,14,0,8
2026-03-23,P030,North,W01,0,18,18,0,0
2026-03-24,P030,North,W01,0,14,12,2,0
2026-03-25,P030,North,W01,2,15,17,0,6
2026-03-26,P030,North,W01,0,7,7,0,6
2026-03-27,P030,North,W01,0,18,16,2,0
2026-03-28,P030,North,W01,2,15,14,3,0
2026-03-29,P030,North,W01,3,16,11,8,0
2026-03-30,P030,North,W01,8,14,18,4,0
2026-03-31,P030,North,W01,4,15,19,0,9
2026-04-01,P030,North,W01,0,12,12,0,10
2026-04-02,P030,North,W01,0,19,16,3,0
2026-04-03,P030,North,W01,3,10,13,0,4
2026-04-04,P030,North,W01,0,11,11,0,12
2026-04-05,P030,North,W01,0,15,15,0,6
2026-04-06,P030,North,W01,0,16,16,0,6
2026-04-07,P030,North,W01,0,15,14,1,0
2026-04-08,P030,North,W01,1,18,19,0,11
2026-04-09,P030,North,W01,0,17,17,0,13
2026-04-10,P030,North,W01,0,13,13,0,7
2026-04-11,P030,North,W01,0,24,23,1,0
2026-04-12,P030,North,W01,1,16,17,0,9
2026-04-13,P030,North,W01,0,20,19,1,0
2026-04-14,P030,North,W01,1,14,15,0,8
2026-04-15,P030,North,W01,0,11,11,0,11
2026-04-16,P030,North,W01,0,13,13,0,4
2026-04-17,P030,North,W01,0,17,17,0,11
2026-04-18,P030,North,W01,0,20,20,0,9
2026-04-19,P030,North,W01,0,17,14,3,0
2026-04-20,P030,North,W01,3,21,10,14,0
2026-04-21,P030,North,W01,14,12,20,6,0
2026-04-22,P030,North,W01,6,11,17,0,0
2026-04-23,P030,North,W01,0,7,7,0,15
2026-04-24,P030,North,W01,0,15,11,4,0
2026-04-25,P030,North,W01,4,21,17,8,0
2026-04-26,P030,North,W01,8,27,27,8,0
2026-04-27,P030,North,W01,8,17,10,15,0
2026-04-28,P030,North,W01,15,13,19,9,0
2026-04-29,P030,North,W01,9,15,18,6,0
2026-04-30,P030,North,W01,6,11,17,0,15
2026-05-01,P030,North,W01,0,10,10,0,13
2026-05-02,P030,North,W01,0,13,13,0,9
2026-05-03,P030,North,W01,0,13,13,0,8
2026-05-04,P030,North,W01,0,17,14,3,0
2026-05-05,P030,North,W01,3,16,19,0,11
2026-05-06,P030,North,W01,0,16,16,0,9
2026-05-07,P030,North,W01,0,11,11,0,14
2026-05-08,P030,North,W01,0,24,24,0,0
2026-05-09,P030,North,W01,0,21,19,2,0
2026-05-10,P030,North,W01,2,16,18,0,4
2026-05-11,P030,North,W01,0,12,12,0,12
2026-05-12,P030,North,W01,0,12,12,0,6
2026-05-13,P030,North,W01,0,19,16,3,0
2026-05-14,P030,North,W01,3,13,15,1,0
2026-05-15,P030,North,W01,1,13,14,0,5
2026-05-16,P030,North,W01,0,15,15,0,5
2026-05-17,P030,North,W01,0,19,19,0,15
2026-05-18,P030,North,W01,0,17,17,0,0
2026-05-19,P030,North,W01,0,17,17,0,8
2026-05-20,P030,North,W01,0,12,12,0,15
2026-05-21,P030,North,W01,0,11,11,0,8
2026-05-22,P030,North,W01,0,14,14,0,10
2026-05-23,P030,North,W01,0,17,17,0,4
2026-05-24,P030,North,W01,0,10,10,0,15
2026-05-25,P030,North,W01,0,4,4,0,6
2026-05-26,P030,North,W01,0,16,16,0,6
2026-05-27,P030,North,W01,0,13,13,0,11
2026-05-28,P030,North,W01,0,14,14,0,13
2026-05-29,P030,North,W01,0,15,15,0,15
2026-05-30,P030,North,W01,0,15,15,0,11
2026-05-31,P030,North,W01,0,17,17,0,4
2026-06-01,P030,North,W01,0,15,15,0,5
2026-06-02,P030,North,W01,0,18,18,0,7
2026-06-03,P030,North,W01,0,13,13,0,9
2026-06-04,P030,North,W01,0,15,15,0,4
2026-06-05,P030,North,W01,0,13,13,0,4
2026-06-06,P030,North,W01,0,8,8,0,7
2026-06-07,P030,North,W01,0,17,17,0,8
2026-06-08,P030,North,W01,0,9,9,0,12
2026-06-09,P030,North,W01,0,13,13,0,5
2026-06-10,P030,North,W01,0,18,18,0,8
2026-06-11,P030,North,W01,0,15,15,0,11
2026-06-12,P030,North,W01,0,13,13,0,6
2026-06-13,P030,North,W01,0,19,18,1,0
2026-06-14,P030,North,W01,1,20,18,3,0
2026-06-15,P030,North,W01,3,18,19,2,0
2026-06-16,P030,North,W01,2,19,19,2,0
2026-06-17,P030,North,W01,2,16,18,0,8
2026-06-18,P030,North,W01,0,13,13,0,8
2026-06-19,P030,North,W01,0,13,13,0,15
2026-06-20,P030,North,W01,0,18,18,0,8
2026-06-21,P030,North,W01,0,13,13,0,8
2026-06-22,P030,North,W01,0,15,13,2,0
2026-06-23,P030,North,W01,2,20,14,8,0
2026-06-24,P030,North,W01,8,7,15,0,10
2026-06-25,P030,North,W01,0,22,12,10,0
2026-06-26,P030,North,W01,10,8,18,0,11
2026-06-27,P030,North,W01,0,15,15,0,6
2026-06-28,P030,North,W01,0,17,17,0,7
2026-06-29,P030,North,W01,0,16,16,0,12
2026-06-30,P030,North,W01,0,11,11,0,11
2026-01-01,P030,South,W02,643,10,10,643,0
2026-01-02,P030,South,W02,643,16,11,648,0
2026-01-03,P030,South,W02,648,13,16,645,0
2026-01-04,P030,South,W02,645,15,20,640,0
2026-01-05,P030,South,W02,640,10,12,638,0
2026-01-06,P030,South,W02,638,11,13,636,0
2026-01-07,P030,South,W02,636,18,19,635,0
2026-01-08,P030,South,W02,635,11,21,625,0
2026-01-09,P030,South,W02,625,19,19,625,0
2026-01-10,P030,South,W02,625,16,13,628,0
2026-01-11,P030,South,W02,628,9,14,623,0
2026-01-12,P030,South,W02,623,9,16,616,0
2026-01-13,P030,South,W02,616,11,18,609,0
2026-01-14,P030,South,W02,609,8,26,591,0
2026-01-15,P030,South,W02,591,18,11,598,0
2026-01-16,P030,South,W02,598,22,15,605,0
2026-01-17,P030,South,W02,605,9,17,597,0
2026-01-18,P030,South,W02,597,9,23,583,0
2026-01-19,P030,South,W02,583,14,22,575,0
2026-01-20,P030,South,W02,575,15,11,579,0
2026-01-21,P030,South,W02,579,17,19,577,0
2026-01-22,P030,South,W02,577,16,22,571,0
2026-01-23,P030,South,W02,571,14,18,567,0
2026-01-24,P030,South,W02,567,16,24,559,0
2026-01-25,P030,South,W02,559,16,17,558,0
2026-01-26,P030,South,W02,558,10,19,549,0
2026-01-27,P030,South,W02,549,10,24,535,0
2026-01-28,P030,South,W02,535,15,11,539,0
2026-01-29,P030,South,W02,539,20,15,544,0
2026-01-30,P030,South,W02,544,15,23,536,0
2026-01-31,P030,South,W02,536,15,22,529,0
2026-02-01,P030,South,W02,529,18,14,533,0
2026-02-02,P030,South,W02,533,10,15,528,0
2026-02-03,P030,South,W02,528,10,17,521,0
2026-02-04,P030,South,W02,521,17,16,522,0
2026-02-05,P030,South,W02,522,17,13,526,0
2026-02-06,P030,South,W02,526,12,21,517,0
2026-02-07,P030,South,W02,517,14,20,511,0
2026-02-08,P030,South,W02,511,20,17,514,0
2026-02-09,P030,South,W02,514,11,19,506,0
2026-02-10,P030,South,W02,506,13,16,503,0
2026-02-11,P030,South,W02,503,13,16,500,0
2026-02-12,P030,South,W02,500,19,16,503,0
2026-02-13,P030,South,W02,503,9,16,496,0
2026-02-14,P030,South,W02,496,15,22,489,0
2026-02-15,P030,South,W02,489,12,20,481,0
2026-02-16,P030,South,W02,481,18,14,485,0
2026-02-17,P030,South,W02,485,20,15,490,0
2026-02-18,P030,South,W02,490,16,20,486,0
2026-02-19,P030,South,W02,486,16,18,484,0
2026-02-20,P030,South,W02,484,1,16,469,0
2026-02-21,P030,South,W02,469,6,21,454,0
2026-02-22,P030,South,W02,454,3,18,439,0
2026-02-23,P030,South,W02,439,5,16,428,0
2026-02-24,P030,South,W02,428,4,20,412,0
2026-02-25,P030,South,W02,412,4,20,396,0
2026-02-26,P030,South,W02,396,2,13,385,0
2026-02-27,P030,South,W02,385,2,13,374,0
2026-02-28,P030,South,W02,374,1,14,361,0
2026-03-01,P030,South,W02,361,20,19,362,0
2026-03-02,P030,South,W02,362,15,15,362,0
2026-03-03,P030,South,W02,362,16,17,361,0
2026-03-04,P030,South,W02,361,11,18,354,0
2026-03-05,P030,South,W02,354,19,15,358,0
2026-03-06,P030,South,W02,358,12,21,349,0
2026-03-07,P030,South,W02,349,8,21,336,0
2026-03-08,P030,South,W02,336,13,19,330,0
2026-03-09,P030,South,W02,330,18,22,326,0
2026-03-10,P030,South,W02,326,15,10,331,0
2026-03-11,P030,South,W02,331,11,19,323,0
2026-03-12,P030,South,W02,323,9,15,317,0
2026-03-13,P030,South,W02,317,23,14,326,0
2026-03-14,P030,South,W02,326,13,21,318,0
2026-03-15,P030,South,W02,318,14,16,316,0
2026-03-16,P030,South,W02,316,13,15,314,0
2026-03-17,P030,South,W02,314,15,16,313,0
2026-03-18,P030,South,W02,313,15,28,300,0
2026-03-19,P030,South,W02,300,16,18,298,0
2026-03-20,P030,South,W02,298,20,18,300,0
2026-03-21,P030,South,W02,300,15,24,291,0
2026-03-22,P030,South,W02,291,16,19,288,0
2026-03-23,P030,South,W02,288,18,22,284,0
2026-03-24,P030,South,W02,284,16,18,282,0
2026-03-25,P030,South,W02,282,11,22,271,0
2026-03-26,P030,South,W02,271,15,21,265,0
2026-03-27,P030,South,W02,265,17,18,264,0
2026-03-28,P030,South,W02,264,15,14,265,0
2026-03-29,P030,South,W02,265,14,16,263,0
2026-03-30,P030,South,W02,263,18,15,266,0
2026-03-31,P030,South,W02,266,20,23,263,0
2026-04-01,P030,South,W02,263,16,16,263,0
2026-04-02,P030,South,W02,263,13,18,258,0
2026-04-03,P030,South,W02,258,18,28,248,0
2026-04-04,P030,South,W02,248,11,21,238,0
2026-04-05,P030,South,W02,238,13,19,232,0
2026-04-06,P030,South,W02,232,10,18,224,0
2026-04-07,P030,South,W02,224,12,23,213,0
2026-04-08,P030,South,W02,213,12,17,208,0
2026-04-09,P030,South,W02,208,9,19,198,0
2026-04-10,P030,South,W02,198,16,20,194,0
2026-04-11,P030,South,W02,194,14,21,187,0
2026-04-12,P030,South,W02,187,14,18,183,0
2026-04-13,P030,South,W02,183,19,12,190,0
2026-04-14,P030,South,W02,190,15,16,189,0
2026-04-15,P030,South,W02,189,10,20,179,0
2026-04-16,P030,South,W02,179,23,11,191,0
2026-04-17,P030,South,W02,191,20,22,189,0
2026-04-18,P030,South,W02,189,16,11,194,0
2026-04-19,P030,South,W02,194,15,24,185,0
2026-04-20,P030,South,W02,185,13,17,181,0
2026-04-21,P030,South,W02,181,10,18,173,0
2026-04-22,P030,South,W02,173,17,19,171,0
2026-04-23,P030,South,W02,171,23,18,176,0
2026-04-24,P030,South,W02,176,20,12,184,0
2026-04-25,P030,South,W02,184,13,18,179,0
2026-04-26,P030,South,W02,179,14,7,186,0
2026-04-27,P030,South,W02,186,19,17,188,0
2026-04-28,P030,South,W02,188,14,10,192,0
2026-04-29,P030,South,W02,192,16,19,189,0
2026-04-30,P030,South,W02,189,16,8,197,0
2026-05-01,P030,South,W02,197,16,17,196,0
2026-05-02,P030,South,W02,196,20,18,198,0
2026-05-03,P030,South,W02,198,18,18,198,0
2026-05-04,P030,South,W02,198,15,22,191,0
2026-05-05,P030,South,W02,191,18,15,194,0
2026-05-06,P030,South,W02,194,18,21,191,0
2026-05-07,P030,South,W02,191,13,17,187,0
2026-05-08,P030,South,W02,187,13,24,176,0
2026-05-09,P030,South,W02,176,16,23,169,0
2026-05-10,P030,South,W02,169,19,21,167,0
2026-05-11,P030,South,W02,167,14,18,163,0
2026-05-12,P030,South,W02,163,18,16,165,0
2026-05-13,P030,South,W02,165,17,20,162,0
2026-05-14,P030,South,W02,162,19,24,157,0
2026-05-15,P030,South,W02,157,9,11,155,0
2026-05-16,P030,South,W02,155,14,26,143,0
2026-05-17,P030,South,W02,143,12,16,139,0
2026-05-18,P030,South,W02,139,8,19,128,0
2026-05-19,P030,South,W02,128,9,20,117,0
2026-05-20,P030,South,W02,117,20,16,121,0
2026-05-21,P030,South,W02,121,10,27,104,0
2026-05-22,P030,South,W02,104,10,26,88,0
2026-05-23,P030,South,W02,88,19,19,88,0
2026-05-24,P030,South,W02,88,21,23,86,0
2026-05-25,P030,South,W02,86,19,16,89,0
2026-05-26,P030,South,W02,89,19,14,94,0
2026-05-27,P030,South,W02,94,11,25,80,0
2026-05-28,P030,South,W02,80,17,19,78,0
2026-05-29,P030,South,W02,78,12,15,75,0
2026-05-30,P030,South,W02,75,10,24,61,0
2026-05-31,P030,South,W02,61,12,23,50,0
2026-06-01,P030,South,W02,50,14,21,43,0
2026-06-02,P030,South,W02,43,9,24,28,0
2026-06-03,P030,South,W02,28,16,20,24,0
2026-06-04,P030,South,W02,24,14,19,19,0
2026-06-05,P030,South,W02,19,12,19,12,0
2026-06-06,P030,South,W02,12,14,20,6,0
2026-06-07,P030,South,W02,6,18,13,11,0
2026-06-08,P030,South,W02,11,10,18,3,0
2026-06-09,P030,South,W02,3,16,18,1,0
2026-06-10,P030,South,W02,1,18,17,2,0
2026-06-11,P030,South,W02,2,14,16,0,10
2026-06-12,P030,South,W02,0,17,16,1,0
2026-06-13,P030,South,W02,1,19,11,9,0
2026-06-14,P030,South,W02,9,14,21,2,0
2026-06-15,P030,South,W02,2,12,14,0,9
2026-06-16,P030,South,W02,0,14,14,0,5
2026-06-17,P030,South,W02,0,12,12,0,4
2026-06-18,P030,South,W02,0,15,15,0,8
2026-06-19,P030,South,W02,0,16,16,0,7
2026-06-20,P030,South,W02,0,23,19,4,0
2026-06-21,P030,South,W02,4,13,17,0,8
2026-06-22,P030,South,W02,0,9,9,0,8
2026-06-23,P030,South,W02,0,13,13,0,8
2026-06-24,P030,South,W02,0,20,20,0,0
2026-06-25,P030,South,W02,0,15,15,0,4
2026-06-26,P030,South,W02,0,14,14,0,4
2026-06-27,P030,South,W02,0,17,12,5,0
2026-06-28,P030,South,W02,5,12,17,0,6
2026-06-29,P030,South,W02,0,16,16,0,14
2026-06-30,P030,South,W02,0,7,7,0,13
2026-01-01,P030,East,W03,475,10,22,463,0
2026-01-02,P030,East,W03,463,17,17,463,0
2026-01-03,P030,East,W03,463,25,17,471,0
2026-01-04,P030,East,W03,471,12,19,464,0
2026-01-05,P030,East,W03,464,15,20,459,0
2026-01-06,P030,East,W03,459,15,30,444,0
2026-01-07,P030,East,W03,444,15,24,435,0
2026-01-08,P030,East,W03,435,17,24,428,0
2026-01-09,P030,East,W03,428,22,20,430,0
2026-01-10,P030,East,W03,430,13,14,429,0
2026-01-11,P030,East,W03,429,9,14,424,0
2026-01-12,P030,East,W03,424,23,17,430,0
2026-01-13,P030,East,W03,430,19,25,424,0
2026-01-14,P030,East,W03,424,21,18,427,0
2026-01-15,P030,East,W03,427,13,16,424,0
2026-01-16,P030,East,W03,424,12,23,413,0
2026-01-17,P030,East,W03,413,15,15,413,0
2026-01-18,P030,East,W03,413,16,10,419,0
2026-01-19,P030,East,W03,419,24,20,423,0
2026-01-20,P030,East,W03,423,15,18,420,0
2026-01-21,P030,East,W03,420,17,24,413,0
2026-01-22,P030,East,W03,413,15,9,419,0
2026-01-23,P030,East,W03,419,14,19,414,0
2026-01-24,P030,East,W03,414,11,21,404,0
2026-01-25,P030,East,W03,404,20,18,406,0
2026-01-26,P030,East,W03,406,13,17,402,0
2026-01-27,P030,East,W03,402,13,15,400,0
2026-01-28,P030,East,W03,400,13,23,390,0
2026-01-29,P030,East,W03,390,20,14,396,0
2026-01-30,P030,East,W03,396,10,18,388,0
2026-01-31,P030,East,W03,388,13,16,385,0
2026-02-01,P030,East,W03,385,16,14,387,0
2026-02-02,P030,East,W03,387,17,11,393,0
2026-02-03,P030,East,W03,393,18,28,383,0
2026-02-04,P030,East,W03,383,18,25,376,0
2026-02-05,P030,East,W03,376,16,17,375,0
2026-02-06,P030,East,W03,375,12,29,358,0
2026-02-07,P030,East,W03,358,14,21,351,0
2026-02-08,P030,East,W03,351,20,24,347,0
2026-02-09,P030,East,W03,347,11,16,342,0
2026-02-10,P030,East,W03,342,13,24,331,0
2026-02-11,P030,East,W03,331,15,22,324,0
2026-02-12,P030,East,W03,324,17,18,323,0
2026-02-13,P030,East,W03,323,14,15,322,0
2026-02-14,P030,East,W03,322,8,10,320,0
2026-02-15,P030,East,W03,320,14,8,326,0
2026-02-16,P030,East,W03,326,13,16,323,0
2026-02-17,P030,East,W03,323,19,11,331,0
2026-02-18,P030,East,W03,331,11,19,323,0
2026-02-19,P030,East,W03,323,14,18,319,0
2026-02-20,P030,East,W03,319,2,20,301,0
2026-02-21,P030,East,W03,301,0,12,289,0
2026-02-22,P030,East,W03,289,3,12,280,0
2026-02-23,P030,East,W03,280,6,10,276,0
2026-02-24,P030,East,W03,276,3,20,259,0
2026-02-25,P030,East,W03,259,3,23,239,0
2026-02-26,P030,East,W03,239,2,16,225,0
2026-02-27,P030,East,W03,225,1,13,213,0
2026-02-28,P030,East,W03,213,7,10,210,0
2026-03-01,P030,East,W03,210,12,14,208,0
2026-03-02,P030,East,W03,208,20,20,208,0
2026-03-03,P030,East,W03,208,9,15,202,0
2026-03-04,P030,East,W03,202,14,22,194,0
2026-03-05,P030,East,W03,194,15,17,192,0
2026-03-06,P030,East,W03,192,14,11,195,0
2026-03-07,P030,East,W03,195,17,32,180,0
2026-03-08,P030,East,W03,180,10,23,167,0
2026-03-09,P030,East,W03,167,7,23,151,0
2026-03-10,P030,East,W03,151,15,14,152,0
2026-03-11,P030,East,W03,152,9,14,147,0
2026-03-12,P030,East,W03,147,23,18,152,0
2026-03-13,P030,East,W03,152,19,25,146,0
2026-03-14,P030,East,W03,146,19,19,146,0
2026-03-15,P030,East,W03,146,12,16,142,0
2026-03-16,P030,East,W03,142,14,24,132,0
2026-03-17,P030,East,W03,132,13,20,125,0
2026-03-18,P030,East,W03,125,17,23,119,0
2026-03-19,P030,East,W03,119,17,12,124,0
2026-03-20,P030,East,W03,124,17,17,124,0
2026-03-21,P030,East,W03,124,15,14,125,0
2026-03-22,P030,East,W03,125,14,8,131,0
2026-03-23,P030,East,W03,131,21,20,132,0
2026-03-24,P030,East,W03,132,15,15,132,0
2026-03-25,P030,East,W03,132,20,18,134,0
2026-03-26,P030,East,W03,134,13,26,121,0
2026-03-27,P030,East,W03,121,17,20,118,0
2026-03-28,P030,East,W03,118,12,11,119,0
2026-03-29,P030,East,W03,119,8,26,101,0
2026-03-30,P030,East,W03,101,17,27,91,0
2026-03-31,P030,East,W03,91,18,21,88,0
2026-04-01,P030,East,W03,88,19,18,89,0
2026-04-02,P030,East,W03,89,17,20,86,0
2026-04-03,P030,East,W03,86,19,15,90,0
2026-04-04,P030,East,W03,90,9,17,82,0
2026-04-05,P030,East,W03,82,16,21,77,0
2026-04-06,P030,East,W03,77,10,26,61,0
2026-04-07,P030,East,W03,61,9,9,61,0
2026-04-08,P030,East,W03,61,18,20,59,0
2026-04-09,P030,East,W03,59,19,17,61,0
2026-04-10,P030,East,W03,61,19,16,64,0
2026-04-11,P030,East,W03,64,19,15,68,0
2026-04-12,P030,East,W03,68,19,22,65,0
2026-04-13,P030,East,W03,65,13,22,56,0
2026-04-14,P030,East,W03,56,15,26,45,0
2026-04-15,P030,East,W03,45,17,20,42,0
2026-04-16,P030,East,W03,42,19,9,52,0
2026-04-17,P030,East,W03,52,14,18,48,0
2026-04-18,P030,East,W03,48,15,16,47,0
2026-04-19,P030,East,W03,47,17,16,48,0
2026-04-20,P030,East,W03,48,18,16,50,0
2026-04-21,P030,East,W03,50,11,19,42,0
2026-04-22,P030,East,W03,42,9,17,34,0
2026-04-23,P030,East,W03,34,8,23,19,0
2026-04-24,P030,East,W03,19,12,15,16,0
2026-04-25,P030,East,W03,16,15,17,14,0
2026-04-26,P030,East,W03,14,13,14,13,0
2026-04-27,P030,East,W03,13,18,21,10,0
2026-04-28,P030,East,W03,10,19,15,14,0
2026-04-29,P030,East,W03,14,16,16,14,0
2026-04-30,P030,East,W03,14,25,19,20,0
2026-05-01,P030,East,W03,20,5,19,6,0
2026-05-02,P030,East,W03,6,15,14,7,0
2026-05-03,P030,East,W03,7,24,25,6,0
2026-05-04,P030,East,W03,6,16,21,1,0
2026-05-05,P030,East,W03,1,15,16,0,12
2026-05-06,P030,East,W03,0,16,16,0,10
2026-05-07,P030,East,W03,0,15,13,2,0
2026-05-08,P030,East,W03,2,14,16,0,0
2026-05-09,P030,East,W03,0,18,15,3,0
2026-05-10,P030,East,W03,3,10,10,3,0
2026-05-11,P030,East,W03,3,19,22,0,13
2026-05-12,P030,East,W03,0,15,15,0,9
2026-05-13,P030,East,W03,0,15,15,0,15
2026-05-14,P030,East,W03,0,14,14,0,13
2026-05-15,P030,East,W03,0,14,14,0,14
2026-05-16,P030,East,W03,0,7,7,0,4
2026-05-17,P030,East,W03,0,14,14,0,6
2026-05-18,P030,East,W03,0,17,12,5,0
2026-05-19,P030,East,W03,5,17,22,0,0
2026-05-20,P030,East,W03,0,15,15,0,10
2026-05-21,P030,East,W03,0,22,22,0,10
2026-05-22,P030,East,W03,0,19,19,0,8
2026-05-23,P030,East,W03,0,16,14,2,0
2026-05-24,P030,East,W03,2,13,15,0,5
2026-05-25,P030,East,W03,0,8,8,0,6
2026-05-26,P030,East,W03,0,8,8,0,8
2026-05-27,P030,East,W03,0,15,15,0,9
2026-05-28,P030,East,W03,0,18,18,0,7
2026-05-29,P030,East,W03,0,13,13,0,5
2026-05-30,P030,East,W03,0,15,15,0,6
2026-05-31,P030,East,W03,0,10,10,0,14
2026-06-01,P030,East,W03,0,9,9,0,6
2026-06-02,P030,East,W03,0,16,14,2,0
2026-06-03,P030,East,W03,2,16,18,0,14
2026-06-04,P030,East,W03,0,11,11,0,12
2026-06-05,P030,East,W03,0,16,9,7,0
2026-06-06,P030,East,W03,7,13,20,0,4
2026-06-07,P030,East,W03,0,21,21,0,15
2026-06-08,P030,East,W03,0,26,20,6,0
2026-06-09,P030,East,W03,6,11,17,0,8
2026-06-10,P030,East,W03,0,16,16,0,12
2026-06-11,P030,East,W03,0,16,16,0,5
2026-06-12,P030,East,W03,0,18,18,0,13
2026-06-13,P030,East,W03,0,13,13,0,13
2026-06-14,P030,East,W03,0,13,13,0,5
2026-06-15,P030,East,W03,0,18,13,5,0
2026-06-16,P030,East,W03,5,25,15,15,0
2026-06-17,P030,East,W03,15,18,20,13,0
2026-06-18,P030,East,W03,13,10,23,0,0
2026-06-19,P030,East,W03,0,14,14,0,6
2026-06-20,P030,East,W03,0,20,20,0,5
2026-06-21,P030,East,W03,0,14,14,0,7
2026-06-22,P030,East,W03,0,11,11,0,9
2026-06-23,P030,East,W03,0,14,14,0,10
2026-06-24,P030,East,W03,0,13,13,0,0
2026-06-25,P030,East,W03,0,11,11,0,4
2026-06-26,P030,East,W03,0,15,15,0,13
2026-06-27,P030,East,W03,0,9,9,0,8
2026-06-28,P030,East,W03,0,15,15,0,7
2026-06-29,P030,East,W03,0,12,12,0,11
2026-06-30,P030,East,W03,0,16,14,2,0
2026-01-01,P030,West,W04,562,13,18,557,0
2026-01-02,P030,West,W04,557,16,12,561,0
2026-01-03,P030,West,W04,561,20,21,560,0
2026-01-04,P030,West,W04,560,15,16,559,0
2026-01-05,P030,West,W04,559,16,13,562,0
2026-01-06,P030,West,W04,562,17,10,569,0
2026-01-07,P030,West,W04,569,17,12,574,0
2026-01-08,P030,West,W04,574,25,21,578,0
2026-01-09,P030,West,W04,578,16,17,577,0
2026-01-10,P030,West,W04,577,12,20,569,0
2026-01-11,P030,West,W04,569,14,23,560,0
2026-01-12,P030,West,W04,560,16,23,553,0
2026-01-13,P030,West,W04,553,7,16,544,0
2026-01-14,P030,West,W04,544,12,15,541,0
2026-01-15,P030,West,W04,541,14,16,539,0
2026-01-16,P030,West,W04,539,14,17,536,0
2026-01-17,P030,West,W04,536,14,18,532,0
2026-01-18,P030,West,W04,532,12,23,521,0
2026-01-19,P030,West,W04,521,17,16,522,0
2026-01-20,P030,West,W04,522,17,16,523,0
2026-01-21,P030,West,W04,523,13,14,522,0
2026-01-22,P030,West,W04,522,12,21,513,0
2026-01-23,P030,West,W04,513,7,16,504,0
2026-01-24,P030,West,W04,504,19,18,505,0
2026-01-25,P030,West,W04,505,16,21,500,0
2026-01-26,P030,West,W04,500,19,24,495,0
2026-01-27,P030,West,W04,495,14,23,486,0
2026-01-28,P030,West,W04,486,13,13,486,0
2026-01-29,P030,West,W04,486,20,13,493,0
2026-01-30,P030,West,W04,493,13,10,496,0
2026-01-31,P030,West,W04,496,11,12,495,0
2026-02-01,P030,West,W04,495,12,21,486,0
2026-02-02,P030,West,W04,486,10,14,482,0
2026-02-03,P030,West,W04,482,17,23,476,0
2026-02-04,P030,West,W04,476,15,21,470,0
2026-02-05,P030,West,W04,470,22,30,462,0
2026-02-06,P030,West,W04,462,17,12,467,0
2026-02-07,P030,West,W04,467,18,13,472,0
2026-02-08,P030,West,W04,472,18,17,473,0
2026-02-09,P030,West,W04,473,17,20,470,0
2026-02-10,P030,West,W04,470,19,13,476,0
2026-02-11,P030,West,W04,476,8,21,463,0
2026-02-12,P030,West,W04,463,16,16,463,0
2026-02-13,P030,West,W04,463,8,15,456,0
2026-02-14,P030,West,W04,456,14,25,445,0
2026-02-15,P030,West,W04,445,6,21,430,0
2026-02-16,P030,West,W04,430,17,15,432,0
2026-02-17,P030,West,W04,432,18,15,435,0
2026-02-18,P030,West,W04,435,10,16,429,0
2026-02-19,P030,West,W04,429,15,24,420,0
2026-02-20,P030,West,W04,420,4,19,405,0
2026-02-21,P030,West,W04,405,3,18,390,0
2026-02-22,P030,West,W04,390,2,16,376,0
2026-02-23,P030,West,W04,376,3,19,360,0
2026-02-24,P030,West,W04,360,3,10,353,0
2026-02-25,P030,West,W04,353,2,14,341,0
2026-02-26,P030,West,W04,341,6,15,332,0
2026-02-27,P030,West,W04,332,4,20,316,0
2026-02-28,P030,West,W04,316,1,20,297,0
2026-03-01,P030,West,W04,297,8,15,290,0
2026-03-02,P030,West,W04,290,7,21,276,0
2026-03-03,P030,West,W04,276,28,21,283,0
2026-03-04,P030,West,W04,283,14,15,282,0
2026-03-05,P030,West,W04,282,14,11,285,0
2026-03-06,P030,West,W04,285,17,20,282,0
2026-03-07,P030,West,W04,282,7,15,274,0
2026-03-08,P030,West,W04,274,8,17,265,0
2026-03-09,P030,West,W04,265,18,10,273,0
2026-03-10,P030,West,W04,273,16,13,276,0
2026-03-11,P030,West,W04,276,16,16,276,0
2026-03-12,P030,West,W04,276,17,17,276,0
2026-03-13,P030,West,W04,276,19,17,278,0
2026-03-14,P030,West,W04,278,15,21,272,0
2026-03-15,P030,West,W04,272,14,24,262,0
2026-03-16,P030,West,W04,262,14,12,264,0
2026-03-17,P030,West,W04,264,15,18,261,0
2026-03-18,P030,West,W04,261,12,17,256,0
2026-03-19,P030,West,W04,256,21,16,261,0
2026-03-20,P030,West,W04,261,21,27,255,0
2026-03-21,P030,West,W04,255,18,16,257,0
2026-03-22,P030,West,W04,257,21,19,259,0
2026-03-23,P030,West,W04,259,16,21,254,0
2026-03-24,P030,West,W04,254,15,31,238,0
2026-03-25,P030,West,W04,238,20,24,234,0
2026-03-26,P030,West,W04,234,17,22,229,0
2026-03-27,P030,West,W04,229,17,16,230,0
2026-03-28,P030,West,W04,230,9,25,214,0
2026-03-29,P030,West,W04,214,22,23,213,0
2026-03-30,P030,West,W04,213,19,22,210,0
2026-03-31,P030,West,W04,210,16,24,202,0
2026-04-01,P030,West,W04,202,12,22,192,0
2026-04-02,P030,West,W04,192,21,12,201,0
2026-04-03,P030,West,W04,201,18,11,208,0
2026-04-04,P030,West,W04,208,11,18,201,0
2026-04-05,P030,West,W04,201,19,18,202,0
2026-04-06,P030,West,W04,202,14,22,194,0
2026-04-07,P030,West,W04,194,11,22,183,0
2026-04-08,P030,West,W04,183,23,18,188,0
2026-04-09,P030,West,W04,188,13,19,182,0
2026-04-10,P030,West,W04,182,13,14,181,0
2026-04-11,P030,West,W04,181,11,14,178,0
2026-04-12,P030,West,W04,178,13,19,172,0
2026-04-13,P030,West,W04,172,11,22,161,0
2026-04-14,P030,West,W04,161,16,15,162,0
2026-04-15,P030,West,W04,162,9,24,147,0
2026-04-16,P030,West,W04,147,20,16,151,0
2026-04-17,P030,West,W04,151,9,24,136,0
2026-04-18,P030,West,W04,136,17,17,136,0
2026-04-19,P030,West,W04,136,15,22,129,0
2026-04-20,P030,West,W04,129,17,20,126,0
2026-04-21,P030,West,W04,126,11,15,122,0
2026-04-22,P030,West,W04,122,12,22,112,0
2026-04-23,P030,West,W04,112,18,14,116,0
2026-04-24,P030,West,W04,116,12,23,105,0
2026-04-25,P030,West,W04,105,20,12,113,0
2026-04-26,P030,West,W04,113,15,18,110,0
2026-04-27,P030,West,W04,110,15,25,100,0
2026-04-28,P030,West,W04,100,10,20,90,0
2026-04-29,P030,West,W04,90,15,18,87,0
2026-04-30,P030,West,W04,87,15,19,83,0
2026-05-01,P030,West,W04,83,17,15,85,0
2026-05-02,P030,West,W04,85,10,25,70,0
2026-05-03,P030,West,W04,70,19,16,73,0
2026-05-04,P030,West,W04,73,15,17,71,0
2026-05-05,P030,West,W04,71,11,25,57,0
2026-05-06,P030,West,W04,57,9,18,48,0
2026-05-07,P030,West,W04,48,17,25,40,0
2026-05-08,P030,West,W04,40,7,17,30,0
2026-05-09,P030,West,W04,30,13,17,26,0
2026-05-10,P030,West,W04,26,16,24,18,0
2026-05-11,P030,West,W04,18,16,22,12,0
2026-05-12,P030,West,W04,12,8,20,0,11
2026-05-13,P030,West,W04,0,15,15,0,11
2026-05-14,P030,West,W04,0,16,16,0,9
2026-05-15,P030,West,W04,0,17,17,0,10
2026-05-16,P030,West,W04,0,18,14,4,0
2026-05-17,P030,West,W04,4,17,18,3,0
2026-05-18,P030,West,W04,3,15,9,9,0
2026-05-19,P030,West,W04,9,14,23,0,14
2026-05-20,P030,West,W04,0,17,17,0,0
2026-05-21,P030,West,W04,0,13,13,0,14
2026-05-22,P030,West,W04,0,10,10,0,11
2026-05-23,P030,West,W04,0,21,21,0,13
2026-05-24,P030,West,W04,0,9,9,0,14
2026-05-25,P030,West,W04,0,19,19,0,10
2026-05-26,P030,West,W04,0,12,12,0,12
2026-05-27,P030,West,W04,0,18,18,0,4
2026-05-28,P030,West,W04,0,23,14,9,0
2026-05-29,P030,West,W04,9,16,17,8,0
2026-05-30,P030,West,W04,8,14,22,0,5
2026-05-31,P030,West,W04,0,13,13,0,12
2026-06-01,P030,West,W04,0,10,10,0,15
2026-06-02,P030,West,W04,0,7,7,0,8
2026-06-03,P030,West,W04,0,24,19,5,0
2026-06-04,P030,West,W04,5,15,20,0,4
2026-06-05,P030,West,W04,0,12,12,0,5
2026-06-06,P030,West,W04,0,11,11,0,7
2026-06-07,P030,West,W04,0,9,9,0,6
2026-06-08,P030,West,W04,0,17,17,0,13
2026-06-09,P030,West,W04,0,15,14,1,0
2026-06-10,P030,West,W04,1,16,17,0,10
2026-06-11,P030,West,W04,0,14,14,0,15
2026-06-12,P030,West,W04,0,17,17,0,4
2026-06-13,P030,West,W04,0,18,17,1,0
2026-06-14,P030,West,W04,1,12,13,0,6
2026-06-15,P030,West,W04,0,13,13,0,6
2026-06-16,P030,West,W04,0,20,20,0,13
2026-06-17,P030,West,W04,0,15,15,0,5
2026-06-18,P030,West,W04,0,13,13,0,10
2026-06-19,P030,West,W04,0,20,15,5,0
2026-06-20,P030,West,W04,5,17,20,2,0
2026-06-21,P030,West,W04,2,15,17,0,10
2026-06-22,P030,West,W04,0,19,19,0,15
2026-06-23,P030,West,W04,0,9,9,0,10
2026-06-24,P030,West,W04,0,10,10,0,11
2026-06-25,P030,West,W04,0,19,19,0,0
2026-06-26,P030,West,W04,0,23,23,0,8
2026-06-27,P030,West,W04,0,22,15,7,0
2026-06-28,P030,West,W04,7,10,12,5,0
2026-06-29,P030,West,W04,5,11,16,0,13
2026-06-30,P030,West,W04,0,16,16,0,7
