date,campaign_id,channel,campaign_type,region,impressions,clicks,spend,conversions
2026-01-01,C001,Search,Performance,North,1119423,39966,10350.7,2647
2026-01-01,C001,Search,Performance,South,1079892,31562,11166.54,2748
2026-01-01,C001,Search,Performance,East,843570,41726,11214.58,3474
2026-01-01,C001,Search,Performance,West,1328764,63964,12756.93,3707
2026-01-01,C002,Social,Performance,North,906370,39607,8275.53,2702
2026-01-01,C002,Social,Performance,South,676631,23228,8725.97,1579
2026-01-01,C002,Social,Performance,East,1078567,42243,9761.8,2525
2026-01-01,C002,Social,Performance,West,1067108,51032,10307.26,3952
2026-01-01,C003,Display,Awareness,North,621181,23496,6476.75,1316
2026-01-01,C003,Display,Awareness,South,602870,15640,7600.9,1258
2026-01-01,C003,Display,Awareness,East,730136,23713,6559.92,1693
2026-01-01,C003,Display,Awareness,West,560661,17864,5328.37,1037
2026-01-01,C004,Email,Retention,North,310423,15286,2767.0,1228
2026-01-01,C004,Email,Retention,South,313446,15393,2853.19,961
2026-01-01,C004,Email,Retention,East,325032,16863,3029.27,1141
2026-01-01,C004,Email,Retention,West,262434,8355,3305.13,602
2026-01-01,C005,Affiliate,Performance,North,348932,14069,4635.25,1008
2026-01-01,C005,Affiliate,Performance,South,387463,11079,4619.02,758
2026-01-01,C005,Affiliate,Performance,East,423988,19541,4428.0,1358
2026-01-01,C005,Affiliate,Performance,West,533549,28744,4685.55,1870
2026-01-02,C001,Search,Performance,North,855720,22339,9904.9,1773
2026-01-02,C001,Search,Performance,South,1138263,30214,11968.23,1998
2026-01-02,C001,Search,Performance,East,951077,37742,11771.37,3563
2026-01-02,C001,Search,Performance,West,1047296,47300,12367.37,4042
2026-01-02,C002,Social,Performance,North,873864,38423,9740.84,3086
2026-01-02,C002,Social,Performance,South,792437,21957,8217.66,1941
2026-01-02,C002,Social,Performance,East,624638,26688,8151.25,2191
2026-01-02,C002,Social,Performance,West,643479,25972,8504.49,1663
2026-01-02,C003,Display,Awareness,North,599907,21957,5844.91,2030
2026-01-02,C003,Display,Awareness,South,548632,19329,6815.24,1150
2026-01-02,C003,Display,Awareness,East,759302,31629,7050.89,2409
2026-01-02,C003,Display,Awareness,West,486640,13525,5747.22,1229
2026-01-02,C004,Email,Retention,North,272678,9673,3078.99,812
2026-01-02,C004,Email,Retention,South,359704,18565,3243.96,1600
2026-01-02,C004,Email,Retention,East,228328,11863,2802.77,940
2026-01-02,C004,Email,Retention,West,231416,6489,3070.49,529
2026-01-02,C005,Affiliate,Performance,North,548151,17391,5423.03,1451
2026-01-02,C005,Affiliate,Performance,South,398653,13857,4718.36,1175
2026-01-02,C005,Affiliate,Performance,East,501972,21107,4955.09,1239
2026-01-02,C005,Affiliate,Performance,West,420701,13864,4689.64,897
2026-01-03,C001,Search,Performance,North,1423419,62536,12860.46,5427
2026-01-03,C001,Search,Performance,South,1275341,53956,13409.76,4030
2026-01-03,C001,Search,Performance,East,1189707,30610,13796.77,2473
2026-01-03,C001,Search,Performance,West,976427,51959,11895.4,4840
2026-01-03,C002,Social,Performance,North,718766,37986,9505.2,2739
2026-01-03,C002,Social,Performance,South,1186605,63968,10439.38,5700
2026-01-03,C002,Social,Performance,East,973863,33605,8930.8,2076
2026-01-03,C002,Social,Performance,West,812578,43135,8353.67,3573
2026-01-03,C003,Display,Awareness,North,640047,35011,6426.16,2121
2026-01-03,C003,Display,Awareness,South,682457,35024,7128.75,2964
2026-01-03,C003,Display,Awareness,East,699217,23638,7823.0,2065
2026-01-03,C003,Display,Awareness,West,837771,42736,7800.15,3911
2026-01-03,C004,Email,Retention,North,364770,16231,3411.25,1348
2026-01-03,C004,Email,Retention,South,508823,26306,4762.85,1802
2026-01-03,C004,Email,Retention,East,294298,7674,2999.04,564
2026-01-03,C004,Email,Retention,West,305993,10280,3164.17,808
2026-01-03,C005,Affiliate,Performance,North,371259,15098,4635.97,1295
2026-01-03,C005,Affiliate,Performance,South,453216,19799,5419.12,1156
2026-01-03,C005,Affiliate,Performance,East,471744,20814,4882.2,1749
2026-01-03,C005,Affiliate,Performance,West,519244,21023,4553.42,1427
2026-01-04,C001,Search,Performance,North,1122747,30711,12130.09,1720
2026-01-04,C001,Search,Performance,South,1601932,80223,14113.21,6645
2026-01-04,C001,Search,Performance,East,933985,30361,11494.15,2336
2026-01-04,C001,Search,Performance,West,1298284,58170,12533.66,3850
2026-01-04,C002,Social,Performance,North,1103055,35774,12017.95,2476
2026-01-04,C002,Social,Performance,South,1134987,28864,10777.19,1721
2026-01-04,C002,Social,Performance,East,954808,26672,10161.11,1991
2026-01-04,C002,Social,Performance,West,986628,29792,10502.87,2155
2026-01-04,C003,Display,Awareness,North,829815,21873,8264.79,1530
2026-01-04,C003,Display,Awareness,South,608662,24403,6084.53,2178
2026-01-04,C003,Display,Awareness,East,495241,21925,6363.72,1229
2026-01-04,C003,Display,Awareness,West,723665,38503,7352.01,3003
2026-01-04,C004,Email,Retention,North,354361,14659,3796.86,1358
2026-01-04,C004,Email,Retention,South,258921,13939,2862.78,1271
2026-01-04,C004,Email,Retention,East,259413,8967,3332.33,796
2026-01-04,C004,Email,Retention,West,231163,11427,3044.4,757
2026-01-04,C005,Affiliate,Performance,North,504458,25890,5036.64,2185
2026-01-04,C005,Affiliate,Performance,South,485838,16256,4534.65,1009
2026-01-04,C005,Affiliate,Performance,East,600277,22437,5237.1,1567
2026-01-04,C005,Affiliate,Performance,West,547875,19298,5165.88,1779
2026-01-05,C001,Search,Performance,North,1233277,58748,11741.61,3473
2026-01-05,C001,Search,Performance,South,1488068,59757,13393.7,5262
2026-01-05,C001,Search,Performance,East,1163518,29466,12846.89,2687
2026-01-05,C001,Search,Performance,West,914983,31639,11633.4,2942
2026-01-05,C002,Social,Performance,North,911257,35040,9087.72,2338
2026-01-05,C002,Social,Performance,South,841967,38036,9551.9,3236
2026-01-05,C002,Social,Performance,East,753419,30010,9579.61,1719
2026-01-05,C002,Social,Performance,West,929434,35547,9583.66,3217
2026-01-05,C003,Display,Awareness,North,483105,23114,5984.98,1842
2026-01-05,C003,Display,Awareness,South,497541,13693,6294.42,1137
2026-01-05,C003,Display,Awareness,East,486112,26541,6200.92,1857
2026-01-05,C003,Display,Awareness,West,597574,29510,6652.6,2741
2026-01-05,C004,Email,Retention,North,296194,12366,2792.03,889
2026-01-05,C004,Email,Retention,South,326713,9257,2936.64,691
2026-01-05,C004,Email,Retention,East,231327,6607,2994.45,394
2026-01-05,C004,Email,Retention,West,294286,13943,2914.64,1092
2026-01-05,C005,Affiliate,Performance,North,384721,19643,4451.32,1256
2026-01-05,C005,Affiliate,Performance,South,531820,13489,4684.45,1265
2026-01-05,C005,Affiliate,Performance,East,358732,14928,4601.98,1399
2026-01-05,C005,Affiliate,Performance,West,432201,18965,4505.67,1570
2026-01-06,C001,Search,Performance,North,1464086,76183,14883.08,4328
2026-01-06,C001,Search,Performance,South,958422,51287,11113.63,4647
2026-01-06,C001,Search,Performance,East,1286063,39409,14937.68,2898
2026-01-06,C001,Search,Performance,West,986554,41938,11068.21,2436
2026-01-06,C002,Social,Performance,North,813771,40211,9312.9,3312
2026-01-06,C002,Social,Performance,South,884924,46306,10857.34,4070
2026-01-06,C002,Social,Performance,East,885769,45158,7886.89,2565
2026-01-06,C002,Social,Performance,West,822067,29836,10808.91,2608
2026-01-06,C003,Display,Awareness,North,623220,31325,5476.62,2773
2026-01-06,C003,Display,Awareness,South,697705,26125,7442.37,1722
2026-01-06,C003,Display,Awareness,East,687797,36689,6503.41,3264
2026-01-06,C003,Display,Awareness,West,554409,21353,6530.61,1284
2026-01-06,C004,Email,Retention,North,255492,11535,3036.31,919
2026-01-06,C004,Email,Retention,South,282126,8014,3158.37,656
2026-01-06,C004,Email,Retention,East,335646,16972,3503.38,1308
2026-01-06,C004,Email,Retention,West,295713,15169,3034.9,1079
2026-01-06,C005,Affiliate,Performance,North,495182,15543,4800.0,939
2026-01-06,C005,Affiliate,Performance,South,390003,13851,5160.02,1088
2026-01-06,C005,Affiliate,Performance,East,444424,15753,3997.83,1190
2026-01-06,C005,Affiliate,Performance,West,390275,14399,3669.86,1150
2026-01-07,C001,Search,Performance,North,944909,51403,10120.55,3840
2026-01-07,C001,Search,Performance,South,1051941,46287,11933.53,2990
2026-01-07,C001,Search,Performance,East,1024168,36224,12448.08,3291
2026-01-07,C001,Search,Performance,West,1026357,46213,10923.52,2860
2026-01-07,C002,Social,Performance,North,700572,19378,8535.2,1159
2026-01-07,C002,Social,Performance,South,776783,24227,8313.97,1685
2026-01-07,C002,Social,Performance,East,838768,41084,10953.92,3291
2026-01-07,C002,Social,Performance,West,706921,36199,9031.79,3324
2026-01-07,C003,Display,Awareness,North,689325,32706,6427.4,2040
2026-01-07,C003,Display,Awareness,South,530087,19143,6357.95,1423
2026-01-07,C003,Display,Awareness,East,522308,24770,5586.11,1398
2026-01-07,C003,Display,Awareness,West,634150,29424,7452.05,2671
2026-01-07,C004,Email,Retention,North,323620,12434,4081.65,948
2026-01-07,C004,Email,Retention,South,284198,9400,3355.4,658
2026-01-07,C004,Email,Retention,East,224384,11604,2812.17,913
2026-01-07,C004,Email,Retention,West,275073,13389,2692.47,1003
2026-01-07,C005,Affiliate,Performance,North,446573,21151,4534.95,1528
2026-01-07,C005,Affiliate,Performance,South,330717,11083,4128.64,770
2026-01-07,C005,Affiliate,Performance,East,440569,24053,4936.69,1905
2026-01-07,C005,Affiliate,Performance,West,460190,12909,5446.75,788
2026-01-08,C001,Search,Performance,North,927217,31110,11244.09,1926
2026-01-08,C001,Search,Performance,South,1267191,34729,11429.46,2638
2026-01-08,C001,Search,Performance,East,979926,36194,12328.98,3394
2026-01-08,C001,Search,Performance,West,1308851,64804,11939.87,4232
2026-01-08,C002,Social,Performance,North,1061434,44264,9462.31,3446
2026-01-08,C002,Social,Performance,South,703543,33829,8161.84,2113
2026-01-08,C002,Social,Performance,East,794708,25647,8338.63,1528
2026-01-08,C002,Social,Performance,West,747054,25145,7513.76,1967
2026-01-08,C003,Display,Awareness,North,621850,16513,6457.19,1130
2026-01-08,C003,Display,Awareness,South,462859,12451,5758.64,1177
2026-01-08,C003,Display,Awareness,East,612325,27827,7188.13,2376
2026-01-08,C003,Display,Awareness,West,606357,23737,6135.63,1696
2026-01-08,C004,Email,Retention,North,343961,18556,3178.21,1112
2026-01-08,C004,Email,Retention,South,306418,16286,2939.7,1013
2026-01-08,C004,Email,Retention,East,296493,14900,3026.09,902
2026-01-08,C004,Email,Retention,West,315482,9795,2953.66,602
2026-01-08,C005,Affiliate,Performance,North,475631,19354,4681.05,1342
2026-01-08,C005,Affiliate,Performance,South,474973,17466,4314.49,1531
2026-01-08,C005,Affiliate,Performance,East,343196,11682,3670.27,991
2026-01-08,C005,Affiliate,Performance,West,386948,12369,4068.48,1125
2026-01-09,C001,Search,Performance,North,1450562,63428,13037.73,3785
2026-01-09,C001,Search,Performance,South,1083092,47473,9619.51,3246
2026-01-09,C001,Search,Performance,East,1238868,50798,12413.15,4610
2026-01-09,C001,Search,Performance,West,1226518,36243,11511.86,2445
2026-01-09,C002,Social,Performance,North,746557,31427,9779.2,2686
2026-01-09,C002,Social,Performance,South,909357,32066,8261.58,2817
2026-01-09,C002,Social,Performance,East,936410,27621,8760.36,1772
2026-01-09,C002,Social,Performance,West,847831,39509,8160.85,3186
2026-01-09,C003,Display,Awareness,North,576308,20384,6774.37,1269
2026-01-09,C003,Display,Awareness,South,873102,37108,7841.9,2635
2026-01-09,C003,Display,Awareness,East,563034,23977,6939.56,1803
2026-01-09,C003,Display,Awareness,West,642894,16421,6463.97,1476
2026-01-09,C004,Email,Retention,North,311992,16434,3033.0,1368
2026-01-09,C004,Email,Retention,South,261619,11063,3225.83,876
2026-01-09,C004,Email,Retention,East,395349,20861,3518.13,1523
2026-01-09,C004,Email,Retention,West,226698,12365,2850.49,1094
2026-01-09,C005,Affiliate,Performance,North,446410,16503,4525.15,943
2026-01-09,C005,Affiliate,Performance,South,443837,21786,5020.33,1202
2026-01-09,C005,Affiliate,Performance,East,392433,20640,4066.84,1421
2026-01-09,C005,Affiliate,Performance,West,338951,15973,3813.67,1167
2026-01-10,C001,Search,Performance,North,1018241,30844,12627.9,2311
2026-01-10,C001,Search,Performance,South,1023207,53662,11151.27,3729
2026-01-10,C001,Search,Performance,East,1177573,52880,15592.08,3284
2026-01-10,C001,Search,Performance,West,1645538,48477,14505.45,3470
2026-01-10,C002,Social,Performance,North,976679,46391,12572.62,2941
2026-01-10,C002,Social,Performance,South,1084567,33788,9777.73,2116
2026-01-10,C002,Social,Performance,East,945508,25501,9688.22,2193
2026-01-10,C002,Social,Performance,West,857358,34921,9205.89,2536
2026-01-10,C003,Display,Awareness,North,645745,19668,7951.59,1759
2026-01-10,C003,Display,Awareness,South,643830,23306,5705.46,1534
2026-01-10,C003,Display,Awareness,East,477537,14175,6282.11,1185
2026-01-10,C003,Display,Awareness,West,847794,21884,8364.45,1397
2026-01-10,C004,Email,Retention,North,263930,7422,3482.47,645
2026-01-10,C004,Email,Retention,South,237725,10598,2894.08,683
2026-01-10,C004,Email,Retention,East,328612,16651,3163.06,1468
2026-01-10,C004,Email,Retention,West,283641,12775,3120.81,807
2026-01-10,C005,Affiliate,Performance,North,389454,10735,5156.97,679
2026-01-10,C005,Affiliate,Performance,South,358390,10910,4711.86,854
2026-01-10,C005,Affiliate,Performance,East,574080,20238,5330.48,1323
2026-01-10,C005,Affiliate,Performance,West,430282,18376,4770.96,1207
2026-01-11,C001,Search,Performance,North,1106967,42157,11402.41,2815
2026-01-11,C001,Search,Performance,South,1744437,83572,15445.95,5064
2026-01-11,C001,Search,Performance,East,1430342,70080,12911.32,5046
2026-01-11,C001,Search,Performance,West,1098387,36313,14471.74,2783
2026-01-11,C002,Social,Performance,North,684402,34252,8494.06,3232
2026-01-11,C002,Social,Performance,South,1005407,30313,10469.98,1997
2026-01-11,C002,Social,Performance,East,852077,35467,9912.24,2874
2026-01-11,C002,Social,Performance,West,953590,29744,8814.06,1649
2026-01-11,C003,Display,Awareness,North,713152,32056,7202.05,1987
2026-01-11,C003,Display,Awareness,South,864146,32460,7744.88,2282
2026-01-11,C003,Display,Awareness,East,538474,25384,6594.8,1480
2026-01-11,C003,Display,Awareness,West,697683,22577,7038.34,1593
2026-01-11,C004,Email,Retention,North,306539,10395,2954.27,807
2026-01-11,C004,Email,Retention,South,266173,11953,2830.36,1105
2026-01-11,C004,Email,Retention,East,226720,7451,2973.49,587
2026-01-11,C004,Email,Retention,West,267775,10681,3475.03,842
2026-01-11,C005,Affiliate,Performance,North,432139,11777,5451.91,990
2026-01-11,C005,Affiliate,Performance,South,429532,19609,4529.99,1419
2026-01-11,C005,Affiliate,Performance,East,558036,25580,5216.43,1685
2026-01-11,C005,Affiliate,Performance,West,453029,16231,4594.19,952
2026-01-12,C001,Search,Performance,North,981530,40495,11911.01,3641
2026-01-12,C001,Search,Performance,South,1331604,65510,12768.41,5329
2026-01-12,C001,Search,Performance,East,1108534,43989,13043.62,2808
2026-01-12,C001,Search,Performance,West,1438646,76711,12563.86,4340
2026-01-12,C002,Social,Performance,North,772491,32474,9395.08,2975
2026-01-12,C002,Social,Performance,South,701642,32221,9188.87,2155
2026-01-12,C002,Social,Performance,East,981445,49402,8964.47,3347
2026-01-12,C002,Social,Performance,West,1042060,27208,9634.73,2145
2026-01-12,C003,Display,Awareness,North,485928,22298,6223.63,1529
2026-01-12,C003,Display,Awareness,South,655360,17668,6302.11,1194
2026-01-12,C003,Display,Awareness,East,659177,28856,7511.99,2609
2026-01-12,C003,Display,Awareness,West,660479,21127,6629.02,1182
2026-01-12,C004,Email,Retention,North,340478,16670,3024.79,1582
2026-01-12,C004,Email,Retention,South,297114,14266,3337.29,1013
2026-01-12,C004,Email,Retention,East,415092,22631,3775.38,1940
2026-01-12,C004,Email,Retention,West,265328,9987,2893.1,843
2026-01-12,C005,Affiliate,Performance,North,384817,12936,4314.83,864
2026-01-12,C005,Affiliate,Performance,South,369003,9691,4374.97,539
2026-01-12,C005,Affiliate,Performance,East,405270,18394,4484.42,1172
2026-01-12,C005,Affiliate,Performance,West,520543,25293,4606.64,1481
2026-01-13,C001,Search,Performance,North,1493473,58278,13241.28,4635
2026-01-13,C001,Search,Performance,South,959424,52514,11745.94,3374
2026-01-13,C001,Search,Performance,East,1211716,48929,12201.41,3142
2026-01-13,C001,Search,Performance,West,1034440,32703,12605.73,2042
2026-01-13,C002,Social,Performance,North,652856,35301,8444.25,3189
2026-01-13,C002,Social,Performance,South,1136385,62327,10136.33,3861
2026-01-13,C002,Social,Performance,East,1066841,31596,10373.71,2768
2026-01-13,C002,Social,Performance,West,713869,22640,8500.71,1731
2026-01-13,C003,Display,Awareness,North,596858,30633,7587.88,2010
2026-01-13,C003,Display,Awareness,South,623701,32221,7778.71,3003
2026-01-13,C003,Display,Awareness,East,676940,28110,6688.49,1643
2026-01-13,C003,Display,Awareness,West,613890,22210,6721.07,1452
2026-01-13,C004,Email,Retention,North,233949,7394,2990.08,608
2026-01-13,C004,Email,Retention,South,280158,14158,3589.7,1059
2026-01-13,C004,Email,Retention,East,417096,14779,3862.46,1213
2026-01-13,C004,Email,Retention,West,277744,9168,2844.89,826
2026-01-13,C005,Affiliate,Performance,North,520455,26553,4773.8,2212
2026-01-13,C005,Affiliate,Performance,South,545399,25046,5027.63,2058
2026-01-13,C005,Affiliate,Performance,East,420305,21614,5167.01,1942
2026-01-13,C005,Affiliate,Performance,West,365737,18204,4801.6,1095
2026-01-14,C001,Search,Performance,North,1102467,54615,13538.77,4821
2026-01-14,C001,Search,Performance,South,1053875,26548,11058.65,1764
2026-01-14,C001,Search,Performance,East,1226485,40221,12231.52,3232
2026-01-14,C001,Search,Performance,West,1164588,56360,12055.85,3340
2026-01-14,C002,Social,Performance,North,1047476,36929,9227.27,2965
2026-01-14,C002,Social,Performance,South,1183197,33218,10537.81,3072
2026-01-14,C002,Social,Performance,East,749144,34644,8607.05,1998
2026-01-14,C002,Social,Performance,West,901917,31906,9176.39,2547
2026-01-14,C003,Display,Awareness,North,647431,16663,6146.67,931
2026-01-14,C003,Display,Awareness,South,593613,23542,6749.87,2020
2026-01-14,C003,Display,Awareness,East,528472,29020,6148.96,2090
2026-01-14,C003,Display,Awareness,West,730050,21834,7845.33,1895
2026-01-14,C004,Email,Retention,North,212082,9631,2708.75,781
2026-01-14,C004,Email,Retention,South,276714,14811,3220.21,904
2026-01-14,C004,Email,Retention,East,293866,12975,3201.54,919
2026-01-14,C004,Email,Retention,West,255360,13922,2970.39,993
2026-01-14,C005,Affiliate,Performance,North,366900,9515,4392.74,771
2026-01-14,C005,Affiliate,Performance,South,418305,21304,4661.25,1574
2026-01-14,C005,Affiliate,Performance,East,492871,24812,4656.9,2119
2026-01-14,C005,Affiliate,Performance,West,471260,13637,4710.31,767
2026-01-15,C001,Search,Performance,North,1307787,51586,12238.16,3079
2026-01-15,C001,Search,Performance,South,1030631,46962,12881.69,3391
2026-01-15,C001,Search,Performance,East,927089,39363,11951.91,2588
2026-01-15,C001,Search,Performance,West,1111810,38147,10400.24,2792
2026-01-15,C002,Social,Performance,North,851604,28741,8601.99,2379
2026-01-15,C002,Social,Performance,South,772701,37395,7062.77,2115
2026-01-15,C002,Social,Performance,East,691890,37777,8170.47,2293
2026-01-15,C002,Social,Performance,West,850532,37036,8957.16,3077
2026-01-15,C003,Display,Awareness,North,559871,22692,6357.95,1327
2026-01-15,C003,Display,Awareness,South,580220,15083,6517.5,876
2026-01-15,C003,Display,Awareness,East,574533,26246,5880.49,2284
2026-01-15,C003,Display,Awareness,West,524583,15750,6319.83,932
2026-01-15,C004,Email,Retention,North,263154,13969,3450.6,797
2026-01-15,C004,Email,Retention,South,318044,14716,3290.62,1322
2026-01-15,C004,Email,Retention,East,290619,14369,3280.95,836
2026-01-15,C004,Email,Retention,West,354174,14672,3196.73,1286
2026-01-15,C005,Affiliate,Performance,North,531942,24973,5537.83,1455
2026-01-15,C005,Affiliate,Performance,South,325163,10539,4200.31,646
2026-01-15,C005,Affiliate,Performance,East,496977,17447,4358.13,1086
2026-01-15,C005,Affiliate,Performance,West,500428,22399,4694.98,1678
2026-01-16,C001,Search,Performance,North,1200053,65870,14262.89,6191
2026-01-16,C001,Search,Performance,South,1266216,39235,12535.18,3225
2026-01-16,C001,Search,Performance,East,1283312,60078,11695.09,5089
2026-01-16,C001,Search,Performance,West,934537,33062,10155.83,2309
2026-01-16,C002,Social,Performance,North,851807,39828,9204.29,2965
2026-01-16,C002,Social,Performance,South,1098654,57153,9993.5,4107
2026-01-16,C002,Social,Performance,East,1071090,33546,9606.66,2680
2026-01-16,C002,Social,Performance,West,770759,36220,7687.42,2182
2026-01-16,C003,Display,Awareness,North,561272,18031,6829.18,1692
2026-01-16,C003,Display,Awareness,South,548671,27780,6671.67,2074
2026-01-16,C003,Display,Awareness,East,636981,25762,6863.12,1787
2026-01-16,C003,Display,Awareness,West,618321,18491,6263.51,1306
2026-01-16,C004,Email,Retention,North,279221,8076,2635.69,757
2026-01-16,C004,Email,Retention,South,313852,10068,3369.27,583
2026-01-16,C004,Email,Retention,East,267487,13338,3023.14,963
2026-01-16,C004,Email,Retention,West,224159,9754,2638.77,812
2026-01-16,C005,Affiliate,Performance,North,332310,15649,4345.81,1276
2026-01-16,C005,Affiliate,Performance,South,408417,20553,4345.55,1792
2026-01-16,C005,Affiliate,Performance,East,415198,11774,4988.35,774
2026-01-16,C005,Affiliate,Performance,West,356180,14580,4608.75,1348
2026-01-17,C001,Search,Performance,North,1222239,49154,13945.15,2785
2026-01-17,C001,Search,Performance,South,1040468,56808,12855.81,5317
2026-01-17,C001,Search,Performance,East,1323634,53564,14203.67,3993
2026-01-17,C001,Search,Performance,West,1364159,39819,13416.92,2237
2026-01-17,C002,Social,Performance,North,902110,40778,10859.11,3824
2026-01-17,C002,Social,Performance,South,689902,31168,8759.99,2267
2026-01-17,C002,Social,Performance,East,979437,49112,9536.41,4556
2026-01-17,C002,Social,Performance,West,1016510,40574,9933.66,3234
2026-01-17,C003,Display,Awareness,North,545901,28893,7162.6,2386
2026-01-17,C003,Display,Awareness,South,795837,25045,7797.7,2037
2026-01-17,C003,Display,Awareness,East,655164,29308,8265.63,2783
2026-01-17,C003,Display,Awareness,West,481547,26155,6259.68,1864
2026-01-17,C004,Email,Retention,North,326820,15410,3345.81,1389
2026-01-17,C004,Email,Retention,South,308105,10725,3379.63,876
2026-01-17,C004,Email,Retention,East,367721,13998,3439.46,1227
2026-01-17,C004,Email,Retention,West,277360,11464,3475.33,633
2026-01-17,C005,Affiliate,Performance,North,395672,18147,4355.38,1280
2026-01-17,C005,Affiliate,Performance,South,391142,12565,4208.19,878
2026-01-17,C005,Affiliate,Performance,East,571465,22232,5727.28,1560
2026-01-17,C005,Affiliate,Performance,West,588895,23892,5376.41,1772
2026-01-18,C001,Search,Performance,North,1107639,45422,11278.64,3602
2026-01-18,C001,Search,Performance,South,1160889,57335,10993.76,4800
2026-01-18,C001,Search,Performance,East,1184812,62571,13981.86,3592
2026-01-18,C001,Search,Performance,West,1497945,53249,13329.6,3144
2026-01-18,C002,Social,Performance,North,708973,24260,8206.2,2113
2026-01-18,C002,Social,Performance,South,929440,31916,9624.88,2534
2026-01-18,C002,Social,Performance,East,805948,23095,8804.15,1437
2026-01-18,C002,Social,Performance,West,1091853,33239,10678.82,2526
2026-01-18,C003,Display,Awareness,North,645774,21114,6610.28,1974
2026-01-18,C003,Display,Awareness,South,683800,33629,7248.11,2589
2026-01-18,C003,Display,Awareness,East,803655,34596,7108.46,3036
2026-01-18,C003,Display,Awareness,West,742219,23634,6724.94,1500
2026-01-18,C004,Email,Retention,North,305800,15901,2815.99,1099
2026-01-18,C004,Email,Retention,South,326028,15784,3859.47,1041
2026-01-18,C004,Email,Retention,East,319937,8915,3145.83,712
2026-01-18,C004,Email,Retention,West,341622,14552,3670.57,898
2026-01-18,C005,Affiliate,Performance,North,433239,12074,5177.99,675
2026-01-18,C005,Affiliate,Performance,South,509971,22037,5065.33,1693
2026-01-18,C005,Affiliate,Performance,East,454035,18117,4596.47,1712
2026-01-18,C005,Affiliate,Performance,West,340967,15634,4237.86,1112
2026-01-19,C001,Search,Performance,North,1457479,79779,14191.98,4797
2026-01-19,C001,Search,Performance,South,898812,42001,11353.75,3281
2026-01-19,C001,Search,Performance,East,906103,46959,11553.56,2943
2026-01-19,C001,Search,Performance,West,1033953,32879,11758.17,2275
2026-01-19,C002,Social,Performance,North,701728,34392,9030.73,2213
2026-01-19,C002,Social,Performance,South,804974,41377,8333.03,3352
2026-01-19,C002,Social,Performance,East,651201,29359,7373.19,2782
2026-01-19,C002,Social,Performance,West,948070,39566,9343.03,3332
2026-01-19,C003,Display,Awareness,North,590559,31730,6057.52,1967
2026-01-19,C003,Display,Awareness,South,663192,20577,6463.85,1572
2026-01-19,C003,Display,Awareness,East,676535,23967,6428.1,1955
2026-01-19,C003,Display,Awareness,West,634310,33501,5938.23,2156
2026-01-19,C004,Email,Retention,North,308491,16291,2689.57,1247
2026-01-19,C004,Email,Retention,South,315889,12834,2906.56,1025
2026-01-19,C004,Email,Retention,East,244985,12195,3058.17,1052
2026-01-19,C004,Email,Retention,West,300611,7841,2908.68,526
2026-01-19,C005,Affiliate,Performance,North,326571,17343,4159.85,1338
2026-01-19,C005,Affiliate,Performance,South,343572,12681,3939.11,924
2026-01-19,C005,Affiliate,Performance,East,522920,20869,4678.3,1976
2026-01-19,C005,Affiliate,Performance,West,629702,19681,5774.07,1815
2026-01-20,C001,Search,Performance,North,1091595,56041,12098.6,5028
2026-01-20,C001,Search,Performance,South,1274181,62053,11881.92,4169
2026-01-20,C001,Search,Performance,East,966237,44300,11791.87,3049
2026-01-20,C001,Search,Performance,West,1268695,56113,11126.53,4932
2026-01-20,C002,Social,Performance,North,891018,42719,8977.5,2648
2026-01-20,C002,Social,Performance,South,928859,34330,9766.92,2089
2026-01-20,C002,Social,Performance,East,643829,18706,8467.82,1749
2026-01-20,C002,Social,Performance,West,856662,46238,8833.29,3343
2026-01-20,C003,Display,Awareness,North,605665,17061,6542.04,1375
2026-01-20,C003,Display,Awareness,South,446212,19449,5334.82,1575
2026-01-20,C003,Display,Awareness,East,492008,26984,6362.73,1546
2026-01-20,C003,Display,Awareness,West,775628,42279,7544.92,2729
2026-01-20,C004,Email,Retention,North,289730,7784,2821.51,586
2026-01-20,C004,Email,Retention,South,334336,16522,2910.62,1315
2026-01-20,C004,Email,Retention,East,316957,11975,3298.83,721
2026-01-20,C004,Email,Retention,West,285663,10996,2586.03,690
2026-01-20,C005,Affiliate,Performance,North,432739,20342,4003.09,1744
2026-01-20,C005,Affiliate,Performance,South,283506,10627,3757.97,789
2026-01-20,C005,Affiliate,Performance,East,410792,12921,4260.78,716
2026-01-20,C005,Affiliate,Performance,West,396136,21500,4679.81,1871
2026-01-21,C001,Search,Performance,North,951215,39417,11981.64,2884
2026-01-21,C001,Search,Performance,South,1383138,38648,12715.68,2880
2026-01-21,C001,Search,Performance,East,1199560,47119,11479.68,3300
2026-01-21,C001,Search,Performance,West,997103,38671,10983.85,3341
2026-01-21,C002,Social,Performance,North,863011,32904,8417.54,2144
2026-01-21,C002,Social,Performance,South,1084861,28372,9986.31,2583
2026-01-21,C002,Social,Performance,East,1132036,58700,11166.92,4723
2026-01-21,C002,Social,Performance,West,843354,22770,8471.04,1724
2026-01-21,C003,Display,Awareness,North,649893,29509,6805.96,1672
2026-01-21,C003,Display,Awareness,South,476157,22136,6074.08,1281
2026-01-21,C003,Display,Awareness,East,505522,24386,5680.79,1986
2026-01-21,C003,Display,Awareness,West,486054,14690,5898.16,865
2026-01-21,C004,Email,Retention,North,289133,7410,3377.66,431
2026-01-21,C004,Email,Retention,South,366572,12413,3223.63,1064
2026-01-21,C004,Email,Retention,East,216590,6203,2602.39,493
2026-01-21,C004,Email,Retention,West,369461,16373,3485.97,1247
2026-01-21,C005,Affiliate,Performance,North,481866,20747,4219.54,1624
2026-01-21,C005,Affiliate,Performance,South,518058,25567,4937.51,2077
2026-01-21,C005,Affiliate,Performance,East,486473,15439,4338.73,1078
2026-01-21,C005,Affiliate,Performance,West,381845,14579,4137.77,1159
2026-01-22,C001,Search,Performance,North,1296713,57540,11737.41,3822
2026-01-22,C001,Search,Performance,South,1256390,63876,11672.38,5676
2026-01-22,C001,Search,Performance,East,1241497,48190,11801.12,4273
2026-01-22,C001,Search,Performance,West,1285492,62080,12343.93,5043
2026-01-22,C002,Social,Performance,North,1048286,55686,9164.4,3158
2026-01-22,C002,Social,Performance,South,645019,18674,7905.36,1569
2026-01-22,C002,Social,Performance,East,812975,40828,8536.6,3442
2026-01-22,C002,Social,Performance,West,922756,39411,9543.51,2969
2026-01-22,C003,Display,Awareness,North,705393,36115,6878.17,2905
2026-01-22,C003,Display,Awareness,South,574737,17128,5450.6,1258
2026-01-22,C003,Display,Awareness,East,681131,21197,6365.54,1636
2026-01-22,C003,Display,Awareness,West,622809,27079,5970.02,1693
2026-01-22,C004,Email,Retention,North,328562,8265,3381.35,706
2026-01-22,C004,Email,Retention,South,215676,10217,2822.53,644
2026-01-22,C004,Email,Retention,East,261055,7692,2963.93,517
2026-01-22,C004,Email,Retention,West,344345,18901,3128.54,1318
2026-01-22,C005,Affiliate,Performance,North,590705,25277,5348.27,1786
2026-01-22,C005,Affiliate,Performance,South,395640,18147,4323.71,1000
2026-01-22,C005,Affiliate,Performance,East,412472,11462,3863.26,900
2026-01-22,C005,Affiliate,Performance,West,481145,21300,5105.59,1226
2026-01-23,C001,Search,Performance,North,1364051,58796,14000.84,4824
2026-01-23,C001,Search,Performance,South,1572163,52030,14665.77,4578
2026-01-23,C001,Search,Performance,East,855190,29954,11057.25,2587
2026-01-23,C001,Search,Performance,West,1239268,60300,11995.95,4564
2026-01-23,C002,Social,Performance,North,707574,26902,8028.97,1574
2026-01-23,C002,Social,Performance,South,739950,31778,8827.38,2682
2026-01-23,C002,Social,Performance,East,816018,39633,8123.86,2367
2026-01-23,C002,Social,Performance,West,990131,49698,10833.4,3496
2026-01-23,C003,Display,Awareness,North,646512,23188,7848.02,1585
2026-01-23,C003,Display,Awareness,South,576796,14838,7584.65,1309
2026-01-23,C003,Display,Awareness,East,573187,30505,6592.22,1994
2026-01-23,C003,Display,Awareness,West,502085,25697,5446.42,2278
2026-01-23,C004,Email,Retention,North,294738,11638,3158.11,702
2026-01-23,C004,Email,Retention,South,222498,10421,2844.37,780
2026-01-23,C004,Email,Retention,East,374125,11136,3542.17,884
2026-01-23,C004,Email,Retention,West,230463,10956,2865.96,890
2026-01-23,C005,Affiliate,Performance,North,380774,12340,4455.16,1126
2026-01-23,C005,Affiliate,Performance,South,374708,12424,4409.27,1060
2026-01-23,C005,Affiliate,Performance,East,405492,16068,5224.43,905
2026-01-23,C005,Affiliate,Performance,West,339448,17716,4379.63,1073
2026-01-24,C001,Search,Performance,North,904050,47006,10170.01,2626
2026-01-24,C001,Search,Performance,South,1437756,77497,14157.89,5998
2026-01-24,C001,Search,Performance,East,1155444,62901,11085.22,4104
2026-01-24,C001,Search,Performance,West,1243561,38479,12292.17,2986
2026-01-24,C002,Social,Performance,North,1011700,35900,10184.11,2138
2026-01-24,C002,Social,Performance,South,785001,24931,9685.42,1621
2026-01-24,C002,Social,Performance,East,951386,27060,9916.92,2419
2026-01-24,C002,Social,Performance,West,1132971,30624,10903.12,2551
2026-01-24,C003,Display,Awareness,North,603150,23849,6462.42,1469
2026-01-24,C003,Display,Awareness,South,798904,40344,7080.73,3298
2026-01-24,C003,Display,Awareness,East,560021,23164,5542.63,1331
2026-01-24,C003,Display,Awareness,West,606022,29811,6345.78,2187
2026-01-24,C004,Email,Retention,North,247809,8650,3037.32,737
2026-01-24,C004,Email,Retention,South,286477,8922,2991.14,803
2026-01-24,C004,Email,Retention,East,359994,17337,3146.82,972
2026-01-24,C004,Email,Retention,West,215062,8369,2771.13,764
2026-01-24,C005,Affiliate,Performance,North,378117,16903,4773.07,1485
2026-01-24,C005,Affiliate,Performance,South,603390,29124,6688.23,2725
2026-01-24,C005,Affiliate,Performance,East,425107,20739,4915.36,1619
2026-01-24,C005,Affiliate,Performance,West,422507,20676,4208.94,1464
2026-01-25,C001,Search,Performance,North,1061059,48678,13048.24,4221
2026-01-25,C001,Search,Performance,South,1237353,62752,14113.69,5725
2026-01-25,C001,Search,Performance,East,1032356,53496,12533.31,4342
2026-01-25,C001,Search,Performance,West,1009278,38564,12447.29,3070
2026-01-25,C002,Social,Performance,North,1107698,41575,9743.57,3923
2026-01-25,C002,Social,Performance,South,1138651,50146,11194.33,3090
2026-01-25,C002,Social,Performance,East,777390,19728,9539.79,1526
2026-01-25,C002,Social,Performance,West,1030816,48016,10726.94,4350
2026-01-25,C003,Display,Awareness,North,590492,29964,7157.79,2629
2026-01-25,C003,Display,Awareness,South,654815,30322,6776.4,2048
2026-01-25,C003,Display,Awareness,East,747737,26719,8008.27,1997
2026-01-25,C003,Display,Awareness,West,750162,26297,6937.6,1629
2026-01-25,C004,Email,Retention,North,278496,8966,3524.14,544
2026-01-25,C004,Email,Retention,South,304282,11718,3422.07,995
2026-01-25,C004,Email,Retention,East,326030,16380,3659.36,1209
2026-01-25,C004,Email,Retention,West,430670,18959,3772.38,1138
2026-01-25,C005,Affiliate,Performance,North,442543,11988,4319.48,743
2026-01-25,C005,Affiliate,Performance,South,597800,19019,5472.89,1682
2026-01-25,C005,Affiliate,Performance,East,544911,22003,5302.45,1478
2026-01-25,C005,Affiliate,Performance,West,354729,9221,4247.97,619
2026-01-26,C001,Search,Performance,North,1387691,66584,12632.81,5762
2026-01-26,C001,Search,Performance,South,1241285,40724,12217.44,3717
2026-01-26,C001,Search,Performance,East,1019594,39164,12834.85,2875
2026-01-26,C001,Search,Performance,West,1590132,65830,14510.82,4622
2026-01-26,C002,Social,Performance,North,892296,46883,8530.87,3103
2026-01-26,C002,Social,Performance,South,975134,32926,8918.89,3010
2026-01-26,C002,Social,Performance,East,733737,39536,9690.11,3323
2026-01-26,C002,Social,Performance,West,834515,41627,9571.23,2758
2026-01-26,C003,Display,Awareness,North,531776,17153,6743.18,951
2026-01-26,C003,Display,Awareness,South,732350,24927,7811.68,1967
2026-01-26,C003,Display,Awareness,East,612652,16201,5849.95,1476
2026-01-26,C003,Display,Awareness,West,637274,28699,5841.7,2259
2026-01-26,C004,Email,Retention,North,317020,8255,2968.83,646
2026-01-26,C004,Email,Retention,South,338686,17161,2949.78,1301
2026-01-26,C004,Email,Retention,East,215338,11259,2734.3,920
2026-01-26,C004,Email,Retention,West,332342,17072,3072.37,1329
2026-01-26,C005,Affiliate,Performance,North,301094,11452,3434.1,984
2026-01-26,C005,Affiliate,Performance,South,477116,24703,4815.62,1796
2026-01-26,C005,Affiliate,Performance,East,521685,24038,5287.29,1550
2026-01-26,C005,Affiliate,Performance,West,490114,13785,5132.38,970
2026-01-27,C001,Search,Performance,North,1685094,72491,14909.53,6143
2026-01-27,C001,Search,Performance,South,1123079,49441,11790.78,2859
2026-01-27,C001,Search,Performance,East,1046165,27586,11141.31,1671
2026-01-27,C001,Search,Performance,West,905145,49009,10516.07,3345
2026-01-27,C002,Social,Performance,North,777480,25983,7819.28,1644
2026-01-27,C002,Social,Performance,South,853840,21487,8925.51,1188
2026-01-27,C002,Social,Performance,East,934581,39403,8725.97,2975
2026-01-27,C002,Social,Performance,West,724092,38342,8347.89,2717
2026-01-27,C003,Display,Awareness,North,528240,18676,6640.07,1406
2026-01-27,C003,Display,Awareness,South,663018,26392,6029.15,2192
2026-01-27,C003,Display,Awareness,East,556334,20768,6055.47,1896
2026-01-27,C003,Display,Awareness,West,578590,25016,5586.93,1685
2026-01-27,C004,Email,Retention,North,243844,6531,2858.53,516
2026-01-27,C004,Email,Retention,South,311936,8869,3044.36,623
2026-01-27,C004,Email,Retention,East,193150,7256,2419.19,617
2026-01-27,C004,Email,Retention,West,217316,5955,2791.83,412
2026-01-27,C005,Affiliate,Performance,North,467478,16762,4576.54,1319
2026-01-27,C005,Affiliate,Performance,South,354656,15634,4703.33,1431
2026-01-27,C005,Affiliate,Performance,East,514598,14726,4950.02,1341
2026-01-27,C005,Affiliate,Performance,West,359639,14752,4631.08,895
2026-01-28,C001,Search,Performance,North,1038163,41090,11960.19,3208
2026-01-28,C001,Search,Performance,South,902025,25879,11752.84,2001
2026-01-28,C001,Search,Performance,East,1376783,69345,13619.16,5734
2026-01-28,C001,Search,Performance,West,1014569,45847,11004.33,3026
2026-01-28,C002,Social,Performance,North,923657,45214,9947.12,3974
2026-01-28,C002,Social,Performance,South,919915,48294,8416.23,3488
2026-01-28,C002,Social,Performance,East,875399,37670,9743.24,3135
2026-01-28,C002,Social,Performance,West,774786,28075,7556.22,1731
2026-01-28,C003,Display,Awareness,North,643670,22770,5819.6,1393
2026-01-28,C003,Display,Awareness,South,483610,21460,6361.79,1727
2026-01-28,C003,Display,Awareness,East,561531,19281,6144.67,1582
2026-01-28,C003,Display,Awareness,West,631647,22700,6365.42,1446
2026-01-28,C004,Email,Retention,North,306781,8963,2992.09,667
2026-01-28,C004,Email,Retention,South,234791,9430,3085.24,882
2026-01-28,C004,Email,Retention,East,218948,8022,2871.9,492
2026-01-28,C004,Email,Retention,West,225318,10744,2967.3,787
2026-01-28,C005,Affiliate,Performance,North,379083,20348,4759.63,1374
2026-01-28,C005,Affiliate,Performance,South,482930,20808,4368.98,1832
2026-01-28,C005,Affiliate,Performance,East,402549,14174,4451.97,1086
2026-01-28,C005,Affiliate,Performance,West,381970,15894,4706.05,1218
2026-01-29,C001,Search,Performance,North,1184636,40360,12790.62,2638
2026-01-29,C001,Search,Performance,South,1044441,27917,12616.32,1917
2026-01-29,C001,Search,Performance,East,966975,28212,9845.13,2052
2026-01-29,C001,Search,Performance,West,1293829,51322,12931.91,3647
2026-01-29,C002,Social,Performance,North,1003002,31132,10047.47,2204
2026-01-29,C002,Social,Performance,South,838298,32916,10946.93,2525
2026-01-29,C002,Social,Performance,East,889300,45442,9231.29,2736
2026-01-29,C002,Social,Performance,West,1005528,28903,9430.92,2507
2026-01-29,C003,Display,Awareness,North,779954,22980,6916.84,1689
2026-01-29,C003,Display,Awareness,South,715612,28268,6264.14,2531
2026-01-29,C003,Display,Awareness,East,470525,14631,5443.92,1250
2026-01-29,C003,Display,Awareness,West,667086,26909,7374.25,2009
2026-01-29,C004,Email,Retention,North,380858,14178,3334.15,1249
2026-01-29,C004,Email,Retention,South,323893,13670,3067.72,1274
2026-01-29,C004,Email,Retention,East,321076,12256,2941.38,1089
2026-01-29,C004,Email,Retention,West,327183,8792,2954.96,794
2026-01-29,C005,Affiliate,Performance,North,477822,25224,4775.19,1406
2026-01-29,C005,Affiliate,Performance,South,315486,14396,3353.61,1207
2026-01-29,C005,Affiliate,Performance,East,362280,12955,4165.31,1129
2026-01-29,C005,Affiliate,Performance,West,403782,12646,4686.95,1179
2026-01-30,C001,Search,Performance,North,1145561,29130,13200.03,2461
2026-01-30,C001,Search,Performance,South,1368851,64629,12631.77,3923
2026-01-30,C001,Search,Performance,East,1317438,63215,12999.98,5615
2026-01-30,C001,Search,Performance,West,1288117,35626,12940.16,2654
2026-01-30,C002,Social,Performance,North,808270,21807,8854.43,1503
2026-01-30,C002,Social,Performance,South,663637,32682,8353.95,3036
2026-01-30,C002,Social,Performance,East,581450,23268,7447.39,2019
2026-01-30,C002,Social,Performance,West,949590,25170,9194.03,1457
2026-01-30,C003,Display,Awareness,North,466553,15596,5534.75,1359
2026-01-30,C003,Display,Awareness,South,675556,25098,6022.66,2290
2026-01-30,C003,Display,Awareness,East,532007,23522,6330.32,2214
2026-01-30,C003,Display,Awareness,West,527393,18846,5319.69,1524
2026-01-30,C004,Email,Retention,North,218339,9550,2218.12,552
2026-01-30,C004,Email,Retention,South,312608,10084,3055.66,842
2026-01-30,C004,Email,Retention,East,305512,12405,3146.37,753
2026-01-30,C004,Email,Retention,West,334530,11087,3155.54,830
2026-01-30,C005,Affiliate,Performance,North,420564,11199,4197.99,951
2026-01-30,C005,Affiliate,Performance,South,378838,9472,4319.54,714
2026-01-30,C005,Affiliate,Performance,East,472820,11874,4354.84,770
2026-01-30,C005,Affiliate,Performance,West,478227,16493,4570.38,974
2026-01-31,C001,Search,Performance,North,1231453,42362,11328.03,3666
2026-01-31,C001,Search,Performance,South,1321521,50236,11940.57,4591
2026-01-31,C001,Search,Performance,East,1058834,48294,13476.05,3610
2026-01-31,C001,Search,Performance,West,1160911,51058,12826.91,4245
2026-01-31,C002,Social,Performance,North,1216554,58189,10705.15,5413
2026-01-31,C002,Social,Performance,South,1134008,38490,10998.94,2279
2026-01-31,C002,Social,Performance,East,795225,28470,10337.34,2655
2026-01-31,C002,Social,Performance,West,1041711,39566,10963.53,2900
2026-01-31,C003,Display,Awareness,North,596578,15851,6643.97,1358
2026-01-31,C003,Display,Awareness,South,569512,28285,6213.3,2517
2026-01-31,C003,Display,Awareness,East,701430,36056,7470.66,2294
2026-01-31,C003,Display,Awareness,West,639671,27654,6264.38,1847
2026-01-31,C004,Email,Retention,North,351715,12123,3364.28,979
2026-01-31,C004,Email,Retention,South,268831,12472,2960.53,785
2026-01-31,C004,Email,Retention,East,281268,7521,3135.26,447
2026-01-31,C004,Email,Retention,West,329120,10870,3441.45,961
2026-01-31,C005,Affiliate,Performance,North,449909,16704,4750.16,1273
2026-01-31,C005,Affiliate,Performance,South,434742,10997,4400.0,808
2026-01-31,C005,Affiliate,Performance,East,497330,17086,4870.93,1468
2026-01-31,C005,Affiliate,Performance,West,543703,22095,5133.31,2077
2026-02-01,C001,Search,Performance,North,1106305,36472,13862.04,2031
2026-02-01,C001,Search,Performance,South,1192581,57475,13750.14,4351
2026-02-01,C001,Search,Performance,East,859341,29212,11449.63,2362
2026-02-01,C001,Search,Performance,West,1275420,64296,11191.06,3596
2026-02-01,C002,Social,Performance,North,1050462,40694,9889.96,2886
2026-02-01,C002,Social,Performance,South,867684,23402,9960.04,1500
2026-02-01,C002,Social,Performance,East,1009132,39572,9620.15,2268
2026-02-01,C002,Social,Performance,West,934496,49791,8247.14,4302
2026-02-01,C003,Display,Awareness,North,798511,21773,7034.68,1515
2026-02-01,C003,Display,Awareness,South,603551,18634,7183.83,1129
2026-02-01,C003,Display,Awareness,East,783084,23029,7979.91,2013
2026-02-01,C003,Display,Awareness,West,745514,27319,7422.62,2239
2026-02-01,C004,Email,Retention,North,333718,11251,2987.65,830
2026-02-01,C004,Email,Retention,South,316014,14609,2857.12,839
2026-02-01,C004,Email,Retention,East,239538,12872,2980.4,980
2026-02-01,C004,Email,Retention,West,338104,13530,3992.94,1111
2026-02-01,C005,Affiliate,Performance,North,511559,19843,4768.51,1525
2026-02-01,C005,Affiliate,Performance,South,432886,11392,4689.35,702
2026-02-01,C005,Affiliate,Performance,East,324549,16327,4214.97,1538
2026-02-01,C005,Affiliate,Performance,West,505038,25561,4732.12,1653
2026-02-02,C001,Search,Performance,North,945850,40488,10227.64,2345
2026-02-02,C001,Search,Performance,South,1255426,68339,12567.62,4278
2026-02-02,C001,Search,Performance,East,1318482,39356,12522.1,2915
2026-02-02,C001,Search,Performance,West,1247184,40433,12023.0,3259
2026-02-02,C002,Social,Performance,North,798307,38437,8179.09,2881
2026-02-02,C002,Social,Performance,South,712220,17998,9435.37,1246
2026-02-02,C002,Social,Performance,East,697851,35200,7942.15,2962
2026-02-02,C002,Social,Performance,West,753547,28530,9560.84,1602
2026-02-02,C003,Display,Awareness,North,639410,21526,8018.68,1526
2026-02-02,C003,Display,Awareness,South,708849,38843,6341.4,2206
2026-02-02,C003,Display,Awareness,East,552472,26313,6091.32,2413
2026-02-02,C003,Display,Awareness,West,838528,35481,7418.17,2458
2026-02-02,C004,Email,Retention,North,273321,9773,2801.48,794
2026-02-02,C004,Email,Retention,South,274732,8447,3246.82,774
2026-02-02,C004,Email,Retention,East,251861,6590,3004.28,371
2026-02-02,C004,Email,Retention,West,223641,11406,2727.04,756
2026-02-02,C005,Affiliate,Performance,North,420520,17831,4547.91,1349
2026-02-02,C005,Affiliate,Performance,South,502611,16824,4770.82,1162
2026-02-02,C005,Affiliate,Performance,East,469011,18427,4415.7,1380
2026-02-02,C005,Affiliate,Performance,West,410483,17541,4934.46,1095
2026-02-03,C001,Search,Performance,North,1092080,29633,13112.89,1711
2026-02-03,C001,Search,Performance,South,1295887,52104,11505.56,3719
2026-02-03,C001,Search,Performance,East,1106747,50698,12535.7,4352
2026-02-03,C001,Search,Performance,West,1264328,37358,12495.09,3363
2026-02-03,C002,Social,Performance,North,693154,18110,7533.55,1088
2026-02-03,C002,Social,Performance,South,981473,24537,9292.33,1758
2026-02-03,C002,Social,Performance,East,958316,30458,8411.95,2045
2026-02-03,C002,Social,Performance,West,787102,25118,9030.79,1382
2026-02-03,C003,Display,Awareness,North,728223,36740,6956.94,2641
2026-02-03,C003,Display,Awareness,South,504807,17546,5794.58,1465
2026-02-03,C003,Display,Awareness,East,557446,29019,6205.04,2532
2026-02-03,C003,Display,Awareness,West,778726,37088,6807.39,2623
2026-02-03,C004,Email,Retention,North,278935,11529,3569.77,961
2026-02-03,C004,Email,Retention,South,270281,13086,3308.51,1025
2026-02-03,C004,Email,Retention,East,278100,12912,3201.62,1102
2026-02-03,C004,Email,Retention,West,204184,8252,2581.33,621
2026-02-03,C005,Affiliate,Performance,North,516878,23733,4781.48,1983
2026-02-03,C005,Affiliate,Performance,South,412973,21734,4418.31,1799
2026-02-03,C005,Affiliate,Performance,East,413470,20347,4809.87,1277
2026-02-03,C005,Affiliate,Performance,West,416870,14618,4693.77,1376
2026-02-04,C001,Search,Performance,North,1305104,54634,12539.16,5074
2026-02-04,C001,Search,Performance,South,1230407,44805,12972.09,2756
2026-02-04,C001,Search,Performance,East,1162605,29943,12864.36,2651
2026-02-04,C001,Search,Performance,West,985723,45452,13063.43,4263
2026-02-04,C002,Social,Performance,North,797958,39509,7732.54,3036
2026-02-04,C002,Social,Performance,South,987248,26211,8684.34,1970
2026-02-04,C002,Social,Performance,East,793061,38860,9651.44,2996
2026-02-04,C002,Social,Performance,West,852919,24693,9386.96,2212
2026-02-04,C003,Display,Awareness,North,536592,27442,6196.09,2247
2026-02-04,C003,Display,Awareness,South,637218,20718,5962.71,1657
2026-02-04,C003,Display,Awareness,East,816247,20703,7337.49,1696
2026-02-04,C003,Display,Awareness,West,514237,21323,6672.05,1418
2026-02-04,C004,Email,Retention,North,270253,9464,2706.55,797
2026-02-04,C004,Email,Retention,South,238935,6463,2620.45,558
2026-02-04,C004,Email,Retention,East,291223,10185,2843.49,583
2026-02-04,C004,Email,Retention,West,227512,12134,2529.13,978
2026-02-04,C005,Affiliate,Performance,North,417453,15675,5032.0,1332
2026-02-04,C005,Affiliate,Performance,South,411196,13707,5201.4,905
2026-02-04,C005,Affiliate,Performance,East,361880,14678,4657.39,912
2026-02-04,C005,Affiliate,Performance,West,509735,14476,4478.16,1029
2026-02-05,C001,Search,Performance,North,1205593,42672,13117.23,3025
2026-02-05,C001,Search,Performance,South,1138854,35486,13308.88,2637
2026-02-05,C001,Search,Performance,East,1108223,59906,10943.23,4741
2026-02-05,C001,Search,Performance,West,847452,23107,10853.75,2150
2026-02-05,C002,Social,Performance,North,843272,36858,8521.19,2983
2026-02-05,C002,Social,Performance,South,750594,19105,8758.8,1788
2026-02-05,C002,Social,Performance,East,1007940,43644,9760.7,2946
2026-02-05,C002,Social,Performance,West,688784,29569,8023.69,2650
2026-02-05,C003,Display,Awareness,North,570811,24332,6868.53,2020
2026-02-05,C003,Display,Awareness,South,687345,25599,6725.2,1423
2026-02-05,C003,Display,Awareness,East,518738,27870,5577.23,1977
2026-02-05,C003,Display,Awareness,West,743096,22780,6843.01,1865
2026-02-05,C004,Email,Retention,North,235559,11177,2992.94,1023
2026-02-05,C004,Email,Retention,South,272293,8920,2948.15,645
2026-02-05,C004,Email,Retention,East,359172,11587,3573.59,968
2026-02-05,C004,Email,Retention,West,270923,8392,3444.43,756
2026-02-05,C005,Affiliate,Performance,North,357128,11580,4160.77,665
2026-02-05,C005,Affiliate,Performance,South,392077,18420,4199.74,1460
2026-02-05,C005,Affiliate,Performance,East,480096,24079,4246.4,2099
2026-02-05,C005,Affiliate,Performance,West,497403,26353,4609.03,2023
2026-02-06,C001,Search,Performance,North,1318666,62158,12592.88,4715
2026-02-06,C001,Search,Performance,South,824262,29783,10603.04,2734
2026-02-06,C001,Search,Performance,East,1145605,41303,13359.19,3750
2026-02-06,C001,Search,Performance,West,1545207,75130,15199.98,5497
2026-02-06,C002,Social,Performance,North,812577,30738,7872.41,2234
2026-02-06,C002,Social,Performance,South,973958,51705,9645.74,2976
2026-02-06,C002,Social,Performance,East,790171,20273,8518.74,1359
2026-02-06,C002,Social,Performance,West,932778,24891,9807.85,1857
2026-02-06,C003,Display,Awareness,North,626192,20543,6187.24,1260
2026-02-06,C003,Display,Awareness,South,611410,16578,7509.47,1034
2026-02-06,C003,Display,Awareness,East,756675,34469,7034.59,2048
2026-02-06,C003,Display,Awareness,West,582152,19964,6724.83,1297
2026-02-06,C004,Email,Retention,North,359692,12809,4029.01,1129
2026-02-06,C004,Email,Retention,South,362092,12395,3397.64,1134
2026-02-06,C004,Email,Retention,East,264195,10612,2962.6,983
2026-02-06,C004,Email,Retention,West,341162,9578,3099.99,677
2026-02-06,C005,Affiliate,Performance,North,378977,19238,4579.54,1579
2026-02-06,C005,Affiliate,Performance,South,658196,33411,6065.42,2837
2026-02-06,C005,Affiliate,Performance,East,450017,20344,5527.48,1264
2026-02-06,C005,Affiliate,Performance,West,412965,13168,4018.82,786
2026-02-07,C001,Search,Performance,North,1365934,40760,14288.42,2378
2026-02-07,C001,Search,Performance,South,1076372,32261,14206.69,2923
2026-02-07,C001,Search,Performance,East,956289,30286,12072.25,2294
2026-02-07,C001,Search,Performance,West,1134859,36724,11427.44,2104
2026-02-07,C002,Social,Performance,North,709559,38171,8469.1,3040
2026-02-07,C002,Social,Performance,South,893594,33485,9186.25,2416
2026-02-07,C002,Social,Performance,East,1208148,36426,11719.83,2732
2026-02-07,C002,Social,Performance,West,924496,47256,10106.18,3792
2026-02-07,C003,Display,Awareness,North,629401,17948,6343.14,1229
2026-02-07,C003,Display,Awareness,South,571486,26152,7080.41,1654
2026-02-07,C003,Display,Awareness,East,636208,25597,7649.26,1837
2026-02-07,C003,Display,Awareness,West,519262,25331,6857.21,1463
2026-02-07,C004,Email,Retention,North,421657,19252,4210.8,1253
2026-02-07,C004,Email,Retention,South,218584,10208,2899.03,780
2026-02-07,C004,Email,Retention,East,365651,14462,3362.83,988
2026-02-07,C004,Email,Retention,West,359299,13846,3368.57,863
2026-02-07,C005,Affiliate,Performance,North,406071,19940,4486.33,1815
2026-02-07,C005,Affiliate,Performance,South,401496,10844,4829.22,976
2026-02-07,C005,Affiliate,Performance,East,601630,16242,5290.33,1314
2026-02-07,C005,Affiliate,Performance,West,302656,10975,3882.0,956
2026-02-08,C001,Search,Performance,North,900273,31973,10742.55,2234
2026-02-08,C001,Search,Performance,South,1072040,38686,13788.55,2846
2026-02-08,C001,Search,Performance,East,1465133,36995,14176.34,2356
2026-02-08,C001,Search,Performance,West,1493820,59035,14722.18,3259
2026-02-08,C002,Social,Performance,North,1000368,27003,10319.81,2313
2026-02-08,C002,Social,Performance,South,1022021,49525,10391.83,4213
2026-02-08,C002,Social,Performance,East,790154,35663,9801.82,2846
2026-02-08,C002,Social,Performance,West,1171729,35264,11192.36,2214
2026-02-08,C003,Display,Awareness,North,805055,38450,7231.31,3033
2026-02-08,C003,Display,Awareness,South,743848,38437,7352.8,3003
2026-02-08,C003,Display,Awareness,East,594872,27656,6331.33,1820
2026-02-08,C003,Display,Awareness,West,606971,20888,7304.98,1350
2026-02-08,C004,Email,Retention,North,347537,13975,3122.15,873
2026-02-08,C004,Email,Retention,South,219803,10085,2815.15,709
2026-02-08,C004,Email,Retention,East,364335,12080,3409.8,998
2026-02-08,C004,Email,Retention,West,307316,16340,3591.72,1314
2026-02-08,C005,Affiliate,Performance,North,357071,16367,4320.97,1043
2026-02-08,C005,Affiliate,Performance,South,439110,14463,4443.9,1178
2026-02-08,C005,Affiliate,Performance,East,541505,16587,5135.97,970
2026-02-08,C005,Affiliate,Performance,West,532680,19203,5173.77,1388
2026-02-09,C001,Search,Performance,North,951400,42818,12427.0,2908
2026-02-09,C001,Search,Performance,South,1138203,58780,10261.78,3997
2026-02-09,C001,Search,Performance,East,1054262,44596,12408.88,2572
2026-02-09,C001,Search,Performance,West,975932,53643,12385.45,3651
2026-02-09,C002,Social,Performance,North,1061237,58292,9707.55,3769
2026-02-09,C002,Social,Performance,South,733077,27369,9568.45,1647
2026-02-09,C002,Social,Performance,East,953390,40028,8964.69,2702
2026-02-09,C002,Social,Performance,West,898398,28713,8879.76,1595
2026-02-09,C003,Display,Awareness,North,729708,19095,6917.19,1689
2026-02-09,C003,Display,Awareness,South,740757,31039,7423.83,2482
2026-02-09,C003,Display,Awareness,East,654666,35823,6664.09,3054
2026-02-09,C003,Display,Awareness,West,668870,30916,7216.07,2181
2026-02-09,C004,Email,Retention,North,353623,18697,3153.77,1284
2026-02-09,C004,Email,Retention,South,250671,7858,2608.26,745
2026-02-09,C004,Email,Retention,East,315296,8387,3193.65,613
2026-02-09,C004,Email,Retention,West,334295,15152,3277.68,1059
2026-02-09,C005,Affiliate,Performance,North,563378,25047,5475.79,1653
2026-02-09,C005,Affiliate,Performance,South,365752,16121,4501.66,1273
2026-02-09,C005,Affiliate,Performance,East,443717,19981,4760.56,1768
2026-02-09,C005,Affiliate,Performance,West,337053,8619,4121.0,742
2026-02-10,C001,Search,Performance,North,1521290,74671,14017.73,6977
2026-02-10,C001,Search,Performance,South,1260417,49981,13069.8,3552
2026-02-10,C001,Search,Performance,East,1058196,55702,12293.11,4363
2026-02-10,C001,Search,Performance,West,1055772,37635,10695.31,2148
2026-02-10,C002,Social,Performance,North,700246,30254,8933.69,2730
2026-02-10,C002,Social,Performance,South,949003,42488,8602.55,2695
2026-02-10,C002,Social,Performance,East,828708,40672,9584.79,3859
2026-02-10,C002,Social,Performance,West,632808,32856,8304.46,2625
2026-02-10,C003,Display,Awareness,North,705445,18956,6478.19,1296
2026-02-10,C003,Display,Awareness,South,528415,28671,6802.41,2513
2026-02-10,C003,Display,Awareness,East,495659,15525,6367.56,996
2026-02-10,C003,Display,Awareness,West,565623,18697,6032.4,1103
2026-02-10,C004,Email,Retention,North,333124,15916,2924.12,1491
2026-02-10,C004,Email,Retention,South,271141,9042,2928.42,786
2026-02-10,C004,Email,Retention,East,224231,6478,2659.91,422
2026-02-10,C004,Email,Retention,West,241153,10904,2703.12,627
2026-02-10,C005,Affiliate,Performance,North,386259,13626,4775.89,1220
2026-02-10,C005,Affiliate,Performance,South,345576,9497,4256.02,706
2026-02-10,C005,Affiliate,Performance,East,510627,14866,4765.44,1162
2026-02-10,C005,Affiliate,Performance,West,358412,10509,3764.03,840
2026-02-11,C001,Search,Performance,North,930564,36094,11885.99,2427
2026-02-11,C001,Search,Performance,South,1084032,28953,10047.08,2077
2026-02-11,C001,Search,Performance,East,1398937,62975,14279.03,5421
2026-02-11,C001,Search,Performance,West,1272321,43788,11620.63,3350
2026-02-11,C002,Social,Performance,North,724763,28759,8752.47,2434
2026-02-11,C002,Social,Performance,South,927491,36631,9793.71,3242
2026-02-11,C002,Social,Performance,East,903445,31482,9898.36,2303
2026-02-11,C002,Social,Performance,West,915311,26342,8676.12,1655
2026-02-11,C003,Display,Awareness,North,743757,32979,7863.37,2117
2026-02-11,C003,Display,Awareness,South,742636,26857,7647.65,2187
2026-02-11,C003,Display,Awareness,East,547409,18261,6642.44,1164
2026-02-11,C003,Display,Awareness,West,479434,23862,5824.49,1585
2026-02-11,C004,Email,Retention,North,241709,11827,2686.2,824
2026-02-11,C004,Email,Retention,South,240692,10037,3066.9,891
2026-02-11,C004,Email,Retention,East,289914,9165,2844.79,584
2026-02-11,C004,Email,Retention,West,346243,11249,3148.73,737
2026-02-11,C005,Affiliate,Performance,North,498508,14736,4747.22,1080
2026-02-11,C005,Affiliate,Performance,South,453121,12602,5088.46,938
2026-02-11,C005,Affiliate,Performance,East,346361,18098,4097.7,1334
2026-02-11,C005,Affiliate,Performance,West,394210,18850,4209.31,1153
2026-02-12,C001,Search,Performance,North,901470,49568,9117.14,4251
2026-02-12,C001,Search,Performance,South,1037796,51709,11415.06,3197
2026-02-12,C001,Search,Performance,East,1212265,63423,12170.71,4781
2026-02-12,C001,Search,Performance,West,921740,24432,9697.32,1377
2026-02-12,C002,Social,Performance,North,793285,23656,7306.86,1324
2026-02-12,C002,Social,Performance,South,994142,31936,10694.12,1819
2026-02-12,C002,Social,Performance,East,844476,28232,8501.49,1748
2026-02-12,C002,Social,Performance,West,838902,41142,9301.5,2908
2026-02-12,C003,Display,Awareness,North,652536,20951,6161.18,1719
2026-02-12,C003,Display,Awareness,South,657763,34778,6737.22,2451
2026-02-12,C003,Display,Awareness,East,695854,22290,6564.06,1533
2026-02-12,C003,Display,Awareness,West,563859,30360,7399.33,2480
2026-02-12,C004,Email,Retention,North,294927,13376,2965.33,905
2026-02-12,C004,Email,Retention,South,333865,17833,3065.11,1611
2026-02-12,C004,Email,Retention,East,236774,12762,2744.75,707
2026-02-12,C004,Email,Retention,West,342093,15800,3300.73,1262
2026-02-12,C005,Affiliate,Performance,North,392751,12894,4236.25,886
2026-02-12,C005,Affiliate,Performance,South,476654,25293,4397.88,1579
2026-02-12,C005,Affiliate,Performance,East,371684,10321,4797.65,634
2026-02-12,C005,Affiliate,Performance,West,436247,12875,4415.08,1206
2026-02-13,C001,Search,Performance,North,1027110,40189,12102.69,3274
2026-02-13,C001,Search,Performance,South,934677,44505,8897.7,3476
2026-02-13,C001,Search,Performance,East,994193,51238,10913.66,4653
2026-02-13,C001,Search,Performance,West,1591566,54775,14291.19,4526
2026-02-13,C002,Social,Performance,North,682785,24077,8287.71,1738
2026-02-13,C002,Social,Performance,South,916624,26212,8468.6,2212
2026-02-13,C002,Social,Performance,East,710531,24156,7501.96,1904
2026-02-13,C002,Social,Performance,West,853936,25560,9246.36,1524
2026-02-13,C003,Display,Awareness,North,631978,29696,7120.22,2415
2026-02-13,C003,Display,Awareness,South,737462,36599,6569.1,2842
2026-02-13,C003,Display,Awareness,East,636318,22146,6993.99,1227
2026-02-13,C003,Display,Awareness,West,722978,35447,6690.41,2097
2026-02-13,C004,Email,Retention,North,213677,11627,2679.4,739
2026-02-13,C004,Email,Retention,South,296633,12709,3818.2,1074
2026-02-13,C004,Email,Retention,East,290963,8175,3021.69,506
2026-02-13,C004,Email,Retention,West,287001,9726,2937.01,899
2026-02-13,C005,Affiliate,Performance,North,286369,7612,3718.41,629
2026-02-13,C005,Affiliate,Performance,South,385307,12251,4129.02,974
2026-02-13,C005,Affiliate,Performance,East,422186,20985,4724.12,1843
2026-02-13,C005,Affiliate,Performance,West,362723,12885,3854.91,895
2026-02-14,C001,Search,Performance,North,1019130,28067,12225.3,2067
2026-02-14,C001,Search,Performance,South,1355642,68090,14378.09,4347
2026-02-14,C001,Search,Performance,East,1577371,57634,14612.74,4228
2026-02-14,C001,Search,Performance,West,1078114,57114,12373.43,3412
2026-02-14,C002,Social,Performance,North,953663,24775,9906.87,1833
2026-02-14,C002,Social,Performance,South,928311,27697,10166.6,2250
2026-02-14,C002,Social,Performance,East,1012852,27401,9777.5,1964
2026-02-14,C002,Social,Performance,West,809623,35124,10164.21,3250
2026-02-14,C003,Display,Awareness,North,590424,24514,6620.1,1743
2026-02-14,C003,Display,Awareness,South,777833,38456,7179.18,3056
2026-02-14,C003,Display,Awareness,East,484934,17286,6120.21,1236
2026-02-14,C003,Display,Awareness,West,667216,29854,6539.23,1725
2026-02-14,C004,Email,Retention,North,233496,11632,2873.0,659
2026-02-14,C004,Email,Retention,South,285791,8586,3114.3,774
2026-02-14,C004,Email,Retention,East,264813,12431,2784.66,1160
2026-02-14,C004,Email,Retention,West,280445,14466,3345.89,1336
2026-02-14,C005,Affiliate,Performance,North,498030,18475,4970.72,1572
2026-02-14,C005,Affiliate,Performance,South,501336,22722,5208.6,1639
2026-02-14,C005,Affiliate,Performance,East,424639,21226,5251.71,1626
2026-02-14,C005,Affiliate,Performance,West,558766,21199,5136.35,1487
2026-02-15,C001,Search,Performance,North,1383684,54684,12721.37,4132
2026-02-15,C001,Search,Performance,South,1167548,49260,13368.05,3350
2026-02-15,C001,Search,Performance,East,1336899,47291,12838.16,3870
2026-02-15,C001,Search,Performance,West,1449081,77384,13515.39,5494
2026-02-15,C002,Social,Performance,North,1038009,26752,9056.62,2117
2026-02-15,C002,Social,Performance,South,1073435,48993,10588.21,2930
2026-02-15,C002,Social,Performance,East,745527,30860,8540.94,2212
2026-02-15,C002,Social,Performance,West,837910,25244,10292.59,1810
2026-02-15,C003,Display,Awareness,North,571943,21043,7298.44,1241
2026-02-15,C003,Display,Awareness,South,544685,24429,7198.77,1932
2026-02-15,C003,Display,Awareness,East,507989,25424,6688.62,2389
2026-02-15,C003,Display,Awareness,West,531014,16962,6603.15,1522
2026-02-15,C004,Email,Retention,North,246106,6443,3195.15,502
2026-02-15,C004,Email,Retention,South,316483,8184,3488.73,641
2026-02-15,C004,Email,Retention,East,316414,11685,3211.22,1097
2026-02-15,C004,Email,Retention,West,312352,10387,3227.85,866
2026-02-15,C005,Affiliate,Performance,North,458551,19028,5095.64,1085
2026-02-15,C005,Affiliate,Performance,South,435524,21763,4731.65,1898
2026-02-15,C005,Affiliate,Performance,East,487628,25801,4527.98,1517
2026-02-15,C005,Affiliate,Performance,West,420921,14784,4525.92,1328
2026-02-16,C001,Search,Performance,North,792988,29211,8972.89,2225
2026-02-16,C001,Search,Performance,South,941497,39693,11558.54,3461
2026-02-16,C001,Search,Performance,East,914460,30218,11293.83,2098
2026-02-16,C001,Search,Performance,West,1147185,52071,12559.75,2981
2026-02-16,C002,Social,Performance,North,917074,28248,8913.46,2278
2026-02-16,C002,Social,Performance,South,737225,38027,8633.31,3453
2026-02-16,C002,Social,Performance,East,744578,23987,8141.73,1964
2026-02-16,C002,Social,Performance,West,901902,40759,8347.66,3585
2026-02-16,C003,Display,Awareness,North,608377,21788,5820.79,1783
2026-02-16,C003,Display,Awareness,South,539715,14808,6288.5,1402
2026-02-16,C003,Display,Awareness,East,779253,26247,7107.12,1934
2026-02-16,C003,Display,Awareness,West,778748,29075,7805.0,2096
2026-02-16,C004,Email,Retention,North,351230,10904,3221.62,1007
2026-02-16,C004,Email,Retention,South,254876,12666,2485.06,978
2026-02-16,C004,Email,Retention,East,288062,9388,2727.49,841
2026-02-16,C004,Email,Retention,West,221805,6383,2803.62,601
2026-02-16,C005,Affiliate,Performance,North,433178,19620,4923.98,1545
2026-02-16,C005,Affiliate,Performance,South,466655,21221,4707.7,1655
2026-02-16,C005,Affiliate,Performance,East,403198,12816,3813.0,1059
2026-02-16,C005,Affiliate,Performance,West,360110,15758,4270.08,1337
2026-02-17,C001,Search,Performance,North,1345372,35450,12345.38,2990
2026-02-17,C001,Search,Performance,South,963763,37929,10871.22,3495
2026-02-17,C001,Search,Performance,East,869461,23864,11508.84,1559
2026-02-17,C001,Search,Performance,West,745875,32774,9799.45,2361
2026-02-17,C002,Social,Performance,North,687605,30883,7918.32,2891
2026-02-17,C002,Social,Performance,South,706409,36529,9172.16,2852
2026-02-17,C002,Social,Performance,East,700857,19411,9011.26,1534
2026-02-17,C002,Social,Performance,West,1062765,55814,11989.9,3977
2026-02-17,C003,Display,Awareness,North,589208,24018,6793.27,1991
2026-02-17,C003,Display,Awareness,South,670559,32700,6040.5,2683
2026-02-17,C003,Display,Awareness,East,585549,14658,6743.4,965
2026-02-17,C003,Display,Awareness,West,552270,24772,6596.97,1990
2026-02-17,C004,Email,Retention,North,305101,10588,2929.41,864
2026-02-17,C004,Email,Retention,South,293134,10342,3013.83,624
2026-02-17,C004,Email,Retention,East,242970,9004,3070.24,757
2026-02-17,C004,Email,Retention,West,339854,9701,3200.35,533
2026-02-17,C005,Affiliate,Performance,North,349746,8878,4106.0,680
2026-02-17,C005,Affiliate,Performance,South,561938,30192,5153.22,2343
2026-02-17,C005,Affiliate,Performance,East,400275,14569,4128.47,1155
2026-02-17,C005,Affiliate,Performance,West,408696,13163,4513.53,773
2026-02-18,C001,Search,Performance,North,924984,50522,11269.88,3676
2026-02-18,C001,Search,Performance,South,1122496,57481,11659.28,5450
2026-02-18,C001,Search,Performance,East,1200894,41037,13634.5,2918
2026-02-18,C001,Search,Performance,West,1264843,57507,12412.56,3888
2026-02-18,C002,Social,Performance,North,746031,31597,9309.91,2614
2026-02-18,C002,Social,Performance,South,844207,40187,8194.24,3613
2026-02-18,C002,Social,Performance,East,1070819,32766,10733.22,1835
2026-02-18,C002,Social,Performance,West,777410,29767,8999.72,2371
2026-02-18,C003,Display,Awareness,North,501677,27042,6269.24,1604
2026-02-18,C003,Display,Awareness,South,637928,27154,6776.41,2081
2026-02-18,C003,Display,Awareness,East,641488,20535,6628.74,1653
2026-02-18,C003,Display,Awareness,West,640147,16802,5938.14,1258
2026-02-18,C004,Email,Retention,North,234832,10193,2689.61,926
2026-02-18,C004,Email,Retention,South,350240,14883,3261.17,1253
2026-02-18,C004,Email,Retention,East,323146,9919,3450.68,823
2026-02-18,C004,Email,Retention,West,255129,9123,2623.21,834
2026-02-18,C005,Affiliate,Performance,North,414334,15279,4061.05,1302
2026-02-18,C005,Affiliate,Performance,South,474126,17717,5088.98,1636
2026-02-18,C005,Affiliate,Performance,East,420310,22730,4272.24,1593
2026-02-18,C005,Affiliate,Performance,West,336980,11854,4349.18,891
2026-02-19,C001,Search,Performance,North,1443567,55652,12562.59,3850
2026-02-19,C001,Search,Performance,South,990394,28181,10880.09,2545
2026-02-19,C001,Search,Performance,East,1016853,38905,10029.37,3148
2026-02-19,C001,Search,Performance,West,811671,40106,10478.88,3714
2026-02-19,C002,Social,Performance,North,759324,29858,9367.75,2360
2026-02-19,C002,Social,Performance,South,896093,33194,9118.74,2274
2026-02-19,C002,Social,Performance,East,713316,33547,8751.66,2125
2026-02-19,C002,Social,Performance,West,632079,26276,8172.47,2070
2026-02-19,C003,Display,Awareness,North,589728,28949,6639.65,2217
2026-02-19,C003,Display,Awareness,South,563069,23635,7203.02,2158
2026-02-19,C003,Display,Awareness,East,448236,13242,5551.69,957
2026-02-19,C003,Display,Awareness,West,592821,16254,5998.56,1504
2026-02-19,C004,Email,Retention,North,341236,9351,3155.58,692
2026-02-19,C004,Email,Retention,South,348880,17395,3481.71,1501
2026-02-19,C004,Email,Retention,East,244657,12539,3059.22,1176
2026-02-19,C004,Email,Retention,West,243836,11377,2970.49,644
2026-02-19,C005,Affiliate,Performance,North,461713,24506,4700.53,2006
2026-02-19,C005,Affiliate,Performance,South,329249,16228,3493.32,1509
2026-02-19,C005,Affiliate,Performance,East,389479,17261,4206.3,1212
2026-02-19,C005,Affiliate,Performance,West,333600,14339,4322.22,1306
2026-02-20,C001,Search,Performance,North,977546,25856,10544.92,2270
2026-02-20,C001,Search,Performance,South,1229444,52423,11378.09,3623
2026-02-20,C001,Search,Performance,East,1329608,58427,12306.94,5046
2026-02-20,C001,Search,Performance,West,1363620,51032,13781.95,4762
2026-02-20,C002,Social,Performance,North,946843,41442,11296.22,3226
2026-02-20,C002,Social,Performance,South,810486,21710,9836.78,1718
2026-02-20,C002,Social,Performance,East,767380,34528,9127.78,2009
2026-02-20,C002,Social,Performance,West,977666,29233,10549.59,1823
2026-02-20,C003,Display,Awareness,North,477440,17633,6196.83,1330
2026-02-20,C003,Display,Awareness,South,540830,19731,5733.28,1747
2026-02-20,C003,Display,Awareness,East,504579,13691,6512.24,1067
2026-02-20,C003,Display,Awareness,West,564495,28981,5781.35,2240
2026-02-20,C004,Email,Retention,North,307817,8116,3053.05,753
2026-02-20,C004,Email,Retention,South,285262,9669,2624.63,561
2026-02-20,C004,Email,Retention,East,237612,9636,2972.71,624
2026-02-20,C004,Email,Retention,West,265818,14536,2975.83,1197
2026-02-20,C005,Affiliate,Performance,North,387404,9733,4962.25,796
2026-02-20,C005,Affiliate,Performance,South,367009,13698,3645.57,1021
2026-02-20,C005,Affiliate,Performance,East,383748,11632,4340.31,685
2026-02-20,C005,Affiliate,Performance,West,506448,21767,4471.21,1831
2026-02-21,C001,Search,Performance,North,998136,27856,11815.49,1731
2026-02-21,C001,Search,Performance,South,1180870,53524,11046.44,4114
2026-02-21,C001,Search,Performance,East,1095498,36609,14061.18,2525
2026-02-21,C001,Search,Performance,West,1371000,75097,12897.83,4853
2026-02-21,C002,Social,Performance,North,820046,30325,9764.06,2164
2026-02-21,C002,Social,Performance,South,1115026,33926,9769.89,2950
2026-02-21,C002,Social,Performance,East,1008162,42696,10982.11,3770
2026-02-21,C002,Social,Performance,West,954218,48658,8904.07,2792
2026-02-21,C003,Display,Awareness,North,594069,24628,6483.16,1751
2026-02-21,C003,Display,Awareness,South,701557,38512,7324.34,2326
2026-02-21,C003,Display,Awareness,East,511946,15236,6373.81,1416
2026-02-21,C003,Display,Awareness,West,910352,47530,8262.11,4499
2026-02-21,C004,Email,Retention,North,311094,12292,3056.88,881
2026-02-21,C004,Email,Retention,South,257321,11016,2881.14,859
2026-02-21,C004,Email,Retention,East,311491,13116,3206.66,831
2026-02-21,C004,Email,Retention,West,299669,7718,2862.42,534
2026-02-21,C005,Affiliate,Performance,North,429239,19680,5023.48,1529
2026-02-21,C005,Affiliate,Performance,South,600379,28248,5618.91,2243
2026-02-21,C005,Affiliate,Performance,East,371612,13962,4348.72,1102
2026-02-21,C005,Affiliate,Performance,West,462704,15567,4842.62,860
2026-02-22,C001,Search,Performance,North,1125451,28944,10781.8,2269
2026-02-22,C001,Search,Performance,South,1455354,43998,12918.23,3249
2026-02-22,C001,Search,Performance,East,1287009,47903,13265.23,3633
2026-02-22,C001,Search,Performance,West,1332065,41145,12015.43,2300
2026-02-22,C002,Social,Performance,North,1100204,47207,9945.23,4126
2026-02-22,C002,Social,Performance,South,997683,47385,10822.39,4336
2026-02-22,C002,Social,Performance,East,734094,22727,8560.68,1474
2026-02-22,C002,Social,Performance,West,872824,36356,10002.96,2854
2026-02-22,C003,Display,Awareness,North,665723,18396,8506.24,1138
2026-02-22,C003,Display,Awareness,South,594626,18683,6211.94,1239
2026-02-22,C003,Display,Awareness,East,600387,26706,7946.42,2183
2026-02-22,C003,Display,Awareness,West,721596,38232,6747.29,2133
2026-02-22,C004,Email,Retention,North,414139,18790,4079.35,1733
2026-02-22,C004,Email,Retention,South,321018,14960,2794.43,994
2026-02-22,C004,Email,Retention,East,285644,9031,3350.76,546
2026-02-22,C004,Email,Retention,West,346371,13855,3167.13,1136
2026-02-22,C005,Affiliate,Performance,North,553917,19042,5255.38,1360
2026-02-22,C005,Affiliate,Performance,South,374446,20331,4490.43,1643
2026-02-22,C005,Affiliate,Performance,East,507331,24339,4773.74,2012
2026-02-22,C005,Affiliate,Performance,West,574516,21146,5056.23,1273
2026-02-23,C001,Search,Performance,North,1325274,41354,13522.88,3108
2026-02-23,C001,Search,Performance,South,1148105,43425,13123.06,3509
2026-02-23,C001,Search,Performance,East,1006940,33304,11039.44,2096
2026-02-23,C001,Search,Performance,West,1377339,72003,12952.77,5026
2026-02-23,C002,Social,Performance,North,1021782,31148,9387.5,2904
2026-02-23,C002,Social,Performance,South,832523,29285,9243.37,1683
2026-02-23,C002,Social,Performance,East,692419,23894,8151.72,2087
2026-02-23,C002,Social,Performance,West,986715,33621,8968.55,3003
2026-02-23,C003,Display,Awareness,North,547533,25027,6770.72,2322
2026-02-23,C003,Display,Awareness,South,702613,24555,6868.06,1842
2026-02-23,C003,Display,Awareness,East,527079,18111,6605.16,1577
2026-02-23,C003,Display,Awareness,West,887656,25847,8109.65,2406
2026-02-23,C004,Email,Retention,North,355150,17529,3380.03,1627
2026-02-23,C004,Email,Retention,South,231517,11750,2645.41,708
2026-02-23,C004,Email,Retention,East,339542,11058,3325.29,994
2026-02-23,C004,Email,Retention,West,267618,7121,3273.45,596
2026-02-23,C005,Affiliate,Performance,North,457960,13760,5069.53,1217
2026-02-23,C005,Affiliate,Performance,South,432666,13272,4462.48,1112
2026-02-23,C005,Affiliate,Performance,East,539084,26879,5769.56,2370
2026-02-23,C005,Affiliate,Performance,West,477671,13452,4620.74,1191
2026-02-24,C001,Search,Performance,North,1213398,62342,13554.6,5237
2026-02-24,C001,Search,Performance,South,1060447,39483,13338.35,3571
2026-02-24,C001,Search,Performance,East,1145622,37191,13348.76,3446
2026-02-24,C001,Search,Performance,West,1206262,58220,13876.11,4117
2026-02-24,C002,Social,Performance,North,842885,30104,9389.87,2070
2026-02-24,C002,Social,Performance,South,865804,33090,9035.57,2984
2026-02-24,C002,Social,Performance,East,1002471,54616,12447.68,3549
2026-02-24,C002,Social,Performance,West,883495,39663,11336.37,3126
2026-02-24,C003,Display,Awareness,North,587119,18125,5517.91,1591
2026-02-24,C003,Display,Awareness,South,548830,20619,5436.66,1511
2026-02-24,C003,Display,Awareness,East,676469,23423,7082.33,1846
2026-02-24,C003,Display,Awareness,West,687065,26148,5983.36,2401
2026-02-24,C004,Email,Retention,North,238342,8952,2865.74,571
2026-02-24,C004,Email,Retention,South,221469,11616,2952.57,1030
2026-02-24,C004,Email,Retention,East,222928,6025,2793.08,505
2026-02-24,C004,Email,Retention,West,354460,13439,3160.53,803
2026-02-24,C005,Affiliate,Performance,North,325741,14215,3619.63,1190
2026-02-24,C005,Affiliate,Performance,South,363844,9484,4581.04,898
2026-02-24,C005,Affiliate,Performance,East,452168,17329,5100.62,1421
2026-02-24,C005,Affiliate,Performance,West,410292,20860,4302.75,1869
2026-02-25,C001,Search,Performance,North,1163786,63550,12337.49,5413
2026-02-25,C001,Search,Performance,South,1017061,41853,11973.29,3962
2026-02-25,C001,Search,Performance,East,819402,30403,10884.83,1957
2026-02-25,C001,Search,Performance,West,1473086,51734,13670.74,4557
2026-02-25,C002,Social,Performance,North,646926,19804,8323.01,1529
2026-02-25,C002,Social,Performance,South,722836,27122,8341.59,1900
2026-02-25,C002,Social,Performance,East,579723,31074,7313.09,1783
2026-02-25,C002,Social,Performance,West,775451,26320,8922.87,1784
2026-02-25,C003,Display,Awareness,North,544035,23963,6808.96,1436
2026-02-25,C003,Display,Awareness,South,478742,25030,6151.81,1567
2026-02-25,C003,Display,Awareness,East,517019,27745,6618.76,1800
2026-02-25,C003,Display,Awareness,West,809981,24351,7404.81,2171
2026-02-25,C004,Email,Retention,North,317583,16845,3002.36,1539
2026-02-25,C004,Email,Retention,South,312995,16164,2903.89,1017
2026-02-25,C004,Email,Retention,East,244691,9004,2716.32,691
2026-02-25,C004,Email,Retention,West,220597,10089,2710.21,622
2026-02-25,C005,Affiliate,Performance,North,482531,22767,4515.65,1840
2026-02-25,C005,Affiliate,Performance,South,300222,12432,3695.91,727
2026-02-25,C005,Affiliate,Performance,East,303726,10089,3965.48,940
2026-02-25,C005,Affiliate,Performance,West,425574,15137,3761.31,858
2026-02-26,C001,Search,Performance,North,1302108,38068,11532.15,3256
2026-02-26,C001,Search,Performance,South,845846,46045,10660.06,3235
2026-02-26,C001,Search,Performance,East,1123419,34556,11222.21,2102
2026-02-26,C001,Search,Performance,West,1518126,79746,13491.75,7216
2026-02-26,C002,Social,Performance,North,787654,27602,10129.11,1864
2026-02-26,C002,Social,Performance,South,948360,33836,9443.39,2061
2026-02-26,C002,Social,Performance,East,919620,26639,10185.75,1674
2026-02-26,C002,Social,Performance,West,789930,26855,9348.36,2167
2026-02-26,C003,Display,Awareness,North,683290,33973,7634.52,2145
2026-02-26,C003,Display,Awareness,South,662076,32460,7061.27,2019
2026-02-26,C003,Display,Awareness,East,562462,25705,7399.47,1738
2026-02-26,C003,Display,Awareness,West,449380,19455,5818.76,1257
2026-02-26,C004,Email,Retention,North,225712,7660,2790.48,448
2026-02-26,C004,Email,Retention,South,327830,8255,2941.95,613
2026-02-26,C004,Email,Retention,East,323857,9667,2890.49,905
2026-02-26,C004,Email,Retention,West,232152,10968,2789.23,843
2026-02-26,C005,Affiliate,Performance,North,439830,13574,4563.39,836
2026-02-26,C005,Affiliate,Performance,South,555097,19336,4971.34,1351
2026-02-26,C005,Affiliate,Performance,East,472604,22277,4179.29,1757
2026-02-26,C005,Affiliate,Performance,West,558854,14803,5069.63,966
2026-02-27,C001,Search,Performance,North,1078441,56700,10294.78,4079
2026-02-27,C001,Search,Performance,South,1043538,56190,11766.76,4090
2026-02-27,C001,Search,Performance,East,1073048,45141,9633.96,3858
2026-02-27,C001,Search,Performance,West,1268927,44736,11807.02,3236
2026-02-27,C002,Social,Performance,North,923784,49172,8653.11,3930
2026-02-27,C002,Social,Performance,South,1041225,51179,9948.16,4544
2026-02-27,C002,Social,Performance,East,775336,35055,8513.16,2559
2026-02-27,C002,Social,Performance,West,932420,33296,8883.7,2676
2026-02-27,C003,Display,Awareness,North,667358,20769,6892.22,1384
2026-02-27,C003,Display,Awareness,South,633687,25016,6038.32,1592
2026-02-27,C003,Display,Awareness,East,605706,31459,6443.41,2390
2026-02-27,C003,Display,Awareness,West,709234,23096,6866.36,1682
2026-02-27,C004,Email,Retention,North,219277,5740,2922.23,540
2026-02-27,C004,Email,Retention,South,245677,11030,2900.76,976
2026-02-27,C004,Email,Retention,East,277623,11939,2666.26,1005
2026-02-27,C004,Email,Retention,West,322883,17520,3052.12,1365
2026-02-27,C005,Affiliate,Performance,North,396377,20580,5098.92,1230
2026-02-27,C005,Affiliate,Performance,South,347035,17168,3938.5,1354
2026-02-27,C005,Affiliate,Performance,East,462846,16292,4239.22,1462
2026-02-27,C005,Affiliate,Performance,West,278235,13439,3543.26,1194
2026-02-28,C001,Search,Performance,North,1028588,47518,12602.16,3631
2026-02-28,C001,Search,Performance,South,1145109,35377,11404.01,2245
2026-02-28,C001,Search,Performance,East,1250494,63447,12840.1,5182
2026-02-28,C001,Search,Performance,West,1169364,62670,12653.29,5249
2026-02-28,C002,Social,Performance,North,833763,22165,9768.05,1862
2026-02-28,C002,Social,Performance,South,838191,28568,10496.79,2179
2026-02-28,C002,Social,Performance,East,970836,35330,11890.18,2815
2026-02-28,C002,Social,Performance,West,1258440,58931,11059.06,5416
2026-02-28,C003,Display,Awareness,North,610559,27475,7384.53,2196
2026-02-28,C003,Display,Awareness,South,804009,31913,8113.21,2430
2026-02-28,C003,Display,Awareness,East,596281,29310,7192.59,1829
2026-02-28,C003,Display,Awareness,West,446911,17021,5700.5,1384
2026-02-28,C004,Email,Retention,North,266328,9430,2736.43,870
2026-02-28,C004,Email,Retention,South,345884,13859,3090.85,944
2026-02-28,C004,Email,Retention,East,294328,7464,2632.13,575
2026-02-28,C004,Email,Retention,West,328304,12984,3137.87,758
2026-02-28,C005,Affiliate,Performance,North,484770,15560,4868.76,1156
2026-02-28,C005,Affiliate,Performance,South,469605,12795,5095.21,758
2026-02-28,C005,Affiliate,Performance,East,383223,15385,4628.4,1319
2026-02-28,C005,Affiliate,Performance,West,401161,16970,5177.75,1014
2026-03-01,C001,Search,Performance,North,1608189,52864,14786.62,3799
2026-03-01,C001,Search,Performance,South,1077365,41448,14065.39,3237
2026-03-01,C001,Search,Performance,East,1085145,30599,12384.5,2131
2026-03-01,C001,Search,Performance,West,1273062,61104,16118.84,5722
2026-03-01,C002,Social,Performance,North,1133294,49777,13115.59,3644
2026-03-01,C002,Social,Performance,South,1141886,54505,12111.56,3612
2026-03-01,C002,Social,Performance,East,909300,35980,11771.04,3292
2026-03-01,C002,Social,Performance,West,1086910,44989,10933.11,2923
2026-03-01,C003,Display,Awareness,North,862878,34896,8861.97,2058
2026-03-01,C003,Display,Awareness,South,585821,31581,7744.75,2213
2026-03-01,C003,Display,Awareness,East,767293,40648,7498.62,3171
2026-03-01,C003,Display,Awareness,West,658019,27933,8220.66,2392
2026-03-01,C004,Email,Retention,North,414110,21524,4102.24,1720
2026-03-01,C004,Email,Retention,South,292013,10013,3638.73,631
2026-03-01,C004,Email,Retention,East,387528,13187,3797.22,822
2026-03-01,C004,Email,Retention,West,404024,15847,3838.42,1014
2026-03-01,C005,Affiliate,Performance,North,470631,18381,5345.24,1119
2026-03-01,C005,Affiliate,Performance,South,646578,20220,5652.59,1217
2026-03-01,C005,Affiliate,Performance,East,547944,22993,5954.61,1283
2026-03-01,C005,Affiliate,Performance,West,398084,15276,5212.09,1339
2026-03-02,C001,Search,Performance,North,1361287,67910,15038.7,4098
2026-03-02,C001,Search,Performance,South,1563767,74345,13910.57,6888
2026-03-02,C001,Search,Performance,East,1391311,46284,12364.22,3160
2026-03-02,C001,Search,Performance,West,1638869,78599,15906.36,7244
2026-03-02,C002,Social,Performance,North,1148397,30907,10985.05,2178
2026-03-02,C002,Social,Performance,South,842142,28746,9757.12,2711
2026-03-02,C002,Social,Performance,East,1351350,49075,11847.23,4273
2026-03-02,C002,Social,Performance,West,1044746,53371,11309.08,3321
2026-03-02,C003,Display,Awareness,North,760729,32898,8382.68,2394
2026-03-02,C003,Display,Awareness,South,724061,23061,6915.93,1322
2026-03-02,C003,Display,Awareness,East,596215,21251,7295.77,1508
2026-03-02,C003,Display,Awareness,West,478282,20326,6187.7,1836
2026-03-02,C004,Email,Retention,North,361435,13582,3557.8,1127
2026-03-02,C004,Email,Retention,South,282700,11347,3092.01,627
2026-03-02,C004,Email,Retention,East,293880,10593,3839.76,997
2026-03-02,C004,Email,Retention,West,359781,14412,3917.93,1317
2026-03-02,C005,Affiliate,Performance,North,588593,29977,5505.39,2196
2026-03-02,C005,Affiliate,Performance,South,573074,20963,6096.26,1963
2026-03-02,C005,Affiliate,Performance,East,538320,21218,4915.34,1225
2026-03-02,C005,Affiliate,Performance,West,514289,19293,5302.57,1738
2026-03-03,C001,Search,Performance,North,1415444,37705,14546.09,3539
2026-03-03,C001,Search,Performance,South,1256520,42377,13156.65,3126
2026-03-03,C001,Search,Performance,East,1093015,31557,13215.51,2111
2026-03-03,C001,Search,Performance,West,1586669,62116,14940.12,3981
2026-03-03,C002,Social,Performance,North,1110298,39183,9860.82,3703
2026-03-03,C002,Social,Performance,South,887138,26946,9396.73,2442
2026-03-03,C002,Social,Performance,East,1418815,37606,12407.82,2213
2026-03-03,C002,Social,Performance,West,1038300,34736,10001.14,2166
2026-03-03,C003,Display,Awareness,North,667727,28830,7125.56,2079
2026-03-03,C003,Display,Awareness,South,589546,28595,7748.6,1584
2026-03-03,C003,Display,Awareness,East,717903,29481,7776.79,2183
2026-03-03,C003,Display,Awareness,West,695077,35881,7674.62,3256
2026-03-03,C004,Email,Retention,North,431507,23241,3850.12,1751
2026-03-03,C004,Email,Retention,South,274684,9163,2950.01,855
2026-03-03,C004,Email,Retention,East,305085,10180,3535.09,724
2026-03-03,C004,Email,Retention,West,355621,9476,3093.66,740
2026-03-03,C005,Affiliate,Performance,North,464065,16007,5437.1,936
2026-03-03,C005,Affiliate,Performance,South,338919,18300,3889.87,1698
2026-03-03,C005,Affiliate,Performance,East,624284,15722,5604.8,1374
2026-03-03,C005,Affiliate,Performance,West,485275,13461,4296.95,827
2026-03-04,C001,Search,Performance,North,1047591,34286,13862.92,2502
2026-03-04,C001,Search,Performance,South,1498880,70439,14592.42,6678
2026-03-04,C001,Search,Performance,East,1373235,51042,14255.1,3152
2026-03-04,C001,Search,Performance,West,1314671,66521,11522.28,4984
2026-03-04,C002,Social,Performance,North,872874,40020,9021.82,3025
2026-03-04,C002,Social,Performance,South,1249531,54154,10902.33,3782
2026-03-04,C002,Social,Performance,East,880007,31159,9736.69,2251
2026-03-04,C002,Social,Performance,West,1156818,45723,10885.54,3966
2026-03-04,C003,Display,Awareness,North,667758,21467,6217.54,1373
2026-03-04,C003,Display,Awareness,South,777856,25533,8172.47,1413
2026-03-04,C003,Display,Awareness,East,705328,38094,7598.82,2965
2026-03-04,C003,Display,Awareness,West,1019891,29763,9310.91,2314
2026-03-04,C004,Email,Retention,North,366302,13245,3531.63,777
2026-03-04,C004,Email,Retention,South,357062,13152,3826.38,1179
2026-03-04,C004,Email,Retention,East,423088,16205,3722.24,1099
2026-03-04,C004,Email,Retention,West,321823,14685,3350.8,968
2026-03-04,C005,Affiliate,Performance,North,455238,15691,5107.07,1171
2026-03-04,C005,Affiliate,Performance,South,431324,13270,4910.94,894
2026-03-04,C005,Affiliate,Performance,East,476920,20171,5139.87,1902
2026-03-04,C005,Affiliate,Performance,West,454377,20646,5366.82,1726
2026-03-05,C001,Search,Performance,North,1303054,35081,12765.67,2765
2026-03-05,C001,Search,Performance,South,1472880,46143,14083.34,4091
2026-03-05,C001,Search,Performance,East,955915,51236,11896.72,2966
2026-03-05,C001,Search,Performance,West,1121279,39732,13515.29,3170
2026-03-05,C002,Social,Performance,North,806457,25937,9313.62,1648
2026-03-05,C002,Social,Performance,South,958490,44206,10481.52,2815
2026-03-05,C002,Social,Performance,East,1035830,55561,9081.59,4834
2026-03-05,C002,Social,Performance,West,746889,20196,8821.57,1366
2026-03-05,C003,Display,Awareness,North,796691,40431,7508.23,3590
2026-03-05,C003,Display,Awareness,South,561139,25597,6277.64,1728
2026-03-05,C003,Display,Awareness,East,572337,21334,7591.38,1454
2026-03-05,C003,Display,Awareness,West,742529,35632,7227.61,2393
2026-03-05,C004,Email,Retention,North,301822,14128,3250.54,1168
2026-03-05,C004,Email,Retention,South,432229,13725,3775.1,1118
2026-03-05,C004,Email,Retention,East,302304,14375,3720.46,1117
2026-03-05,C004,Email,Retention,West,302629,11873,3519.49,811
2026-03-05,C005,Affiliate,Performance,North,555905,24432,5685.72,1850
2026-03-05,C005,Affiliate,Performance,South,406441,13000,5275.27,970
2026-03-05,C005,Affiliate,Performance,East,448278,15548,4710.53,1015
2026-03-05,C005,Affiliate,Performance,West,457766,13274,4892.79,1222
2026-03-06,C001,Search,Performance,North,1138741,54974,14369.24,4800
2026-03-06,C001,Search,Performance,South,1567066,44534,14824.12,3596
2026-03-06,C001,Search,Performance,East,1430852,55446,14187.04,4222
2026-03-06,C001,Search,Performance,West,1187817,52464,15552.43,3056
2026-03-06,C002,Social,Performance,North,841838,24415,8695.14,2018
2026-03-06,C002,Social,Performance,South,1046644,31295,9800.0,1851
2026-03-06,C002,Social,Performance,East,647203,28791,8164.7,2583
2026-03-06,C002,Social,Performance,West,1372657,60097,12694.81,3486
2026-03-06,C003,Display,Awareness,North,600753,21958,7034.43,2035
2026-03-06,C003,Display,Awareness,South,713677,35718,7178.77,2979
2026-03-06,C003,Display,Awareness,East,664072,29334,7721.42,2013
2026-03-06,C003,Display,Awareness,West,814369,26798,7087.21,1773
2026-03-06,C004,Email,Retention,North,416845,22606,3843.49,2125
2026-03-06,C004,Email,Retention,South,294230,14610,3791.09,1181
2026-03-06,C004,Email,Retention,East,319143,17385,3159.6,1590
2026-03-06,C004,Email,Retention,West,330678,8663,3572.39,602
2026-03-06,C005,Affiliate,Performance,North,510066,13594,5462.63,979
2026-03-06,C005,Affiliate,Performance,South,529644,27995,5648.87,2257
2026-03-06,C005,Affiliate,Performance,East,412467,22346,5312.41,1550
2026-03-06,C005,Affiliate,Performance,West,400773,14290,4258.36,1176
2026-03-07,C001,Search,Performance,North,1448556,49931,16897.57,2996
2026-03-07,C001,Search,Performance,South,1658248,43436,16382.55,3427
2026-03-07,C001,Search,Performance,East,973825,43941,12472.34,3860
2026-03-07,C001,Search,Performance,West,1011020,38053,11924.35,3369
2026-03-07,C002,Social,Performance,North,1048204,32258,10803.69,1905
2026-03-07,C002,Social,Performance,South,1309618,64976,11751.28,5549
2026-03-07,C002,Social,Performance,East,892056,24746,9209.84,2109
2026-03-07,C002,Social,Performance,West,1018218,31155,10358.55,1948
2026-03-07,C003,Display,Awareness,North,685583,18147,9056.59,1413
2026-03-07,C003,Display,Awareness,South,896298,31193,8316.01,2151
2026-03-07,C003,Display,Awareness,East,525817,24743,6912.79,1980
2026-03-07,C003,Display,Awareness,West,847291,40034,8625.56,3283
2026-03-07,C004,Email,Retention,North,281438,8132,3516.03,667
2026-03-07,C004,Email,Retention,South,362923,19555,3319.1,1567
2026-03-07,C004,Email,Retention,East,383804,18592,3848.39,1545
2026-03-07,C004,Email,Retention,West,459135,12252,4236.41,1040
2026-03-07,C005,Affiliate,Performance,North,537008,18486,5337.11,1725
2026-03-07,C005,Affiliate,Performance,South,460178,19508,6028.25,1202
2026-03-07,C005,Affiliate,Performance,East,433561,17269,5136.05,1581
2026-03-07,C005,Affiliate,Performance,West,493049,14459,5907.01,1234
2026-03-08,C001,Search,Performance,North,1316221,58411,16276.86,3756
2026-03-08,C001,Search,Performance,South,1211414,55122,14905.98,4340
2026-03-08,C001,Search,Performance,East,1277728,47485,13751.01,4480
2026-03-08,C001,Search,Performance,West,1438926,48699,16598.54,3369
2026-03-08,C002,Social,Performance,North,1064876,35109,9540.91,3189
2026-03-08,C002,Social,Performance,South,921915,41206,11649.32,3761
2026-03-08,C002,Social,Performance,East,1218541,41488,11937.97,2594
2026-03-08,C002,Social,Performance,West,967405,26884,11100.55,1633
2026-03-08,C003,Display,Awareness,North,847175,24772,7930.64,1491
2026-03-08,C003,Display,Awareness,South,742303,22948,7368.72,1351
2026-03-08,C003,Display,Awareness,East,778351,32004,7688.72,2627
2026-03-08,C003,Display,Awareness,West,919596,40335,8988.61,2647
2026-03-08,C004,Email,Retention,North,410057,17257,3706.26,1523
2026-03-08,C004,Email,Retention,South,404338,12093,3526.26,999
2026-03-08,C004,Email,Retention,East,318168,15406,4013.17,1408
2026-03-08,C004,Email,Retention,West,315721,13866,3495.85,1001
2026-03-08,C005,Affiliate,Performance,North,491401,26086,4658.49,2416
2026-03-08,C005,Affiliate,Performance,South,431663,22119,5264.75,1868
2026-03-08,C005,Affiliate,Performance,East,474298,24837,5533.13,1995
2026-03-08,C005,Affiliate,Performance,West,577052,18878,5557.02,1581
2026-03-09,C001,Search,Performance,North,1370047,40255,13690.88,3539
2026-03-09,C001,Search,Performance,South,1130261,50373,13391.52,3586
2026-03-09,C001,Search,Performance,East,954801,49923,12616.88,3284
2026-03-09,C001,Search,Performance,West,1520442,83594,14105.98,5304
2026-03-09,C002,Social,Performance,North,1280588,67198,11271.0,5047
2026-03-09,C002,Social,Performance,South,977567,28420,9152.88,2674
2026-03-09,C002,Social,Performance,East,837285,41427,9750.76,2905
2026-03-09,C002,Social,Performance,West,788887,27821,10044.93,2622
2026-03-09,C003,Display,Awareness,North,542642,29620,6645.02,2601
2026-03-09,C003,Display,Awareness,South,773537,20964,8967.6,1200
2026-03-09,C003,Display,Awareness,East,856070,34159,7633.23,3030
2026-03-09,C003,Display,Awareness,West,628879,29090,6774.13,2451
2026-03-09,C004,Email,Retention,North,331122,8980,3295.01,623
2026-03-09,C004,Email,Retention,South,298512,16384,3096.86,1212
2026-03-09,C004,Email,Retention,East,358560,15368,3355.56,1390
2026-03-09,C004,Email,Retention,West,358941,15480,3925.53,1241
2026-03-09,C005,Affiliate,Performance,North,365332,9316,4639.59,837
2026-03-09,C005,Affiliate,Performance,South,426127,13357,5045.37,1127
2026-03-09,C005,Affiliate,Performance,East,424635,22842,5210.23,2034
2026-03-09,C005,Affiliate,Performance,West,463238,17233,4228.5,1473
2026-03-10,C001,Search,Performance,North,1293584,52442,13877.31,2899
2026-03-10,C001,Search,Performance,South,1229651,57230,13379.23,4161
2026-03-10,C001,Search,Performance,East,1357860,57916,12628.24,3673
2026-03-10,C001,Search,Performance,West,1259198,55204,14907.26,4868
2026-03-10,C002,Social,Performance,North,972688,43846,8868.39,3197
2026-03-10,C002,Social,Performance,South,926881,28851,9806.6,2310
2026-03-10,C002,Social,Performance,East,825904,43362,8459.18,3773
2026-03-10,C002,Social,Performance,West,725484,33779,7797.12,2649
2026-03-10,C003,Display,Awareness,North,608420,19697,6503.18,1804
2026-03-10,C003,Display,Awareness,South,658632,35281,7449.22,2692
2026-03-10,C003,Display,Awareness,East,642985,23324,8019.76,1375
2026-03-10,C003,Display,Awareness,West,926494,35583,9272.54,3064
2026-03-10,C004,Email,Retention,North,297512,15707,3260.29,1310
2026-03-10,C004,Email,Retention,South,301987,12235,3291.17,714
2026-03-10,C004,Email,Retention,East,292318,15777,3682.55,978
2026-03-10,C004,Email,Retention,West,295769,9572,2930.7,801
2026-03-10,C005,Affiliate,Performance,North,552292,28594,5546.22,1662
2026-03-10,C005,Affiliate,Performance,South,510017,16549,5780.11,1564
2026-03-10,C005,Affiliate,Performance,East,613832,19251,5995.1,1242
2026-03-10,C005,Affiliate,Performance,West,416195,15538,4825.38,1000
2026-03-11,C001,Search,Performance,North,1211790,30552,13686.32,2511
2026-03-11,C001,Search,Performance,South,1527323,44900,14139.58,2756
2026-03-11,C001,Search,Performance,East,1115230,48709,14522.28,3280
2026-03-11,C001,Search,Performance,West,1406616,67646,15672.78,5914
2026-03-11,C002,Social,Performance,North,1000664,48187,10965.16,3582
2026-03-11,C002,Social,Performance,South,1133155,59187,10217.69,3462
2026-03-11,C002,Social,Performance,East,1044080,52730,9739.13,3510
2026-03-11,C002,Social,Performance,West,1241936,32906,10981.8,2007
2026-03-11,C003,Display,Awareness,North,956804,24407,9491.54,2279
2026-03-11,C003,Display,Awareness,South,646116,18925,8414.78,1051
2026-03-11,C003,Display,Awareness,East,816692,40573,8035.32,2253
2026-03-11,C003,Display,Awareness,West,730812,28345,7559.04,2124
2026-03-11,C004,Email,Retention,North,335179,16073,3523.43,1196
2026-03-11,C004,Email,Retention,South,266046,11825,3285.53,731
2026-03-11,C004,Email,Retention,East,288723,15553,3551.85,1177
2026-03-11,C004,Email,Retention,West,295831,12958,3796.8,843
2026-03-11,C005,Affiliate,Performance,North,622229,24924,5450.6,1824
2026-03-11,C005,Affiliate,Performance,South,571750,16565,5438.05,1273
2026-03-11,C005,Affiliate,Performance,East,435174,22019,4744.63,1965
2026-03-11,C005,Affiliate,Performance,West,412684,11440,5225.87,749
2026-03-12,C001,Search,Performance,North,1307167,46642,13081.42,4037
2026-03-12,C001,Search,Performance,South,1198843,52960,14213.12,3412
2026-03-12,C001,Search,Performance,East,1181795,60269,14759.15,4745
2026-03-12,C001,Search,Performance,West,1148451,43441,14340.52,2668
2026-03-12,C002,Social,Performance,North,908964,36525,11472.21,3199
2026-03-12,C002,Social,Performance,South,1260337,50924,11208.32,4736
2026-03-12,C002,Social,Performance,East,893944,35569,8206.73,2627
2026-03-12,C002,Social,Performance,West,1058956,53375,11192.56,4711
2026-03-12,C003,Display,Awareness,North,597628,25209,6312.28,1626
2026-03-12,C003,Display,Awareness,South,723630,28651,6778.22,1958
2026-03-12,C003,Display,Awareness,East,822326,28084,7279.07,1734
2026-03-12,C003,Display,Awareness,West,670991,22956,7181.99,1294
2026-03-12,C004,Email,Retention,North,351570,12549,3621.88,914
2026-03-12,C004,Email,Retention,South,322564,11715,2838.96,765
2026-03-12,C004,Email,Retention,East,354135,11041,3360.53,920
2026-03-12,C004,Email,Retention,West,223070,8380,2941.1,720
2026-03-12,C005,Affiliate,Performance,North,464390,21947,5581.67,1252
2026-03-12,C005,Affiliate,Performance,South,466246,14428,4273.5,1298
2026-03-12,C005,Affiliate,Performance,East,518318,27044,5905.48,1624
2026-03-12,C005,Affiliate,Performance,West,389487,15498,4741.7,903
2026-03-13,C001,Search,Performance,North,1535007,63464,13713.82,4175
2026-03-13,C001,Search,Performance,South,1457463,65246,14136.96,6169
2026-03-13,C001,Search,Performance,East,1160263,32962,15052.53,1818
2026-03-13,C001,Search,Performance,West,1409202,69147,12256.24,5979
2026-03-13,C002,Social,Performance,North,692929,23241,8549.35,1627
2026-03-13,C002,Social,Performance,South,1099538,45289,10446.68,2631
2026-03-13,C002,Social,Performance,East,1113946,54644,11084.48,4024
2026-03-13,C002,Social,Performance,West,912955,25792,10204.43,2322
2026-03-13,C003,Display,Awareness,North,674792,26736,7066.6,2138
2026-03-13,C003,Display,Awareness,South,884955,37516,7842.05,2874
2026-03-13,C003,Display,Awareness,East,656011,32854,8155.06,2010
2026-03-13,C003,Display,Awareness,West,715437,23229,8218.97,1623
2026-03-13,C004,Email,Retention,North,312591,17066,3423.92,976
2026-03-13,C004,Email,Retention,South,235212,6253,2915.11,500
2026-03-13,C004,Email,Retention,East,457392,13778,4692.94,866
2026-03-13,C004,Email,Retention,West,346855,14847,3952.65,941
2026-03-13,C005,Affiliate,Performance,North,388785,11418,4834.13,946
2026-03-13,C005,Affiliate,Performance,South,574149,27836,5700.89,2574
2026-03-13,C005,Affiliate,Performance,East,402687,20241,4752.17,1282
2026-03-13,C005,Affiliate,Performance,West,422763,19488,5426.94,1385
2026-03-14,C001,Search,Performance,North,1198665,64051,15246.95,4185
2026-03-14,C001,Search,Performance,South,1405430,52096,15882.64,2972
2026-03-14,C001,Search,Performance,East,1219862,43331,13399.37,3722
2026-03-14,C001,Search,Performance,West,1595047,47217,14889.33,3289
2026-03-14,C002,Social,Performance,North,1078641,49851,10086.59,3121
2026-03-14,C002,Social,Performance,South,965594,27204,10768.45,2179
2026-03-14,C002,Social,Performance,East,1041631,54519,10613.45,4206
2026-03-14,C002,Social,Performance,West,1046231,38042,12762.04,3375
2026-03-14,C003,Display,Awareness,North,1013473,52517,9240.87,4820
2026-03-14,C003,Display,Awareness,South,723887,29913,9187.09,2531
2026-03-14,C003,Display,Awareness,East,699222,34207,8561.41,2866
2026-03-14,C003,Display,Awareness,West,729491,28387,9299.34,1758
2026-03-14,C004,Email,Retention,North,414880,18630,4157.82,1647
2026-03-14,C004,Email,Retention,South,250253,7160,2992.8,637
2026-03-14,C004,Email,Retention,East,425855,11890,3727.17,798
2026-03-14,C004,Email,Retention,West,423596,15037,4213.67,1385
2026-03-14,C005,Affiliate,Performance,North,555854,24780,5635.49,1616
2026-03-14,C005,Affiliate,Performance,South,465515,23420,5196.49,1470
2026-03-14,C005,Affiliate,Performance,East,603902,28026,5724.88,1774
2026-03-14,C005,Affiliate,Performance,West,619276,31602,6335.15,2284
2026-03-15,C001,Search,Performance,North,1196741,43900,14827.41,4085
2026-03-15,C001,Search,Performance,South,1375913,70230,15672.99,6338
2026-03-15,C001,Search,Performance,East,1451396,49848,13958.11,4302
2026-03-15,C001,Search,Performance,West,1349505,53383,14556.8,4597
2026-03-15,C002,Social,Performance,North,909997,32778,10105.73,2492
2026-03-15,C002,Social,Performance,South,974057,34922,9073.5,2653
2026-03-15,C002,Social,Performance,East,853777,45252,9916.01,3798
2026-03-15,C002,Social,Performance,West,1198127,53234,12214.89,2990
2026-03-15,C003,Display,Awareness,North,796909,28515,8229.99,1661
2026-03-15,C003,Display,Awareness,South,848407,45408,10254.7,3239
2026-03-15,C003,Display,Awareness,East,578311,26900,7559.37,2058
2026-03-15,C003,Display,Awareness,West,765986,24736,8033.57,2097
2026-03-15,C004,Email,Retention,North,333671,11207,3571.41,727
2026-03-15,C004,Email,Retention,South,358965,15984,3560.83,1406
2026-03-15,C004,Email,Retention,East,297566,16187,3462.23,1276
2026-03-15,C004,Email,Retention,West,379815,9579,3673.64,725
2026-03-15,C005,Affiliate,Performance,North,629829,34043,5631.98,2608
2026-03-15,C005,Affiliate,Performance,South,495588,26439,5310.17,2166
2026-03-15,C005,Affiliate,Performance,East,470153,18380,5556.73,1345
2026-03-15,C005,Affiliate,Performance,West,510386,18222,5192.88,1121
2026-03-16,C001,Search,Performance,North,1594205,56037,15697.1,5178
2026-03-16,C001,Search,Performance,South,1540772,48196,13820.04,2726
2026-03-16,C001,Search,Performance,East,1688271,87275,14846.57,6896
2026-03-16,C001,Search,Performance,West,1401030,36195,14563.41,2347
2026-03-16,C002,Social,Performance,North,1252870,59234,12877.69,3920
2026-03-16,C002,Social,Performance,South,943100,26071,9663.1,1865
2026-03-16,C002,Social,Performance,East,1288797,42964,11243.52,3219
2026-03-16,C002,Social,Performance,West,1015857,38824,11520.11,3466
2026-03-16,C003,Display,Awareness,North,668476,34226,8040.33,1964
2026-03-16,C003,Display,Awareness,South,855849,29845,7742.16,2017
2026-03-16,C003,Display,Awareness,East,617174,21950,8024.5,1959
2026-03-16,C003,Display,Awareness,West,680367,21074,7489.56,1517
2026-03-16,C004,Email,Retention,North,391989,15739,3716.34,1487
2026-03-16,C004,Email,Retention,South,316408,8463,3380.04,554
2026-03-16,C004,Email,Retention,East,346196,16619,3066.33,1092
2026-03-16,C004,Email,Retention,West,332887,15527,3375.04,1438
2026-03-16,C005,Affiliate,Performance,North,550747,23056,5196.41,1777
2026-03-16,C005,Affiliate,Performance,South,456888,13151,5740.55,1001
2026-03-16,C005,Affiliate,Performance,East,647743,25602,5694.32,1473
2026-03-16,C005,Affiliate,Performance,West,633787,31836,6529.35,3020
2026-03-17,C001,Search,Performance,North,1279874,39339,11502.82,3132
2026-03-17,C001,Search,Performance,South,1173163,30774,12859.61,2120
2026-03-17,C001,Search,Performance,East,1703676,56291,15083.24,4923
2026-03-17,C001,Search,Performance,West,952489,39188,12335.65,2265
2026-03-17,C002,Social,Performance,North,1157480,62583,11471.47,5229
2026-03-17,C002,Social,Performance,South,1218690,49373,10882.49,2946
2026-03-17,C002,Social,Performance,East,917543,36219,9296.31,2894
2026-03-17,C002,Social,Performance,West,786762,24267,10434.26,1811
2026-03-17,C003,Display,Awareness,North,678348,31503,7375.37,2493
2026-03-17,C003,Display,Awareness,South,684654,25554,7873.48,1627
2026-03-17,C003,Display,Awareness,East,610992,29580,7284.89,1864
2026-03-17,C003,Display,Awareness,West,580507,22775,7423.13,1261
2026-03-17,C004,Email,Retention,North,382350,17395,3502.0,993
2026-03-17,C004,Email,Retention,South,370388,18654,3483.92,1622
2026-03-17,C004,Email,Retention,East,320468,15002,2945.13,1413
2026-03-17,C004,Email,Retention,West,281646,8947,3467.37,567
2026-03-17,C005,Affiliate,Performance,North,379498,20856,4886.27,1167
2026-03-17,C005,Affiliate,Performance,South,591936,21286,5460.17,1887
2026-03-17,C005,Affiliate,Performance,East,634958,16047,5666.86,930
2026-03-17,C005,Affiliate,Performance,West,445415,20079,5239.3,1817
2026-03-18,C001,Search,Performance,North,1430149,70290,17326.74,6585
2026-03-18,C001,Search,Performance,South,1086603,43295,12672.65,2530
2026-03-18,C001,Search,Performance,East,1130145,43241,13990.85,2956
2026-03-18,C001,Search,Performance,West,1771377,75406,18476.25,4172
2026-03-18,C002,Social,Performance,North,1004631,26711,11205.97,2275
2026-03-18,C002,Social,Performance,South,1291509,41592,11408.39,2825
2026-03-18,C002,Social,Performance,East,866804,30932,10675.76,2563
2026-03-18,C002,Social,Performance,West,887582,32480,9112.33,2332
2026-03-18,C003,Display,Awareness,North,576850,29671,7382.23,1724
2026-03-18,C003,Display,Awareness,South,773172,40669,7486.74,2677
2026-03-18,C003,Display,Awareness,East,914634,48710,8294.62,4120
2026-03-18,C003,Display,Awareness,West,482368,21742,6147.58,1552
2026-03-18,C004,Email,Retention,North,267563,13034,3237.6,953
2026-03-18,C004,Email,Retention,South,299141,10924,3435.78,974
2026-03-18,C004,Email,Retention,East,252649,8226,3170.0,755
2026-03-18,C004,Email,Retention,West,371888,15249,3784.6,1202
2026-03-18,C005,Affiliate,Performance,North,557497,15890,5811.41,955
2026-03-18,C005,Affiliate,Performance,South,474622,25201,4919.68,1696
2026-03-18,C005,Affiliate,Performance,East,455547,11885,5364.91,702
2026-03-18,C005,Affiliate,Performance,West,566797,17565,5442.66,1226
2026-03-19,C001,Search,Performance,North,1311951,48792,16496.46,3630
2026-03-19,C001,Search,Performance,South,1335331,66166,13818.57,4093
2026-03-19,C001,Search,Performance,East,1424845,65522,14653.66,4683
2026-03-19,C001,Search,Performance,West,1223125,55007,15187.33,4179
2026-03-19,C002,Social,Performance,North,1001453,42683,8999.83,2493
2026-03-19,C002,Social,Performance,South,1085460,51766,11672.6,4491
2026-03-19,C002,Social,Performance,East,977622,36482,11406.6,3317
2026-03-19,C002,Social,Performance,West,1145774,52214,10336.24,4665
2026-03-19,C003,Display,Awareness,North,573995,21547,6786.84,1401
2026-03-19,C003,Display,Awareness,South,622053,18070,7083.07,1207
2026-03-19,C003,Display,Awareness,East,564547,26755,6352.6,2427
2026-03-19,C003,Display,Awareness,West,963301,33677,9150.63,2855
2026-03-19,C004,Email,Retention,North,326528,8782,3848.12,529
2026-03-19,C004,Email,Retention,South,357142,15719,3266.06,1023
2026-03-19,C004,Email,Retention,East,397311,12712,3925.33,1138
2026-03-19,C004,Email,Retention,West,390477,17893,4469.0,995
2026-03-19,C005,Affiliate,Performance,North,432166,11747,4467.33,1017
2026-03-19,C005,Affiliate,Performance,South,381814,17300,4561.09,1507
2026-03-19,C005,Affiliate,Performance,East,617404,22020,6084.34,1923
2026-03-19,C005,Affiliate,Performance,West,468197,19728,5394.73,1673
2026-03-20,C001,Search,Performance,North,1109499,54963,11882.33,5067
2026-03-20,C001,Search,Performance,South,1218686,54650,12589.3,4980
2026-03-20,C001,Search,Performance,East,1396858,69441,13515.02,6199
2026-03-20,C001,Search,Performance,West,1225225,33914,13375.19,2459
2026-03-20,C002,Social,Performance,North,1015866,27698,9593.54,2440
2026-03-20,C002,Social,Performance,South,864421,37068,9385.0,2171
2026-03-20,C002,Social,Performance,East,1099689,54124,9692.16,3971
2026-03-20,C002,Social,Performance,West,846497,44867,10084.06,3086
2026-03-20,C003,Display,Awareness,North,861843,21645,7643.78,1396
2026-03-20,C003,Display,Awareness,South,746215,22485,6630.8,1338
2026-03-20,C003,Display,Awareness,East,783817,42982,8331.0,3531
2026-03-20,C003,Display,Awareness,West,595159,32605,7633.87,2325
2026-03-20,C004,Email,Retention,North,315393,8702,3618.04,479
2026-03-20,C004,Email,Retention,South,269375,13497,2897.03,1051
2026-03-20,C004,Email,Retention,East,260491,8740,3193.76,757
2026-03-20,C004,Email,Retention,West,365103,19807,3282.41,1273
2026-03-20,C005,Affiliate,Performance,North,397442,20309,4998.41,1633
2026-03-20,C005,Affiliate,Performance,South,456056,17282,5589.67,1149
2026-03-20,C005,Affiliate,Performance,East,573688,15284,5007.27,1057
2026-03-20,C005,Affiliate,Performance,West,576832,23127,6118.55,1564
2026-03-21,C001,Search,Performance,North,1783607,87669,15847.42,7804
2026-03-21,C001,Search,Performance,South,1501336,74731,15474.22,5017
2026-03-21,C001,Search,Performance,East,1186162,39816,12659.76,3721
2026-03-21,C001,Search,Performance,West,1191455,33290,13614.49,2532
2026-03-21,C002,Social,Performance,North,1012616,49608,10967.36,4195
2026-03-21,C002,Social,Performance,South,885864,31015,9623.45,2098
2026-03-21,C002,Social,Performance,East,845696,44800,10017.42,4004
2026-03-21,C002,Social,Performance,West,1147891,45303,11102.39,3434
2026-03-21,C003,Display,Awareness,North,711168,22335,8579.7,1832
2026-03-21,C003,Display,Awareness,South,696360,36869,7635.53,2159
2026-03-21,C003,Display,Awareness,East,976296,28991,8782.45,2019
2026-03-21,C003,Display,Awareness,West,807272,24042,8091.75,2253
2026-03-21,C004,Email,Retention,North,322784,8764,3261.75,561
2026-03-21,C004,Email,Retention,South,336417,17578,2996.78,1516
2026-03-21,C004,Email,Retention,East,360397,15863,3235.65,918
2026-03-21,C004,Email,Retention,West,449628,24159,4037.6,1403
2026-03-21,C005,Affiliate,Performance,North,419570,12750,4625.22,996
2026-03-21,C005,Affiliate,Performance,South,653379,26195,5765.83,1527
2026-03-21,C005,Affiliate,Performance,East,523829,19926,4795.35,1249
2026-03-21,C005,Affiliate,Performance,West,518205,24906,6270.32,1634
2026-03-22,C001,Search,Performance,North,1219890,47532,13883.3,4407
2026-03-22,C001,Search,Performance,South,1784670,55692,15896.34,3861
2026-03-22,C001,Search,Performance,East,1397109,72681,14954.61,6701
2026-03-22,C001,Search,Performance,West,1195355,47517,13231.35,4316
2026-03-22,C002,Social,Performance,North,871214,26996,10348.35,1525
2026-03-22,C002,Social,Performance,South,942976,31000,9360.99,1769
2026-03-22,C002,Social,Performance,East,1305883,51571,11974.04,3694
2026-03-22,C002,Social,Performance,West,1199726,37211,10513.39,2367
2026-03-22,C003,Display,Awareness,North,668617,34985,7414.69,2785
2026-03-22,C003,Display,Awareness,South,699608,37101,7647.85,2112
2026-03-22,C003,Display,Awareness,East,830398,21745,8335.48,1546
2026-03-22,C003,Display,Awareness,West,708121,32532,7013.46,2619
2026-03-22,C004,Email,Retention,North,322201,9299,3498.97,863
2026-03-22,C004,Email,Retention,South,340682,11759,3624.02,1007
2026-03-22,C004,Email,Retention,East,328946,16781,3060.57,1374
2026-03-22,C004,Email,Retention,West,285841,12002,3718.09,1026
2026-03-22,C005,Affiliate,Performance,North,593873,15205,5384.17,1294
2026-03-22,C005,Affiliate,Performance,South,499472,19181,5316.32,1060
2026-03-22,C005,Affiliate,Performance,East,514638,23322,5325.83,1938
2026-03-22,C005,Affiliate,Performance,West,706413,28920,6238.24,2052
2026-03-23,C001,Search,Performance,North,1215781,35007,13986.4,3105
2026-03-23,C001,Search,Performance,South,1288970,57764,14403.95,4264
2026-03-23,C001,Search,Performance,East,1115540,41721,14407.59,3206
2026-03-23,C001,Search,Performance,West,1122911,53293,12147.22,4696
2026-03-23,C002,Social,Performance,North,1182667,59190,10522.62,5250
2026-03-23,C002,Social,Performance,South,785379,29752,9014.05,2196
2026-03-23,C002,Social,Performance,East,1134590,48097,10117.59,3928
2026-03-23,C002,Social,Performance,West,1137404,40228,10204.32,3212
2026-03-23,C003,Display,Awareness,North,699907,25409,7861.85,1939
2026-03-23,C003,Display,Awareness,South,596950,19244,7958.32,1218
2026-03-23,C003,Display,Awareness,East,694661,21357,8059.94,1605
2026-03-23,C003,Display,Awareness,West,770610,24844,7029.46,1444
2026-03-23,C004,Email,Retention,North,380914,18856,3925.84,1760
2026-03-23,C004,Email,Retention,South,341565,14726,3200.98,1100
2026-03-23,C004,Email,Retention,East,315616,10582,3104.37,829
2026-03-23,C004,Email,Retention,West,327918,12582,3330.11,1112
2026-03-23,C005,Affiliate,Performance,North,481515,21624,4989.4,1867
2026-03-23,C005,Affiliate,Performance,South,397540,17643,4378.57,1076
2026-03-23,C005,Affiliate,Performance,East,529908,13571,5086.43,857
2026-03-23,C005,Affiliate,Performance,West,521198,26762,5516.3,2036
2026-03-24,C001,Search,Performance,North,1301918,37224,13759.74,3242
2026-03-24,C001,Search,Performance,South,1265727,65803,14912.21,6016
2026-03-24,C001,Search,Performance,East,1413199,68335,13843.53,4116
2026-03-24,C001,Search,Performance,West,1464373,38116,14785.93,2854
2026-03-24,C002,Social,Performance,North,896014,34024,9999.95,2719
2026-03-24,C002,Social,Performance,South,777395,31181,9969.53,1942
2026-03-24,C002,Social,Performance,East,1217417,57399,12516.07,3927
2026-03-24,C002,Social,Performance,West,1210744,45987,11464.92,3419
2026-03-24,C003,Display,Awareness,North,735539,20281,8416.37,1189
2026-03-24,C003,Display,Awareness,South,975998,44582,8719.8,2678
2026-03-24,C003,Display,Awareness,East,906958,23861,8365.01,1538
2026-03-24,C003,Display,Awareness,West,694447,17552,6279.48,1106
2026-03-24,C004,Email,Retention,North,298223,8054,3489.34,452
2026-03-24,C004,Email,Retention,South,306264,15755,3612.04,1128
2026-03-24,C004,Email,Retention,East,328533,10098,3597.54,764
2026-03-24,C004,Email,Retention,West,392631,19290,3526.95,1111
2026-03-24,C005,Affiliate,Performance,North,615237,17641,5527.81,1347
2026-03-24,C005,Affiliate,Performance,South,680339,25377,6174.89,1884
2026-03-24,C005,Affiliate,Performance,East,447695,23886,5088.59,1583
2026-03-24,C005,Affiliate,Performance,West,468015,21125,5009.01,1298
2026-03-25,C001,Search,Performance,North,1796819,78678,16383.25,6432
2026-03-25,C001,Search,Performance,South,1093987,58389,13666.07,3521
2026-03-25,C001,Search,Performance,East,1439689,67087,12815.04,5712
2026-03-25,C001,Search,Performance,West,1260337,48259,15046.58,3846
2026-03-25,C002,Social,Performance,North,1135429,58709,10004.26,3863
2026-03-25,C002,Social,Performance,South,1143042,46350,10592.51,3405
2026-03-25,C002,Social,Performance,East,1163638,43436,11167.83,3482
2026-03-25,C002,Social,Performance,West,895295,41482,8694.51,2367
2026-03-25,C003,Display,Awareness,North,630774,20344,7377.77,1511
2026-03-25,C003,Display,Awareness,South,924415,33602,8367.78,2855
2026-03-25,C003,Display,Awareness,East,852456,41014,7434.17,2601
2026-03-25,C003,Display,Awareness,West,647945,20739,6816.34,1480
2026-03-25,C004,Email,Retention,North,311082,16383,3697.91,1289
2026-03-25,C004,Email,Retention,South,334296,13391,3706.3,1060
2026-03-25,C004,Email,Retention,East,308035,9331,3235.76,816
2026-03-25,C004,Email,Retention,West,442355,12798,4575.92,1096
2026-03-25,C005,Affiliate,Performance,North,450480,12783,4705.45,1180
2026-03-25,C005,Affiliate,Performance,South,411806,13417,5001.1,956
2026-03-25,C005,Affiliate,Performance,East,547119,16480,5867.06,1082
2026-03-25,C005,Affiliate,Performance,West,469551,13815,4923.76,1097
2026-03-26,C001,Search,Performance,North,1842350,96479,16375.26,8957
2026-03-26,C001,Search,Performance,South,1233025,35692,14542.34,2394
2026-03-26,C001,Search,Performance,East,1029278,39392,13655.9,2239
2026-03-26,C001,Search,Performance,West,1419600,49908,14672.1,3690
2026-03-26,C002,Social,Performance,North,1157690,44017,11408.51,3863
2026-03-26,C002,Social,Performance,South,1186076,33913,10663.92,2586
2026-03-26,C002,Social,Performance,East,919160,45381,11275.82,4045
2026-03-26,C002,Social,Performance,West,1201680,39605,10770.29,3610
2026-03-26,C003,Display,Awareness,North,608640,16017,7902.33,1342
2026-03-26,C003,Display,Awareness,South,573232,18738,6178.46,1173
2026-03-26,C003,Display,Awareness,East,674687,24052,7147.54,1631
2026-03-26,C003,Display,Awareness,West,751736,33262,6619.92,1860
2026-03-26,C004,Email,Retention,North,332698,9261,3821.56,790
2026-03-26,C004,Email,Retention,South,335921,14145,3384.92,808
2026-03-26,C004,Email,Retention,East,297321,11929,3568.73,916
2026-03-26,C004,Email,Retention,West,269727,14417,3124.01,1278
2026-03-26,C005,Affiliate,Performance,North,394649,15700,4980.11,964
2026-03-26,C005,Affiliate,Performance,South,602694,17933,5280.75,1335
2026-03-26,C005,Affiliate,Performance,East,476743,18073,5947.3,1192
2026-03-26,C005,Affiliate,Performance,West,499370,13092,4518.78,1198
2026-03-27,C001,Search,Performance,North,1396353,36216,13102.49,3392
2026-03-27,C001,Search,Performance,South,1443753,49229,15029.11,3421
2026-03-27,C001,Search,Performance,East,1293180,69143,13948.74,4483
2026-03-27,C001,Search,Performance,West,1287014,50799,13366.93,4222
2026-03-27,C002,Social,Performance,North,916294,38671,11097.78,2459
2026-03-27,C002,Social,Performance,South,1042088,55507,9519.83,4204
2026-03-27,C002,Social,Performance,East,704454,23285,9149.8,1890
2026-03-27,C002,Social,Performance,West,931195,49652,9665.25,3517
2026-03-27,C003,Display,Awareness,North,706289,23331,7395.46,1707
2026-03-27,C003,Display,Awareness,South,851745,39350,9077.41,3644
2026-03-27,C003,Display,Awareness,East,689106,28483,7265.09,1758
2026-03-27,C003,Display,Awareness,West,779680,42529,7396.04,3948
2026-03-27,C004,Email,Retention,North,366636,14157,3553.37,1084
2026-03-27,C004,Email,Retention,South,367143,14466,3368.78,1011
2026-03-27,C004,Email,Retention,East,373246,19418,4520.75,1591
2026-03-27,C004,Email,Retention,West,338248,9465,3371.33,749
2026-03-27,C005,Affiliate,Performance,North,399772,11064,4056.45,799
2026-03-27,C005,Affiliate,Performance,South,454351,24813,5541.45,1921
2026-03-27,C005,Affiliate,Performance,East,364722,19795,4629.08,1315
2026-03-27,C005,Affiliate,Performance,West,536357,23865,5832.99,1336
2026-03-28,C001,Search,Performance,North,1304442,35021,15145.27,2153
2026-03-28,C001,Search,Performance,South,1892363,86255,17078.88,5606
2026-03-28,C001,Search,Performance,East,1486187,55190,15181.24,3838
2026-03-28,C001,Search,Performance,West,1195760,53914,14290.96,5058
2026-03-28,C002,Social,Performance,North,1065517,40916,11585.82,2666
2026-03-28,C002,Social,Performance,South,1071133,42371,9917.41,3251
2026-03-28,C002,Social,Performance,East,799583,37119,10194.03,2332
2026-03-28,C002,Social,Performance,West,1083850,39789,10563.54,2850
2026-03-28,C003,Display,Awareness,North,510775,17513,6463.48,1428
2026-03-28,C003,Display,Awareness,South,779046,26165,7665.41,1920
2026-03-28,C003,Display,Awareness,East,579148,30059,7628.22,1906
2026-03-28,C003,Display,Awareness,West,639422,21349,7603.0,1282
2026-03-28,C004,Email,Retention,North,281012,12460,3496.57,854
2026-03-28,C004,Email,Retention,South,393066,16399,3804.44,1069
2026-03-28,C004,Email,Retention,East,331187,12623,3433.55,829
2026-03-28,C004,Email,Retention,West,381534,19511,3847.66,1852
2026-03-28,C005,Affiliate,Performance,North,404980,13248,4820.72,982
2026-03-28,C005,Affiliate,Performance,South,592528,31057,6606.32,2165
2026-03-28,C005,Affiliate,Performance,East,527062,23466,4859.29,1867
2026-03-28,C005,Affiliate,Performance,West,424221,21014,4800.75,1188
2026-03-29,C001,Search,Performance,North,1360318,54297,14960.06,4435
2026-03-29,C001,Search,Performance,South,1255241,64201,16623.38,4678
2026-03-29,C001,Search,Performance,East,1261823,50333,13629.75,3580
2026-03-29,C001,Search,Performance,West,1464457,55102,14336.85,5149
2026-03-29,C002,Social,Performance,North,1006146,37145,12675.99,2543
2026-03-29,C002,Social,Performance,South,1138271,57862,11641.23,3363
2026-03-29,C002,Social,Performance,East,1153212,57645,11923.8,3458
2026-03-29,C002,Social,Performance,West,803083,33492,10014.59,3109
2026-03-29,C003,Display,Awareness,North,672570,35588,6775.33,3148
2026-03-29,C003,Display,Awareness,South,850489,21838,7407.2,1299
2026-03-29,C003,Display,Awareness,East,785032,25259,9084.99,2184
2026-03-29,C003,Display,Awareness,West,649347,23429,8405.22,1762
2026-03-29,C004,Email,Retention,North,392874,17043,4404.73,1336
2026-03-29,C004,Email,Retention,South,377374,16685,3894.28,1090
2026-03-29,C004,Email,Retention,East,404754,18634,3726.41,1612
2026-03-29,C004,Email,Retention,West,284281,10558,3192.78,746
2026-03-29,C005,Affiliate,Performance,North,462749,12216,5665.87,1052
2026-03-29,C005,Affiliate,Performance,South,476852,23789,5603.21,1978
2026-03-29,C005,Affiliate,Performance,East,560223,21818,5520.6,1750
2026-03-29,C005,Affiliate,Performance,West,551965,16922,5936.14,1274
2026-03-30,C001,Search,Performance,North,1652270,74209,15823.19,4418
2026-03-30,C001,Search,Performance,South,1450933,58050,13974.84,5268
2026-03-30,C001,Search,Performance,East,1196032,56679,14779.7,3136
2026-03-30,C001,Search,Performance,West,909493,38584,11126.12,3224
2026-03-30,C002,Social,Performance,North,1079962,39775,10601.25,2189
2026-03-30,C002,Social,Performance,South,867157,35585,10865.77,2918
2026-03-30,C002,Social,Performance,East,1163359,31672,12134.19,1985
2026-03-30,C002,Social,Performance,West,1061822,49637,9777.38,4506
2026-03-30,C003,Display,Awareness,North,664365,34627,6764.81,2347
2026-03-30,C003,Display,Awareness,South,801554,24557,7873.03,1964
2026-03-30,C003,Display,Awareness,East,585289,17772,6686.94,1618
2026-03-30,C003,Display,Awareness,West,637843,20639,7017.95,1505
2026-03-30,C004,Email,Retention,North,440210,16790,3866.62,1501
2026-03-30,C004,Email,Retention,South,309790,9206,3172.96,760
2026-03-30,C004,Email,Retention,East,474393,18127,4289.76,1650
2026-03-30,C004,Email,Retention,West,369452,14651,3517.7,1159
2026-03-30,C005,Affiliate,Performance,North,441481,19292,5013.14,1104
2026-03-30,C005,Affiliate,Performance,South,397678,15310,5235.68,1045
2026-03-30,C005,Affiliate,Performance,East,358575,16377,4394.91,1237
2026-03-30,C005,Affiliate,Performance,West,411690,14239,4959.75,1120
2026-03-31,C001,Search,Performance,North,1552684,69997,14979.64,5185
2026-03-31,C001,Search,Performance,South,1507875,39432,14975.26,3148
2026-03-31,C001,Search,Performance,East,1232590,41073,13802.73,3315
2026-03-31,C001,Search,Performance,West,1652236,84477,16086.11,5803
2026-03-31,C002,Social,Performance,North,1181374,48240,10709.25,3652
2026-03-31,C002,Social,Performance,South,1179864,56019,12025.31,5242
2026-03-31,C002,Social,Performance,East,1035917,40890,10401.18,2402
2026-03-31,C002,Social,Performance,West,1176217,55772,11125.4,3762
2026-03-31,C003,Display,Awareness,North,635006,32660,8152.16,2131
2026-03-31,C003,Display,Awareness,South,702124,37268,7112.32,3060
2026-03-31,C003,Display,Awareness,East,786996,26220,8866.65,2487
2026-03-31,C003,Display,Awareness,West,726867,32230,6920.46,2230
2026-03-31,C004,Email,Retention,North,388670,19520,4027.87,1099
2026-03-31,C004,Email,Retention,South,319428,10257,3562.26,747
2026-03-31,C004,Email,Retention,East,344186,18216,3542.38,1005
2026-03-31,C004,Email,Retention,West,360549,18781,3436.11,1137
2026-03-31,C005,Affiliate,Performance,North,572013,23607,5091.48,1796
2026-03-31,C005,Affiliate,Performance,South,382518,9572,4743.24,836
2026-03-31,C005,Affiliate,Performance,East,591065,18476,5297.02,1507
2026-03-31,C005,Affiliate,Performance,West,376394,16227,4816.43,998
2026-04-01,C001,Search,Performance,North,1180243,50730,12618.11,3137
2026-04-01,C001,Search,Performance,South,1606356,54743,15347.52,4461
2026-04-01,C001,Search,Performance,East,1160198,43809,14479.4,2842
2026-04-01,C001,Search,Performance,West,1327046,43608,12646.36,3936
2026-04-01,C002,Social,Performance,North,1018654,28146,10232.2,1988
2026-04-01,C002,Social,Performance,South,1087515,48701,10504.06,3895
2026-04-01,C002,Social,Performance,East,754691,35146,9538.83,2641
2026-04-01,C002,Social,Performance,West,924828,30027,8948.46,2041
2026-04-01,C003,Display,Awareness,North,924368,37479,8335.76,2744
2026-04-01,C003,Display,Awareness,South,538205,27650,7060.0,1535
2026-04-01,C003,Display,Awareness,East,661766,34892,7462.63,1953
2026-04-01,C003,Display,Awareness,West,786413,32610,8003.64,2079
2026-04-01,C004,Email,Retention,North,433895,10856,4168.65,1003
2026-04-01,C004,Email,Retention,South,257649,8246,3158.2,540
2026-04-01,C004,Email,Retention,East,316318,8106,3709.26,518
2026-04-01,C004,Email,Retention,West,278775,7834,3608.25,566
2026-04-01,C005,Affiliate,Performance,North,444687,23664,5223.03,2159
2026-04-01,C005,Affiliate,Performance,South,432245,15402,4425.47,1081
2026-04-01,C005,Affiliate,Performance,East,564018,28596,6060.44,2652
2026-04-01,C005,Affiliate,Performance,West,430506,18004,4867.9,1058
2026-04-02,C001,Search,Performance,North,1105822,56725,13283.46,3479
2026-04-02,C001,Search,Performance,South,1127378,48670,12092.91,4023
2026-04-02,C001,Search,Performance,East,1485224,56713,15196.79,3271
2026-04-02,C001,Search,Performance,West,1252656,62159,13384.86,4946
2026-04-02,C002,Social,Performance,North,823392,20921,10326.17,1404
2026-04-02,C002,Social,Performance,South,1210504,58960,11761.65,3940
2026-04-02,C002,Social,Performance,East,721404,23041,7891.02,1392
2026-04-02,C002,Social,Performance,West,844955,22526,10196.46,1417
2026-04-02,C003,Display,Awareness,North,631749,15953,7073.38,1412
2026-04-02,C003,Display,Awareness,South,510942,27184,6698.27,2465
2026-04-02,C003,Display,Awareness,East,950863,34812,9400.43,2815
2026-04-02,C003,Display,Awareness,West,691867,18418,9009.78,1349
2026-04-02,C004,Email,Retention,North,301437,14975,3806.69,949
2026-04-02,C004,Email,Retention,South,317100,10939,3493.71,776
2026-04-02,C004,Email,Retention,East,369828,14144,3454.22,1055
2026-04-02,C004,Email,Retention,West,333486,15400,3060.9,1149
2026-04-02,C005,Affiliate,Performance,North,534700,16914,5451.63,1112
2026-04-02,C005,Affiliate,Performance,South,536495,14122,5008.11,1337
2026-04-02,C005,Affiliate,Performance,East,483726,19236,5327.91,1735
2026-04-02,C005,Affiliate,Performance,West,456688,18781,4990.23,1069
2026-04-03,C001,Search,Performance,North,1017867,37995,12795.24,3074
2026-04-03,C001,Search,Performance,South,1480476,44937,14306.48,2614
2026-04-03,C001,Search,Performance,East,1401255,67368,12989.98,5313
2026-04-03,C001,Search,Performance,West,1283460,42194,14504.33,2526
2026-04-03,C002,Social,Performance,North,1204234,47279,13474.17,3287
2026-04-03,C002,Social,Performance,South,1073549,55865,10667.2,3438
2026-04-03,C002,Social,Performance,East,936163,43874,9361.85,4048
2026-04-03,C002,Social,Performance,West,862640,46156,10012.67,2655
2026-04-03,C003,Display,Awareness,North,779622,31882,7039.42,2607
2026-04-03,C003,Display,Awareness,South,820646,24216,7580.12,1369
2026-04-03,C003,Display,Awareness,East,577866,22567,7208.99,1781
2026-04-03,C003,Display,Awareness,West,613768,20405,8050.6,1149
2026-04-03,C004,Email,Retention,North,431935,19053,3778.76,1171
2026-04-03,C004,Email,Retention,South,376778,15254,3387.26,932
2026-04-03,C004,Email,Retention,East,363829,16836,3489.37,1060
2026-04-03,C004,Email,Retention,West,293268,13387,3514.71,853
2026-04-03,C005,Affiliate,Performance,North,636212,24556,5981.8,2128
2026-04-03,C005,Affiliate,Performance,South,544296,24299,5014.49,1558
2026-04-03,C005,Affiliate,Performance,East,375720,12471,4715.83,790
2026-04-03,C005,Affiliate,Performance,West,430663,22503,4620.2,1331
2026-04-04,C001,Search,Performance,North,1293112,68117,16403.77,5295
2026-04-04,C001,Search,Performance,South,1493958,71256,16683.13,4652
2026-04-04,C001,Search,Performance,East,1607183,61788,14802.34,4971
2026-04-04,C001,Search,Performance,West,1253294,56789,14946.95,4877
2026-04-04,C002,Social,Performance,North,1315186,68156,14103.42,5105
2026-04-04,C002,Social,Performance,South,1152156,56502,10602.11,4035
2026-04-04,C002,Social,Performance,East,1149834,36598,10641.82,2780
2026-04-04,C002,Social,Performance,West,1040836,37058,9705.33,2990
2026-04-04,C003,Display,Awareness,North,824622,23063,7722.97,1518
2026-04-04,C003,Display,Awareness,South,856529,30316,7843.36,2847
2026-04-04,C003,Display,Awareness,East,760200,19715,7359.09,1770
2026-04-04,C003,Display,Awareness,West,642899,18527,7981.76,1149
2026-04-04,C004,Email,Retention,North,400155,14777,3737.85,1011
2026-04-04,C004,Email,Retention,South,316785,12487,3754.3,962
2026-04-04,C004,Email,Retention,East,367554,11060,3254.24,1035
2026-04-04,C004,Email,Retention,West,303130,11953,4009.97,816
2026-04-04,C005,Affiliate,Performance,North,640189,23972,6926.7,2021
2026-04-04,C005,Affiliate,Performance,South,490554,24526,4788.93,1594
2026-04-04,C005,Affiliate,Performance,East,576683,22826,6422.62,1541
2026-04-04,C005,Affiliate,Performance,West,539125,16936,6682.79,1002
2026-04-05,C001,Search,Performance,North,1883941,88338,16668.47,5042
2026-04-05,C001,Search,Performance,South,1868533,95071,16929.75,6914
2026-04-05,C001,Search,Performance,East,1487396,77582,15446.71,4524
2026-04-05,C001,Search,Performance,West,1239668,47383,15000.45,3714
2026-04-05,C002,Social,Performance,North,1136486,49018,10616.72,3085
2026-04-05,C002,Social,Performance,South,1046276,49456,11037.47,4244
2026-04-05,C002,Social,Performance,East,1048922,47097,9205.14,3359
2026-04-05,C002,Social,Performance,West,963384,45214,11173.75,2924
2026-04-05,C003,Display,Awareness,North,707333,31028,8167.87,1852
2026-04-05,C003,Display,Awareness,South,718410,24065,7099.09,1323
2026-04-05,C003,Display,Awareness,East,826060,35732,7783.12,3352
2026-04-05,C003,Display,Awareness,West,763674,34704,8490.54,1996
2026-04-05,C004,Email,Retention,North,375944,12645,3893.4,756
2026-04-05,C004,Email,Retention,South,380544,16875,3689.55,1180
2026-04-05,C004,Email,Retention,East,343768,11195,3913.69,854
2026-04-05,C004,Email,Retention,West,393119,11044,3641.61,1024
2026-04-05,C005,Affiliate,Performance,North,547368,20005,5289.59,1422
2026-04-05,C005,Affiliate,Performance,South,625362,33696,5881.25,2023
2026-04-05,C005,Affiliate,Performance,East,472636,16965,5248.45,968
2026-04-05,C005,Affiliate,Performance,West,440576,16779,4301.6,1053
2026-04-06,C001,Search,Performance,North,1371051,46552,14515.29,3748
2026-04-06,C001,Search,Performance,South,1258780,40381,14547.99,3400
2026-04-06,C001,Search,Performance,East,1081894,57431,12782.33,4353
2026-04-06,C001,Search,Performance,West,1180644,60451,13177.91,4279
2026-04-06,C002,Social,Performance,North,835639,28829,9273.36,2366
2026-04-06,C002,Social,Performance,South,842337,35644,9728.64,2054
2026-04-06,C002,Social,Performance,East,1120653,40699,9963.32,3319
2026-04-06,C002,Social,Performance,West,776721,22378,9116.08,1283
2026-04-06,C003,Display,Awareness,North,562746,26912,6866.07,1497
2026-04-06,C003,Display,Awareness,South,693112,25218,7122.55,1897
2026-04-06,C003,Display,Awareness,East,540369,25398,6225.14,2282
2026-04-06,C003,Display,Awareness,West,657483,18362,7949.91,1669
2026-04-06,C004,Email,Retention,North,330501,9509,3697.64,747
2026-04-06,C004,Email,Retention,South,270430,8407,2816.81,614
2026-04-06,C004,Email,Retention,East,283294,11739,3591.61,975
2026-04-06,C004,Email,Retention,West,420132,18432,3937.22,1126
2026-04-06,C005,Affiliate,Performance,North,434413,16226,5717.7,1108
2026-04-06,C005,Affiliate,Performance,South,592770,18662,5824.24,1467
2026-04-06,C005,Affiliate,Performance,East,489743,26657,5756.77,2120
2026-04-06,C005,Affiliate,Performance,West,538315,14840,5043.17,925
2026-04-07,C001,Search,Performance,North,1214514,55723,12211.11,3828
2026-04-07,C001,Search,Performance,South,1262188,34191,15912.92,2685
2026-04-07,C001,Search,Performance,East,1559110,58736,16344.69,4165
2026-04-07,C001,Search,Performance,West,1064857,37341,14000.61,3511
2026-04-07,C002,Social,Performance,North,982697,49546,9975.43,3599
2026-04-07,C002,Social,Performance,South,849553,23137,11219.92,1744
2026-04-07,C002,Social,Performance,East,1093482,48477,10966.88,2721
2026-04-07,C002,Social,Performance,West,1171955,57013,10837.27,3726
2026-04-07,C003,Display,Awareness,North,520733,16160,6796.91,1004
2026-04-07,C003,Display,Awareness,South,709295,26636,8013.74,2006
2026-04-07,C003,Display,Awareness,East,477895,20622,6274.33,1460
2026-04-07,C003,Display,Awareness,West,638494,32568,7343.5,2764
2026-04-07,C004,Email,Retention,North,276369,12681,3444.41,801
2026-04-07,C004,Email,Retention,South,358840,9670,3873.11,851
2026-04-07,C004,Email,Retention,East,357584,15584,3412.89,1357
2026-04-07,C004,Email,Retention,West,355785,17281,3855.82,1270
2026-04-07,C005,Affiliate,Performance,North,482830,23442,5163.7,2059
2026-04-07,C005,Affiliate,Performance,South,539759,16405,5554.24,1209
2026-04-07,C005,Affiliate,Performance,East,693765,18369,6411.8,1636
2026-04-07,C005,Affiliate,Performance,West,478623,14798,4937.52,1001
2026-04-08,C001,Search,Performance,North,1090861,32459,14154.64,2840
2026-04-08,C001,Search,Performance,South,926285,29642,11534.71,2167
2026-04-08,C001,Search,Performance,East,1503480,73213,16185.02,5837
2026-04-08,C001,Search,Performance,West,1108852,32921,13943.62,2386
2026-04-08,C002,Social,Performance,North,1177644,43153,11988.7,2668
2026-04-08,C002,Social,Performance,South,817663,34558,9725.58,2486
2026-04-08,C002,Social,Performance,East,923579,46711,9097.85,3051
2026-04-08,C002,Social,Performance,West,985480,53477,10410.67,3654
2026-04-08,C003,Display,Awareness,North,684123,18942,6893.59,1768
2026-04-08,C003,Display,Awareness,South,789292,38394,7616.71,3193
2026-04-08,C003,Display,Awareness,East,722965,38826,6612.4,2910
2026-04-08,C003,Display,Awareness,West,1045299,44425,9311.3,3400
2026-04-08,C004,Email,Retention,North,224521,7239,2987.7,545
2026-04-08,C004,Email,Retention,South,304253,11699,3373.15,1102
2026-04-08,C004,Email,Retention,East,259614,6863,3231.42,590
2026-04-08,C004,Email,Retention,West,274960,13148,2810.67,801
2026-04-08,C005,Affiliate,Performance,North,372150,9432,4423.91,567
2026-04-08,C005,Affiliate,Performance,South,473295,13491,5417.1,1274
2026-04-08,C005,Affiliate,Performance,East,397900,16962,4796.1,976
2026-04-08,C005,Affiliate,Performance,West,544778,29333,4975.26,1902
2026-04-09,C001,Search,Performance,North,1334606,49937,13262.72,3285
2026-04-09,C001,Search,Performance,South,1144418,51064,13742.89,3658
2026-04-09,C001,Search,Performance,East,1423489,72256,14584.5,4313
2026-04-09,C001,Search,Performance,West,1337377,60456,12566.18,3603
2026-04-09,C002,Social,Performance,North,1105539,32335,9800.94,2609
2026-04-09,C002,Social,Performance,South,1120543,60178,12411.98,4104
2026-04-09,C002,Social,Performance,East,1291686,42082,11249.26,3049
2026-04-09,C002,Social,Performance,West,931037,31513,9717.82,1752
2026-04-09,C003,Display,Awareness,North,645101,19438,6955.73,1748
2026-04-09,C003,Display,Awareness,South,703306,19380,6815.22,1569
2026-04-09,C003,Display,Awareness,East,582636,18899,7755.99,1740
2026-04-09,C003,Display,Awareness,West,849829,39616,7568.48,3392
2026-04-09,C004,Email,Retention,North,291595,8875,3460.53,775
2026-04-09,C004,Email,Retention,South,253580,9904,3153.93,916
2026-04-09,C004,Email,Retention,East,282685,9747,3455.57,701
2026-04-09,C004,Email,Retention,West,305787,10219,3499.8,959
2026-04-09,C005,Affiliate,Performance,North,407019,17455,5425.74,1599
2026-04-09,C005,Affiliate,Performance,South,417336,12756,4823.73,1034
2026-04-09,C005,Affiliate,Performance,East,501847,16343,5717.58,1523
2026-04-09,C005,Affiliate,Performance,West,648372,25104,5792.56,2230
2026-04-10,C001,Search,Performance,North,898273,33947,11052.88,2596
2026-04-10,C001,Search,Performance,South,910614,34897,11997.53,3010
2026-04-10,C001,Search,Performance,East,1711097,43703,15362.4,3377
2026-04-10,C001,Search,Performance,West,1695330,69915,15919.5,4751
2026-04-10,C002,Social,Performance,North,1131402,51168,11494.02,4460
2026-04-10,C002,Social,Performance,South,1040669,38444,10266.43,2904
2026-04-10,C002,Social,Performance,East,891314,24841,9846.07,2275
2026-04-10,C002,Social,Performance,West,917453,40777,11666.29,2916
2026-04-10,C003,Display,Awareness,North,687017,29412,8843.77,2525
2026-04-10,C003,Display,Awareness,South,739887,22282,6842.66,2025
2026-04-10,C003,Display,Awareness,East,765397,31581,8107.06,2897
2026-04-10,C003,Display,Awareness,West,857699,32974,7727.27,2175
2026-04-10,C004,Email,Retention,North,255041,8430,2949.32,754
2026-04-10,C004,Email,Retention,South,231180,10479,2971.68,648
2026-04-10,C004,Email,Retention,East,281395,13521,3279.71,1222
2026-04-10,C004,Email,Retention,West,284173,11056,3388.62,816
2026-04-10,C005,Affiliate,Performance,North,511741,23090,5357.25,2052
2026-04-10,C005,Affiliate,Performance,South,409773,15197,5435.99,1387
2026-04-10,C005,Affiliate,Performance,East,512778,18169,5331.12,1377
2026-04-10,C005,Affiliate,Performance,West,618820,23237,6113.9,1941
2026-04-11,C001,Search,Performance,North,1382556,51487,14856.31,4247
2026-04-11,C001,Search,Performance,South,1271014,56188,14954.05,5062
2026-04-11,C001,Search,Performance,East,1856765,52328,16184.27,3365
2026-04-11,C001,Search,Performance,West,1656955,89061,14661.35,5246
2026-04-11,C002,Social,Performance,North,955706,41224,12605.59,2724
2026-04-11,C002,Social,Performance,South,1224993,41041,11187.83,3384
2026-04-11,C002,Social,Performance,East,765044,28518,10014.72,1898
2026-04-11,C002,Social,Performance,West,1285457,63001,11973.43,4616
2026-04-11,C003,Display,Awareness,North,1017770,38420,9416.27,2536
2026-04-11,C003,Display,Awareness,South,808731,33227,9447.64,2424
2026-04-11,C003,Display,Awareness,East,768203,24130,7404.79,1517
2026-04-11,C003,Display,Awareness,West,729474,23221,7971.49,1819
2026-04-11,C004,Email,Retention,North,330630,10284,3426.69,629
2026-04-11,C004,Email,Retention,South,332651,12644,3018.16,903
2026-04-11,C004,Email,Retention,East,361957,15117,3725.12,1258
2026-04-11,C004,Email,Retention,West,289716,9435,3528.86,824
2026-04-11,C005,Affiliate,Performance,North,372512,12950,4812.64,786
2026-04-11,C005,Affiliate,Performance,South,577177,23671,5582.13,1438
2026-04-11,C005,Affiliate,Performance,East,513956,21876,5808.94,1479
2026-04-11,C005,Affiliate,Performance,West,389922,12356,4968.59,772
2026-04-12,C001,Search,Performance,North,1537425,38992,17970.6,2953
2026-04-12,C001,Search,Performance,South,1358294,73193,13688.3,5751
2026-04-12,C001,Search,Performance,East,2152008,107280,19194.47,7286
2026-04-12,C001,Search,Performance,West,1140139,37486,13494.34,2818
2026-04-12,C002,Social,Performance,North,870605,40663,11203.0,3547
2026-04-12,C002,Social,Performance,South,1146386,51499,13240.79,3711
2026-04-12,C002,Social,Performance,East,1496367,59662,13562.16,4028
2026-04-12,C002,Social,Performance,West,1205896,38108,11468.71,2688
2026-04-12,C003,Display,Awareness,North,766599,24103,8410.09,1668
2026-04-12,C003,Display,Awareness,South,745280,22569,8629.51,1912
2026-04-12,C003,Display,Awareness,East,708441,38583,7833.76,2725
2026-04-12,C003,Display,Awareness,West,536493,14858,6860.59,1168
2026-04-12,C004,Email,Retention,North,296624,7895,3214.62,597
2026-04-12,C004,Email,Retention,South,424861,12527,4463.32,741
2026-04-12,C004,Email,Retention,East,279837,8453,3290.0,788
2026-04-12,C004,Email,Retention,West,425539,13581,3897.43,924
2026-04-12,C005,Affiliate,Performance,North,421813,19041,5565.97,1445
2026-04-12,C005,Affiliate,Performance,South,535065,16015,4822.78,1395
2026-04-12,C005,Affiliate,Performance,East,489951,14749,5387.49,961
2026-04-12,C005,Affiliate,Performance,West,491972,20508,5752.05,1465
2026-04-13,C001,Search,Performance,North,1040068,52769,12884.37,3554
2026-04-13,C001,Search,Performance,South,1571251,65982,15502.58,4874
2026-04-13,C001,Search,Performance,East,1290775,58143,16440.72,5281
2026-04-13,C001,Search,Performance,West,1063541,31076,13756.57,2599
2026-04-13,C002,Social,Performance,North,679762,27328,8446.49,1641
2026-04-13,C002,Social,Performance,South,853047,40868,9068.72,2669
2026-04-13,C002,Social,Performance,East,1087096,54616,10609.34,3910
2026-04-13,C002,Social,Performance,West,1093087,28655,10340.0,1716
2026-04-13,C003,Display,Awareness,North,779291,27577,7160.65,2238
2026-04-13,C003,Display,Awareness,South,678437,28891,6563.04,2001
2026-04-13,C003,Display,Awareness,East,487339,26698,6219.64,1604
2026-04-13,C003,Display,Awareness,West,636970,32712,8177.41,2194
2026-04-13,C004,Email,Retention,North,273752,8996,3019.62,618
2026-04-13,C004,Email,Retention,South,354618,16529,3878.66,1247
2026-04-13,C004,Email,Retention,East,503632,13333,4504.45,1039
2026-04-13,C004,Email,Retention,West,380227,12265,3483.68,1104
2026-04-13,C005,Affiliate,Performance,North,488440,12868,5276.94,1181
2026-04-13,C005,Affiliate,Performance,South,512283,13252,5460.76,1094
2026-04-13,C005,Affiliate,Performance,East,388747,10470,4651.72,816
2026-04-13,C005,Affiliate,Performance,West,514227,20657,5148.4,1811
2026-04-14,C001,Search,Performance,North,1076033,49343,14250.16,3538
2026-04-14,C001,Search,Performance,South,1489205,66228,15254.77,4570
2026-04-14,C001,Search,Performance,East,1207312,37944,13423.13,2974
2026-04-14,C001,Search,Performance,West,1196365,31135,12903.47,2110
2026-04-14,C002,Social,Performance,North,1141542,52446,10976.91,3536
2026-04-14,C002,Social,Performance,South,900093,29859,11395.53,2635
2026-04-14,C002,Social,Performance,East,779867,22773,10344.72,1545
2026-04-14,C002,Social,Performance,West,1057108,28809,10771.06,2671
2026-04-14,C003,Display,Awareness,North,852829,40648,8028.83,3222
2026-04-14,C003,Display,Awareness,South,730752,32255,7302.32,2585
2026-04-14,C003,Display,Awareness,East,802629,38773,7696.01,3485
2026-04-14,C003,Display,Awareness,West,627116,17254,7499.1,1282
2026-04-14,C004,Email,Retention,North,364068,15336,3925.21,1166
2026-04-14,C004,Email,Retention,South,265483,11536,3469.1,1016
2026-04-14,C004,Email,Retention,East,351410,10516,3558.79,630
2026-04-14,C004,Email,Retention,West,351995,12957,3082.21,830
2026-04-14,C005,Affiliate,Performance,North,540697,23956,5440.83,1401
2026-04-14,C005,Affiliate,Performance,South,519467,19053,4690.82,1286
2026-04-14,C005,Affiliate,Performance,East,451050,23850,4117.56,1601
2026-04-14,C005,Affiliate,Performance,West,524281,25399,4785.45,2342
2026-04-15,C001,Search,Performance,North,1242503,61780,14450.78,3411
2026-04-15,C001,Search,Performance,South,1156598,40684,11851.27,2762
2026-04-15,C001,Search,Performance,East,1510621,76430,15202.32,5012
2026-04-15,C001,Search,Performance,West,1375568,52981,14361.74,2938
2026-04-15,C002,Social,Performance,North,1241585,58464,12582.38,4551
2026-04-15,C002,Social,Performance,South,861048,24534,11085.99,1934
2026-04-15,C002,Social,Performance,East,918126,38221,9959.71,2604
2026-04-15,C002,Social,Performance,West,1052625,46645,10139.21,3186
2026-04-15,C003,Display,Awareness,North,808264,33626,8042.61,1864
2026-04-15,C003,Display,Awareness,South,871649,31624,8474.11,2931
2026-04-15,C003,Display,Awareness,East,658216,20478,7735.78,1405
2026-04-15,C003,Display,Awareness,West,796217,26977,8464.75,2039
2026-04-15,C004,Email,Retention,North,360696,13735,3468.35,1101
2026-04-15,C004,Email,Retention,South,333384,11346,3761.82,886
2026-04-15,C004,Email,Retention,East,391196,14086,4524.26,822
2026-04-15,C004,Email,Retention,West,264274,8616,3428.08,499
2026-04-15,C005,Affiliate,Performance,North,449131,22971,5228.39,1709
2026-04-15,C005,Affiliate,Performance,South,438135,17757,5023.16,1247
2026-04-15,C005,Affiliate,Performance,East,539042,20357,4692.24,1403
2026-04-15,C005,Affiliate,Performance,West,543952,19537,5260.23,1725
2026-04-16,C001,Search,Performance,North,1304014,65700,16444.45,5546
2026-04-16,C001,Search,Performance,South,1110565,32604,13305.18,2205
2026-04-16,C001,Search,Performance,East,1195745,50388,13156.09,4692
2026-04-16,C001,Search,Performance,West,1314362,65157,13738.58,5009
2026-04-16,C002,Social,Performance,North,1007012,53893,10273.34,4816
2026-04-16,C002,Social,Performance,South,854866,27016,10160.74,1703
2026-04-16,C002,Social,Performance,East,934402,36376,9817.7,2369
2026-04-16,C002,Social,Performance,West,1128094,29234,11849.59,1762
2026-04-16,C003,Display,Awareness,North,708675,28711,7710.14,2004
2026-04-16,C003,Display,Awareness,South,820226,39801,7839.22,3404
2026-04-16,C003,Display,Awareness,East,606139,23697,6847.57,1616
2026-04-16,C003,Display,Awareness,West,840040,29301,7985.36,1773
2026-04-16,C004,Email,Retention,North,297922,12919,3545.21,934
2026-04-16,C004,Email,Retention,South,267017,10583,3430.3,879
2026-04-16,C004,Email,Retention,East,332854,9182,3845.47,848
2026-04-16,C004,Email,Retention,West,312142,13201,3463.33,1144
2026-04-16,C005,Affiliate,Performance,North,468609,15810,5827.26,961
2026-04-16,C005,Affiliate,Performance,South,504909,15995,4699.05,1338
2026-04-16,C005,Affiliate,Performance,East,502066,19495,5197.32,1326
2026-04-16,C005,Affiliate,Performance,West,521181,22454,5542.94,2120
2026-04-17,C001,Search,Performance,North,1386507,71893,13687.45,5084
2026-04-17,C001,Search,Performance,South,1729055,64793,15237.93,5121
2026-04-17,C001,Search,Performance,East,1186482,56220,13994.07,4263
2026-04-17,C001,Search,Performance,West,1190962,57521,13890.03,4434
2026-04-17,C002,Social,Performance,North,859122,37389,9115.26,2661
2026-04-17,C002,Social,Performance,South,963441,51880,11616.84,3914
2026-04-17,C002,Social,Performance,East,870255,32386,9755.65,2311
2026-04-17,C002,Social,Performance,West,1170064,48328,12091.54,3619
2026-04-17,C003,Display,Awareness,North,610451,17571,7466.0,1621
2026-04-17,C003,Display,Awareness,South,662887,29687,6682.47,2109
2026-04-17,C003,Display,Awareness,East,810225,29214,7660.49,2728
2026-04-17,C003,Display,Awareness,West,866699,43870,8038.51,2715
2026-04-17,C004,Email,Retention,North,269752,13666,3142.64,769
2026-04-17,C004,Email,Retention,South,243703,8095,3122.65,509
2026-04-17,C004,Email,Retention,East,360819,9082,3699.77,655
2026-04-17,C004,Email,Retention,West,295831,8407,3239.67,689
2026-04-17,C005,Affiliate,Performance,North,598985,14975,5751.79,1395
2026-04-17,C005,Affiliate,Performance,South,613172,31958,5700.31,1777
2026-04-17,C005,Affiliate,Performance,East,627407,24022,5560.88,1897
2026-04-17,C005,Affiliate,Performance,West,583871,30936,6207.86,1795
2026-04-18,C001,Search,Performance,North,1938736,82377,18174.02,7525
2026-04-18,C001,Search,Performance,South,1681373,45278,14921.72,3219
2026-04-18,C001,Search,Performance,East,1770666,51039,16265.21,2997
2026-04-18,C001,Search,Performance,West,1480666,60653,15021.37,3982
2026-04-18,C002,Social,Performance,North,1105687,52082,12236.75,3856
2026-04-18,C002,Social,Performance,South,873217,46139,10928.42,3375
2026-04-18,C002,Social,Performance,East,783647,21954,10344.46,1643
2026-04-18,C002,Social,Performance,West,1314985,46079,12816.8,3816
2026-04-18,C003,Display,Awareness,North,851305,44648,8989.41,3329
2026-04-18,C003,Display,Awareness,South,833777,25831,8964.32,1738
2026-04-18,C003,Display,Awareness,East,694166,23688,8172.29,2033
2026-04-18,C003,Display,Awareness,West,681962,22004,7741.76,1359
2026-04-18,C004,Email,Retention,North,331583,13332,3559.66,1099
2026-04-18,C004,Email,Retention,South,386724,19073,3854.47,1083
2026-04-18,C004,Email,Retention,East,271183,9132,3354.55,615
2026-04-18,C004,Email,Retention,West,324133,14557,3380.78,1022
2026-04-18,C005,Affiliate,Performance,North,441160,18191,5093.57,1017
2026-04-18,C005,Affiliate,Performance,South,494874,18577,6329.01,1722
2026-04-18,C005,Affiliate,Performance,East,581289,27302,5340.15,2168
2026-04-18,C005,Affiliate,Performance,West,617502,22923,5727.6,1463
2026-04-19,C001,Search,Performance,North,1931051,81011,20004.04,7529
2026-04-19,C001,Search,Performance,South,1780087,91267,16023.86,7945
2026-04-19,C001,Search,Performance,East,1616545,64912,14849.58,5512
2026-04-19,C001,Search,Performance,West,1009117,32869,12526.53,2769
2026-04-19,C002,Social,Performance,North,914557,32462,10684.75,2705
2026-04-19,C002,Social,Performance,South,905766,37732,10096.17,2226
2026-04-19,C002,Social,Performance,East,1072985,50174,10629.79,3180
2026-04-19,C002,Social,Performance,West,1388287,60372,12576.55,4355
2026-04-19,C003,Display,Awareness,North,662258,32642,7482.43,2703
2026-04-19,C003,Display,Awareness,South,911275,34843,8626.94,2914
2026-04-19,C003,Display,Awareness,East,712069,38651,7098.89,2606
2026-04-19,C003,Display,Awareness,West,717148,32429,7675.06,2486
2026-04-19,C004,Email,Retention,North,301830,16586,3903.06,1411
2026-04-19,C004,Email,Retention,South,433844,19321,3960.02,1724
2026-04-19,C004,Email,Retention,East,397448,12340,3611.3,717
2026-04-19,C004,Email,Retention,West,366542,18350,3440.91,1128
2026-04-19,C005,Affiliate,Performance,North,559482,27922,5839.91,2003
2026-04-19,C005,Affiliate,Performance,South,502733,16864,6074.61,1268
2026-04-19,C005,Affiliate,Performance,East,684889,29067,6421.6,2506
2026-04-19,C005,Affiliate,Performance,West,468673,12420,5669.14,1117
2026-04-20,C001,Search,Performance,North,1403313,52320,13649.22,4711
2026-04-20,C001,Search,Performance,South,1177605,29859,13548.28,2001
2026-04-20,C001,Search,Performance,East,1102814,56572,11440.59,5176
2026-04-20,C001,Search,Performance,West,1329831,51682,15528.35,3977
2026-04-20,C002,Social,Performance,North,1008626,25460,11191.89,1409
2026-04-20,C002,Social,Performance,South,882676,34998,9448.21,1956
2026-04-20,C002,Social,Performance,East,899961,30623,9240.25,1888
2026-04-20,C002,Social,Performance,West,1047238,33478,11471.95,2557
2026-04-20,C003,Display,Awareness,North,610099,27533,7504.75,2344
2026-04-20,C003,Display,Awareness,South,514900,20098,6483.6,1162
2026-04-20,C003,Display,Awareness,East,617464,25022,6424.9,2301
2026-04-20,C003,Display,Awareness,West,771999,32802,7961.77,2331
2026-04-20,C004,Email,Retention,North,344122,17157,3728.47,1508
2026-04-20,C004,Email,Retention,South,271359,12491,3287.02,832
2026-04-20,C004,Email,Retention,East,322913,10299,3104.26,566
2026-04-20,C004,Email,Retention,West,321821,9698,3106.1,573
2026-04-20,C005,Affiliate,Performance,North,457529,12049,4865.46,1130
2026-04-20,C005,Affiliate,Performance,South,468711,16262,4522.39,1101
2026-04-20,C005,Affiliate,Performance,East,516784,15848,6391.5,1416
2026-04-20,C005,Affiliate,Performance,West,404791,14736,4748.28,1324
2026-04-21,C001,Search,Performance,North,1248127,31940,12194.94,2696
2026-04-21,C001,Search,Performance,South,1481051,73157,15675.71,6817
2026-04-21,C001,Search,Performance,East,1031898,47154,11024.39,4260
2026-04-21,C001,Search,Performance,West,1171934,61580,14072.31,5394
2026-04-21,C002,Social,Performance,North,778005,26247,9787.51,2088
2026-04-21,C002,Social,Performance,South,1075156,55883,10031.99,4467
2026-04-21,C002,Social,Performance,East,958142,25200,10079.98,1737
2026-04-21,C002,Social,Performance,West,787073,34955,9578.93,2571
2026-04-21,C003,Display,Awareness,North,641429,20167,5664.3,1525
2026-04-21,C003,Display,Awareness,South,766796,31979,7341.93,2947
2026-04-21,C003,Display,Awareness,East,549193,23763,6992.45,1580
2026-04-21,C003,Display,Awareness,West,486335,20103,5973.74,1533
2026-04-21,C004,Email,Retention,North,352402,10808,3525.76,797
2026-04-21,C004,Email,Retention,South,341889,13977,3293.32,989
2026-04-21,C004,Email,Retention,East,428563,19350,3807.28,1122
2026-04-21,C004,Email,Retention,West,275055,14227,2944.06,836
2026-04-21,C005,Affiliate,Performance,North,525495,20087,5728.38,1614
2026-04-21,C005,Affiliate,Performance,South,526759,13702,4970.41,1078
2026-04-21,C005,Affiliate,Performance,East,436445,17052,4908.36,1165
2026-04-21,C005,Affiliate,Performance,West,368497,10822,4647.2,609
2026-04-22,C001,Search,Performance,North,1167955,62354,14667.83,5258
2026-04-22,C001,Search,Performance,South,1381372,61275,13745.01,5396
2026-04-22,C001,Search,Performance,East,1421479,60561,13816.38,5348
2026-04-22,C001,Search,Performance,West,974474,44553,12510.77,3402
2026-04-22,C002,Social,Performance,North,887076,45888,8885.58,3434
2026-04-22,C002,Social,Performance,South,995852,36910,9221.8,2181
2026-04-22,C002,Social,Performance,East,920934,43546,8879.26,2483
2026-04-22,C002,Social,Performance,West,775180,25757,9245.41,1980
2026-04-22,C003,Display,Awareness,North,643475,31356,7211.84,2364
2026-04-22,C003,Display,Awareness,South,529807,24990,6613.18,1771
2026-04-22,C003,Display,Awareness,East,659192,23265,6945.42,1504
2026-04-22,C003,Display,Awareness,West,591015,15115,6498.95,1298
2026-04-22,C004,Email,Retention,North,417916,16635,3885.68,1051
2026-04-22,C004,Email,Retention,South,385361,17723,3688.05,1149
2026-04-22,C004,Email,Retention,East,372921,11453,3589.49,832
2026-04-22,C004,Email,Retention,West,273216,10024,3509.06,848
2026-04-22,C005,Affiliate,Performance,North,436933,22356,4421.77,1272
2026-04-22,C005,Affiliate,Performance,South,421170,12528,4657.99,1037
2026-04-22,C005,Affiliate,Performance,East,461249,14283,5335.62,1320
2026-04-22,C005,Affiliate,Performance,West,364320,13892,4810.08,776
2026-04-23,C001,Search,Performance,North,1241446,35958,14128.78,2519
2026-04-23,C001,Search,Performance,South,972364,47132,9543.23,3592
2026-04-23,C001,Search,Performance,East,1046741,31252,12102.01,2030
2026-04-23,C001,Search,Performance,West,1205716,48932,14354.54,3792
2026-04-23,C002,Social,Performance,North,1125615,36751,11555.49,2407
2026-04-23,C002,Social,Performance,South,832466,28439,10871.95,2411
2026-04-23,C002,Social,Performance,East,1062525,48814,11398.93,3442
2026-04-23,C002,Social,Performance,West,903930,33395,11105.27,2611
2026-04-23,C003,Display,Awareness,North,579460,14903,6078.31,1006
2026-04-23,C003,Display,Awareness,South,813001,33835,7542.12,2470
2026-04-23,C003,Display,Awareness,East,611090,30595,6765.53,2866
2026-04-23,C003,Display,Awareness,West,622266,22899,6723.85,2034
2026-04-23,C004,Email,Retention,North,338326,16004,4016.33,1220
2026-04-23,C004,Email,Retention,South,299164,14486,2786.52,921
2026-04-23,C004,Email,Retention,East,335150,10114,3772.33,557
2026-04-23,C004,Email,Retention,West,342253,12174,3678.72,939
2026-04-23,C005,Affiliate,Performance,North,456489,14513,5350.94,1077
2026-04-23,C005,Affiliate,Performance,South,477342,15013,5027.09,988
2026-04-23,C005,Affiliate,Performance,East,577496,22447,5458.19,1875
2026-04-23,C005,Affiliate,Performance,West,498635,14534,4774.49,1361
2026-04-24,C001,Search,Performance,North,1082287,31137,13127.13,1884
2026-04-24,C001,Search,Performance,South,1528789,59759,14570.1,5158
2026-04-24,C001,Search,Performance,East,1504062,38429,14680.27,2592
2026-04-24,C001,Search,Performance,West,1604415,40560,15962.28,2284
2026-04-24,C002,Social,Performance,North,926425,42281,10820.86,3665
2026-04-24,C002,Social,Performance,South,983468,25649,11269.03,2367
2026-04-24,C002,Social,Performance,East,908007,43633,9590.86,2786
2026-04-24,C002,Social,Performance,West,861606,27813,10044.42,2632
2026-04-24,C003,Display,Awareness,North,865605,25454,7727.89,2388
2026-04-24,C003,Display,Awareness,South,738590,38064,6542.04,2420
2026-04-24,C003,Display,Awareness,East,974124,29625,8512.02,2537
2026-04-24,C003,Display,Awareness,West,707621,21418,7991.02,1538
2026-04-24,C004,Email,Retention,North,327249,17951,3391.15,1273
2026-04-24,C004,Email,Retention,South,396832,14269,3983.62,1008
2026-04-24,C004,Email,Retention,East,346261,16638,3580.99,974
2026-04-24,C004,Email,Retention,West,292723,11727,3507.92,654
2026-04-24,C005,Affiliate,Performance,North,395854,13038,5236.27,985
2026-04-24,C005,Affiliate,Performance,South,428750,22626,4378.31,1828
2026-04-24,C005,Affiliate,Performance,East,591074,18323,5555.46,1103
2026-04-24,C005,Affiliate,Performance,West,520648,21761,5102.77,1884
2026-04-25,C001,Search,Performance,North,1834992,75248,16032.4,4479
2026-04-25,C001,Search,Performance,South,1852265,60301,17129.84,5191
2026-04-25,C001,Search,Performance,East,1481113,57484,14984.78,3999
2026-04-25,C001,Search,Performance,West,1345028,59303,15092.3,5043
2026-04-25,C002,Social,Performance,North,955937,46601,10088.05,3449
2026-04-25,C002,Social,Performance,South,1145797,55151,11877.86,4492
2026-04-25,C002,Social,Performance,East,995970,54644,12220.1,3265
2026-04-25,C002,Social,Performance,West,827940,42804,10951.89,2773
2026-04-25,C003,Display,Awareness,North,957897,52442,8759.17,3501
2026-04-25,C003,Display,Awareness,South,886668,25236,8574.33,1798
2026-04-25,C003,Display,Awareness,East,766189,30734,7767.23,2484
2026-04-25,C003,Display,Awareness,West,1017909,27149,8935.64,2116
2026-04-25,C004,Email,Retention,North,289474,12104,3704.51,826
2026-04-25,C004,Email,Retention,South,338661,17092,4170.83,1296
2026-04-25,C004,Email,Retention,East,363107,10979,3258.56,729
2026-04-25,C004,Email,Retention,West,345258,11359,3608.72,720
2026-04-25,C005,Affiliate,Performance,North,399112,14434,5161.38,1209
2026-04-25,C005,Affiliate,Performance,South,553731,20868,5697.28,1619
2026-04-25,C005,Affiliate,Performance,East,457079,20660,5921.01,1872
2026-04-25,C005,Affiliate,Performance,West,588324,17956,5490.38,1200
2026-04-26,C001,Search,Performance,North,1531516,71318,14250.05,6003
2026-04-26,C001,Search,Performance,South,1205470,56093,15257.26,4610
2026-04-26,C001,Search,Performance,East,1199424,50077,14816.57,4591
2026-04-26,C001,Search,Performance,West,1321659,66543,14578.33,3660
2026-04-26,C002,Social,Performance,North,940155,40607,11919.1,2966
2026-04-26,C002,Social,Performance,South,1224414,35110,10879.94,2228
2026-04-26,C002,Social,Performance,East,956539,48876,11107.92,3870
2026-04-26,C002,Social,Performance,West,1064176,43585,10688.41,2557
2026-04-26,C003,Display,Awareness,North,710390,32190,7564.45,2896
2026-04-26,C003,Display,Awareness,South,820178,43598,7813.56,2491
2026-04-26,C003,Display,Awareness,East,644497,21328,7304.29,1609
2026-04-26,C003,Display,Awareness,West,686337,27709,7411.37,2269
2026-04-26,C004,Email,Retention,North,264046,9369,3233.96,793
2026-04-26,C004,Email,Retention,South,367810,16554,3494.04,1065
2026-04-26,C004,Email,Retention,East,409626,16999,4340.62,1269
2026-04-26,C004,Email,Retention,West,439947,20442,4506.82,1213
2026-04-26,C005,Affiliate,Performance,North,409526,22230,5272.97,2073
2026-04-26,C005,Affiliate,Performance,South,450301,17245,5816.54,1076
2026-04-26,C005,Affiliate,Performance,East,718354,31627,6355.74,2187
2026-04-26,C005,Affiliate,Performance,West,550901,18928,5557.2,1729
2026-04-27,C001,Search,Performance,North,1234693,41734,14031.89,2351
2026-04-27,C001,Search,Performance,South,1651417,63598,15343.07,4325
2026-04-27,C001,Search,Performance,East,1260855,63962,15763.73,5814
2026-04-27,C001,Search,Performance,West,1538913,56823,13634.59,3618
2026-04-27,C002,Social,Performance,North,731781,31626,8919.15,2342
2026-04-27,C002,Social,Performance,South,1013901,26324,9248.56,2125
2026-04-27,C002,Social,Performance,East,1234931,57882,11181.62,5331
2026-04-27,C002,Social,Performance,West,988425,39632,11193.16,2202
2026-04-27,C003,Display,Awareness,North,596939,15434,7272.5,1410
2026-04-27,C003,Display,Awareness,South,537918,25326,7140.92,1547
2026-04-27,C003,Display,Awareness,East,640953,34961,8521.78,3150
2026-04-27,C003,Display,Awareness,West,931167,41695,8403.72,2868
2026-04-27,C004,Email,Retention,North,325869,9121,3341.96,838
2026-04-27,C004,Email,Retention,South,295399,9378,3663.6,725
2026-04-27,C004,Email,Retention,East,309020,7734,3666.37,659
2026-04-27,C004,Email,Retention,West,451574,22261,3947.05,1634
2026-04-27,C005,Affiliate,Performance,North,487451,19163,5077.76,1397
2026-04-27,C005,Affiliate,Performance,South,597233,24368,5633.88,1648
2026-04-27,C005,Affiliate,Performance,East,362481,16172,4479.21,1330
2026-04-27,C005,Affiliate,Performance,West,568559,22803,5410.41,2069
2026-04-28,C001,Search,Performance,North,1369359,45495,11978.53,2871
2026-04-28,C001,Search,Performance,South,1410465,37666,15217.65,3545
2026-04-28,C001,Search,Performance,East,1599243,63826,15797.83,3592
2026-04-28,C001,Search,Performance,West,1693734,78733,17023.75,5642
2026-04-28,C002,Social,Performance,North,802726,23955,9573.24,1673
2026-04-28,C002,Social,Performance,South,1212893,60447,11139.68,4250
2026-04-28,C002,Social,Performance,East,1027856,30881,12142.68,2899
2026-04-28,C002,Social,Performance,West,1100636,59921,11039.23,4105
2026-04-28,C003,Display,Awareness,North,578642,23352,6771.87,1582
2026-04-28,C003,Display,Awareness,South,656538,21591,8035.49,1218
2026-04-28,C003,Display,Awareness,East,584529,17624,7420.74,1041
2026-04-28,C003,Display,Awareness,West,898464,25000,9029.45,2129
2026-04-28,C004,Email,Retention,North,277693,13782,3563.88,1029
2026-04-28,C004,Email,Retention,South,398057,17125,3656.22,1408
2026-04-28,C004,Email,Retention,East,246150,6260,3214.37,374
2026-04-28,C004,Email,Retention,West,434467,18254,4303.2,1408
2026-04-28,C005,Affiliate,Performance,North,577611,21329,5157.94,1706
2026-04-28,C005,Affiliate,Performance,South,522554,25353,4920.82,1921
2026-04-28,C005,Affiliate,Performance,East,554464,17857,5015.61,1182
2026-04-28,C005,Affiliate,Performance,West,442462,21621,5736.97,1549
2026-04-29,C001,Search,Performance,North,1424264,71238,12824.74,5495
2026-04-29,C001,Search,Performance,South,1276980,50095,12815.37,3540
2026-04-29,C001,Search,Performance,East,1092875,42325,11512.92,3206
2026-04-29,C001,Search,Performance,West,1011366,40853,12548.48,2643
2026-04-29,C002,Social,Performance,North,993587,46527,9929.35,3823
2026-04-29,C002,Social,Performance,South,1128404,41341,12027.33,2895
2026-04-29,C002,Social,Performance,East,1118381,57307,10263.65,3542
2026-04-29,C002,Social,Performance,West,1043168,45807,12966.78,3071
2026-04-29,C003,Display,Awareness,North,682953,21872,8222.56,1659
2026-04-29,C003,Display,Awareness,South,662337,22627,8088.73,1535
2026-04-29,C003,Display,Awareness,East,763364,22913,7164.91,1286
2026-04-29,C003,Display,Awareness,West,713055,38704,7118.15,2641
2026-04-29,C004,Email,Retention,North,390916,18967,3513.72,1515
2026-04-29,C004,Email,Retention,South,273698,11291,3124.34,662
2026-04-29,C004,Email,Retention,East,440323,14447,3876.05,805
2026-04-29,C004,Email,Retention,West,366442,16930,3784.61,1466
2026-04-29,C005,Affiliate,Performance,North,464595,16222,4864.69,1450
2026-04-29,C005,Affiliate,Performance,South,449042,21997,4779.57,1720
2026-04-29,C005,Affiliate,Performance,East,522491,17366,4826.41,1334
2026-04-29,C005,Affiliate,Performance,West,484551,19026,5798.82,1288
2026-04-30,C001,Search,Performance,North,1649311,42217,14421.27,3502
2026-04-30,C001,Search,Performance,South,1114980,29228,13099.47,2078
2026-04-30,C001,Search,Performance,East,1523477,41926,13857.94,3448
2026-04-30,C001,Search,Performance,West,1835936,82750,17963.38,7670
2026-04-30,C002,Social,Performance,North,711902,27436,8144.79,1930
2026-04-30,C002,Social,Performance,South,892530,48533,9670.58,2841
2026-04-30,C002,Social,Performance,East,1030522,51428,10310.41,3570
2026-04-30,C002,Social,Performance,West,1035879,38623,11233.08,2703
2026-04-30,C003,Display,Awareness,North,682309,19998,6839.25,1517
2026-04-30,C003,Display,Awareness,South,553864,19107,7356.54,1568
2026-04-30,C003,Display,Awareness,East,857129,30661,7794.63,1742
2026-04-30,C003,Display,Awareness,West,812331,42514,7464.56,3733
2026-04-30,C004,Email,Retention,North,419346,13448,3766.99,1228
2026-04-30,C004,Email,Retention,South,274234,14888,3138.44,986
2026-04-30,C004,Email,Retention,East,333956,10588,3548.39,881
2026-04-30,C004,Email,Retention,West,342417,14239,4143.87,927
2026-04-30,C005,Affiliate,Performance,North,444904,14228,4859.01,1062
2026-04-30,C005,Affiliate,Performance,South,528467,24500,4808.68,1915
2026-04-30,C005,Affiliate,Performance,East,433866,21081,5313.31,1370
2026-04-30,C005,Affiliate,Performance,West,448668,15934,4893.75,1423
2026-05-01,C001,Search,Performance,North,793715,36625,9837.52,3340
2026-05-01,C001,Search,Performance,South,804607,31896,8709.35,2937
2026-05-01,C001,Search,Performance,East,794335,36282,8094.47,2150
2026-05-01,C001,Search,Performance,West,1405241,53490,13030.26,3096
2026-05-01,C002,Social,Performance,North,542182,23863,6861.8,2152
2026-05-01,C002,Social,Performance,South,908508,48814,8221.04,4379
2026-05-01,C002,Social,Performance,East,684700,29571,6911.84,2058
2026-05-01,C002,Social,Performance,West,901059,36129,8104.59,2658
2026-05-01,C003,Display,Awareness,North,429697,17356,5231.54,1519
2026-05-01,C003,Display,Awareness,South,562858,27387,5306.26,2281
2026-05-01,C003,Display,Awareness,East,615514,18972,5558.31,1142
2026-05-01,C003,Display,Awareness,West,572662,29234,5022.29,2652
2026-05-01,C004,Email,Retention,North,246204,10183,2441.15,580
2026-05-01,C004,Email,Retention,South,279713,11233,2668.51,908
2026-05-01,C004,Email,Retention,East,134718,4494,1645.48,275
2026-05-01,C004,Email,Retention,West,226361,12266,2732.95,749
2026-05-01,C005,Affiliate,Performance,North,382839,11339,3851.23,983
2026-05-01,C005,Affiliate,Performance,South,329805,10593,3099.44,704
2026-05-01,C005,Affiliate,Performance,East,315878,13197,3443.54,824
2026-05-01,C005,Affiliate,Performance,West,344808,14837,3710.44,1010
2026-05-02,C001,Search,Performance,North,968861,48597,11016.75,2874
2026-05-02,C001,Search,Performance,South,1184093,35028,10912.38,2042
2026-05-02,C001,Search,Performance,East,1112161,39921,9991.06,2654
2026-05-02,C001,Search,Performance,West,1233627,47714,12981.53,3281
2026-05-02,C002,Social,Performance,North,948920,51417,8696.17,3376
2026-05-02,C002,Social,Performance,South,877486,32315,8466.37,2652
2026-05-02,C002,Social,Performance,East,832510,44601,7992.91,3942
2026-05-02,C002,Social,Performance,West,868538,42934,7816.5,3149
2026-05-02,C003,Display,Awareness,North,399239,16256,5266.36,1222
2026-05-02,C003,Display,Awareness,South,474063,25704,4937.65,2350
2026-05-02,C003,Display,Awareness,East,498822,17865,5424.45,1553
2026-05-02,C003,Display,Awareness,West,487936,20572,5084.72,1833
2026-05-02,C004,Email,Retention,North,261507,9953,2525.26,664
2026-05-02,C004,Email,Retention,South,206305,8173,2679.26,565
2026-05-02,C004,Email,Retention,East,299964,9701,2835.76,552
2026-05-02,C004,Email,Retention,West,255386,6460,2344.07,597
2026-05-02,C005,Affiliate,Performance,North,286417,7237,3375.22,466
2026-05-02,C005,Affiliate,Performance,South,350120,15182,4348.82,936
2026-05-02,C005,Affiliate,Performance,East,434901,11330,5003.37,640
2026-05-02,C005,Affiliate,Performance,West,321731,15177,4230.31,1027
2026-05-03,C001,Search,Performance,North,941218,38012,10107.59,3174
2026-05-03,C001,Search,Performance,South,1028702,29469,11970.0,2276
2026-05-03,C001,Search,Performance,East,987825,39338,9792.29,3139
2026-05-03,C001,Search,Performance,West,834345,39375,8622.12,3277
2026-05-03,C002,Social,Performance,North,1047997,39790,9532.25,2845
2026-05-03,C002,Social,Performance,South,857800,36436,8125.43,2107
2026-05-03,C002,Social,Performance,East,961900,25609,8503.03,2019
2026-05-03,C002,Social,Performance,West,780632,27258,8474.67,1597
2026-05-03,C003,Display,Awareness,North,408844,17733,5163.35,1498
2026-05-03,C003,Display,Awareness,South,782273,40804,7401.5,2912
2026-05-03,C003,Display,Awareness,East,480879,17819,5203.45,1390
2026-05-03,C003,Display,Awareness,West,528975,25126,5379.3,1894
2026-05-03,C004,Email,Retention,North,197291,9105,2566.78,810
2026-05-03,C004,Email,Retention,South,235107,12426,2545.48,976
2026-05-03,C004,Email,Retention,East,251196,8949,2891.57,816
2026-05-03,C004,Email,Retention,West,301074,16346,2711.44,1488
2026-05-03,C005,Affiliate,Performance,North,362918,19860,3970.94,1467
2026-05-03,C005,Affiliate,Performance,South,373639,15279,3845.87,1036
2026-05-03,C005,Affiliate,Performance,East,399650,17494,3767.77,1248
2026-05-03,C005,Affiliate,Performance,West,343873,17465,4037.93,1449
2026-05-04,C001,Search,Performance,North,946009,37100,12029.22,2327
2026-05-04,C001,Search,Performance,South,885751,39716,10628.77,3632
2026-05-04,C001,Search,Performance,East,854274,43683,8462.37,3710
2026-05-04,C001,Search,Performance,West,1014966,41711,9247.96,3548
2026-05-04,C002,Social,Performance,North,631415,25470,6970.66,2347
2026-05-04,C002,Social,Performance,South,727024,21109,6611.01,1306
2026-05-04,C002,Social,Performance,East,629505,32786,6320.92,3065
2026-05-04,C002,Social,Performance,West,667828,33488,6602.74,2545
2026-05-04,C003,Display,Awareness,North,514933,24342,5297.48,1552
2026-05-04,C003,Display,Awareness,South,405816,14577,4522.51,1361
2026-05-04,C003,Display,Awareness,East,643275,21206,6124.54,1651
2026-05-04,C003,Display,Awareness,West,559908,21979,5054.6,2039
2026-05-04,C004,Email,Retention,North,223221,11838,2472.14,855
2026-05-04,C004,Email,Retention,South,261985,10055,2713.39,780
2026-05-04,C004,Email,Retention,East,250142,9588,2268.21,753
2026-05-04,C004,Email,Retention,West,193776,4864,2405.14,315
2026-05-04,C005,Affiliate,Performance,North,380722,11973,3418.98,756
2026-05-04,C005,Affiliate,Performance,South,306913,7801,3731.01,669
2026-05-04,C005,Affiliate,Performance,East,307670,10324,3728.07,764
2026-05-04,C005,Affiliate,Performance,West,450546,14606,3981.01,1230
2026-05-05,C001,Search,Performance,North,753847,20456,8085.32,1778
2026-05-05,C001,Search,Performance,South,776027,36288,9158.6,2095
2026-05-05,C001,Search,Performance,East,1115934,43897,9813.48,3691
2026-05-05,C001,Search,Performance,West,884825,27014,9850.17,1964
2026-05-05,C002,Social,Performance,North,738687,30391,7382.55,2476
2026-05-05,C002,Social,Performance,South,529959,22073,6653.84,1467
2026-05-05,C002,Social,Performance,East,500275,16143,6630.9,1326
2026-05-05,C002,Social,Performance,West,573375,23089,6806.16,2089
2026-05-05,C003,Display,Awareness,North,431440,16684,4799.19,1035
2026-05-05,C003,Display,Awareness,South,615604,22115,6133.97,1970
2026-05-05,C003,Display,Awareness,East,497830,15581,5558.12,1340
2026-05-05,C003,Display,Awareness,West,568599,18048,6019.71,1133
2026-05-05,C004,Email,Retention,North,213199,8698,2533.28,635
2026-05-05,C004,Email,Retention,South,223815,11484,2279.55,1030
2026-05-05,C004,Email,Retention,East,215280,9297,2338.53,718
2026-05-05,C004,Email,Retention,West,243252,7205,2407.17,582
2026-05-05,C005,Affiliate,Performance,North,339678,15726,3835.42,895
2026-05-05,C005,Affiliate,Performance,South,307699,14200,3369.67,909
2026-05-05,C005,Affiliate,Performance,East,376452,13404,3821.76,995
2026-05-05,C005,Affiliate,Performance,West,404282,15837,4088.04,1313
2026-05-06,C001,Search,Performance,North,703653,17713,8421.2,1187
2026-05-06,C001,Search,Performance,South,983363,48012,9369.23,3029
2026-05-06,C001,Search,Performance,East,1079150,49859,9662.96,4183
2026-05-06,C001,Search,Performance,West,802957,25373,10241.58,1404
2026-05-06,C002,Social,Performance,North,703030,24724,6603.33,2170
2026-05-06,C002,Social,Performance,South,661180,19968,8241.27,1370
2026-05-06,C002,Social,Performance,East,642252,17924,6085.05,1237
2026-05-06,C002,Social,Performance,West,707284,19099,6519.38,1770
2026-05-06,C003,Display,Awareness,North,508089,21785,4790.78,1759
2026-05-06,C003,Display,Awareness,South,476961,13612,4529.53,1202
2026-05-06,C003,Display,Awareness,East,616814,28379,5577.52,1789
2026-05-06,C003,Display,Awareness,West,571635,22763,6200.63,1302
2026-05-06,C004,Email,Retention,North,184720,9742,2429.72,867
2026-05-06,C004,Email,Retention,South,281003,8955,2928.02,536
2026-05-06,C004,Email,Retention,East,201439,10876,2114.46,848
2026-05-06,C004,Email,Retention,West,247983,11041,2242.22,817
2026-05-06,C005,Affiliate,Performance,North,393836,13290,3588.64,799
2026-05-06,C005,Affiliate,Performance,South,444415,18942,4069.27,1715
2026-05-06,C005,Affiliate,Performance,East,286354,13976,2862.56,925
2026-05-06,C005,Affiliate,Performance,West,353011,16330,3629.12,985
2026-05-07,C001,Search,Performance,North,1137122,40010,10064.68,2373
2026-05-07,C001,Search,Performance,South,1039059,28651,10907.61,2686
2026-05-07,C001,Search,Performance,East,598493,26133,7709.2,2049
2026-05-07,C001,Search,Performance,West,869722,45492,10085.46,3055
2026-05-07,C002,Social,Performance,North,689717,36530,8729.57,2556
2026-05-07,C002,Social,Performance,South,457527,16754,5848.4,1323
2026-05-07,C002,Social,Performance,East,678950,22769,8792.49,1998
2026-05-07,C002,Social,Performance,West,574277,29095,7344.1,1707
2026-05-07,C003,Display,Awareness,North,498350,14744,5009.13,849
2026-05-07,C003,Display,Awareness,South,485992,14013,5810.7,945
2026-05-07,C003,Display,Awareness,East,722357,32280,6776.68,2561
2026-05-07,C003,Display,Awareness,West,499106,19572,5456.43,1400
2026-05-07,C004,Email,Retention,North,173526,7728,2306.65,487
2026-05-07,C004,Email,Retention,South,283109,14373,2559.65,834
2026-05-07,C004,Email,Retention,East,239688,7968,2412.1,666
2026-05-07,C004,Email,Retention,West,216363,7517,2189.99,421
2026-05-07,C005,Affiliate,Performance,North,362779,13643,3347.33,1065
2026-05-07,C005,Affiliate,Performance,South,426742,21724,3882.37,1517
2026-05-07,C005,Affiliate,Performance,East,356791,10975,3864.59,1000
2026-05-07,C005,Affiliate,Performance,West,280520,7230,3382.86,403
2026-05-08,C001,Search,Performance,North,982899,34008,11240.63,2332
2026-05-08,C001,Search,Performance,South,1107251,29612,10833.49,2729
2026-05-08,C001,Search,Performance,East,853191,23399,10164.72,2105
2026-05-08,C001,Search,Performance,West,993208,36855,9082.84,3062
2026-05-08,C002,Social,Performance,North,711556,28967,8122.58,2155
2026-05-08,C002,Social,Performance,South,657988,34046,7380.18,2098
2026-05-08,C002,Social,Performance,East,752263,23198,7426.11,1638
2026-05-08,C002,Social,Performance,West,730670,23672,6473.98,1934
2026-05-08,C003,Display,Awareness,North,568077,26756,5049.53,1961
2026-05-08,C003,Display,Awareness,South,603248,27615,6169.86,2172
2026-05-08,C003,Display,Awareness,East,440653,13843,5065.25,782
2026-05-08,C003,Display,Awareness,West,437476,22355,5702.2,1836
2026-05-08,C004,Email,Retention,North,294374,11600,2701.46,1041
2026-05-08,C004,Email,Retention,South,252531,13333,2825.43,1105
2026-05-08,C004,Email,Retention,East,242678,7070,2519.47,556
2026-05-08,C004,Email,Retention,West,180171,4787,2056.96,444
2026-05-08,C005,Affiliate,Performance,North,403310,14402,3952.39,1087
2026-05-08,C005,Affiliate,Performance,South,381895,20548,3742.98,1338
2026-05-08,C005,Affiliate,Performance,East,346590,18573,3812.24,1543
2026-05-08,C005,Affiliate,Performance,West,283434,14797,3696.32,1100
2026-05-09,C001,Search,Performance,North,1068127,41737,13190.77,3683
2026-05-09,C001,Search,Performance,South,685850,22761,9069.78,1254
2026-05-09,C001,Search,Performance,East,1308356,69808,12233.24,5538
2026-05-09,C001,Search,Performance,West,837990,44182,9837.3,3800
2026-05-09,C002,Social,Performance,North,1043106,48370,9315.72,3373
2026-05-09,C002,Social,Performance,South,865587,22685,8361.45,1598
2026-05-09,C002,Social,Performance,East,528589,15329,6962.13,1244
2026-05-09,C002,Social,Performance,West,810879,44311,7571.83,3051
2026-05-09,C003,Display,Awareness,North,492311,22906,6027.19,1951
2026-05-09,C003,Display,Awareness,South,450495,22902,5734.48,2004
2026-05-09,C003,Display,Awareness,East,531549,21777,5573.46,1430
2026-05-09,C003,Display,Awareness,West,606562,21865,5441.79,1242
2026-05-09,C004,Email,Retention,North,245282,8147,2685.7,490
2026-05-09,C004,Email,Retention,South,232894,12782,2161.1,871
2026-05-09,C004,Email,Retention,East,313668,11530,3023.67,1051
2026-05-09,C004,Email,Retention,West,219038,8435,2248.85,682
2026-05-09,C005,Affiliate,Performance,North,363431,12514,3873.64,1038
2026-05-09,C005,Affiliate,Performance,South,411366,19309,3807.16,1826
2026-05-09,C005,Affiliate,Performance,East,439794,15773,4162.16,1330
2026-05-09,C005,Affiliate,Performance,West,298295,14521,3768.11,1107
2026-05-10,C001,Search,Performance,North,1157354,36207,11497.11,2035
2026-05-10,C001,Search,Performance,South,846372,35619,9165.34,3207
2026-05-10,C001,Search,Performance,East,1102801,42103,10487.67,3572
2026-05-10,C001,Search,Performance,West,938318,33903,11278.94,2724
2026-05-10,C002,Social,Performance,North,702505,35503,7560.51,3054
2026-05-10,C002,Social,Performance,South,758951,26350,8771.37,2164
2026-05-10,C002,Social,Performance,East,606281,31526,6937.08,2601
2026-05-10,C002,Social,Performance,West,915838,43969,8002.85,4075
2026-05-10,C003,Display,Awareness,North,458514,20689,6048.31,1526
2026-05-10,C003,Display,Awareness,South,467788,23797,5263.71,2121
2026-05-10,C003,Display,Awareness,East,510194,19116,5686.95,1687
2026-05-10,C003,Display,Awareness,West,480433,25602,5497.35,1592
2026-05-10,C004,Email,Retention,North,251631,8742,2957.31,772
2026-05-10,C004,Email,Retention,South,309785,10803,2937.13,824
2026-05-10,C004,Email,Retention,East,260048,12102,2391.62,1122
2026-05-10,C004,Email,Retention,West,267168,14216,2600.47,1097
2026-05-10,C005,Affiliate,Performance,North,406429,10536,4036.64,884
2026-05-10,C005,Affiliate,Performance,South,437990,21403,3938.1,1676
2026-05-10,C005,Affiliate,Performance,East,346848,15331,4017.43,1215
2026-05-10,C005,Affiliate,Performance,West,297489,9282,3666.46,741
2026-05-11,C001,Search,Performance,North,1007906,35087,9297.19,2614
2026-05-11,C001,Search,Performance,South,1024164,32583,9091.91,2299
2026-05-11,C001,Search,Performance,East,1236621,64878,11134.1,5583
2026-05-11,C001,Search,Performance,West,862302,22199,10249.26,1561
2026-05-11,C002,Social,Performance,North,767663,20204,7567.27,1787
2026-05-11,C002,Social,Performance,South,571475,21697,6727.22,1773
2026-05-11,C002,Social,Performance,East,476129,17637,6133.71,1509
2026-05-11,C002,Social,Performance,West,661904,24758,5930.67,1781
2026-05-11,C003,Display,Awareness,North,461799,17642,5389.66,1532
2026-05-11,C003,Display,Awareness,South,527137,14927,5303.85,1195
2026-05-11,C003,Display,Awareness,East,505425,25921,5255.86,1905
2026-05-11,C003,Display,Awareness,West,393345,12559,4564.36,1129
2026-05-11,C004,Email,Retention,North,193785,9340,2349.28,690
2026-05-11,C004,Email,Retention,South,190263,6817,2136.69,607
2026-05-11,C004,Email,Retention,East,318607,16584,2873.41,1130
2026-05-11,C004,Email,Retention,West,285103,7340,2520.85,514
2026-05-11,C005,Affiliate,Performance,North,301989,10291,3514.64,818
2026-05-11,C005,Affiliate,Performance,South,353477,16543,3820.0,1502
2026-05-11,C005,Affiliate,Performance,East,366006,12054,3258.98,735
2026-05-11,C005,Affiliate,Performance,West,303036,12697,3855.49,756
2026-05-12,C001,Search,Performance,North,798749,34447,9259.13,3019
2026-05-12,C001,Search,Performance,South,943604,31020,8948.02,2010
2026-05-12,C001,Search,Performance,East,1066478,37613,9446.94,2731
2026-05-12,C001,Search,Performance,West,1026271,43750,9936.33,2962
2026-05-12,C002,Social,Performance,North,657509,16658,8573.22,1221
2026-05-12,C002,Social,Performance,South,604878,27177,7535.22,1727
2026-05-12,C002,Social,Performance,East,613553,17474,6329.25,977
2026-05-12,C002,Social,Performance,West,541688,29049,7030.79,1763
2026-05-12,C003,Display,Awareness,North,400144,16112,5044.28,1185
2026-05-12,C003,Display,Awareness,South,602153,32121,5325.81,2768
2026-05-12,C003,Display,Awareness,East,423031,22595,4740.0,1787
2026-05-12,C003,Display,Awareness,West,642656,20537,6546.84,1167
2026-05-12,C004,Email,Retention,North,220648,6275,2380.15,555
2026-05-12,C004,Email,Retention,South,190291,9518,2500.37,576
2026-05-12,C004,Email,Retention,East,203698,8550,2496.71,577
2026-05-12,C004,Email,Retention,West,209762,10650,2554.05,757
2026-05-12,C005,Affiliate,Performance,North,291272,14898,3224.8,1035
2026-05-12,C005,Affiliate,Performance,South,395194,21099,3495.31,1282
2026-05-12,C005,Affiliate,Performance,East,337145,8472,3716.72,558
2026-05-12,C005,Affiliate,Performance,West,350190,17151,3540.67,1034
2026-05-13,C001,Search,Performance,North,1077723,40808,10189.55,3482
2026-05-13,C001,Search,Performance,South,1007952,32579,11215.41,2741
2026-05-13,C001,Search,Performance,East,886341,46667,9961.2,4308
2026-05-13,C001,Search,Performance,West,813771,39831,9610.63,2880
2026-05-13,C002,Social,Performance,North,751617,29319,7173.83,1879
2026-05-13,C002,Social,Performance,South,652937,24656,7869.18,2101
2026-05-13,C002,Social,Performance,East,733749,28941,8503.0,1643
2026-05-13,C002,Social,Performance,West,853083,46660,7920.83,3325
2026-05-13,C003,Display,Awareness,North,626339,20428,5880.32,1747
2026-05-13,C003,Display,Awareness,South,628782,21808,6133.31,1675
2026-05-13,C003,Display,Awareness,East,567975,21376,5151.8,1893
2026-05-13,C003,Display,Awareness,West,459662,14137,4661.41,1106
2026-05-13,C004,Email,Retention,North,149747,5615,1876.89,325
2026-05-13,C004,Email,Retention,South,193524,7252,2451.21,487
2026-05-13,C004,Email,Retention,East,249435,10203,2368.48,848
2026-05-13,C004,Email,Retention,West,220453,11740,2581.28,894
2026-05-13,C005,Affiliate,Performance,North,273983,12387,3467.77,685
2026-05-13,C005,Affiliate,Performance,South,379081,11669,4032.28,934
2026-05-13,C005,Affiliate,Performance,East,388999,15650,3611.88,1171
2026-05-13,C005,Affiliate,Performance,West,422897,21863,3768.57,1889
2026-05-14,C001,Search,Performance,North,844390,32354,10057.55,2406
2026-05-14,C001,Search,Performance,South,871325,45205,8048.03,3235
2026-05-14,C001,Search,Performance,East,765817,28323,10076.7,2674
2026-05-14,C001,Search,Performance,West,681931,25716,8629.01,1730
2026-05-14,C002,Social,Performance,North,711932,24982,7113.24,2045
2026-05-14,C002,Social,Performance,South,546366,15845,7162.19,1306
2026-05-14,C002,Social,Performance,East,586519,18454,7583.29,1752
2026-05-14,C002,Social,Performance,West,644772,29716,6983.88,1851
2026-05-14,C003,Display,Awareness,North,531976,26528,6074.24,2099
2026-05-14,C003,Display,Awareness,South,509504,21261,5625.85,1659
2026-05-14,C003,Display,Awareness,East,448985,16624,5059.72,1420
2026-05-14,C003,Display,Awareness,West,439625,23392,4661.91,1561
2026-05-14,C004,Email,Retention,North,268359,11112,2771.14,634
2026-05-14,C004,Email,Retention,South,210931,6986,2319.36,663
2026-05-14,C004,Email,Retention,East,264245,9308,2589.39,714
2026-05-14,C004,Email,Retention,West,253361,13048,2332.51,801
2026-05-14,C005,Affiliate,Performance,North,244824,10514,3192.74,937
2026-05-14,C005,Affiliate,Performance,South,289148,13648,3203.4,1093
2026-05-14,C005,Affiliate,Performance,East,339150,17173,3280.85,1415
2026-05-14,C005,Affiliate,Performance,West,265024,8344,3500.29,482
2026-05-15,C001,Search,Performance,North,894282,44848,11259.72,3463
2026-05-15,C001,Search,Performance,South,1033672,55965,10074.9,3265
2026-05-15,C001,Search,Performance,East,1195108,48032,10742.53,3783
2026-05-15,C001,Search,Performance,West,966353,48300,9352.49,2891
2026-05-15,C002,Social,Performance,North,668383,25209,7184.99,1899
2026-05-15,C002,Social,Performance,South,937933,38873,8314.87,3620
2026-05-15,C002,Social,Performance,East,824518,37411,7670.69,2965
2026-05-15,C002,Social,Performance,West,651757,33127,6678.35,2910
2026-05-15,C003,Display,Awareness,North,493315,18726,4493.23,1635
2026-05-15,C003,Display,Awareness,South,424404,10660,4961.7,797
2026-05-15,C003,Display,Awareness,East,461566,17682,5364.37,1034
2026-05-15,C003,Display,Awareness,West,435079,21077,5031.78,1287
2026-05-15,C004,Email,Retention,North,263599,13003,2579.41,771
2026-05-15,C004,Email,Retention,South,210169,10894,2471.73,910
2026-05-15,C004,Email,Retention,East,254313,6697,2777.31,578
2026-05-15,C004,Email,Retention,West,277895,10889,2720.5,990
2026-05-15,C005,Affiliate,Performance,North,351229,17178,3195.56,1298
2026-05-15,C005,Affiliate,Performance,South,263001,8271,3278.12,672
2026-05-15,C005,Affiliate,Performance,East,457161,22478,4045.74,1575
2026-05-15,C005,Affiliate,Performance,West,371668,13210,3488.29,814
2026-05-16,C001,Search,Performance,North,1148545,36948,10334.0,2337
2026-05-16,C001,Search,Performance,South,1141942,29405,10035.28,2541
2026-05-16,C001,Search,Performance,East,1145689,33441,10255.73,2577
2026-05-16,C001,Search,Performance,West,890916,24015,10364.05,1368
2026-05-16,C002,Social,Performance,North,688000,25835,7755.11,2380
2026-05-16,C002,Social,Performance,South,1024232,47596,9191.71,4302
2026-05-16,C002,Social,Performance,East,704208,30780,7074.02,2285
2026-05-16,C002,Social,Performance,West,611213,33363,6714.69,2930
2026-05-16,C003,Display,Awareness,North,572540,16034,6674.33,1107
2026-05-16,C003,Display,Awareness,South,490982,12518,5388.38,1096
2026-05-16,C003,Display,Awareness,East,489449,14805,6278.34,1341
2026-05-16,C003,Display,Awareness,West,466930,24984,4699.97,2372
2026-05-16,C004,Email,Retention,North,246644,13555,2255.87,1086
2026-05-16,C004,Email,Retention,South,253977,12305,2377.94,851
2026-05-16,C004,Email,Retention,East,301694,7733,2942.66,529
2026-05-16,C004,Email,Retention,West,216433,6923,2679.33,631
2026-05-16,C005,Affiliate,Performance,North,414119,13064,4297.45,804
2026-05-16,C005,Affiliate,Performance,South,283600,11365,3357.34,748
2026-05-16,C005,Affiliate,Performance,East,301031,14111,3891.71,961
2026-05-16,C005,Affiliate,Performance,West,422409,14103,4176.5,1097
2026-05-17,C001,Search,Performance,North,897699,47412,9593.81,4317
2026-05-17,C001,Search,Performance,South,726325,21032,9241.36,1573
2026-05-17,C001,Search,Performance,East,819452,36122,10124.77,3358
2026-05-17,C001,Search,Performance,West,1110320,40257,9665.94,3178
2026-05-17,C002,Social,Performance,North,600894,22282,7218.31,1293
2026-05-17,C002,Social,Performance,South,951401,30998,9253.41,2091
2026-05-17,C002,Social,Performance,East,1009088,37653,10320.27,2360
2026-05-17,C002,Social,Performance,West,799688,23040,7630.23,1362
2026-05-17,C003,Display,Awareness,North,449239,17635,5147.64,1286
2026-05-17,C003,Display,Awareness,South,624688,27300,6044.79,2205
2026-05-17,C003,Display,Awareness,East,449381,17139,5112.81,1153
2026-05-17,C003,Display,Awareness,West,716837,35427,6266.19,2181
2026-05-17,C004,Email,Retention,North,239895,12172,2490.26,1028
2026-05-17,C004,Email,Retention,South,211513,7821,2529.33,589
2026-05-17,C004,Email,Retention,East,303239,12213,2722.35,1010
2026-05-17,C004,Email,Retention,West,215561,9044,2712.43,587
2026-05-17,C005,Affiliate,Performance,North,405598,10774,4756.12,596
2026-05-17,C005,Affiliate,Performance,South,268775,6786,3541.82,403
2026-05-17,C005,Affiliate,Performance,East,415081,14187,3626.05,852
2026-05-17,C005,Affiliate,Performance,West,352835,17902,3644.15,1470
2026-05-18,C001,Search,Performance,North,1055648,49449,10190.22,4038
2026-05-18,C001,Search,Performance,South,889009,45431,8094.24,3550
2026-05-18,C001,Search,Performance,East,1261376,31748,11708.85,3005
2026-05-18,C001,Search,Performance,West,722886,28270,8781.87,2540
2026-05-18,C002,Social,Performance,North,574301,21164,7151.66,1313
2026-05-18,C002,Social,Performance,South,556351,20142,6213.09,1907
2026-05-18,C002,Social,Performance,East,586168,23720,6926.96,1845
2026-05-18,C002,Social,Performance,West,583412,27827,6956.67,1875
2026-05-18,C003,Display,Awareness,North,494787,24094,5351.71,2113
2026-05-18,C003,Display,Awareness,South,481587,16947,5559.82,1566
2026-05-18,C003,Display,Awareness,East,636647,33478,6013.67,2555
2026-05-18,C003,Display,Awareness,West,404699,17264,5122.61,1487
2026-05-18,C004,Email,Retention,North,267613,12074,2422.51,1138
2026-05-18,C004,Email,Retention,South,184209,9595,2376.25,840
2026-05-18,C004,Email,Retention,East,282927,13504,2566.71,1047
2026-05-18,C004,Email,Retention,West,186426,7635,2336.17,528
2026-05-18,C005,Affiliate,Performance,North,431188,10971,3869.78,958
2026-05-18,C005,Affiliate,Performance,South,439313,21385,3903.68,1287
2026-05-18,C005,Affiliate,Performance,East,478152,17663,4176.86,1205
2026-05-18,C005,Affiliate,Performance,West,417164,20761,4172.61,1919
2026-05-19,C001,Search,Performance,North,938998,47596,9352.9,3551
2026-05-19,C001,Search,Performance,South,923712,27796,11040.28,1528
2026-05-19,C001,Search,Performance,East,771818,26192,9106.62,2027
2026-05-19,C001,Search,Performance,West,907831,41070,9985.14,2350
2026-05-19,C002,Social,Performance,North,640883,21709,7243.38,1252
2026-05-19,C002,Social,Performance,South,721660,33019,6511.49,1976
2026-05-19,C002,Social,Performance,East,689620,32887,6690.84,2834
2026-05-19,C002,Social,Performance,West,811982,30771,8627.55,1705
2026-05-19,C003,Display,Awareness,North,442413,23265,5322.2,2131
2026-05-19,C003,Display,Awareness,South,643057,32938,5612.92,3126
2026-05-19,C003,Display,Awareness,East,601833,19215,5576.6,1132
2026-05-19,C003,Display,Awareness,West,569708,19302,4989.7,1734
2026-05-19,C004,Email,Retention,North,211400,8871,2060.57,515
2026-05-19,C004,Email,Retention,South,192796,7064,2365.45,440
2026-05-19,C004,Email,Retention,East,182888,7229,2322.77,423
2026-05-19,C004,Email,Retention,West,221688,7135,2765.66,637
2026-05-19,C005,Affiliate,Performance,North,310780,14499,3205.04,1373
2026-05-19,C005,Affiliate,Performance,South,265919,7041,3313.11,582
2026-05-19,C005,Affiliate,Performance,East,380965,20427,3729.89,1541
2026-05-19,C005,Affiliate,Performance,West,415583,22455,3725.45,1995
2026-05-20,C001,Search,Performance,North,849064,32765,8760.03,2952
2026-05-20,C001,Search,Performance,South,717817,23495,9086.15,1998
2026-05-20,C001,Search,Performance,East,849804,37117,9391.54,2276
2026-05-20,C001,Search,Performance,West,991816,38111,9063.96,3494
2026-05-20,C002,Social,Performance,North,490240,12311,6076.88,939
2026-05-20,C002,Social,Performance,South,560183,20587,7065.33,1617
2026-05-20,C002,Social,Performance,East,708835,37854,6687.83,2234
2026-05-20,C002,Social,Performance,West,556823,29957,6855.44,1692
2026-05-20,C003,Display,Awareness,North,566833,19560,5036.57,1587
2026-05-20,C003,Display,Awareness,South,440622,14218,5634.46,1221
2026-05-20,C003,Display,Awareness,East,521361,26638,5657.74,1943
2026-05-20,C003,Display,Awareness,West,600531,32305,5259.98,2202
2026-05-20,C004,Email,Retention,North,198521,9946,2548.18,616
2026-05-20,C004,Email,Retention,South,165886,6138,2131.32,479
2026-05-20,C004,Email,Retention,East,236711,9931,2255.15,724
2026-05-20,C004,Email,Retention,West,209020,8375,2392.34,574
2026-05-20,C005,Affiliate,Performance,North,409724,16924,3722.27,1092
2026-05-20,C005,Affiliate,Performance,South,463122,19319,4247.13,1222
2026-05-20,C005,Affiliate,Performance,East,339422,13101,3120.38,1101
2026-05-20,C005,Affiliate,Performance,West,325014,11986,4123.43,1130
2026-05-21,C001,Search,Performance,North,796605,27797,9250.96,2251
2026-05-21,C001,Search,Performance,South,1057709,50226,10046.65,3786
2026-05-21,C001,Search,Performance,East,751960,31532,9404.77,2935
2026-05-21,C001,Search,Performance,West,1176701,49846,11026.09,4031
2026-05-21,C002,Social,Performance,North,631721,34313,7157.85,3072
2026-05-21,C002,Social,Performance,South,685039,26657,7791.46,1908
2026-05-21,C002,Social,Performance,East,659799,27339,7990.37,1529
2026-05-21,C002,Social,Performance,West,745987,31650,7066.36,2532
2026-05-21,C003,Display,Awareness,North,513354,21553,5128.54,1713
2026-05-21,C003,Display,Awareness,South,487271,16172,5024.97,1047
2026-05-21,C003,Display,Awareness,East,381378,19523,4645.95,1653
2026-05-21,C003,Display,Awareness,West,554408,20627,5468.83,1350
2026-05-21,C004,Email,Retention,North,276184,9366,2621.41,674
2026-05-21,C004,Email,Retention,South,189990,5382,2304.64,451
2026-05-21,C004,Email,Retention,East,299890,8186,2611.74,605
2026-05-21,C004,Email,Retention,West,244303,11889,2281.45,1015
2026-05-21,C005,Affiliate,Performance,North,336129,18224,3402.16,1241
2026-05-21,C005,Affiliate,Performance,South,330184,10922,2950.03,1032
2026-05-21,C005,Affiliate,Performance,East,345377,11458,3469.89,755
2026-05-21,C005,Affiliate,Performance,West,352235,10011,4428.28,689
2026-05-22,C001,Search,Performance,North,809058,40911,10227.87,3234
2026-05-22,C001,Search,Performance,South,1259262,56799,11101.25,3521
2026-05-22,C001,Search,Performance,East,912400,23218,11984.67,1397
2026-05-22,C001,Search,Performance,West,791047,29969,9299.16,2232
2026-05-22,C002,Social,Performance,North,745737,25231,7544.47,1401
2026-05-22,C002,Social,Performance,South,519996,19110,6657.58,1168
2026-05-22,C002,Social,Performance,East,812834,25958,8389.29,1784
2026-05-22,C002,Social,Performance,West,626508,31842,6292.7,2710
2026-05-22,C003,Display,Awareness,North,381591,19607,4258.74,1109
2026-05-22,C003,Display,Awareness,South,649032,29161,5667.45,2398
2026-05-22,C003,Display,Awareness,East,499020,14059,5286.74,929
2026-05-22,C003,Display,Awareness,West,553232,22958,5001.53,1642
2026-05-22,C004,Email,Retention,North,253802,11020,2461.38,831
2026-05-22,C004,Email,Retention,South,214720,9189,2325.04,591
2026-05-22,C004,Email,Retention,East,213905,8233,2446.09,718
2026-05-22,C004,Email,Retention,West,209650,7083,2573.51,582
2026-05-22,C005,Affiliate,Performance,North,322022,15418,4014.33,890
2026-05-22,C005,Affiliate,Performance,South,256353,13316,3395.25,1042
2026-05-22,C005,Affiliate,Performance,East,319380,12861,3204.2,1217
2026-05-22,C005,Affiliate,Performance,West,386932,17044,3384.39,1239
2026-05-23,C001,Search,Performance,North,1007917,35126,12748.29,2037
2026-05-23,C001,Search,Performance,South,805200,24860,10331.77,1849
2026-05-23,C001,Search,Performance,East,915452,25148,10353.56,1936
2026-05-23,C001,Search,Performance,West,1040288,45198,12117.4,4252
2026-05-23,C002,Social,Performance,North,719152,38876,7656.77,3338
2026-05-23,C002,Social,Performance,South,842934,29512,7598.85,2794
2026-05-23,C002,Social,Performance,East,928420,38113,8754.92,3312
2026-05-23,C002,Social,Performance,West,827489,28495,8372.66,2206
2026-05-23,C003,Display,Awareness,North,735749,27466,6438.75,2349
2026-05-23,C003,Display,Awareness,South,452458,21855,5728.01,1526
2026-05-23,C003,Display,Awareness,East,555518,15875,5587.27,1459
2026-05-23,C003,Display,Awareness,West,424821,22473,5438.98,1871
2026-05-23,C004,Email,Retention,North,246260,10600,2353.57,867
2026-05-23,C004,Email,Retention,South,201266,7977,2222.3,754
2026-05-23,C004,Email,Retention,East,217249,10417,2506.55,891
2026-05-23,C004,Email,Retention,West,196888,5402,2270.97,299
2026-05-23,C005,Affiliate,Performance,North,371189,14511,3240.82,946
2026-05-23,C005,Affiliate,Performance,South,371716,14769,3359.41,1166
2026-05-23,C005,Affiliate,Performance,East,431120,18402,3823.04,1265
2026-05-23,C005,Affiliate,Performance,West,361356,18903,3612.6,1246
2026-05-24,C001,Search,Performance,North,906062,42213,11063.6,3359
2026-05-24,C001,Search,Performance,South,1066794,37910,10439.63,2561
2026-05-24,C001,Search,Performance,East,862404,26428,9395.8,1462
2026-05-24,C001,Search,Performance,West,1270561,48219,11164.64,4521
2026-05-24,C002,Social,Performance,North,666787,32474,8029.81,2804
2026-05-24,C002,Social,Performance,South,559197,29280,7033.56,1838
2026-05-24,C002,Social,Performance,East,871962,46821,7905.67,3216
2026-05-24,C002,Social,Performance,West,621376,19045,7843.39,1428
2026-05-24,C003,Display,Awareness,North,547063,18987,5395.67,1303
2026-05-24,C003,Display,Awareness,South,596123,23254,5874.48,2034
2026-05-24,C003,Display,Awareness,East,457087,14088,5892.63,1144
2026-05-24,C003,Display,Awareness,West,587184,19130,5377.29,1302
2026-05-24,C004,Email,Retention,North,242165,11674,2253.83,709
2026-05-24,C004,Email,Retention,South,248634,11995,2657.68,821
2026-05-24,C004,Email,Retention,East,246860,7302,2484.81,644
2026-05-24,C004,Email,Retention,West,236059,7895,2645.88,699
2026-05-24,C005,Affiliate,Performance,North,346903,11636,3863.06,1064
2026-05-24,C005,Affiliate,Performance,South,388902,10468,3702.52,874
2026-05-24,C005,Affiliate,Performance,East,375881,15871,4294.92,1190
2026-05-24,C005,Affiliate,Performance,West,372393,14405,3937.24,910
2026-05-25,C001,Search,Performance,North,1062289,34868,9372.54,2869
2026-05-25,C001,Search,Performance,South,1275164,57259,11321.84,5144
2026-05-25,C001,Search,Performance,East,913602,27122,9227.85,2072
2026-05-25,C001,Search,Performance,West,905544,42843,10752.53,3261
2026-05-25,C002,Social,Performance,North,712153,19335,6195.44,1097
2026-05-25,C002,Social,Performance,South,570975,30908,6822.48,2910
2026-05-25,C002,Social,Performance,East,657290,35599,7866.24,2161
2026-05-25,C002,Social,Performance,West,592209,16798,7492.06,1308
2026-05-25,C003,Display,Awareness,North,562854,21406,4932.31,1306
2026-05-25,C003,Display,Awareness,South,554927,25177,5926.26,2222
2026-05-25,C003,Display,Awareness,East,564665,25058,6589.34,2366
2026-05-25,C003,Display,Awareness,West,363814,18771,4727.19,1454
2026-05-25,C004,Email,Retention,North,161478,5221,1963.02,461
2026-05-25,C004,Email,Retention,South,235599,12344,2366.01,793
2026-05-25,C004,Email,Retention,East,251112,8601,2442.76,774
2026-05-25,C004,Email,Retention,West,256685,6535,2415.44,572
2026-05-25,C005,Affiliate,Performance,North,280890,10970,3341.81,789
2026-05-25,C005,Affiliate,Performance,South,299474,9034,3459.91,772
2026-05-25,C005,Affiliate,Performance,East,273855,7969,3271.62,614
2026-05-25,C005,Affiliate,Performance,West,331290,15294,3339.08,1257
2026-05-26,C001,Search,Performance,North,893937,31719,8741.76,2014
2026-05-26,C001,Search,Performance,South,769139,25506,8548.51,1492
2026-05-26,C001,Search,Performance,East,831431,22401,9922.8,1894
2026-05-26,C001,Search,Performance,West,826723,30425,9905.49,1751
2026-05-26,C002,Social,Performance,North,831690,25959,7760.05,1776
2026-05-26,C002,Social,Performance,South,546079,14867,6794.61,1407
2026-05-26,C002,Social,Performance,East,808946,40610,7659.03,3543
2026-05-26,C002,Social,Performance,West,673165,20601,8897.06,1672
2026-05-26,C003,Display,Awareness,North,537888,28882,5293.34,1821
2026-05-26,C003,Display,Awareness,South,571559,19799,5216.95,1872
2026-05-26,C003,Display,Awareness,East,561662,21331,5263.26,1572
2026-05-26,C003,Display,Awareness,West,529684,20000,4627.91,1583
2026-05-26,C004,Email,Retention,North,163502,6989,2161.39,387
2026-05-26,C004,Email,Retention,South,215099,9353,2866.15,585
2026-05-26,C004,Email,Retention,East,196737,6768,2550.13,412
2026-05-26,C004,Email,Retention,West,212582,9534,2164.63,799
2026-05-26,C005,Affiliate,Performance,North,272992,10314,3493.3,957
2026-05-26,C005,Affiliate,Performance,South,296744,9704,3544.94,572
2026-05-26,C005,Affiliate,Performance,East,428704,21792,4256.52,1622
2026-05-26,C005,Affiliate,Performance,West,320079,10780,3982.17,878
2026-05-27,C001,Search,Performance,North,1053359,46476,10294.9,4194
2026-05-27,C001,Search,Performance,South,1199558,58008,12185.6,3767
2026-05-27,C001,Search,Performance,East,932622,45113,10313.28,3789
2026-05-27,C001,Search,Performance,West,769488,32661,9944.15,1966
2026-05-27,C002,Social,Performance,North,466077,19225,6100.79,1355
2026-05-27,C002,Social,Performance,South,635873,31194,8044.65,2857
2026-05-27,C002,Social,Performance,East,649299,21366,7761.2,1353
2026-05-27,C002,Social,Performance,West,808166,43186,7652.91,3613
2026-05-27,C003,Display,Awareness,North,488586,18455,5398.36,1070
2026-05-27,C003,Display,Awareness,South,434780,19940,5701.43,1446
2026-05-27,C003,Display,Awareness,East,551453,21659,6405.18,1599
2026-05-27,C003,Display,Awareness,West,568935,28230,6284.0,2062
2026-05-27,C004,Email,Retention,North,288809,14935,2633.94,982
2026-05-27,C004,Email,Retention,South,188748,6196,2470.55,409
2026-05-27,C004,Email,Retention,East,193882,5634,2477.16,344
2026-05-27,C004,Email,Retention,West,259495,12212,2589.34,1091
2026-05-27,C005,Affiliate,Performance,North,290808,15249,3254.69,1189
2026-05-27,C005,Affiliate,Performance,South,350087,13899,3349.24,780
2026-05-27,C005,Affiliate,Performance,East,378229,11899,3645.53,998
2026-05-27,C005,Affiliate,Performance,West,361815,13516,3368.02,1146
2026-05-28,C001,Search,Performance,North,1205559,66013,11420.62,4542
2026-05-28,C001,Search,Performance,South,807224,24191,8827.76,1527
2026-05-28,C001,Search,Performance,East,924333,28095,10181.65,1865
2026-05-28,C001,Search,Performance,West,922560,31108,9898.5,2001
2026-05-28,C002,Social,Performance,North,716181,30866,8361.8,2523
2026-05-28,C002,Social,Performance,South,747373,28680,7385.04,1974
2026-05-28,C002,Social,Performance,East,668824,18787,7613.23,1087
2026-05-28,C002,Social,Performance,West,608681,25860,7727.23,1475
2026-05-28,C003,Display,Awareness,North,511789,24514,5897.96,2079
2026-05-28,C003,Display,Awareness,South,410949,19258,4844.21,1635
2026-05-28,C003,Display,Awareness,East,439704,23146,4587.38,1865
2026-05-28,C003,Display,Awareness,West,409116,18607,4994.28,1341
2026-05-28,C004,Email,Retention,North,269436,13315,2818.44,1116
2026-05-28,C004,Email,Retention,South,255519,7543,2565.39,667
2026-05-28,C004,Email,Retention,East,214201,9992,2036.51,605
2026-05-28,C004,Email,Retention,West,263644,8022,2395.01,697
2026-05-28,C005,Affiliate,Performance,North,241771,7260,2972.73,591
2026-05-28,C005,Affiliate,Performance,South,334464,9586,3447.48,570
2026-05-28,C005,Affiliate,Performance,East,379498,10152,3667.53,785
2026-05-28,C005,Affiliate,Performance,West,277869,14480,3544.83,1321
2026-05-29,C001,Search,Performance,North,1085912,54139,10105.45,4211
2026-05-29,C001,Search,Performance,South,860619,27138,9864.7,1847
2026-05-29,C001,Search,Performance,East,738231,28821,8649.91,1853
2026-05-29,C001,Search,Performance,West,994130,52385,10088.01,4448
2026-05-29,C002,Social,Performance,North,748191,22892,7915.87,2078
2026-05-29,C002,Social,Performance,South,735420,20400,8657.97,1734
2026-05-29,C002,Social,Performance,East,527781,15364,6932.51,951
2026-05-29,C002,Social,Performance,West,500076,22353,6479.65,1977
2026-05-29,C003,Display,Awareness,North,479104,16654,5735.45,1016
2026-05-29,C003,Display,Awareness,South,506356,19037,5072.58,1514
2026-05-29,C003,Display,Awareness,East,538332,28562,5377.67,1912
2026-05-29,C003,Display,Awareness,West,546930,25449,6120.08,2021
2026-05-29,C004,Email,Retention,North,216600,8140,2311.31,505
2026-05-29,C004,Email,Retention,South,241311,11551,2155.01,857
2026-05-29,C004,Email,Retention,East,207807,6756,2583.16,518
2026-05-29,C004,Email,Retention,West,266311,6947,2489.81,655
2026-05-29,C005,Affiliate,Performance,North,254540,7694,2935.58,666
2026-05-29,C005,Affiliate,Performance,South,383413,14343,3386.55,1335
2026-05-29,C005,Affiliate,Performance,East,366525,13946,3594.76,1078
2026-05-29,C005,Affiliate,Performance,West,319414,14657,4130.97,837
2026-05-30,C001,Search,Performance,North,921465,31983,10907.1,2374
2026-05-30,C001,Search,Performance,South,1077187,36215,10895.37,2850
2026-05-30,C001,Search,Performance,East,761910,21359,10145.13,1851
2026-05-30,C001,Search,Performance,West,1168715,44187,10300.94,3336
2026-05-30,C002,Social,Performance,North,642709,27852,7955.68,2571
2026-05-30,C002,Social,Performance,South,577705,27693,6974.76,1549
2026-05-30,C002,Social,Performance,East,640002,19331,7183.05,1351
2026-05-30,C002,Social,Performance,West,698155,23749,7613.4,1929
2026-05-30,C003,Display,Awareness,North,459034,15203,5551.02,1355
2026-05-30,C003,Display,Awareness,South,596294,23046,6092.99,1405
2026-05-30,C003,Display,Awareness,East,535695,27600,4752.17,1610
2026-05-30,C003,Display,Awareness,West,519774,16503,5433.21,1178
2026-05-30,C004,Email,Retention,North,232266,7255,2628.38,631
2026-05-30,C004,Email,Retention,South,289804,11314,2898.61,720
2026-05-30,C004,Email,Retention,East,257050,9516,2683.1,721
2026-05-30,C004,Email,Retention,West,274073,9648,2581.72,599
2026-05-30,C005,Affiliate,Performance,North,483365,24873,4669.8,1737
2026-05-30,C005,Affiliate,Performance,South,334291,17968,4285.0,1300
2026-05-30,C005,Affiliate,Performance,East,440667,13730,4549.5,1169
2026-05-30,C005,Affiliate,Performance,West,468806,19497,4375.23,1453
2026-05-31,C001,Search,Performance,North,1038910,50396,9182.01,4102
2026-05-31,C001,Search,Performance,South,895978,26898,9361.78,2532
2026-05-31,C001,Search,Performance,East,909229,46570,9595.89,4214
2026-05-31,C001,Search,Performance,West,766390,39537,10159.12,2603
2026-05-31,C002,Social,Performance,North,787812,38912,8040.77,3364
2026-05-31,C002,Social,Performance,South,959367,39892,8673.88,3738
2026-05-31,C002,Social,Performance,East,708103,30726,7824.12,1758
2026-05-31,C002,Social,Performance,West,840106,42951,8819.24,2729
2026-05-31,C003,Display,Awareness,North,556758,19904,6042.36,1445
2026-05-31,C003,Display,Awareness,South,535216,23527,5588.09,2047
2026-05-31,C003,Display,Awareness,East,621069,21833,6446.05,1775
2026-05-31,C003,Display,Awareness,West,574546,23982,5539.99,1373
2026-05-31,C004,Email,Retention,North,213420,9647,2472.86,537
2026-05-31,C004,Email,Retention,South,252865,8334,2403.04,561
2026-05-31,C004,Email,Retention,East,248031,6835,2247.09,497
2026-05-31,C004,Email,Retention,West,288425,12539,2646.67,836
2026-05-31,C005,Affiliate,Performance,North,527571,27325,4630.64,1877
2026-05-31,C005,Affiliate,Performance,South,421494,10581,3667.47,593
2026-05-31,C005,Affiliate,Performance,East,288776,9273,3729.48,668
2026-05-31,C005,Affiliate,Performance,West,429327,18774,4119.33,1211
2026-06-01,C001,Search,Performance,North,1125884,39063,10463.58,3683
2026-06-01,C001,Search,Performance,South,998923,26844,9665.92,1514
2026-06-01,C001,Search,Performance,East,838630,33834,10183.79,1987
2026-06-01,C001,Search,Performance,West,1000423,35333,8945.5,3226
2026-06-01,C002,Social,Performance,North,772319,31319,6936.11,1816
2026-06-01,C002,Social,Performance,South,573444,20933,7221.22,1938
2026-06-01,C002,Social,Performance,East,701123,18437,7819.95,1732
2026-06-01,C002,Social,Performance,West,570772,30496,7541.23,2127
2026-06-01,C003,Display,Awareness,North,492396,21724,5043.94,1837
2026-06-01,C003,Display,Awareness,South,413854,22253,5032.15,1792
2026-06-01,C003,Display,Awareness,East,485771,26384,5304.86,2065
2026-06-01,C003,Display,Awareness,West,646371,34644,5893.52,2841
2026-06-01,C004,Email,Retention,North,183267,5685,2392.5,354
2026-06-01,C004,Email,Retention,South,205924,7031,2417.23,487
2026-06-01,C004,Email,Retention,East,169619,7669,2211.63,586
2026-06-01,C004,Email,Retention,West,220159,9694,2373.28,854
2026-06-01,C005,Affiliate,Performance,North,495994,24893,4383.79,1793
2026-06-01,C005,Affiliate,Performance,South,331111,10036,3285.2,776
2026-06-01,C005,Affiliate,Performance,East,406699,15137,3627.83,1437
2026-06-01,C005,Affiliate,Performance,West,369617,9709,3765.12,761
2026-06-02,C001,Search,Performance,North,975402,32818,9127.69,2060
2026-06-02,C001,Search,Performance,South,1193815,42797,10475.98,3383
2026-06-02,C001,Search,Performance,East,1207247,54607,10818.81,3885
2026-06-02,C001,Search,Performance,West,1299736,39553,11870.26,3036
2026-06-02,C002,Social,Performance,North,791023,35285,7346.14,3125
2026-06-02,C002,Social,Performance,South,858818,28502,7615.02,1761
2026-06-02,C002,Social,Performance,East,736362,18499,8757.08,1271
2026-06-02,C002,Social,Performance,West,811853,37222,7136.9,2644
2026-06-02,C003,Display,Awareness,North,405985,11444,4963.54,1044
2026-06-02,C003,Display,Awareness,South,537148,16073,4674.68,919
2026-06-02,C003,Display,Awareness,East,416121,14165,5001.89,892
2026-06-02,C003,Display,Awareness,West,453900,21050,4283.28,1692
2026-06-02,C004,Email,Retention,North,297107,8975,2611.22,573
2026-06-02,C004,Email,Retention,South,226959,6295,2363.54,456
2026-06-02,C004,Email,Retention,East,228411,9427,2588.64,880
2026-06-02,C004,Email,Retention,West,260007,11607,3123.56,658
2026-06-02,C005,Affiliate,Performance,North,289410,7429,3654.28,459
2026-06-02,C005,Affiliate,Performance,South,328618,15149,3367.21,955
2026-06-02,C005,Affiliate,Performance,East,325753,12169,3272.64,987
2026-06-02,C005,Affiliate,Performance,West,438866,23318,3822.81,1286
2026-06-03,C001,Search,Performance,North,710670,33260,8940.28,3085
2026-06-03,C001,Search,Performance,South,939248,43652,9446.34,3731
2026-06-03,C001,Search,Performance,East,1059645,30950,9495.45,2367
2026-06-03,C001,Search,Performance,West,939794,38817,9519.39,2288
2026-06-03,C002,Social,Performance,North,636351,19509,7006.21,1511
2026-06-03,C002,Social,Performance,South,734147,30073,7147.61,2176
2026-06-03,C002,Social,Performance,East,676820,31828,8079.05,2714
2026-06-03,C002,Social,Performance,West,641395,21755,6989.32,1605
2026-06-03,C003,Display,Awareness,North,494819,24975,5199.48,1609
2026-06-03,C003,Display,Awareness,South,583562,31306,5191.54,2922
2026-06-03,C003,Display,Awareness,East,390821,16439,5016.49,1271
2026-06-03,C003,Display,Awareness,West,633166,34747,5808.92,2617
2026-06-03,C004,Email,Retention,North,163151,6570,2169.79,507
2026-06-03,C004,Email,Retention,South,247408,9930,2290.88,910
2026-06-03,C004,Email,Retention,East,217226,11004,2684.05,902
2026-06-03,C004,Email,Retention,West,205581,6309,2512.94,580
2026-06-03,C005,Affiliate,Performance,North,315837,14197,3607.97,1257
2026-06-03,C005,Affiliate,Performance,South,308047,11646,3445.14,1097
2026-06-03,C005,Affiliate,Performance,East,343785,11008,3714.58,786
2026-06-03,C005,Affiliate,Performance,West,382246,10811,3688.08,711
2026-06-04,C001,Search,Performance,North,1035178,26645,9576.31,2185
2026-06-04,C001,Search,Performance,South,1023367,32858,9112.81,2718
2026-06-04,C001,Search,Performance,East,755636,34805,9336.76,2924
2026-06-04,C001,Search,Performance,West,963039,33785,9444.39,2087
2026-06-04,C002,Social,Performance,North,715500,27361,6869.69,1875
2026-06-04,C002,Social,Performance,South,817667,25629,9426.74,1682
2026-06-04,C002,Social,Performance,East,539329,16499,7053.48,1400
2026-06-04,C002,Social,Performance,West,594062,26760,6749.27,2239
2026-06-04,C003,Display,Awareness,North,418278,19725,5513.99,1841
2026-06-04,C003,Display,Awareness,South,578249,17368,5281.25,1182
2026-06-04,C003,Display,Awareness,East,561515,19379,5425.93,1484
2026-06-04,C003,Display,Awareness,West,477575,17976,4653.06,1602
2026-06-04,C004,Email,Retention,North,205560,11039,2112.63,995
2026-06-04,C004,Email,Retention,South,234102,7899,2567.46,508
2026-06-04,C004,Email,Retention,East,211727,5301,2183.41,360
2026-06-04,C004,Email,Retention,West,204097,11049,2435.61,929
2026-06-04,C005,Affiliate,Performance,North,322955,10141,3375.65,775
2026-06-04,C005,Affiliate,Performance,South,382628,16634,3529.31,1336
2026-06-04,C005,Affiliate,Performance,East,439614,17752,3915.48,1193
2026-06-04,C005,Affiliate,Performance,West,340817,10427,3649.66,838
2026-06-05,C001,Search,Performance,North,727406,28651,8773.88,2593
2026-06-05,C001,Search,Performance,South,943374,42872,9660.22,2939
2026-06-05,C001,Search,Performance,East,837738,22214,8264.56,1660
2026-06-05,C001,Search,Performance,West,1036691,36061,11937.99,3369
2026-06-05,C002,Social,Performance,North,653300,33246,6848.32,2382
2026-06-05,C002,Social,Performance,South,690403,34997,6590.67,2358
2026-06-05,C002,Social,Performance,East,667173,17566,6159.61,1182
2026-06-05,C002,Social,Performance,West,655675,27514,6417.09,1993
2026-06-05,C003,Display,Awareness,North,419799,16813,4551.73,1530
2026-06-05,C003,Display,Awareness,South,455337,23238,5329.73,1876
2026-06-05,C003,Display,Awareness,East,429350,15646,5033.62,1083
2026-06-05,C003,Display,Awareness,West,505104,17450,5618.92,1393
2026-06-05,C004,Email,Retention,North,266815,10484,2482.1,934
2026-06-05,C004,Email,Retention,South,199619,5095,2351.63,406
2026-06-05,C004,Email,Retention,East,337305,18247,3039.51,1466
2026-06-05,C004,Email,Retention,West,220713,6072,2090.84,372
2026-06-05,C005,Affiliate,Performance,North,320561,10981,3452.89,870
2026-06-05,C005,Affiliate,Performance,South,351342,15391,4263.52,953
2026-06-05,C005,Affiliate,Performance,East,299542,15477,3555.59,885
2026-06-05,C005,Affiliate,Performance,West,283364,11748,3452.95,872
2026-06-06,C001,Search,Performance,North,851200,30086,9936.73,2435
2026-06-06,C001,Search,Performance,South,921968,28142,8357.79,2493
2026-06-06,C001,Search,Performance,East,775990,22677,10145.39,2079
2026-06-06,C001,Search,Performance,West,938715,25655,10052.9,2395
2026-06-06,C002,Social,Performance,North,909050,28729,8092.03,2541
2026-06-06,C002,Social,Performance,South,843971,43120,8225.87,3746
2026-06-06,C002,Social,Performance,East,753439,26263,8812.34,1557
2026-06-06,C002,Social,Performance,West,822920,27757,7321.15,2104
2026-06-06,C003,Display,Awareness,North,523197,25299,5918.4,2257
2026-06-06,C003,Display,Awareness,South,516626,18776,5589.73,1594
2026-06-06,C003,Display,Awareness,East,483889,24992,5754.77,1762
2026-06-06,C003,Display,Awareness,West,570641,28499,5819.95,1782
2026-06-06,C004,Email,Retention,North,302327,9117,2730.22,654
2026-06-06,C004,Email,Retention,South,323425,8272,2986.0,492
2026-06-06,C004,Email,Retention,East,300919,12769,2970.25,972
2026-06-06,C004,Email,Retention,West,264064,8462,2428.46,615
2026-06-06,C005,Affiliate,Performance,North,343122,12014,4035.7,887
2026-06-06,C005,Affiliate,Performance,South,266205,7389,3499.44,609
2026-06-06,C005,Affiliate,Performance,East,447515,11296,4353.82,899
2026-06-06,C005,Affiliate,Performance,West,301741,14612,3831.69,1383
2026-06-07,C001,Search,Performance,North,1072742,40901,12696.29,3650
2026-06-07,C001,Search,Performance,South,881378,29055,10788.39,2115
2026-06-07,C001,Search,Performance,East,1074243,29900,9582.11,2087
2026-06-07,C001,Search,Performance,West,1247140,39633,12066.2,3220
2026-06-07,C002,Social,Performance,North,795136,34015,9004.32,2544
2026-06-07,C002,Social,Performance,South,904764,42910,8018.86,3613
2026-06-07,C002,Social,Performance,East,737843,38984,7876.24,2545
2026-06-07,C002,Social,Performance,West,632152,23604,7368.32,1527
2026-06-07,C003,Display,Awareness,North,683017,22854,6309.9,1757
2026-06-07,C003,Display,Awareness,South,450585,23636,5752.49,1682
2026-06-07,C003,Display,Awareness,East,450925,14678,4826.53,1027
2026-06-07,C003,Display,Awareness,West,555372,27783,5190.5,1866
2026-06-07,C004,Email,Retention,North,223790,11564,2902.33,737
2026-06-07,C004,Email,Retention,South,264056,11216,2585.2,864
2026-06-07,C004,Email,Retention,East,295249,9298,2747.75,810
2026-06-07,C004,Email,Retention,West,192660,5908,2117.48,504
2026-06-07,C005,Affiliate,Performance,North,304399,10864,3924.94,858
2026-06-07,C005,Affiliate,Performance,South,347919,12921,3577.78,932
2026-06-07,C005,Affiliate,Performance,East,431879,21815,3817.55,1326
2026-06-07,C005,Affiliate,Performance,West,256090,13574,3361.15,1032
2026-06-08,C001,Search,Performance,North,982447,38764,11216.75,3633
2026-06-08,C001,Search,Performance,South,1004240,29737,9856.52,1794
2026-06-08,C001,Search,Performance,East,893967,22922,10297.38,2126
2026-06-08,C001,Search,Performance,West,736038,18612,8999.28,1200
2026-06-08,C002,Social,Performance,North,775615,39847,6936.56,2919
2026-06-08,C002,Social,Performance,South,571434,23800,6249.56,1540
2026-06-08,C002,Social,Performance,East,645943,25675,6879.17,1431
2026-06-08,C002,Social,Performance,West,555532,20190,6865.36,1662
2026-06-08,C003,Display,Awareness,North,488521,25235,5021.09,1717
2026-06-08,C003,Display,Awareness,South,363469,14421,4524.02,1223
2026-06-08,C003,Display,Awareness,East,389025,10117,5138.27,751
2026-06-08,C003,Display,Awareness,West,413985,20845,4762.4,1648
2026-06-08,C004,Email,Retention,North,183014,4797,1928.71,435
2026-06-08,C004,Email,Retention,South,248025,7551,2158.02,451
2026-06-08,C004,Email,Retention,East,255226,12873,2515.59,1095
2026-06-08,C004,Email,Retention,West,205169,8901,2206.42,734
2026-06-08,C005,Affiliate,Performance,North,270017,11266,2678.64,909
2026-06-08,C005,Affiliate,Performance,South,422149,19661,4242.1,1586
2026-06-08,C005,Affiliate,Performance,East,411148,13259,4421.93,729
2026-06-08,C005,Affiliate,Performance,West,360550,15402,3701.8,1445
2026-06-09,C001,Search,Performance,North,708425,19209,8527.85,1650
2026-06-09,C001,Search,Performance,South,697420,30175,8206.17,2489
2026-06-09,C001,Search,Performance,East,995916,33410,10737.44,3034
2026-06-09,C001,Search,Performance,West,1048897,31384,9582.25,1758
2026-06-09,C002,Social,Performance,North,804058,33573,7059.93,2347
2026-06-09,C002,Social,Performance,South,762087,29412,6893.69,1988
2026-06-09,C002,Social,Performance,East,775536,23561,7276.74,1836
2026-06-09,C002,Social,Performance,West,936256,31578,8187.37,2740
2026-06-09,C003,Display,Awareness,North,521275,15668,4940.03,1257
2026-06-09,C003,Display,Awareness,South,409878,21889,5226.28,1459
2026-06-09,C003,Display,Awareness,East,563905,26141,4997.39,2213
2026-06-09,C003,Display,Awareness,West,480393,18851,5058.05,1119
2026-06-09,C004,Email,Retention,North,235400,11510,2063.36,823
2026-06-09,C004,Email,Retention,South,203165,9865,2506.55,590
2026-06-09,C004,Email,Retention,East,222286,10805,2285.12,730
2026-06-09,C004,Email,Retention,West,178363,6944,2275.43,589
2026-06-09,C005,Affiliate,Performance,North,381702,20468,3381.22,1936
2026-06-09,C005,Affiliate,Performance,South,362981,11123,3382.67,706
2026-06-09,C005,Affiliate,Performance,East,361006,17570,3187.38,1475
2026-06-09,C005,Affiliate,Performance,West,266879,13953,3237.32,1229
2026-06-10,C001,Search,Performance,North,941701,42013,9298.66,2470
2026-06-10,C001,Search,Performance,South,830323,45488,9461.94,3736
2026-06-10,C001,Search,Performance,East,692423,23062,8860.03,1498
2026-06-10,C001,Search,Performance,West,873599,26891,10352.95,2097
2026-06-10,C002,Social,Performance,North,659098,25664,8002.86,1425
2026-06-10,C002,Social,Performance,South,647462,17271,6868.37,1625
2026-06-10,C002,Social,Performance,East,565628,24193,7208.81,2064
2026-06-10,C002,Social,Performance,West,693561,29161,8393.71,2553
2026-06-10,C003,Display,Awareness,North,617581,32812,5605.57,2336
2026-06-10,C003,Display,Awareness,South,543638,26485,5561.47,2195
2026-06-10,C003,Display,Awareness,East,391289,12394,4576.88,1033
2026-06-10,C003,Display,Awareness,West,375411,17737,4789.0,1467
2026-06-10,C004,Email,Retention,North,222433,10646,2220.91,958
2026-06-10,C004,Email,Retention,South,242102,13060,2219.38,1022
2026-06-10,C004,Email,Retention,East,257461,7419,2407.81,525
2026-06-10,C004,Email,Retention,West,218515,7374,2545.07,441
2026-06-10,C005,Affiliate,Performance,North,325445,10618,3301.95,693
2026-06-10,C005,Affiliate,Performance,South,324655,14473,3434.29,866
2026-06-10,C005,Affiliate,Performance,East,390966,14432,3431.04,1139
2026-06-10,C005,Affiliate,Performance,West,286040,11359,3378.63,658
2026-06-11,C001,Search,Performance,North,875435,25480,9625.84,2102
2026-06-11,C001,Search,Performance,South,1051263,38759,9164.04,3100
2026-06-11,C001,Search,Performance,East,916734,37002,11441.25,2448
2026-06-11,C001,Search,Performance,West,766602,28968,9412.34,1745
2026-06-11,C002,Social,Performance,North,669489,19677,6956.04,1192
2026-06-11,C002,Social,Performance,South,857298,46765,8718.0,2752
2026-06-11,C002,Social,Performance,East,604440,30993,7760.09,2354
2026-06-11,C002,Social,Performance,West,635851,21803,6962.08,1458
2026-06-11,C003,Display,Awareness,North,582661,26273,5605.11,2284
2026-06-11,C003,Display,Awareness,South,431025,18767,5053.96,1377
2026-06-11,C003,Display,Awareness,East,491768,25309,4882.19,1799
2026-06-11,C003,Display,Awareness,West,450294,18228,5797.91,1254
2026-06-11,C004,Email,Retention,North,236148,9206,2500.93,747
2026-06-11,C004,Email,Retention,South,193691,6315,2447.46,579
2026-06-11,C004,Email,Retention,East,271688,13637,2573.39,909
2026-06-11,C004,Email,Retention,West,244624,10173,2179.46,842
2026-06-11,C005,Affiliate,Performance,North,373288,10708,3288.17,698
2026-06-11,C005,Affiliate,Performance,South,399376,17395,3713.57,1539
2026-06-11,C005,Affiliate,Performance,East,320630,8364,2866.0,746
2026-06-11,C005,Affiliate,Performance,West,314415,15866,3732.7,960
2026-06-12,C001,Search,Performance,North,997336,47270,10616.56,4121
2026-06-12,C001,Search,Performance,South,1028968,54288,9850.38,3956
2026-06-12,C001,Search,Performance,East,885816,27060,9102.29,1530
2026-06-12,C001,Search,Performance,West,707853,35355,9260.3,2780
2026-06-12,C002,Social,Performance,North,610127,33196,7841.46,2644
2026-06-12,C002,Social,Performance,South,579793,26306,7041.58,2250
2026-06-12,C002,Social,Performance,East,654302,21830,8074.89,1282
2026-06-12,C002,Social,Performance,West,591813,19033,7093.1,1745
2026-06-12,C003,Display,Awareness,North,497180,25833,5163.04,2451
2026-06-12,C003,Display,Awareness,South,509011,27549,4841.48,2382
2026-06-12,C003,Display,Awareness,East,518643,18423,5142.01,1214
2026-06-12,C003,Display,Awareness,West,476321,25247,4855.67,1423
2026-06-12,C004,Email,Retention,North,295990,15664,2606.51,1339
2026-06-12,C004,Email,Retention,South,253757,7898,2648.38,606
2026-06-12,C004,Email,Retention,East,266984,8238,2504.82,650
2026-06-12,C004,Email,Retention,West,218498,5522,2474.87,347
2026-06-12,C005,Affiliate,Performance,North,376249,13685,3317.97,757
2026-06-12,C005,Affiliate,Performance,South,283474,8101,3282.71,478
2026-06-12,C005,Affiliate,Performance,East,304067,10896,3682.37,974
2026-06-12,C005,Affiliate,Performance,West,309327,16230,3363.22,1215
2026-06-13,C001,Search,Performance,North,940364,26033,12067.25,2110
2026-06-13,C001,Search,Performance,South,929378,45272,9837.02,4149
2026-06-13,C001,Search,Performance,East,1145457,62368,12053.91,5503
2026-06-13,C001,Search,Performance,West,983842,32102,8826.11,2757
2026-06-13,C002,Social,Performance,North,811324,20752,7194.46,1942
2026-06-13,C002,Social,Performance,South,592144,29360,7313.09,1938
2026-06-13,C002,Social,Performance,East,684303,24253,6952.86,1971
2026-06-13,C002,Social,Performance,West,556023,14974,7352.29,883
2026-06-13,C003,Display,Awareness,North,709254,22940,6417.02,1788
2026-06-13,C003,Display,Awareness,South,578289,19468,5469.26,1389
2026-06-13,C003,Display,Awareness,East,384363,11371,5054.8,910
2026-06-13,C003,Display,Awareness,West,443710,13617,5692.63,932
2026-06-13,C004,Email,Retention,North,236277,10079,2318.59,644
2026-06-13,C004,Email,Retention,South,332027,13200,3049.25,1160
2026-06-13,C004,Email,Retention,East,282161,15230,2666.44,1150
2026-06-13,C004,Email,Retention,West,243987,11629,2597.05,1049
2026-06-13,C005,Affiliate,Performance,North,415836,13023,3888.21,1000
2026-06-13,C005,Affiliate,Performance,South,326865,11578,3976.76,1068
2026-06-13,C005,Affiliate,Performance,East,400807,11471,4060.12,780
2026-06-13,C005,Affiliate,Performance,West,345517,10578,3543.06,920
2026-06-14,C001,Search,Performance,North,1073610,35910,10233.58,2003
2026-06-14,C001,Search,Performance,South,881907,47356,9124.86,3345
2026-06-14,C001,Search,Performance,East,1120619,52193,10902.63,4045
2026-06-14,C001,Search,Performance,West,1180287,53898,10354.82,4894
2026-06-14,C002,Social,Performance,North,753585,25700,8700.26,2218
2026-06-14,C002,Social,Performance,South,743687,31147,8561.1,2023
2026-06-14,C002,Social,Performance,East,669170,27610,8113.48,1830
2026-06-14,C002,Social,Performance,West,772921,27474,8789.32,1580
2026-06-14,C003,Display,Awareness,North,507169,18099,5029.43,1483
2026-06-14,C003,Display,Awareness,South,681935,31175,6546.41,1856
2026-06-14,C003,Display,Awareness,East,378738,14181,4973.45,1025
2026-06-14,C003,Display,Awareness,West,579925,26760,6190.04,1802
2026-06-14,C004,Email,Retention,North,256717,10791,2505.22,744
2026-06-14,C004,Email,Retention,South,264666,10883,2564.41,802
2026-06-14,C004,Email,Retention,East,331833,11172,3272.52,677
2026-06-14,C004,Email,Retention,West,215988,9542,2657.82,857
2026-06-14,C005,Affiliate,Performance,North,365774,18279,3474.82,1649
2026-06-14,C005,Affiliate,Performance,South,375976,19107,3787.29,1062
2026-06-14,C005,Affiliate,Performance,East,357916,14023,3773.31,945
2026-06-14,C005,Affiliate,Performance,West,437379,13170,3982.83,910
2026-06-15,C001,Search,Performance,North,1439056,73807,12815.45,5002
2026-06-15,C001,Search,Performance,South,1205629,32936,12245.54,2151
2026-06-15,C001,Search,Performance,East,1239925,43911,11271.28,3402
2026-06-15,C001,Search,Performance,West,1006403,39015,10899.45,3658
2026-06-15,C002,Social,Performance,North,873891,23450,9519.25,1748
2026-06-15,C002,Social,Performance,South,808559,22609,7519.12,1306
2026-06-15,C002,Social,Performance,East,945433,39661,9094.22,2924
2026-06-15,C002,Social,Performance,West,905955,43486,8196.24,3804
2026-06-15,C003,Display,Awareness,North,616408,31400,6605.28,2890
2026-06-15,C003,Display,Awareness,South,532994,14149,7017.49,1320
2026-06-15,C003,Display,Awareness,East,606267,17322,6695.25,1008
2026-06-15,C003,Display,Awareness,West,491056,15957,6043.0,1189
2026-06-15,C004,Email,Retention,North,302800,12470,3158.36,944
2026-06-15,C004,Email,Retention,South,165578,4148,2197.43,244
2026-06-15,C004,Email,Retention,East,248520,12883,2987.14,1187
2026-06-15,C004,Email,Retention,West,311567,16566,2732.19,1091
2026-06-15,C005,Affiliate,Performance,North,408822,21116,3811.92,1880
2026-06-15,C005,Affiliate,Performance,South,402970,19245,4364.24,1133
2026-06-15,C005,Affiliate,Performance,East,532949,27969,4949.15,1871
2026-06-15,C005,Affiliate,Performance,West,487292,14399,4312.63,839
2026-06-16,C001,Search,Performance,North,1232345,61467,13118.88,5174
2026-06-16,C001,Search,Performance,South,941916,50360,11297.06,2892
2026-06-16,C001,Search,Performance,East,1068261,40241,11244.15,2489
2026-06-16,C001,Search,Performance,West,1101751,33920,12334.07,2142
2026-06-16,C002,Social,Performance,North,925088,38917,8652.38,3530
2026-06-16,C002,Social,Performance,South,761795,34798,7582.94,2843
2026-06-16,C002,Social,Performance,East,815366,41416,10481.87,3566
2026-06-16,C002,Social,Performance,West,701427,33697,8270.65,1870
2026-06-16,C003,Display,Awareness,North,724839,18218,6739.85,1367
2026-06-16,C003,Display,Awareness,South,700212,20769,6785.43,1682
2026-06-16,C003,Display,Awareness,East,628383,19201,7773.67,1213
2026-06-16,C003,Display,Awareness,West,513307,16321,6071.2,1155
2026-06-16,C004,Email,Retention,North,284091,13232,2679.12,794
2026-06-16,C004,Email,Retention,South,271000,13912,3521.61,809
2026-06-16,C004,Email,Retention,East,373197,19259,3260.05,1375
2026-06-16,C004,Email,Retention,West,312850,10607,3481.4,648
2026-06-16,C005,Affiliate,Performance,North,368116,19822,4218.29,1548
2026-06-16,C005,Affiliate,Performance,South,475989,17218,4156.98,1262
2026-06-16,C005,Affiliate,Performance,East,317750,16952,3936.13,1601
2026-06-16,C005,Affiliate,Performance,West,315992,9325,4114.68,670
2026-06-17,C001,Search,Performance,North,884751,34235,11036.79,2254
2026-06-17,C001,Search,Performance,South,922150,25662,10352.38,1850
2026-06-17,C001,Search,Performance,East,990324,38508,12692.28,3641
2026-06-17,C001,Search,Performance,West,1277039,68784,12072.14,5928
2026-06-17,C002,Social,Performance,North,952069,38744,9031.2,3563
2026-06-17,C002,Social,Performance,South,1006112,50624,9315.72,4147
2026-06-17,C002,Social,Performance,East,765893,22573,8810.9,1990
2026-06-17,C002,Social,Performance,West,1008872,49873,9301.72,4029
2026-06-17,C003,Display,Awareness,North,410244,20515,5445.09,1200
2026-06-17,C003,Display,Awareness,South,570911,22906,5696.01,1742
2026-06-17,C003,Display,Awareness,East,482968,23508,6230.01,1790
2026-06-17,C003,Display,Awareness,West,454192,11906,5963.54,946
2026-06-17,C004,Email,Retention,North,274048,13426,2819.91,1066
2026-06-17,C004,Email,Retention,South,278425,12081,3314.97,968
2026-06-17,C004,Email,Retention,East,354830,10970,3118.85,1020
2026-06-17,C004,Email,Retention,West,322516,14564,3340.98,858
2026-06-17,C005,Affiliate,Performance,North,512780,13436,4965.13,1032
2026-06-17,C005,Affiliate,Performance,South,321834,17660,4098.18,1605
2026-06-17,C005,Affiliate,Performance,East,441021,16874,4249.58,1370
2026-06-17,C005,Affiliate,Performance,West,411033,14253,4638.54,1025
2026-06-18,C001,Search,Performance,North,1055905,39073,11871.05,3546
2026-06-18,C001,Search,Performance,South,1072029,44304,11300.58,4131
2026-06-18,C001,Search,Performance,East,1093171,39515,12160.58,2481
2026-06-18,C001,Search,Performance,West,919902,43427,11560.5,3726
2026-06-18,C002,Social,Performance,North,908893,28581,9236.35,2588
2026-06-18,C002,Social,Performance,South,969931,26770,8453.71,2395
2026-06-18,C002,Social,Performance,East,1022499,55420,9162.78,3629
2026-06-18,C002,Social,Performance,West,571803,15676,6846.79,1214
2026-06-18,C003,Display,Awareness,North,487493,18113,6255.1,1025
2026-06-18,C003,Display,Awareness,South,666516,20856,6148.19,1420
2026-06-18,C003,Display,Awareness,East,546312,14836,6522.24,1240
2026-06-18,C003,Display,Awareness,West,602498,28909,6648.03,2104
2026-06-18,C004,Email,Retention,North,285208,14849,2717.76,846
2026-06-18,C004,Email,Retention,South,227088,5900,2366.38,435
2026-06-18,C004,Email,Retention,East,315747,13867,2811.69,1280
2026-06-18,C004,Email,Retention,West,331912,9327,3152.46,599
2026-06-18,C005,Affiliate,Performance,North,367186,14372,3873.42,1340
2026-06-18,C005,Affiliate,Performance,South,386858,18789,4189.08,1741
2026-06-18,C005,Affiliate,Performance,East,401345,14220,4231.76,1009
2026-06-18,C005,Affiliate,Performance,West,402516,20041,4500.79,1464
2026-06-19,C001,Search,Performance,North,931142,36909,12030.39,3172
2026-06-19,C001,Search,Performance,South,941205,40797,11613.15,2634
2026-06-19,C001,Search,Performance,East,983036,42217,11150.28,2631
2026-06-19,C001,Search,Performance,West,1087685,40787,12589.6,2820
2026-06-19,C002,Social,Performance,North,1083898,48369,11097.93,3255
2026-06-19,C002,Social,Performance,South,739758,35378,9240.39,3149
2026-06-19,C002,Social,Performance,East,779126,31944,8206.27,2599
2026-06-19,C002,Social,Performance,West,573104,26732,7475.52,1536
2026-06-19,C003,Display,Awareness,North,664495,19584,7141.38,1848
2026-06-19,C003,Display,Awareness,South,685684,33008,6201.28,2358
2026-06-19,C003,Display,Awareness,East,626030,21947,7059.14,2072
2026-06-19,C003,Display,Awareness,West,608496,17780,6346.88,1134
2026-06-19,C004,Email,Retention,North,255370,9593,2731.2,826
2026-06-19,C004,Email,Retention,South,257890,14048,2891.23,874
2026-06-19,C004,Email,Retention,East,278783,15289,2671.5,1341
2026-06-19,C004,Email,Retention,West,286898,11344,2950.77,1002
2026-06-19,C005,Affiliate,Performance,North,325645,10795,4145.14,925
2026-06-19,C005,Affiliate,Performance,South,443866,21468,4067.8,1722
2026-06-19,C005,Affiliate,Performance,East,474658,23846,5237.13,1957
2026-06-19,C005,Affiliate,Performance,West,452971,18607,4401.53,1682
2026-06-20,C001,Search,Performance,North,1242494,49429,11709.97,4476
2026-06-20,C001,Search,Performance,South,967620,34911,10889.77,3161
2026-06-20,C001,Search,Performance,East,1261138,41996,14280.73,3411
2026-06-20,C001,Search,Performance,West,746842,38371,9359.67,3306
2026-06-20,C002,Social,Performance,North,987706,30160,9966.23,1988
2026-06-20,C002,Social,Performance,South,780071,35865,8538.49,2888
2026-06-20,C002,Social,Performance,East,1155501,50305,10971.6,4350
2026-06-20,C002,Social,Performance,West,845420,43486,9566.76,3461
2026-06-20,C003,Display,Awareness,North,578517,23876,6908.7,1667
2026-06-20,C003,Display,Awareness,South,794374,31198,7719.87,2759
2026-06-20,C003,Display,Awareness,East,638324,34806,7627.6,3086
2026-06-20,C003,Display,Awareness,West,809452,28255,7596.2,2159
2026-06-20,C004,Email,Retention,North,256013,10647,3167.1,861
2026-06-20,C004,Email,Retention,South,253640,10134,2799.32,912
2026-06-20,C004,Email,Retention,East,260891,6809,3188.21,425
2026-06-20,C004,Email,Retention,West,322423,11979,3053.2,1076
2026-06-20,C005,Affiliate,Performance,North,466688,13210,4501.73,1143
2026-06-20,C005,Affiliate,Performance,South,384509,13597,4704.96,1161
2026-06-20,C005,Affiliate,Performance,East,501272,15400,4633.86,1344
2026-06-20,C005,Affiliate,Performance,West,498031,15330,4916.42,1028
2026-06-21,C001,Search,Performance,North,1009404,44736,12140.15,4240
2026-06-21,C001,Search,Performance,South,857802,35365,11364.57,2756
2026-06-21,C001,Search,Performance,East,1212747,47478,12535.11,3121
2026-06-21,C001,Search,Performance,West,1054633,39295,13653.77,2243
2026-06-21,C002,Social,Performance,North,751391,21812,7799.04,2013
2026-06-21,C002,Social,Performance,South,1092011,33524,9857.4,2304
2026-06-21,C002,Social,Performance,East,772664,25137,8663.84,2303
2026-06-21,C002,Social,Performance,West,1047793,44421,9603.94,3367
2026-06-21,C003,Display,Awareness,North,687528,17569,7113.05,1009
2026-06-21,C003,Display,Awareness,South,683803,34919,6186.97,2419
2026-06-21,C003,Display,Awareness,East,743191,28109,6930.41,1673
2026-06-21,C003,Display,Awareness,West,685763,26552,7425.77,2045
2026-06-21,C004,Email,Retention,North,279277,11482,2906.96,833
2026-06-21,C004,Email,Retention,South,311233,12604,2939.62,1000
2026-06-21,C004,Email,Retention,East,261236,9706,3451.15,893
2026-06-21,C004,Email,Retention,West,284008,11008,3186.59,1037
2026-06-21,C005,Affiliate,Performance,North,592010,27917,5459.73,1831
2026-06-21,C005,Affiliate,Performance,South,264073,10402,3489.55,929
2026-06-21,C005,Affiliate,Performance,East,444751,21457,4793.4,1815
2026-06-21,C005,Affiliate,Performance,West,500121,13813,5181.23,1271
2026-06-22,C001,Search,Performance,North,939086,42460,9373.74,2693
2026-06-22,C001,Search,Performance,South,1173630,39549,10819.11,2470
2026-06-22,C001,Search,Performance,East,1537573,75769,13532.8,7017
2026-06-22,C001,Search,Performance,West,877669,23815,10885.93,1841
2026-06-22,C002,Social,Performance,North,963624,52153,9458.47,3399
2026-06-22,C002,Social,Performance,South,777927,31146,8238.02,2011
2026-06-22,C002,Social,Performance,East,707194,25375,7614.98,1412
2026-06-22,C002,Social,Performance,West,1028934,36071,10731.05,1985
2026-06-22,C003,Display,Awareness,North,510184,14772,5622.61,1112
2026-06-22,C003,Display,Awareness,South,585933,25725,5705.43,2241
2026-06-22,C003,Display,Awareness,East,753935,28522,7018.83,2369
2026-06-22,C003,Display,Awareness,West,438416,16454,4745.58,1405
2026-06-22,C004,Email,Retention,North,231395,8277,2755.79,531
2026-06-22,C004,Email,Retention,South,257089,12583,2618.65,1087
2026-06-22,C004,Email,Retention,East,266114,12479,2454.44,1060
2026-06-22,C004,Email,Retention,West,280333,10946,3383.81,979
2026-06-22,C005,Affiliate,Performance,North,523172,26300,5310.46,1745
2026-06-22,C005,Affiliate,Performance,South,427970,12281,4366.2,1014
2026-06-22,C005,Affiliate,Performance,East,319392,12008,3994.21,753
2026-06-22,C005,Affiliate,Performance,West,474172,17321,5175.29,1464
2026-06-23,C001,Search,Performance,North,927748,49106,12222.09,4048
2026-06-23,C001,Search,Performance,South,1013826,50250,13275.57,3166
2026-06-23,C001,Search,Performance,East,959918,49619,10457.37,3597
2026-06-23,C001,Search,Performance,West,1154909,61671,14803.92,5662
2026-06-23,C002,Social,Performance,North,661467,32228,8403.39,1869
2026-06-23,C002,Social,Performance,South,821678,33788,10569.03,2074
2026-06-23,C002,Social,Performance,East,698486,20825,8678.07,1209
2026-06-23,C002,Social,Performance,West,714929,33218,8592.52,2901
2026-06-23,C003,Display,Awareness,North,499624,13529,6547.62,883
2026-06-23,C003,Display,Awareness,South,448542,21165,4635.81,1676
2026-06-23,C003,Display,Awareness,East,608016,21836,5723.54,1843
2026-06-23,C003,Display,Awareness,West,584267,27553,6116.76,2515
2026-06-23,C004,Email,Retention,North,278537,9183,2917.83,848
2026-06-23,C004,Email,Retention,South,293483,8460,3145.02,611
2026-06-23,C004,Email,Retention,East,282620,9929,2900.13,574
2026-06-23,C004,Email,Retention,West,293190,14131,2600.59,1251
2026-06-23,C005,Affiliate,Performance,North,467536,14508,4951.94,870
2026-06-23,C005,Affiliate,Performance,South,361185,10520,4067.31,998
2026-06-23,C005,Affiliate,Performance,East,401416,13655,4312.43,1063
2026-06-23,C005,Affiliate,Performance,West,331213,16069,4089.1,1097
2026-06-24,C001,Search,Performance,North,1504589,75340,13608.6,5976
2026-06-24,C001,Search,Performance,South,1123268,45038,12406.91,3861
2026-06-24,C001,Search,Performance,East,1220827,42688,13231.6,3050
2026-06-24,C001,Search,Performance,West,1087260,59792,10969.82,4467
2026-06-24,C002,Social,Performance,North,633436,26455,8259.27,2031
2026-06-24,C002,Social,Performance,South,692037,31736,8316.83,2686
2026-06-24,C002,Social,Performance,East,918987,33293,8017.76,2844
2026-06-24,C002,Social,Performance,West,714284,34857,7671.49,2989
2026-06-24,C003,Display,Awareness,North,772599,32757,6863.36,2112
2026-06-24,C003,Display,Awareness,South,595584,28438,6548.84,2304
2026-06-24,C003,Display,Awareness,East,533322,25280,5614.7,1959
2026-06-24,C003,Display,Awareness,West,533981,16322,6816.89,1040
2026-06-24,C004,Email,Retention,North,287978,8954,3026.3,516
2026-06-24,C004,Email,Retention,South,202072,11019,2468.59,812
2026-06-24,C004,Email,Retention,East,289132,13199,3495.73,869
2026-06-24,C004,Email,Retention,West,317099,8723,2928.45,749
2026-06-24,C005,Affiliate,Performance,North,455494,16392,4820.05,1324
2026-06-24,C005,Affiliate,Performance,South,430522,11296,3813.27,1036
2026-06-24,C005,Affiliate,Performance,East,444278,17395,4917.04,1561
2026-06-24,C005,Affiliate,Performance,West,415959,17070,4541.34,952
2026-06-25,C001,Search,Performance,North,1253570,53249,12090.88,3233
2026-06-25,C001,Search,Performance,South,972050,34656,10472.85,2593
2026-06-25,C001,Search,Performance,East,939468,48579,11989.19,3588
2026-06-25,C001,Search,Performance,West,1270495,37099,12128.31,3035
2026-06-25,C002,Social,Performance,North,634877,18759,8389.58,1100
2026-06-25,C002,Social,Performance,South,631392,17679,7464.17,1461
2026-06-25,C002,Social,Performance,East,706849,37713,8766.76,3481
2026-06-25,C002,Social,Performance,West,706519,30685,8408.94,1722
2026-06-25,C003,Display,Awareness,North,483737,17063,6304.5,990
2026-06-25,C003,Display,Awareness,South,614667,27720,6775.6,2045
2026-06-25,C003,Display,Awareness,East,486000,13610,5731.3,1188
2026-06-25,C003,Display,Awareness,West,491016,21045,6106.45,1445
2026-06-25,C004,Email,Retention,North,287978,10656,3087.25,838
2026-06-25,C004,Email,Retention,South,242239,8261,2559.3,639
2026-06-25,C004,Email,Retention,East,223033,9326,2704.87,836
2026-06-25,C004,Email,Retention,West,317988,8616,2882.62,618
2026-06-25,C005,Affiliate,Performance,North,411139,19457,3892.73,1773
2026-06-25,C005,Affiliate,Performance,South,336113,10587,4461.32,932
2026-06-25,C005,Affiliate,Performance,East,360852,15483,4668.98,1203
2026-06-25,C005,Affiliate,Performance,West,342656,13845,4483.44,1099
2026-06-26,C001,Search,Performance,North,1097167,42843,10904.73,3826
2026-06-26,C001,Search,Performance,South,946038,31219,10666.16,2946
2026-06-26,C001,Search,Performance,East,849597,28215,11164.31,1855
2026-06-26,C001,Search,Performance,West,1282361,59398,11898.75,5599
2026-06-26,C002,Social,Performance,North,839523,46160,8154.11,3850
2026-06-26,C002,Social,Performance,South,1082383,57529,10262.74,3425
2026-06-26,C002,Social,Performance,East,1064539,33351,9406.12,2506
2026-06-26,C002,Social,Performance,West,930516,30171,9102.88,2384
2026-06-26,C003,Display,Awareness,North,535745,21898,5781.8,1597
2026-06-26,C003,Display,Awareness,South,527493,17912,5568.52,1099
2026-06-26,C003,Display,Awareness,East,589695,16662,7211.65,1415
2026-06-26,C003,Display,Awareness,West,569723,30505,6533.05,2549
2026-06-26,C004,Email,Retention,North,246548,6749,2569.61,402
2026-06-26,C004,Email,Retention,South,215326,10387,2624.84,784
2026-06-26,C004,Email,Retention,East,251677,10458,3011.77,984
2026-06-26,C004,Email,Retention,West,172289,5774,2210.6,373
2026-06-26,C005,Affiliate,Performance,North,438223,22956,4068.0,1448
2026-06-26,C005,Affiliate,Performance,South,366416,16161,3788.5,1226
2026-06-26,C005,Affiliate,Performance,East,359766,13324,3805.89,1156
2026-06-26,C005,Affiliate,Performance,West,445931,12940,4225.07,757
2026-06-27,C001,Search,Performance,North,1379145,36884,12616.59,2805
2026-06-27,C001,Search,Performance,South,1321527,67161,13683.66,3956
2026-06-27,C001,Search,Performance,East,1302666,69258,11881.99,6559
2026-06-27,C001,Search,Performance,West,1227583,30908,10828.33,1758
2026-06-27,C002,Social,Performance,North,975480,50510,9015.8,3155
2026-06-27,C002,Social,Performance,South,852292,44763,8541.15,3292
2026-06-27,C002,Social,Performance,East,836885,35425,9295.45,2569
2026-06-27,C002,Social,Performance,West,646555,35444,8541.72,2720
2026-06-27,C003,Display,Awareness,North,585551,17963,7208.17,1568
2026-06-27,C003,Display,Awareness,South,577302,28274,6757.35,1862
2026-06-27,C003,Display,Awareness,East,563019,26875,6794.22,2167
2026-06-27,C003,Display,Awareness,West,720572,34940,6436.9,2174
2026-06-27,C004,Email,Retention,North,336379,16808,3305.68,1310
2026-06-27,C004,Email,Retention,South,329044,14510,3513.93,970
2026-06-27,C004,Email,Retention,East,275649,7552,3267.78,415
2026-06-27,C004,Email,Retention,West,276453,9914,2783.11,843
2026-06-27,C005,Affiliate,Performance,North,417473,18584,4573.38,1286
2026-06-27,C005,Affiliate,Performance,South,422035,22403,3716.71,1992
2026-06-27,C005,Affiliate,Performance,East,448427,21193,4648.98,1755
2026-06-27,C005,Affiliate,Performance,West,563179,26182,5090.79,2485
2026-06-28,C001,Search,Performance,North,1426300,65241,13860.31,4438
2026-06-28,C001,Search,Performance,South,1272089,66162,11953.03,4217
2026-06-28,C001,Search,Performance,East,1250729,49234,10915.59,3157
2026-06-28,C001,Search,Performance,West,1325600,59141,14684.14,3432
2026-06-28,C002,Social,Performance,North,1094899,29595,10043.61,2803
2026-06-28,C002,Social,Performance,South,982409,29343,9542.67,1628
2026-06-28,C002,Social,Performance,East,737473,23595,9720.79,2012
2026-06-28,C002,Social,Performance,West,893712,43329,9078.34,3676
2026-06-28,C003,Display,Awareness,North,703754,21154,6983.66,1989
2026-06-28,C003,Display,Awareness,South,551550,14742,5834.89,1363
2026-06-28,C003,Display,Awareness,East,769880,38526,8019.0,2169
2026-06-28,C003,Display,Awareness,West,625179,24437,7291.98,1418
2026-06-28,C004,Email,Retention,North,248084,6227,2887.83,521
2026-06-28,C004,Email,Retention,South,396311,14604,3657.62,1132
2026-06-28,C004,Email,Retention,East,250569,9937,3319.44,802
2026-06-28,C004,Email,Retention,West,306734,11177,2745.37,956
2026-06-28,C005,Affiliate,Performance,North,458291,15844,5039.76,1433
2026-06-28,C005,Affiliate,Performance,South,367264,10684,4771.54,622
2026-06-28,C005,Affiliate,Performance,East,347613,12878,4624.92,804
2026-06-28,C005,Affiliate,Performance,West,524584,23806,5247.1,1773
2026-06-29,C001,Search,Performance,North,1273927,59377,11721.65,5236
2026-06-29,C001,Search,Performance,South,931381,48121,11218.71,3266
2026-06-29,C001,Search,Performance,East,993428,32338,11790.39,2382
2026-06-29,C001,Search,Performance,West,1349190,39784,12164.38,3502
2026-06-29,C002,Social,Performance,North,1063493,40226,9511.54,2799
2026-06-29,C002,Social,Performance,South,876126,35819,8181.31,2950
2026-06-29,C002,Social,Performance,East,852160,26308,7832.96,2427
2026-06-29,C002,Social,Performance,West,766978,36060,9020.85,2393
2026-06-29,C003,Display,Awareness,North,586841,24473,5593.46,2210
2026-06-29,C003,Display,Awareness,South,490598,22449,5620.01,1910
2026-06-29,C003,Display,Awareness,East,574043,20476,6086.6,1390
2026-06-29,C003,Display,Awareness,West,576829,18156,5629.98,1513
2026-06-29,C004,Email,Retention,North,291301,7884,2928.9,706
2026-06-29,C004,Email,Retention,South,268807,11680,3110.55,1099
2026-06-29,C004,Email,Retention,East,314329,8427,3386.7,732
2026-06-29,C004,Email,Retention,West,236567,10886,3096.44,608
2026-06-29,C005,Affiliate,Performance,North,412305,17693,4314.13,1296
2026-06-29,C005,Affiliate,Performance,South,388383,15160,4382.06,1022
2026-06-29,C005,Affiliate,Performance,East,347973,11183,3563.54,1057
2026-06-29,C005,Affiliate,Performance,West,378633,11671,3984.16,864
2026-06-30,C001,Search,Performance,North,997975,49424,12202.82,3447
2026-06-30,C001,Search,Performance,South,1218763,60747,14048.81,4892
2026-06-30,C001,Search,Performance,East,1244959,62364,11898.37,3566
2026-06-30,C001,Search,Performance,West,1331603,57806,12557.32,3340
2026-06-30,C002,Social,Performance,North,834128,34528,7986.84,3216
2026-06-30,C002,Social,Performance,South,716985,30960,8709.17,1964
2026-06-30,C002,Social,Performance,East,1047446,51798,10082.05,4617
2026-06-30,C002,Social,Performance,West,732447,25853,9379.42,2132
2026-06-30,C003,Display,Awareness,North,530832,19759,5466.39,1395
2026-06-30,C003,Display,Awareness,South,673875,25086,6275.02,1406
2026-06-30,C003,Display,Awareness,East,565373,30054,6311.75,2449
2026-06-30,C003,Display,Awareness,West,691729,33186,6359.36,2328
2026-06-30,C004,Email,Retention,North,219296,10601,2529.94,962
2026-06-30,C004,Email,Retention,South,298564,11630,2871.41,679
2026-06-30,C004,Email,Retention,East,266906,11549,2853.0,638
2026-06-30,C004,Email,Retention,West,314252,11287,2742.44,1003
2026-06-30,C005,Affiliate,Performance,North,416855,19298,3899.4,1468
2026-06-30,C005,Affiliate,Performance,South,419789,11596,4391.92,941
2026-06-30,C005,Affiliate,Performance,East,392861,17528,4548.39,1339
2026-06-30,C005,Affiliate,Performance,West,418425,15679,4232.8,1050
